name,state,population,county_fips,is_county
Los Angeles County,CA,9936690,037,True
Cook County,IL,5225367,031,True
Harris County,TX,4726177,201,True
Maricopa County,AZ,4430871,013,True
San Diego County,CA,3289701,073,True
Orange County,CA,3175227,059,True
Miami-Dade County,FL,2688237,086,True
Kings County,NY,2679620,047,True
Dallas County,TX,2604053,113,True
Riverside County,CA,2429487,065,True
Queens County,NY,2360826,081,True
Clark County,NV,2265926,003,True
King County,WA,2254371,033,True
San Bernardino County,CA,2180563,071,True
Tarrant County,TX,2113854,439,True
Bexar County,TX,2014059,029,True
Broward County,FL,1940907,011,True
Santa Clara County,CA,1916831,085,True
Wayne County,MI,1781641,163,True
Alameda County,CA,1663823,001,True
New York County,NY,1645867,061,True
Middlesex County,MA,1623109,017,True
Philadelphia County,PA,1593208,101,True
Sacramento County,CA,1579211,067,True
Suffolk County,NY,1524486,103,True
Palm Beach County,FL,1494805,099,True
Hillsborough County,FL,1468560,057,True
Bronx County,NY,1443229,005,True
Orange County,FL,1427403,095,True
Nassau County,NY,1389160,059,True
Franklin County,OH,1318149,049,True
Travis County,TX,1289054,453,True
Oakland County,MI,1272264,125,True
Hennepin County,MN,1270787,053,True
Cuyahoga County,OH,1256620,035,True
Allegheny County,PA,1245310,003,True
Salt Lake County,UT,1180643,035,True
Contra Costa County,CA,1162648,013,True
Fairfax County,VA,1145354,059,True
Wake County,NC,1132103,183,True
Mecklenburg County,NC,1115403,119,True
Collin County,TX,1079153,085,True
Fulton County,GA,1061944,121,True
Montgomery County,MD,1056910,031,True
Pima County,AZ,1042393,019,True
Honolulu County,HI,1010100,003,True
Fresno County,CA,1008280,019,True
St. Louis County,MO,999703,189,True
Westchester County,NY,997904,119,True
Duval County,FL,995708,031,True
"Capitol Planning Region, Connecticut County",CT,977165,110,True
Marion County,IN,971737,097,True
Pinellas County,FL,959918,103,True
Gwinnett County,GA,957977,135,True
Prince George's County,MD,957189,033,True
Bergen County,NJ,953243,003,True
Erie County,NY,951232,029,True
Milwaukee County,WI,933063,079,True
DuPage County,IL,930559,043,True
Shelby County,TN,926440,157,True
Pierce County,WA,918993,053,True
Denton County,TX,914870,121,True
Kern County,CA,906883,029,True
Macomb County,MI,878453,099,True
Hidalgo County,TX,873167,215,True
El Paso County,TX,863832,141,True
Middlesex County,NJ,860147,023,True
Worcester County,MA,858898,027,True
Montgomery County,PA,856399,091,True
Essex County,NJ,853374,013,True
San Francisco County,CA,851036,075,True
Baltimore County,MD,850737,005,True
Ventura County,CA,842009,111,True
Fort Bend County,TX,832607,157,True
Snohomish County,WA,828337,061,True
Hamilton County,OH,827671,061,True
Multnomah County,OR,808098,051,True
Essex County,MA,806103,009,True
Oklahoma County,OK,795822,109,True
Suffolk County,MA,785443,025,True
San Joaquin County,CA,779445,077,True
Jefferson County,KY,779232,111,True
Lee County,FL,772902,071,True
Cobb County,GA,765813,067,True
DeKalb County,GA,761209,089,True
Monroe County,NY,756406,055,True
San Mateo County,CA,754250,081,True
Polk County,FL,736229,105,True
El Paso County,CO,730323,041,True
Norfolk County,MA,722112,021,True
Jackson County,MO,715526,095,True
Lake County,IL,713159,097,True
Hudson County,NJ,712029,017,True
Denver County,CO,710800,031,True
Davidson County,TN,709786,037,True
Will County,IL,696774,197,True
Bernalillo County,NM,674692,001,True
Jefferson County,AL,672265,073,True
"District of Columbia, District of Columbia County",DC,670587,001,True
Tulsa County,OK,668923,143,True
Utah County,UT,666021,049,True
Providence County,RI,657984,007,True
Kent County,MI,657321,081,True
Arapahoe County,CO,654453,005,True
Bucks County,PA,645163,017,True
Monmouth County,NJ,643064,025,True
Ocean County,NJ,638691,029,True
Montgomery County,TX,629989,339,True
"Western Connecticut Planning Region, Connecticut County",CT,620666,190,True
Williamson County,TX,617396,491,True
Johnson County,KS,610742,091,True
Brevard County,FL,610723,009,True
Washington County,OR,599541,067,True
Anne Arundel County,MD,588109,003,True
"Baltimore city, Maryland County",MD,584548,510,True
Douglas County,NE,582638,055,True
Jefferson County,CO,580519,059,True
Bristol County,MA,576699,005,True
Delaware County,PA,575312,045,True
Union County,NJ,572079,039,True
"South Central Connecticut Planning Region, Connecticut County",CT,571298,170,True
New Castle County,DE,570567,003,True
Pasco County,FL,569211,101,True
Dane County,WI,559891,025,True
Volusia County,FL,558520,127,True
Lancaster County,PA,553202,071,True
Stanislaus County,CA,552063,099,True
Ramsey County,MN,547202,123,True
Guilford County,NC,539557,081,True
Summit County,OH,539361,153,True
Spokane County,WA,538711,063,True
Chester County,PA,536474,029,True
Montgomery County,OH,536121,113,True
Plymouth County,MA,529548,023,True
Greenville County,SC,528251,045,True
Sedgwick County,KS,522700,173,True
Camden County,NJ,522581,007,True
Adams County,CO,520149,001,True
Passaic County,NJ,519986,031,True
Kane County,IL,517254,089,True
Morris County,NJ,508816,027,True
Clark County,WA,504091,011,True
Lake County,IN,497682,089,True
Ada County,ID,497494,001,True
Polk County,IA,493378,153,True
Richmond County,NY,492925,085,True
Sonoma County,CA,488436,097,True
Washoe County,NV,486674,031,True
Knox County,TN,481406,093,True
Prince William County,VA,481114,153,True
Tulare County,CA,473446,107,True
Onondaga County,NY,472637,067,True
Seminole County,FL,471321,117,True
Hampden County,MA,464575,013,True
Burlington County,NJ,461853,005,True
"Virginia Beach city, Virginia County",VA,457900,810,True
York County,PA,457051,133,True
"East Baton Rouge Parish, Louisiana County",LA,454369,033,True
"Naugatuck Valley Planning Region, Connecticut County",CT,451887,140,True
Solano County,CA,450995,095,True
Santa Barbara County,CA,445213,083,True
Sarasota County,FL,439392,115,True
Dakota County,MN,439179,037,True
Monterey County,CA,437609,053,True
"Jefferson Parish, Louisiana County",LA,436171,051,True
Pinal County,AZ,433338,021,True
Lucas County,OH,430014,095,True
Berks County,PA,428483,011,True
Hillsborough County,NH,422733,011,True
Cameron County,TX,421854,061,True
Clackamas County,OR,420925,005,True
Loudoun County,VA,420773,107,True
Richland County,SC,416161,079,True
Mobile County,AL,413878,097,True
Charleston County,SC,409840,019,True
Waukesha County,WI,407290,133,True
Placer County,CA,406608,061,True
St. Charles County,MO,406262,183,True
Genesee County,MI,405280,049,True
Manatee County,FL,405069,081,True
Orange County,NY,401237,071,True
Pulaski County,AR,398322,119,True
Osceola County,FL,393745,097,True
Madison County,AL,389781,089,True
Butler County,OH,388327,017,True
Lake County,FL,386829,069,True
Allen County,IN,385456,003,True
Forsyth County,NC,383739,067,True
Mercer County,NJ,383732,021,True
Lane County,OR,382218,039,True
"Orleans Parish, Louisiana County",LA,380408,071,True
Collier County,FL,380221,021,True
Marion County,FL,378225,083,True
Brazoria County,TX,374600,039,True
Stark County,OH,374199,151,True
Lehigh County,PA,374110,077,True
Bell County,TX,372821,027,True
Washtenaw County,MI,370231,161,True
Hamilton County,TN,367193,065,True
Chesterfield County,VA,366019,041,True
Anoka County,MN,363985,003,True
Davis County,UT,363032,011,True
Douglas County,CO,360206,035,True
Larimer County,CO,359363,069,True
Horry County,SC,356578,051,True
Westmoreland County,PA,354414,129,True
Nueces County,TX,353245,355,True
Galveston County,TX,350801,167,True
Hamilton County,IN,349527,057,True
Marion County,OR,345815,047,True
Somerset County,NJ,344978,035,True
Rutherford County,TN,343727,149,True
Rockland County,NY,337326,087,True
Cumberland County,NC,335207,051,True
St. Lucie County,FL,334682,111,True
Henrico County,VA,333120,087,True
Howard County,MD,332011,027,True
Weld County,CO,331466,123,True
Spartanburg County,SC,330119,083,True
Boulder County,CO,328658,013,True
"Greater Bridgeport Planning Region, Connecticut County",CT,326381,120,True
Luzerne County,PA,325396,079,True
Durham County,NC,325101,063,True
Lancaster County,NE,322063,109,True
Escambia County,FL,321296,033,True
Fayette County,KY,321276,067,True
Rockingham County,NH,315169,015,True
Albany County,NY,315041,001,True
Northampton County,PA,314299,095,True
Lorain County,OH,313101,093,True
Lubbock County,TX,311509,303,True
McHenry County,IL,311133,111,True
Cumberland County,ME,303357,005,True
Gloucester County,NJ,302621,015,True
Greene County,MO,299188,077,True
"St. Louis city, Missouri County",MO,298018,510,True
Dutchess County,NY,296467,027,True
Clayton County,GA,296312,063,True
Chatham County,GA,296266,051,True
Ottawa County,MI,296183,139,True
Lexington County,SC,295934,063,True
Cleveland County,OK,295060,027,True
Thurston County,WA,294272,067,True
Leon County,FL,294128,073,True
"Anchorage Municipality, Alaska County",AK,290674,020,True
Benton County,AR,286528,007,True
Dauphin County,PA,286108,043,True
Winnebago County,IL,284591,201,True
York County,SC,282987,091,True
Ingham County,MI,282540,065,True
Merced County,CA,282290,047,True
San Luis Obispo County,CA,281712,079,True
"Southeastern Connecticut Planning Region, Connecticut County",CT,280293,180,True
Alachua County,FL,279729,001,True
St. Johns County,FL,278722,109,True
Kitsap County,WA,275411,035,True
Atlantic County,NJ,274339,001,True
Frederick County,MD,273829,021,True
St. Joseph County,IN,272388,141,True
Erie County,PA,270495,049,True
Buncombe County,NC,269449,021,True
Washington County,MN,268651,163,True
Santa Cruz County,CA,268571,087,True
Cherokee County,GA,268567,057,True
Brown County,WI,268393,009,True
Webb County,TX,267282,479,True
"St. Tammany Parish, Louisiana County",LA,266168,103,True
Madison County,IL,265512,119,True
Weber County,UT,262960,057,True
Kalamazoo County,MI,261426,077,True
Cumberland County,PA,261269,041,True
McLennan County,TX,261090,309,True
Harford County,MD,261059,025,True
Marin County,CA,260485,041,True
St. Clair County,IL,256791,163,True
Yakima County,WA,256143,077,True
Jefferson County,TX,254942,245,True
Forsyth County,GA,253225,117,True
Clay County,MO,253085,047,True
"Chesapeake city, Virginia County",VA,249377,550,True
Williamson County,TN,248897,187,True
Washington County,AR,247331,143,True
Hays County,TX,245351,209,True
Warren County,OH,243189,165,True
"Lafayette Parish, Louisiana County",LA,243175,055,True
Henry County,GA,240853,151,True
Sussex County,DE,240668,005,True
Union County,NC,240109,179,True
Yavapai County,AZ,237830,025,True
"Norfolk city, Virginia County",VA,236973,710,True
Saratoga County,NY,236328,091,True
"Caddo Parish, Louisiana County",LA,236259,017,True
Arlington County,VA,235845,013,True
Canyon County,ID,235006,027,True
Smith County,TX,234667,423,True
Brazos County,TX,234548,041,True
Baldwin County,AL,233420,003,True
Lake County,OH,232236,085,True
Tuscaloosa County,AL,231558,125,True
Berkeley County,SC,231419,015,True
Oneida County,NY,231055,065,True
Barnstable County,MA,229436,001,True
Linn County,IA,229308,113,True
Gaston County,NC,228972,071,True
New Hanover County,NC,228134,129,True
Montgomery County,AL,228132,101,True
Mahoning County,OH,227979,099,True
"Richmond city, Virginia County",VA,227171,760,True
Jefferson County,MO,226984,099,True
Hinds County,MS,226541,049,True
Whatcom County,WA,226523,073,True
Cabarrus County,NC,226396,025,True
Shelby County,AL,223916,117,True
Jackson County,OR,222604,029,True
Montgomery County,TN,222305,125,True
Doña Ana County,NM,219870,013,True
Clay County,FL,219650,019,True
Johnston County,NC,219042,101,True
Yolo County,CA,217141,113,True
Delaware County,OH,216074,041,True
Lackawanna County,PA,215672,069,True
Mohave County,AZ,214229,015,True
Butte County,CA,213605,007,True
York County,ME,212691,031,True
Niagara County,NY,212230,063,True
Okaloosa County,FL,212021,091,True
"Calcasieu Parish, Louisiana County",LA,210770,019,True
Washington County,PA,209631,125,True
Clermont County,OH,208851,025,True
Harrison County,MS,208748,047,True
Benton County,WA,207560,005,True
Elkhart County,IN,206841,039,True
Champaign County,IL,206525,019,True
Richmond County,GA,206153,245,True
Hall County,GA,204953,139,True
Anderson County,SC,204592,007,True
Muscogee County,GA,204572,215,True
Yuma County,AZ,204374,027,True
Onslow County,NC,203686,133,True
Hawaii County,HI,202163,001,True
Trumbull County,OH,201749,155,True
St. Louis County,MN,200122,137,True
Deschutes County,OR,199352,017,True
Broome County,NY,198365,007,True
Minnehaha County,SD,197742,099,True
Racine County,WI,197068,101,True
Sumner County,TN,196845,165,True
Hernando County,FL,196621,053,True
Sangamon County,IL,196122,167,True
Ellis County,TX,195509,139,True
Butler County,PA,194562,019,True
Livingston County,MI,194302,093,True
El Dorado County,CA,191713,017,True
Sarpy County,NE,191272,153,True
Outagamie County,WI,190611,087,True
Charlotte County,FL,189900,015,True
Saginaw County,MI,189821,145,True
Beaufort County,SC,189071,013,True
Santa Rosa County,FL,188994,113,True
Iredell County,NC,187839,097,True
Tippecanoe County,IN,186955,157,True
Cass County,ND,186328,017,True
DeSoto County,MS,186214,033,True
"Newport News city, Virginia County",VA,185118,700,True
Boone County,MO,184043,019,True
Washington County,UT,183297,053,True
Johnson County,TX,182690,251,True
Kent County,DE,182400,001,True
Medina County,OH,182347,103,True
Ulster County,NY,182153,111,True
Shasta County,CA,181852,089,True
Peoria County,IL,181186,143,True
Bay County,FL,181055,005,True
Vanderburgh County,IN,179900,163,True
Kanawha County,WV,179895,039,True
Imperial County,CA,179578,025,True
Licking County,OH,178844,089,True
Shawnee County,KS,178625,177,True
Muskegon County,MI,175947,121,True
Hendricks County,IN,175639,063,True
"Lower Connecticut River Valley Planning Region, Connecticut County",CT,175244,130,True
Lee County,AL,175126,081,True
Scott County,IA,174315,163,True
Guadalupe County,TX,173828,187,True
Kootenai County,ID,173396,055,True
Porter County,IN,173355,127,True
Carroll County,MD,173225,013,True
Alamance County,NC,171779,001,True
McLean County,IL,171284,113,True
Winnebago County,WI,171197,139,True
Pitt County,NC,171196,147,True
Kent County,RI,170168,003,True
Paulding County,GA,169898,223,True
Aiken County,SC,169865,003,True
Davidson County,NC,169498,057,True
Midland County,TX,169393,329,True
Kenton County,KY,169066,117,True
Kenosha County,WI,168693,059,True
Chittenden County,VT,168309,007,True
Pueblo County,CO,168135,101,True
Monroe County,PA,168128,089,True
Wyandotte County,KS,167989,209,True
Beaver County,PA,167629,007,True
Greene County,OH,167567,057,True
Charles County,MD,167035,017,True
Yellowstone County,MT,165524,111,True
Comal County,TX,165201,091,True
Maui County,HI,164765,009,True
Houston County,GA,164117,153,True
Rock County,WI,163817,105,True
Olmsted County,MN,162307,109,True
Ector County,TX,162300,135,True
Dorchester County,SC,162139,035,True
Johnson County,IN,161952,081,True
Portage County,OH,161217,133,True
Catawba County,NC,161011,035,True
Indian River County,FL,160986,061,True
Rensselaer County,NY,160943,083,True
Jackson County,MI,160637,075,True
St. Clair County,MI,160257,147,True
"Ouachita Parish, Louisiana County",LA,159585,073,True
Schenectady County,NY,159447,093,True
Martin County,FL,159399,085,True
Fairfield County,OH,159371,045,True
Sullivan County,TN,158722,163,True
Centre County,PA,158665,027,True
Stearns County,MN,158622,145,True
Stafford County,VA,157606,179,True
"Alexandria city, Virginia County",VA,157594,510,True
Madera County,CA,157243,039,True
Rankin County,MS,157185,121,True
Columbia County,GA,156921,073,True
Canadian County,OK,156681,017,True
Bibb County,GA,156554,021,True
Mesa County,CO,156131,077,True
Franklin County,PA,156084,055,True
Citrus County,FL,155173,017,True
Monroe County,MI,154823,115,True
Washington County,MD,154645,043,True
Santa Fe County,NM,154481,049,True
Berrien County,MI,153938,021,True
Hampshire County,MA,153931,015,True
Merrimack County,NH,153918,013,True
Cumberland County,NJ,153588,011,True
Johnson County,IA,153360,103,True
Penobscot County,ME,152640,019,True
Kings County,CA,152515,031,True
Scott County,MN,151347,139,True
Parker County,TX,151188,367,True
Kaufman County,TX,149773,257,True
Sandoval County,NM,149460,043,True
Wilson County,TN,149096,189,True
Coweta County,GA,147449,077,True
Rowan County,NC,147067,159,True
Orange County,NC,145919,135,True
Sussex County,NJ,144808,037,True
Douglas County,GA,144735,097,True
Coconino County,AZ,144705,005,True
Randolph County,NC,144403,151,True
Rock Island County,IL,143819,161,True
Jackson County,MS,143721,059,True
"Livingston Parish, Louisiana County",LA,143425,063,True
Lebanon County,PA,143258,075,True
Schuylkill County,PA,143201,107,True
Taylor County,TX,143029,441,True
Wright County,MN,142543,171,True
Randall County,TX,141489,381,True
Spotsylvania County,VA,141097,177,True
Monroe County,IN,140065,105,True
Brunswick County,NC,139721,019,True
Marathon County,WI,137820,073,True
Napa County,CA,137384,055,True
"Hampton city, Virginia County",VA,137217,650,True
Florence County,SC,137015,041,True
Grayson County,TX,137008,181,True
Washington County,WI,136842,131,True
Boone County,KY,136150,015,True
Humboldt County,CA,136132,023,True
Blount County,TN,135951,009,True
Clark County,OH,135877,023,True
Warren County,KY,135307,227,True
Harnett County,NC,134718,085,True
Cache County,UT,134428,005,True
Calhoun County,MI,134011,025,True
"Tangipahoa Parish, Louisiana County",LA,133953,105,True
Washington County,TN,133282,179,True
Cambria County,PA,133263,021,True
Kendall County,IL,132795,093,True
Sumter County,FL,131832,119,True
Wood County,OH,131564,173,True
Tazewell County,IL,131276,179,True
Pickens County,SC,131106,077,True
Black Hawk County,IA,131041,013,True
Strafford County,NH,130965,017,True
Madison County,IN,130545,095,True
Washington County,RI,129998,009,True
Wichita County,TX,129584,485,True
"Rapides Parish, Louisiana County",LA,129536,079,True
Skagit County,WA,129480,057,True
Hunterdon County,NJ,129099,019,True
"Bossier Parish, Louisiana County",LA,128877,015,True
Clarke County,GA,128864,059,True
Berkshire County,MA,128763,003,True
Linn County,OR,128598,043,True
Fayette County,PA,128417,051,True
Sebastian County,AR,128184,131,True
Chautauqua County,NY,127440,013,True
"Ascension Parish, Louisiana County",LA,126973,005,True
Cochise County,AZ,125504,003,True
Richland County,OH,125008,139,True
Faulkner County,AR,124611,045,True
Bonneville County,ID,124490,019,True
Gregg County,TX,124245,183,True
Kennebec County,ME,124003,011,True
Saline County,AR,123988,125,True
Berkeley County,WV,123283,003,True
Morgan County,AL,123102,103,True
Jasper County,MO,122788,097,True
Blair County,PA,122640,013,True
San Juan County,NM,121798,045,True
Comanche County,OK,121777,031,True
Clark County,IN,121484,019,True
La Crosse County,WI,120216,063,True
Allegan County,MI,120189,005,True
Carroll County,GA,120060,045,True
Gallatin County,MT,119685,031,True
Tom Green County,TX,119276,451,True
Fayette County,GA,119259,113,True
Douglas County,KS,119094,045,True
Missoula County,MT,118541,063,True
Lowndes County,GA,118257,185,True
Oswego County,NY,118037,075,True
Potter County,TX,117905,375,True
Sheboygan County,WI,117741,117,True
Robeson County,NC,117573,155,True
Flagler County,FL,117515,035,True
Wayne County,NC,117480,191,True
Jefferson County,NY,117445,045,True
Wayne County,OH,116680,169,True
Henderson County,NC,116469,089,True
Calhoun County,AL,116162,015,True
Lycoming County,PA,114022,081,True
St. Mary's County,MD,113814,037,True
Newton County,GA,113298,217,True
"Northwest Hills Planning Region, Connecticut County",CT,112696,160,True
Albemarle County,VA,112513,003,True
Ontario County,NY,112288,069,True
LaPorte County,IN,112215,091,True
Delaware County,IN,112156,035,True
Androscoggin County,ME,111532,001,True
Douglas County,OR,111322,019,True
Craighead County,AR,111038,031,True
Hardin County,KY,111005,093,True
Rockwall County,TX,110631,397,True
Cowlitz County,WA,110621,015,True
Mercer County,PA,110600,085,True
Hanover County,VA,110513,085,True
Pennington County,SD,110386,103,True
Warren County,NJ,109739,041,True
LaSalle County,IL,109495,099,True
Bartow County,GA,109410,015,True
Madison County,MS,109257,089,True
Eaton County,MI,109072,045,True
"Terrebonne Parish, Louisiana County",LA,108862,109,True
Bradley County,TN,108859,011,True
Miami County,OH,108818,109,True
St. Lawrence County,NY,108670,089,True
"Matanuska-Susitna Borough, Alaska County",AK,108661,170,True
Cass County,MO,108205,037,True
Yamhill County,OR,107674,071,True
Kankakee County,IL,107421,091,True
Carver County,MN,107216,019,True
Navajo County,AZ,107110,017,True
Houston County,AL,107040,069,True
Platte County,MO,107033,165,True
Vigo County,IN,106355,167,True
Monongalia County,WV,105988,061,True
Flathead County,MT,105950,029,True
Eau Claire County,WI,105697,035,True
Woodbury County,IA,105526,193,True
Sumter County,SC,105199,085,True
Walworth County,WI,105127,127,True
Franklin County,MO,104858,071,True
Adams County,PA,104604,001,True
Limestone County,AL,104199,083,True
Fond du Lac County,WI,104027,039,True
Cecil County,MD,103876,015,True
Wicomico County,MD,103815,045,True
Bay County,MI,103752,017,True
Macon County,IL,103542,115,True
Etowah County,AL,103348,055,True
Whitfield County,GA,103033,313,True
Daviess County,KY,102916,059,True
Tompkins County,NY,102555,109,True
Highlands County,FL,102339,055,True
Nevada County,CA,102322,057,True
Allen County,OH,102087,003,True
Maury County,TN,102002,119,True
Columbiana County,OH,101723,029,True
Hunt County,TX,101596,231,True
Craven County,NC,101098,049,True
Moore County,NC,100759,125,True
DeKalb County,IL,100686,037,True
Dallas County,IA,100367,049,True
Laramie County,WY,100316,021,True
Garland County,AR,100021,051,True
Cleveland County,NC,99527,045,True
Montgomery County,VA,99373,121,True
Lenawee County,MI,99263,091,True
"Roanoke city, Virginia County",VA,99213,770,True
Grant County,WA,99145,025,True
Sutter County,CA,99101,101,True
Dubuque County,IA,98812,061,True
Madison County,TN,98644,113,True
Story County,IA,98573,169,True
Floyd County,GA,98541,115,True
Sevier County,TN,98455,155,True
Burleigh County,ND,98443,015,True
Bastrop County,TX,98435,021,True
Putnam County,NY,97942,079,True
Marshall County,AL,97923,095,True
Sherburne County,MN,97820,141,True
Walton County,GA,97752,297,True
Ashtabula County,OH,97666,007,True
Lancaster County,SC,97611,057,True
"Portsmouth city, Virginia County",VA,97384,740,True
"Lafourche Parish, Louisiana County",LA,97220,057,True
Franklin County,WA,96692,021,True
Roanoke County,VA,96653,161,True
"Fairbanks North Star Borough, Alaska County",AK,96299,090,True
Rogers County,OK,95870,131,True
"Northeastern Connecticut Planning Region, Connecticut County",CT,95687,150,True
Benton County,OR,95615,003,True
Cape May County,NJ,95456,009,True
Geauga County,OH,95455,055,True
Grand Traverse County,MI,95315,055,True
Nash County,NC,95015,127,True
"Suffolk city, Virginia County",VA,94856,800,True
Lauderdale County,AL,94329,077,True
Cabell County,WV,93965,011,True
St. Croix County,WI,93752,109,True
Rockdale County,GA,93641,247,True
Steuben County,NY,93584,101,True
Pottawattamie County,IA,93543,155,True
Liberty County,TX,93523,291,True
Calvert County,MD,93244,009,True
Campbell County,KY,93122,037,True
Madison County,KY,92955,151,True
Tuscarawas County,OH,92840,157,True
Bowie County,TX,92747,037,True
Frederick County,VA,92007,069,True
Ozaukee County,WI,91745,089,True
St. Clair County,AL,91719,115,True
Nassau County,FL,91538,089,True
Northumberland County,PA,91340,097,True
Wayne County,NY,91324,117,True
Victoria County,TX,91209,469,True
Rockingham County,NC,91209,157,True
Mendocino County,CA,91145,045,True
Grafton County,NH,90836,009,True
Twin Falls County,ID,90592,083,True
Christian County,MO,89568,043,True
Dodge County,WI,89032,027,True
Lapeer County,MI,88687,087,True
Cullman County,AL,88284,043,True
Josephine County,OR,87994,033,True
Lincoln County,NC,87933,109,True
Burke County,NC,87799,023,True
Elmore County,AL,87694,051,True
Polk County,OR,87600,053,True
Bannock County,ID,87434,005,True
Angelina County,TX,86608,005,True
Island County,WA,86510,029,True
Muskingum County,OH,86393,119,True
Jefferson County,WI,85932,055,True
Lawrence County,PA,85907,073,True
Newport County,RI,85442,005,True
Dougherty County,GA,85038,095,True
Orange County,TX,84761,361,True
Glynn County,GA,84566,127,True
Buchanan County,MO,84544,021,True
Cascade County,MT,84423,013,True
Barrow County,GA,84399,013,True
Wood County,WV,84272,107,True
Orangeburg County,SC,84159,075,True
Rockingham County,VA,83905,165,True
Crawford County,PA,83876,039,True
Chemung County,NY,83584,015,True
Midland County,MI,83503,111,True
Howard County,IN,83452,067,True
Indiana County,PA,83394,063,True
Lee County,MS,83343,081,True
Coryell County,TX,82927,099,True
Lewis County,WA,82663,041,True
Henderson County,TX,82627,213,True
"St. Landry Parish, Louisiana County",LA,82574,097,True
Bullitt County,KY,82482,029,True
Bartholomew County,IN,82371,005,True
Wagoner County,OK,82269,145,True
Payne County,OK,82058,119,True
Leavenworth County,KS,82050,103,True
Monroe County,FL,82044,087,True
Yuba County,CA,81705,115,True
Cape Girardeau County,MO,81703,031,True
Manitowoc County,WI,81242,071,True
Talladega County,AL,81105,121,True
Caldwell County,NC,80716,027,True
Kosciusko County,IN,80442,085,True
Floyd County,IN,80191,043,True
Hancock County,IN,80170,059,True
Putnam County,TN,80157,141,True
Umatilla County,OR,79904,059,True
Clinton County,NY,79839,019,True
Bulloch County,GA,79829,031,True
Bedford County,VA,79761,019,True
Clearfield County,PA,79707,033,True
Natrona County,WY,79506,025,True
Clinton County,MI,79249,037,True
"Lynchburg city, Virginia County",VA,79166,680,True
Chelan County,WA,79076,007,True
James City County,VA,78818,095,True
Oconee County,SC,78775,073,True
Sullivan County,NY,78725,105,True
Wilson County,NC,78667,195,True
Forrest County,MS,77917,035,True
Augusta County,VA,77433,015,True
Anderson County,TN,77337,001,True
Clallam County,WA,77333,009,True
Walker County,TX,77182,471,True
White County,AR,77118,145,True
Jackson County,GA,77033,157,True
Cattaraugus County,NY,77000,009,True
Ross County,OH,76957,141,True
Cole County,MO,76890,051,True
Chatham County,NC,76754,037,True
Walton County,FL,76618,131,True
Valencia County,NM,76613,061,True
Cheshire County,NH,76610,005,True
Cayuga County,NY,76171,011,True
Grays Harbor County,WA,75672,027,True
Van Buren County,MI,75636,159,True
Erie County,OH,75299,043,True
Hancock County,OH,75072,063,True
Raleigh County,WV,74303,081,True
Lonoke County,AR,74292,085,True
Wood County,WI,74138,141,True
Vermilion County,IL,74113,183,True
Tooele County,UT,74032,045,True
Broomfield County,CO,73946,014,True
Somerset County,PA,73802,111,True
Scioto County,OH,73716,145,True
Putnam County,FL,73604,107,True
Kauai County,HI,73511,007,True
Robertson County,TN,73297,147,True
Fauquier County,VA,73290,061,True
Lea County,NM,73103,025,True
Grand Forks County,ND,72927,035,True
Christian County,KY,72766,047,True
Lauderdale County,MS,72741,075,True
Pottawatomie County,OK,72734,125,True
Riley County,KS,72105,161,True
Creek County,OK,72076,037,True
McKinley County,NM,72073,031,True
Morgan County,IN,71757,109,True
DeKalb County,AL,71680,049,True
Lewis and Clark County,MT,71487,049,True
Surry County,NC,71429,171,True
Boone County,IN,71235,011,True
Franklin County,MA,70980,011,True
Greene County,TN,70399,059,True
Portage County,WI,70281,097,True
York County,VA,70238,199,True
Wise County,TX,70062,497,True
"Iberia Parish, Louisiana County",LA,69958,045,True
Columbia County,FL,69832,023,True
Franklin County,NC,69680,069,True
Ward County,ND,69532,101,True
Troup County,GA,69527,285,True
Klamath County,OR,69506,035,True
Greenwood County,SC,69309,047,True
Harrison County,TX,69098,203,True
Blue Earth County,MN,69022,013,True
San Patricio County,TX,68942,409,True
Carteret County,NC,68353,031,True
Allegany County,MD,68161,001,True
Shiawassee County,MI,68124,155,True
Walker County,GA,68065,295,True
Catoosa County,GA,68052,047,True
Lake County,CA,68024,033,True
Madison County,NY,68020,053,True
Oldham County,KY,67997,185,True
Otero County,NM,67850,035,True
Butler County,KS,67618,015,True
McCracken County,KY,67573,145,True
Laurens County,SC,67456,059,True
Spalding County,GA,67415,255,True
Aroostook County,ME,67237,003,True
Rice County,MN,67152,131,True
Jones County,MS,67152,067,True
Williamson County,IL,67120,199,True
Jefferson County,AR,66934,069,True
Montcalm County,MI,66901,117,True
St. Francois County,MO,66814,187,True
Ionia County,MI,66663,067,True
Muskogee County,OK,66606,101,True
Grant County,IN,66560,053,True
Crow Wing County,MN,66558,035,True
Belmont County,OH,66554,013,True
Wayne County,IN,66522,177,True
Marquette County,MI,66376,103,True
Chippewa County,WI,66254,017,True
Wilkes County,NC,66125,193,True
Apache County,AZ,66054,001,True
Mason County,WA,66053,045,True
Harrison County,WV,65862,033,True
Lincoln County,SD,65801,083,True
Kershaw County,SC,65779,055,True
Starr County,TX,65716,427,True
Warren County,NY,65684,113,True
Sauk County,WI,65664,111,True
Adams County,IL,65583,001,True
Liberty County,GA,65550,179,True
Armstrong County,PA,65538,005,True
Tehama County,CA,65484,103,True
Marion County,OH,65366,101,True
Effingham County,GA,65314,103,True
Clay County,MN,65307,027,True
Jefferson County,OH,65280,081,True
Pulaski County,KY,65145,199,True
Carbon County,PA,65018,025,True
Walker County,AL,64978,127,True
Isabella County,MI,64938,073,True
Columbia County,PA,64924,037,True
Coos County,OR,64908,011,True
Salem County,NJ,64840,033,True
Nacogdoches County,TX,64768,347,True
San Benito County,CA,64753,069,True
Chaves County,NM,64701,005,True
Rutherford County,NC,64680,161,True
Hamblen County,TN,64531,063,True
Lamar County,MS,64425,073,True
Warrick County,IN,64065,173,True
Belknap County,NH,63914,001,True
Georgetown County,SC,63594,043,True
Lee County,NC,63560,105,True
Pope County,AR,63475,115,True
Union County,OH,63411,159,True
Darlington County,SC,63025,031,True
Stanly County,NC,62723,167,True
Knox County,OH,62657,083,True
Barry County,MI,62581,015,True
Hall County,NE,62575,079,True
Hood County,TX,62459,221,True
Garfield County,OK,62456,047,True
Laurel County,KY,62442,125,True
Haywood County,NC,62152,087,True
Walla Walla County,WA,62150,071,True
Livingston County,NY,61980,051,True
Reno County,KS,61881,155,True
Garfield County,CO,61683,045,True
Pender County,NC,61592,141,True
Cumberland County,TN,61552,035,True
Columbia County,NY,61469,021,True
Washington County,NY,61310,115,True
Athens County,OH,61276,009,True
Eddy County,NM,61264,015,True
Granville County,NC,61161,077,True
Tipton County,TN,61116,167,True
St. Joseph County,MI,60887,149,True
Crawford County,AR,60593,033,True
Rutland County,VT,60585,021,True
Pittsylvania County,VA,60541,143,True
Herkimer County,NY,60293,043,True
Lincoln County,MO,60172,113,True
Bradford County,PA,60159,015,True
Otter Tail County,MN,60072,111,True
Van Zandt County,TX,60053,467,True
Washington County,VT,59768,023,True
Otsego County,NY,59678,077,True
Washington County,OH,59639,167,True
Mercer County,WV,59530,055,True
Lyon County,NV,59435,019,True
Sampson County,NC,59317,163,True
"Kenai Peninsula Borough, Alaska County",AK,59235,122,True
Blount County,AL,59077,009,True
Newton County,MO,59019,145,True
Pike County,PA,58996,103,True
Sandusky County,OH,58885,143,True
Russell County,AL,58849,113,True
Pickaway County,OH,58809,129,True
Autauga County,AL,58761,001,True
Lowndes County,MS,58547,087,True
Huron County,OH,58518,077,True
Box Elder County,UT,58291,003,True
Oxford County,ME,58276,017,True
Columbia County,WI,58272,021,True
"Carson City, Nevada County",NV,58249,510,True
Genesee County,NY,58204,037,True
Pike County,KY,58196,195,True
Coffee County,TN,58080,031,True
Anderson County,TX,58077,001,True
Iron County,UT,58068,021,True
Jefferson County,WV,58043,037,True
Lawrence County,OH,57994,087,True
Windsor County,VT,57832,027,True
Maverick County,TX,57806,323,True
Gordon County,GA,57785,129,True
"Acadia Parish, Louisiana County",LA,57674,001,True
Waller County,TX,57463,473,True
Putnam County,WV,57347,079,True
Scott County,KY,57286,209,True
Colbert County,AL,57270,033,True
"Vermilion Parish, Louisiana County",LA,57202,113,True
Hawkins County,TN,57107,073,True
Chisago County,MN,56927,025,True
Hardin County,TX,56576,199,True
Pearl River County,MS,56351,109,True
Carter County,TN,56315,019,True
Taney County,MO,56202,213,True
Cherokee County,SC,56200,021,True
Marion County,WV,56194,049,True
Lafayette County,MS,56172,071,True
La Plata County,CO,55983,067,True
Hancock County,ME,55851,009,True
Eagle County,CO,55650,037,True
Whiteside County,IL,55569,195,True
Campbell County,VA,55518,031,True
Loudon County,TN,55507,105,True
Grady County,OK,55314,051,True
Camden County,GA,55105,039,True
Lenoir County,NC,55071,107,True
Seneca County,OH,55062,147,True
Jefferson County,TN,55017,089,True
Tuolumne County,CA,54993,109,True
Franklin County,VA,54838,067,True
Dickson County,TN,54563,043,True
Watauga County,NC,54540,189,True
Saline County,KS,54160,169,True
Johnson County,MO,54025,101,True
Washington County,VA,53985,191,True
Roane County,TN,53777,145,True
Pulaski County,MO,53726,169,True
Elko County,NV,53600,007,True
Coffee County,AL,53559,031,True
McMinn County,TN,53532,107,True
Boone County,IL,53459,007,True
Gila County,AZ,53419,007,True
Jessamine County,KY,53381,113,True
Fulton County,NY,53280,035,True
Tuscola County,MI,53218,157,True
Jackson County,IL,53176,077,True
Columbia County,OR,52865,009,True
Navarro County,TX,52834,349,True
Worcester County,MD,52827,047,True
Culpeper County,VA,52822,047,True
Kerr County,TX,52810,265,True
Rusk County,TX,52755,401,True
Warren County,IA,52709,181,True
Grundy County,IL,52624,063,True
Jackson County,AL,52618,071,True
Hoke County,NC,52612,093,True
Washington County,OK,52579,147,True
Ashland County,OH,52522,005,True
Madison County,ID,52487,065,True
Calumet County,WI,52361,015,True
"St. Charles Parish, Louisiana County",LA,52191,089,True
"St. Martin Parish, Louisiana County",LA,51856,099,True
Grant County,WI,51842,043,True
Waupaca County,WI,51822,135,True
"Harrisonburg city, Virginia County",VA,51784,660,True
Darke County,OH,51751,037,True
Nye County,NV,51698,023,True
Ogle County,IL,51672,141,True
Cass County,MI,51604,027,True
Franklin County,KY,51475,073,True
Medina County,TX,51432,325,True
Oktibbeha County,MS,51388,105,True
Wayne County,PA,51227,127,True
Columbus County,NC,50827,047,True
Cherokee County,TX,50824,073,True
Henry County,VA,50760,089,True
Dearborn County,IN,50709,029,True
Carroll County,NH,50679,003,True
Bristol County,RI,50658,001,True
Somerset County,ME,50656,025,True
Polk County,TX,50536,373,True
Bedford County,TN,50533,003,True
Venango County,PA,50475,121,True
Gibson County,TN,50455,053,True
Wilson County,TX,50381,493,True
Lincoln County,OR,50334,041,True
Queen Anne's County,MD,50316,035,True
Lamar County,TX,50149,277,True
Newaygo County,MI,50130,123,True
Buffalo County,NE,50103,019,True
Franklin County,VT,50101,011,True
Logan County,OK,49919,083,True
Winona County,MN,49792,169,True
Knox County,IL,49751,095,True
Burnet County,TX,49684,053,True
Montgomery County,NY,49624,057,True
Douglas County,NV,49476,005,True
Dale County,AL,49455,045,True
Laurens County,GA,49407,175,True
Atascosa County,TX,49403,013,True
Duplin County,NC,49312,061,True
Henry County,IL,49157,073,True
"St. Mary Parish, Louisiana County",LA,49114,101,True
Fremont County,CO,49107,043,True
Edgecombe County,NC,49067,065,True
Henry County,IN,48913,065,True
Halifax County,NC,48772,083,True
Le Flore County,OK,48525,079,True
"Vernon Parish, Louisiana County",LA,48452,115,True
Tioga County,NY,48344,107,True
Curry County,NM,48327,009,True
"Lincoln Parish, Louisiana County",LA,48323,061,True
Bingham County,ID,48253,011,True
Boyd County,KY,48242,019,True
Carter County,OK,48202,019,True
Shelby County,OH,48145,149,True
Shelby County,KY,48105,211,True
Greene County,NY,48067,039,True
Bonner County,ID,47976,017,True
Crittenden County,AR,47945,035,True
Santa Cruz County,AZ,47838,023,True
Jackson County,FL,47704,063,True
Goodhue County,MN,47697,049,True
Val Verde County,TX,47693,465,True
Bedford County,PA,47613,009,True
Franklin County,NY,47459,033,True
Noble County,IN,47431,113,True
Cherokee County,OK,47412,021,True
Allegany County,NY,47222,003,True
Whitman County,WA,47141,075,True
Chenango County,NY,47096,017,True
Coles County,IL,47076,029,True
Chambers County,TX,47037,071,True
Campbell County,WY,46857,005,True
Nelson County,KY,46779,179,True
Stevens County,WA,46774,065,True
Cortland County,NY,46755,023,True
Barron County,WI,46683,005,True
Bryan County,OK,46528,013,True
Monroe County,TN,46489,123,True
Clinton County,IA,46488,045,True
Habersham County,GA,46326,137,True
"Charlottesville city, Virginia County",VA,46289,540,True
Beltrami County,MN,46274,007,True
Auglaize County,OH,46263,011,True
Jackson County,IN,46212,071,True
Monroe County,WI,46208,081,True
Marshall County,IN,46208,099,True
Mifflin County,PA,46146,087,True
Caldwell County,TX,46141,055,True
Logan County,OH,46098,091,True
Hancock County,MS,46010,045,True
Osage County,OK,46004,113,True
Greene County,AR,45954,055,True
Perry County,PA,45941,099,True
Windham County,VT,45857,025,True
Colquitt County,GA,45813,071,True
Hillsdale County,MI,45698,059,True
Calaveras County,CA,45674,009,True
Thomas County,GA,45665,275,True
"Washington Parish, Louisiana County",LA,45514,117,True
Kendall County,TX,45376,259,True
Wood County,TX,45341,499,True
Hopkins County,KY,45223,107,True
Dunn County,WI,45221,033,True
Chilton County,AL,45140,021,True
Polk County,WI,45128,095,True
Lawrence County,IN,45113,093,True
Itasca County,MN,45054,061,True
Bryan County,GA,44995,029,True
Shelby County,IN,44940,145,True
Macoupin County,IL,44907,117,True
Ravalli County,MT,44876,081,True
Phelps County,MO,44843,161,True
Branch County,MI,44795,023,True
Henderson County,KY,44770,101,True
Beaufort County,NC,44711,013,True
Stokes County,NC,44696,169,True
Delaware County,NY,44637,025,True
McDowell County,NC,44629,111,True
Washington County,MS,44604,151,True
Callaway County,MO,44517,027,True
Barren County,KY,44511,009,True
Stephenson County,IL,44482,177,True
Kittitas County,WA,44424,037,True
Lawrence County,TN,44377,099,True
Warren County,MS,44341,149,True
Shenandoah County,VA,44337,171,True
Jefferson County,PA,44326,065,True
Holmes County,OH,44273,075,True
Huntingdon County,PA,44123,061,True
Douglas County,WI,44092,031,True
Siskiyou County,CA,44049,093,True
"St. Bernard Parish, Louisiana County",LA,44038,087,True
Madison County,OH,43961,097,True
Suwannee County,FL,43881,121,True
Kay County,OK,43859,071,True
Baldwin County,GA,43778,009,True
Pittsburg County,OK,43758,121,True
Gadsden County,FL,43746,039,True
Brown County,OH,43715,015,True
Kandiyohi County,MN,43686,067,True
Dubois County,IN,43584,037,True
Chesterfield County,SC,43536,025,True
Sullivan County,NH,43356,019,True
DeKalb County,IN,43312,033,True
Highland County,OH,43285,071,True
Levy County,FL,43268,075,True
Camden County,MO,43227,029,True
Douglas County,WA,43189,017,True
Richmond County,NC,43149,153,True
Stephens County,OK,43140,137,True
Pettis County,MO,43059,159,True
Coffee County,GA,43056,069,True
Davie County,NC,43030,059,True
Polk County,GA,43019,233,True
Franklin County,TN,42980,051,True
Cerro Gordo County,IA,42979,033,True
Muscatine County,IA,42968,139,True
Union County,PA,42908,119,True
Montrose County,CO,42823,085,True
Erath County,TX,42788,143,True
Miller County,AR,42682,091,True
Prince George County,VA,42634,149,True
"Manassas city, Virginia County",VA,42620,683,True
Fulton County,OH,42602,051,True
Summit County,UT,42524,043,True
"Danville city, Virginia County",VA,42507,590,True
Vance County,NC,42492,181,True
McClain County,OK,42393,087,True
Jackson County,NC,42388,099,True
Okanogan County,WA,42336,047,True
Mercer County,OH,42321,107,True
Butler County,MO,42280,023,True
Fayette County,TN,42228,047,True
Ohio County,WV,42224,069,True
Nez Perce County,ID,42200,069,True
Pierce County,WI,42187,093,True
Sweetwater County,WY,42079,037,True
Clinton County,OH,42077,027,True
"St. John the Baptist Parish, Louisiana County",LA,41986,095,True
Oconee County,GA,41978,219,True
Crawford County,OH,41861,033,True
Cooke County,TX,41860,097,True
Marinette County,WI,41827,075,True
Baxter County,AR,41801,005,True
Wharton County,TX,41614,481,True
Gratiot County,MI,41534,057,True
Benton County,MN,41300,009,True
Upshur County,TX,41261,459,True
Isanti County,MN,41257,059,True
Tallapoosa County,AL,41251,123,True
Tift County,GA,41247,277,True
Clatsop County,OR,41190,007,True
Tioga County,PA,41186,117,True
Cheatham County,TN,41184,021,True
Warren County,TN,41163,177,True
Preble County,OH,40929,135,True
Shawano County,WI,40848,115,True
Warren County,VA,40800,187,True
Delaware County,OK,40791,041,True
Sanilac County,MI,40759,151,True
Knox County,ME,40729,013,True
Amador County,CA,40577,005,True
Fayette County,WV,40545,019,True
McKean County,PA,40459,083,True
Pasquotank County,NC,40454,139,True
Tazewell County,VA,40392,185,True
Ottawa County,OH,40367,123,True
LaGrange County,IN,40364,087,True
Mississippi County,AR,40361,093,True
Wyoming County,NY,40338,121,True
Rio Arriba County,NM,40285,039,True
Orleans County,NY,40148,073,True
Mecosta County,MI,40128,107,True
Pike County,MS,40098,113,True
Mower County,MN,40082,099,True
Murray County,GA,40063,213,True
Marshall County,IA,40049,127,True
Howell County,MO,39960,091,True
Hendry County,FL,39902,051,True
Latah County,ID,39872,057,True
Okeechobee County,FL,39870,093,True
Snyder County,PA,39797,109,True
Waldo County,ME,39772,027,True
Harrison County,IN,39684,061,True
Sequoyah County,OK,39538,135,True
"Avoyelles Parish, Louisiana County",LA,39529,009,True
Fremont County,WY,39402,013,True
Campbell County,TN,39397,013,True
Mayes County,OK,39324,097,True
Webster County,MO,39265,225,True
Person County,NC,39131,145,True
Douglas County,MN,39081,041,True
Williams County,ND,39076,105,True
Jim Wells County,TX,39060,249,True
Oconto County,WI,39048,083,True
Crawford County,KS,39012,037,True
Wayne County,WV,38933,099,True
Isle of Wight County,VA,38898,093,True
Gloucester County,VA,38875,073,True
Des Moines County,IA,38824,057,True
Union County,AR,38815,139,True
Champaign County,OH,38715,021,True
Colleton County,SC,38561,029,True
Susquehanna County,PA,38540,115,True
Warren County,PA,38492,123,True
Graham County,AZ,38453,009,True
Woodford County,IL,38414,203,True
Guernsey County,OH,38409,059,True
Dallas County,AL,38326,047,True
Defiance County,OH,38300,039,True
Brown County,SD,38278,013,True
Lawrence County,MO,38231,109,True
Finney County,KS,38187,055,True
Brown County,TX,38159,049,True
Pontotoc County,OK,38116,123,True
Louisa County,VA,38106,109,True
Scott County,MO,38055,201,True
Montgomery County,IN,38018,107,True
Newberry County,SC,37918,071,True
Independence County,AR,37910,063,True
Clinton County,PA,37860,035,True
Cass County,IN,37820,017,True
Franklin County,IL,37810,055,True
Jasper County,IA,37808,099,True
Oneida County,WI,37799,085,True
Talbot County,MD,37663,041,True
Boone County,AR,37662,009,True
Marion County,IL,37543,121,True
Covington County,AL,37542,039,True
Albany County,WY,37525,001,True
Clarion County,PA,37489,031,True
"Natchitoches Parish, Louisiana County",LA,37478,069,True
Addison County,VT,37434,001,True
Houghton County,MI,37414,061,True
Steele County,MN,37396,147,True
Calloway County,KY,37345,035,True
Bennington County,VT,37326,003,True
Essex County,NY,37314,031,True
Yadkin County,NC,37280,197,True
Dodge County,NE,37175,053,True
Dare County,NC,37160,055,True
Macon County,NC,37088,113,True
Green County,WI,37066,045,True
Jefferson County,IL,37043,081,True
Hopkins County,TX,37008,223,True
Clinton County,IL,36998,027,True
Webster County,IA,36986,187,True
Williams County,OH,36973,171,True
Putnam County,IN,36942,133,True
Okmulgee County,OK,36900,111,True
Clark County,KY,36897,049,True
Sagadahoc County,ME,36868,023,True
Delta County,MI,36839,041,True
Dyer County,TN,36818,045,True
"Webster Parish, Louisiana County",LA,36761,119,True
Escambia County,AL,36755,053,True
McLeod County,MN,36727,085,True
Graves County,KY,36701,083,True
Huntington County,IN,36699,069,True
Chippewa County,MI,36670,033,True
Whitley County,KY,36648,235,True
Coshocton County,OH,36629,031,True
Orange County,VA,36593,137,True
"Beauregard Parish, Louisiana County",LA,36553,011,True
Alexander County,NC,36505,003,True
Carlton County,MN,36362,017,True
Matagorda County,TX,36251,321,True
Geary County,KS,36247,061,True
Cocke County,TN,36186,029,True
Knox County,IN,36148,083,True
Hill County,TX,36138,217,True
Wise County,VA,36105,195,True
Laclede County,MO,36060,105,True
Fannin County,TX,36052,147,True
Scotts Bluff County,NE,36048,157,True
Miami County,IN,35952,103,True
Uintah County,UT,35951,047,True
Ware County,GA,35917,299,True
Greenup County,KY,35853,089,True
Adams County,IN,35827,001,True
Sioux County,IA,35815,167,True
Washington County,TX,35807,477,True
Greene County,PA,35781,059,True
Floyd County,KY,35780,071,True
Livingston County,IL,35771,105,True
Warren County,MO,35729,219,True
Madison County,NE,35538,119,True
Lincoln County,ME,35466,015,True
Perry County,OH,35451,127,True
Lincoln County,TN,35365,103,True
Silver Bow County,MT,35306,093,True
Wapello County,IA,35292,179,True
Becker County,MN,35202,005,True
Morrow County,OH,35049,117,True
Wasatch County,UT,35009,051,True
Harris County,GA,34914,145,True
Monroe County,IL,34905,133,True
Lincoln County,MS,34855,085,True
Alcorn County,MS,34717,003,True
Clark County,WI,34703,019,True
Barry County,MO,34701,009,True
Cowley County,KS,34661,035,True
Brookings County,SD,34631,011,True
Chambers County,AL,34612,017,True
Effingham County,IL,34594,049,True
Marshall County,TN,34567,117,True
Lincoln County,NE,34532,111,True
Steuben County,IN,34507,151,True
Howard County,TX,34488,227,True
Taos County,NM,34475,055,True
Putnam County,OH,34400,137,True
Nicollet County,MN,34380,103,True
Miami County,KS,34312,121,True
Whitley County,IN,34259,183,True
DeSoto County,FL,34258,027,True
Scotland County,NC,34222,165,True
Lee County,IL,34221,103,True
Platte County,NE,34219,141,True
Ford County,KS,34212,057,True
Preston County,WV,34206,077,True
Monroe County,MS,34168,095,True
Emmet County,MI,34072,047,True
Morrison County,MN,34023,097,True
Halifax County,VA,34013,083,True
Marshall County,MS,33980,093,True
Harvey County,KS,33959,079,True
Christian County,IL,33893,021,True
Pulaski County,VA,33841,155,True
Wexford County,MI,33766,165,True
Lincoln County,OK,33734,081,True
Botetourt County,VA,33734,023,True
Wakulla County,FL,33732,129,True
Fulton County,IL,33691,057,True
Seneca County,NY,33651,099,True
Marion County,IA,33487,125,True
Lee County,IA,33442,111,True
Pickens County,GA,33439,227,True
Lumpkin County,GA,33405,187,True
Accomack County,VA,33367,001,True
Daviess County,IN,33337,027,True
Caroline County,MD,33320,011,True
"Petersburg city, Virginia County",VA,33261,730,True
Bureau County,IL,33203,011,True
Morton County,ND,33192,059,True
Panola County,MS,33157,107,True
Transylvania County,NC,33131,175,True
Hot Spring County,AR,33129,059,True
Lawrence County,AL,33116,079,True
Jefferson County,IN,33057,077,True
Jasper County,IN,33045,073,True
Jasper County,TX,33032,241,True
Rhea County,TN,33031,143,True
Clinton County,IN,33020,023,True
Gibson County,IN,33006,051,True
Jefferson County,WA,33006,031,True
Pike County,AL,32997,109,True
Greenbrier County,WV,32995,025,True
Stark County,ND,32989,089,True
Lee County,GA,32968,177,True
Weakley County,TN,32946,183,True
Morgan County,IL,32882,137,True
Lafayette County,MO,32858,107,True
Jackson County,OH,32563,079,True
Dorchester County,MD,32557,019,True
Hale County,TX,32525,189,True
Logan County,WV,32350,045,True
"Evangeline Parish, Louisiana County",LA,32335,039,True
Henry County,TN,32305,079,True
"Jefferson Davis Parish, Louisiana County",LA,32277,053,True
Lyon County,KS,32182,111,True
Chester County,SC,32171,023,True
"Juneau City and Borough, Alaska County",AK,32108,110,True
Claiborne County,TN,32092,025,True
Franklin County,AL,32011,059,True
Polk County,MO,31877,167,True
Lassen County,CA,31873,035,True
Marshall County,KY,31706,157,True
Malheur County,OR,31538,045,True
Gilmer County,GA,31519,123,True
Lake County,MT,31509,047,True
Huron County,MI,31461,063,True
Montgomery County,KS,31448,125,True
Coos County,NH,31430,007,True
Amherst County,VA,31426,009,True
Jefferson County,ID,31383,051,True
Stone County,MO,31314,209,True
Titus County,TX,31301,449,True
Pontotoc County,MS,31202,115,True
Caroline County,VA,31181,033,True
Sheridan County,WY,31176,033,True
Delta County,CO,31173,029,True
Clarendon County,SC,31163,027,True
Adams County,NE,31143,001,True
Polk County,MN,31128,119,True
Washington County,ME,31096,029,True
Wabash County,IN,31032,169,True
McCurtain County,OK,31003,089,True
Clare County,MI,30998,035,True
Bee County,TX,30977,025,True
Summit County,CO,30955,117,True
Greene County,IN,30900,055,True
Elk County,PA,30886,047,True
Williamsburg County,SC,30879,089,True
Kleberg County,TX,30860,273,True
Freeborn County,MN,30857,047,True
Vernon County,WI,30811,123,True
Muhlenberg County,KY,30735,177,True
Bolivar County,MS,30688,011,True
Trempealeau County,WI,30679,121,True
Obion County,TN,30670,131,True
Hardin County,OH,30622,065,True
Boyle County,KY,30613,021,True
Marshall County,WV,30509,051,True
Powhatan County,VA,30503,145,True
Ottawa County,OK,30472,115,True
Caledonia County,VT,30418,005,True
Randolph County,IL,30413,157,True
Austin County,TX,30406,015,True
Madison County,GA,30378,195,True
Mecklenburg County,VA,30367,117,True
Giles County,TN,30317,055,True
Cass County,MN,30288,021,True
Wayne County,GA,30277,305,True
"Iberville Parish, Louisiana County",LA,30210,047,True
Knox County,KY,30207,121,True
Haralson County,GA,30178,143,True
McPherson County,KS,30085,113,True
Door County,WI,30038,029,True
Meade County,SD,29970,093,True
Schoharie County,NY,29970,095,True
Meade County,KY,29964,163,True
Park County,WY,29878,029,True
Franklin County,ME,29839,007,True
Bladen County,NC,29807,017,True
Smyth County,VA,29799,173,True
Jasper County,SC,29444,053,True
Grimes County,TX,29442,185,True
Orange County,VT,29439,017,True
Adams County,MS,29425,001,True
Sumter County,GA,29378,261,True
Gallia County,OH,29276,053,True
Marion County,SC,29212,067,True
Marion County,AL,29203,093,True
Mason County,MI,29178,105,True
Carroll County,VA,29126,035,True
Pine County,MN,29090,115,True
Decatur County,GA,29063,087,True
Morgan County,CO,29045,087,True
Ripley County,IN,28990,137,True
Neshoba County,MS,28970,099,True
Ellis County,KS,28921,051,True
Alpena County,MI,28911,007,True
Hancock County,WV,28907,029,True
Fayette County,OH,28901,047,True
Cherokee County,NC,28868,039,True
Garrett County,MD,28856,023,True
Marion County,TN,28852,115,True
Van Wert County,OH,28833,161,True
Sanpete County,UT,28816,039,True
Le Sueur County,MN,28795,079,True
Elmore County,ID,28752,039,True
Glenn County,CA,28657,021,True
Stoddard County,MO,28656,207,True
Cass County,TX,28637,067,True
Currituck County,NC,28616,053,True
Palo Pinto County,TX,28569,363,True
Marion County,MO,28525,127,True
Codington County,SD,28402,029,True
Lincoln County,WI,28402,069,True
Custer County,OK,28391,039,True
Jones County,GA,28382,169,True
Carroll County,TN,28381,017,True
Carroll County,AR,28362,015,True
Montgomery County,IL,28352,135,True
Monroe County,GA,28287,207,True
Wythe County,VA,28275,197,True
"Fredericksburg city, Virginia County",VA,28258,630,True
Dillon County,SC,28255,033,True
Copiah County,MS,28210,029,True
Montgomery County,KY,28188,173,True
Dunklin County,MO,28174,069,True
Wells County,IN,28167,179,True
White County,GA,28165,311,True
Perry County,KY,28136,193,True
Washington County,IN,28133,175,True
Hocking County,OH,28104,073,True
"Winchester city, Virginia County",VA,28103,840,True
Tate County,MS,28094,137,True
Dinwiddie County,VA,28057,053,True
Peach County,GA,28054,225,True
Logan County,IL,28027,107,True
Grant County,NM,28006,017,True
Randolph County,WV,28005,083,True
Baker County,FL,27969,003,True
Scott County,MS,27943,123,True
Leflore County,MS,27920,083,True
Union County,MS,27880,145,True
Jackson County,WV,27868,035,True
Henderson County,TN,27845,077,True
Bradford County,FL,27816,007,True
San Jacinto County,TX,27666,407,True
Upson County,GA,27638,293,True
Jennings County,IN,27610,079,True
Henry County,OH,27601,069,True
Adams County,OH,27509,001,True
Logan County,KY,27498,141,True
Yazoo County,MS,27467,163,True
Del Norte County,CA,27462,015,True
Orleans County,VT,27459,019,True
Fluvanna County,VA,27442,065,True
White County,TN,27420,185,True
"West Baton Rouge Parish, Louisiana County",LA,27377,121,True
McDonough County,IL,27370,109,True
Dawson County,GA,27355,085,True
Tillamook County,OR,27345,057,True
San Miguel County,NM,27215,047,True
Cibola County,NM,27211,006,True
Union County,SC,27158,087,True
Pike County,OH,27151,131,True
Iroquois County,IL,27043,075,True
King George County,VA,26985,099,True
Mineral County,WV,26957,057,True
Gillespie County,TX,26953,171,True
Toombs County,GA,26946,279,True
Caddo County,OK,26910,015,True
Woodford County,KY,26886,239,True
Hardin County,TN,26824,071,True
"De Soto Parish, Louisiana County",LA,26821,031,True
Carroll County,OH,26761,019,True
Ashe County,NC,26759,009,True
Cass County,NE,26749,025,True
Stephens County,GA,26732,257,True
Oceana County,MI,26707,127,True
Boone County,IA,26700,015,True
Juneau County,WI,26695,057,True
Lewis County,NY,26690,049,True
Mille Lacs County,MN,26680,095,True
Carter County,KY,26671,043,True
Geneva County,AL,26647,061,True
Wasco County,OR,26639,065,True
Harlan County,KY,26589,095,True
Marlboro County,SC,26585,069,True
Grayson County,KY,26465,085,True
Elbert County,CO,26457,039,True
Decatur County,IN,26432,031,True
Clay County,IN,26396,021,True
Union County,OR,26286,061,True
Wyoming County,PA,26219,131,True
Edgefield County,SC,26181,037,True
Charlevoix County,MI,26174,029,True
Hart County,GA,26110,147,True
Grady County,GA,26075,131,True
Montezuma County,CO,26070,083,True
Taylor County,KY,26056,217,True
Lawrence County,SD,26047,081,True
Lamoille County,VT,25977,015,True
Franklin County,KS,25968,059,True
Dickinson County,MI,25937,043,True
Johnson County,AR,25925,071,True
McNairy County,TN,25895,109,True
Simpson County,MS,25889,127,True
Brown County,MN,25880,015,True
Sunflower County,MS,25867,133,True
Montgomery County,NC,25839,123,True
Garvin County,OK,25806,049,True
Russell County,VA,25763,167,True
Cheboygan County,MI,25709,031,True
Benton County,IA,25652,011,True
Plymouth County,IA,25621,149,True
"Staunton city, Virginia County",VA,25581,790,True
Payette County,ID,25571,075,True
Hardee County,FL,25528,049,True
Butts County,GA,25522,035,True
Hardeman County,TN,25519,069,True
Mason County,WV,25488,053,True
Pottawatomie County,KS,25482,149,True
Barton County,KS,25477,009,True
Gladwin County,MI,25461,051,True
"Morehouse Parish, Louisiana County",LA,25438,067,True
Fannin County,GA,25436,111,True
Churchill County,NV,25409,001,True
Luna County,NM,25393,029,True
"Salem city, Virginia County",VA,25372,775,True
Macon County,TN,25365,111,True
Lyon County,MN,25352,083,True
Iosco County,MI,25319,069,True
Adair County,MO,25299,001,True
Todd County,MN,25277,153,True
Posey County,IN,25226,129,True
Otsego County,MI,25221,137,True
Lauderdale County,TN,25171,097,True
Grant County,KY,25085,081,True
Milam County,TX,25080,331,True
Cherokee County,AL,25069,019,True
Manistee County,MI,25058,101,True
Washington County,FL,25014,133,True
Bremer County,IA,25012,017,True
Hickman County,TN,24996,081,True
Crook County,OR,24987,013,True
Cleburne County,AR,24948,023,True
Prentiss County,MS,24945,117,True
Routt County,CO,24944,107,True
Goochland County,VA,24906,075,True
Chattooga County,GA,24902,055,True
Union County,GA,24880,291,True
Barbour County,AL,24877,005,True
Audrain County,MO,24873,007,True
Cassia County,ID,24859,031,True
Miller County,MO,24855,131,True
Uvalde County,TX,24833,463,True
Texas County,MO,24828,215,True
Jackson County,OK,24776,065,True
Teller County,CO,24758,119,True
Yates County,NY,24713,123,True
Waushara County,WI,24672,137,True
Somerset County,MD,24672,039,True
Jefferson County,OR,24659,031,True
Randolph County,MO,24652,175,True
White County,IN,24630,181,True
Nicholas County,WV,24624,067,True
Randolph County,IN,24586,135,True
Fayette County,TX,24564,149,True
Rowan County,KY,24551,205,True
George County,MS,24547,039,True
Jerome County,ID,24474,053,True
Scott County,IN,24403,143,True
Abbeville County,SC,24368,001,True
Marion County,MS,24362,091,True
Burke County,GA,24337,033,True
Lincoln County,KY,24320,137,True
Tattnall County,GA,24309,267,True
Bell County,KY,24248,013,True
Blaine County,ID,24248,013,True
"Fairfax city, Virginia County",VA,24242,600,True
Shelby County,TX,24157,419,True
Aransas County,TX,24048,007,True
Dawson County,NE,24037,047,True
Hood River County,OR,23965,027,True
Itawamba County,MS,23888,057,True
Upshur County,WV,23875,097,True
Anderson County,KY,23839,005,True
Ohio County,KY,23782,183,True
Iowa County,WI,23766,049,True
Page County,VA,23753,139,True
Antrim County,MI,23662,009,True
Saline County,IL,23662,165,True
Winston County,AL,23655,133,True
Grainger County,TN,23648,057,True
Seminole County,OK,23592,133,True
Washington County,MO,23580,221,True
Roscommon County,MI,23556,143,True
Juniata County,PA,23535,067,True
Franklin County,GA,23480,119,True
Mingo County,WV,23466,059,True
Menominee County,MI,23433,109,True
Curry County,OR,23404,015,True
Pacific County,WA,23396,049,True
Fayette County,IN,23391,041,True
McDonald County,MO,23381,119,True
Meeker County,MN,23352,093,True
Teton County,WY,23346,039,True
Yankton County,SD,23311,135,True
Starke County,IN,23308,149,True
"Plaquemines Parish, Louisiana County",LA,23305,075,True
New Kent County,VA,23296,127,True
Hampshire County,WV,23275,027,True
Saline County,MO,23219,195,True
Vilas County,WI,23146,125,True
St. Francis County,AR,23138,123,True
Ray County,MO,23122,177,True
Clarke County,AL,23058,025,True
"Hopewell city, Virginia County",VA,23046,670,True
Crawford County,MO,23023,055,True
Osceola County,MI,23022,133,True
Poinsett County,AR,22997,111,True
Emanuel County,GA,22907,107,True
Franklin County,IN,22850,047,True
Klickitat County,WA,22798,039,True
"Allen Parish, Louisiana County",LA,22798,003,True
Caswell County,NC,22747,033,True
Columbia County,AR,22707,027,True
Rockbridge County,VA,22673,163,True
Mercer County,KY,22662,167,True
Johnson County,KY,22631,115,True
Ouachita County,AR,22606,103,True
Overton County,TN,22576,133,True
Panola County,TX,22540,365,True
Washington County,IA,22534,183,True
Sumner County,KS,22517,191,True
Leelanau County,MI,22426,089,True
Saunders County,NE,22374,155,True
Asotin County,WA,22370,003,True
Brooke County,WV,22349,009,True
"Waynesboro city, Virginia County",VA,22341,820,True
Beckham County,OK,22295,009,True
Lee County,VA,22287,105,True
Bibb County,AL,22251,007,True
Meigs County,OH,22242,105,True
Limestone County,TX,22222,293,True
"Sabine Parish, Louisiana County",LA,22209,085,True
Putnam County,GA,22206,237,True
Anson County,NC,22200,007,True
Nobles County,MN,22194,105,True
"Grant Parish, Louisiana County",LA,22185,043,True
Randolph County,AL,22179,111,True
Houston County,TX,22107,225,True
Henry County,MO,22064,083,True
Mahaska County,IA,22059,123,True
Martin County,NC,21992,117,True
Seward County,KS,21942,175,True
Jo Daviess County,IL,21942,085,True
Prince Edward County,VA,21922,147,True
Scott County,TN,21917,151,True
Lampasas County,TX,21829,281,True
Wyandot County,OH,21818,175,True
Colusa County,CA,21811,011,True
Tippah County,MS,21769,139,True
McDuffie County,GA,21715,189,True
Boone County,WV,21705,005,True
Sevier County,UT,21667,041,True
Gage County,NE,21654,067,True
Llano County,TX,21637,299,True
Mitchell County,GA,21634,205,True
Hertford County,NC,21633,091,True
Minidoka County,ID,21626,067,True
Stutsman County,ND,21609,093,True
Scott County,VA,21536,169,True
Gaines County,TX,21523,165,True
Hockley County,TX,21495,219,True
Letcher County,KY,21490,133,True
Hubbard County,MN,21479,057,True
Grenada County,MS,21474,043,True
Clark County,AR,21469,019,True
Fayette County,IL,21464,051,True
Jersey County,IL,21462,083,True
Wabasha County,MN,21460,157,True
Taylor County,FL,21421,123,True
Madison County,NC,21414,115,True
Owen County,IN,21361,119,True
Leake County,MS,21335,079,True
Dakota County,NE,21308,043,True
Logan County,CO,21302,075,True
Moore County,TX,21284,341,True
Newton County,MS,21275,101,True
Gray County,TX,21272,179,True
Coahoma County,MS,21264,027,True
Fillmore County,MN,21251,045,True
Logan County,AR,21247,083,True
Wyoming County,WV,21237,109,True
Bandera County,TX,21182,019,True
Morgan County,MO,21169,141,True
Clinton County,MO,21155,049,True
Texas County,OK,21144,139,True
Nodaway County,MO,21140,147,True
Morgan County,TN,21124,129,True
"Assumption Parish, Louisiana County",LA,21067,007,True
"Union Parish, Louisiana County",LA,21049,111,True
Shelby County,IL,21042,173,True
Perry County,IL,20996,145,True
Jackson County,WI,20958,053,True
Fairfield County,SC,20942,039,True
Dodge County,MN,20893,039,True
Washington County,NE,20884,177,True
Ogemaw County,MI,20820,129,True
Sullivan County,IN,20791,153,True
Conway County,AR,20782,029,True
Allen County,KY,20773,003,True
Jones County,IA,20733,105,True
Adams County,WI,20730,001,True
Carroll County,IA,20728,027,True
Worth County,GA,20706,321,True
Buena Vista County,IA,20687,021,True
Meriwether County,GA,20679,199,True
Barnwell County,SC,20653,011,True
"Pointe Coupee Parish, Louisiana County",LA,20652,077,True
Greene County,VA,20631,079,True
Buchanan County,IA,20631,019,True
Hutchinson County,TX,20595,233,True
Colorado County,TX,20582,089,True
Kewaunee County,WI,20570,061,True
Adams County,WA,20557,001,True
Uinta County,WY,20546,041,True
Dukes County,MA,20543,007,True
Breckinridge County,KY,20528,027,True
Jay County,IN,20451,075,True
Henry County,IA,20436,087,True
Fulton County,IN,20420,049,True
Woodward County,OK,20411,153,True
Lincoln County,WV,20410,043,True
Greene County,NC,20407,079,True
Carroll County,IN,20397,015,True
Lavaca County,TX,20379,285,True
Yell County,AR,20342,149,True
Carbon County,UT,20338,007,True
Clay County,KY,20322,051,True
Willacy County,TX,20308,489,True
Crisp County,GA,20255,081,True
Buchanan County,VA,20246,027,True
Bourbon County,KY,20228,017,True
Lincoln County,NM,20222,027,True
DeKalb County,TN,20209,041,True
Montague County,TX,20197,337,True
Morgan County,GA,20171,211,True
Lincoln County,MT,20157,053,True
Calhoun County,TX,20127,057,True
Labette County,KS,20096,099,True
"St. James Parish, Louisiana County",LA,20090,093,True
Winneshiek County,IA,20050,191,True
Hempstead County,AR,20037,057,True
Smith County,TN,20034,159,True
"Richland Parish, Louisiana County",LA,20028,083,True
Taylor County,WI,19979,119,True
Dodge County,GA,19977,091,True
Washington County,GA,19975,303,True
Davison County,SD,19966,035,True
Tyler County,TX,19962,457,True
Martin County,MN,19960,091,True
Spencer County,IN,19935,147,True
Union County,TN,19860,173,True
DeWitt County,TX,19826,123,True
Pierce County,GA,19822,229,True
Monroe County,AL,19816,099,True
Lincoln County,WY,19794,023,True
Duchesne County,UT,19779,013,True
Vernon County,MO,19777,217,True
Orange County,IN,19768,117,True
Wayne County,MS,19760,153,True
Jones County,TX,19758,253,True
"Franklin Parish, Louisiana County",LA,19752,041,True
Gonzales County,TX,19736,177,True
Adair County,OK,19726,001,True
Douglas County,IL,19714,041,True
Wayne County,KY,19666,231,True
Plumas County,CA,19650,063,True
Marion County,KY,19627,155,True
Benton County,MO,19616,015,True
Freestone County,TX,19599,161,True
Simpson County,KY,19574,213,True
Elbert County,GA,19570,105,True
Chaffee County,CO,19564,015,True
Spencer County,KY,19549,215,True
Polk County,NC,19538,149,True
Holmes County,FL,19529,059,True
Fayette County,IA,19519,065,True
Langlade County,WI,19512,067,True
Jackson County,IA,19470,097,True
"East Feliciana Parish, Louisiana County",LA,19452,037,True
Polk County,AR,19384,113,True
Cherokee County,KS,19380,021,True
Hart County,KY,19345,099,True
Kent County,MD,19289,029,True
Los Alamos County,NM,19253,028,True
Gem County,ID,19250,045,True
Macon County,AL,19198,087,True
Perry County,IN,19186,123,True
Marengo County,AL,19180,091,True
McIntosh County,OK,19159,091,True
Pike County,GA,19145,231,True
Roosevelt County,NM,19142,041,True
Green Lake County,WI,19093,047,True
Beadle County,SD,19089,005,True
Humphreys County,TN,19032,085,True
Greene County,GA,19020,133,True
Ashley County,AR,19018,003,True
Butler County,AL,18981,013,True
Perry County,MO,18970,157,True
Waseca County,MN,18953,161,True
Saluda County,SC,18952,081,True
Pickens County,AL,18925,107,True
McDowell County,WV,18911,047,True
Hampton County,SC,18890,049,True
Adair County,KY,18887,001,True
Tishomingo County,MS,18837,141,True
Inyo County,CA,18829,027,True
Paulding County,OH,18827,125,True
Houston County,MN,18826,055,True
Warren County,NC,18803,185,True
Harrison County,KY,18803,097,True
Crawford County,IL,18729,033,True
"Concordia Parish, Louisiana County",LA,18677,029,True
Lamar County,GA,18676,171,True
Fentress County,TN,18642,049,True
Randolph County,AR,18619,121,True
Poweshiek County,IA,18608,157,True
Clay County,MS,18598,025,True
Deaf Smith County,TX,18585,117,True
Otero County,CO,18580,089,True
"Bethel Census Area, Alaska County",AK,18538,050,True
Yancey County,NC,18538,199,True
Ste. Genevieve County,MO,18494,186,True
Dickinson County,KS,18492,041,True
Westmoreland County,VA,18480,193,True
Cedar County,IA,18479,031,True
Wright County,MO,18475,229,True
Appling County,GA,18441,001,True
Bosque County,TX,18404,035,True
Jefferson County,KS,18387,087,True
Banks County,GA,18381,011,True
Andrews County,TX,18362,003,True
Stone County,MS,18360,131,True
Covington County,MS,18323,031,True
Berrien County,GA,18187,019,True
Montour County,PA,18165,093,True
"Colonial Heights city, Virginia County",VA,18158,570,True
Frio County,TX,18151,163,True
Brantley County,GA,18105,025,True
Gilchrist County,FL,18070,041,True
Andrew County,MO,18069,003,True
Benzie County,MI,18058,019,True
Sawyer County,WI,18057,113,True
Grant County,AR,18022,053,True
Russell County,KY,18021,207,True
Southampton County,VA,18003,175,True
San Juan County,WA,18001,055,True
Madison County,FL,17986,079,True
Johnson County,TN,17982,091,True
Burleson County,TX,17958,051,True
Kalkaska County,MI,17934,079,True
Young County,TX,17903,503,True
Schuyler County,NY,17855,097,True
Unicoi County,TN,17845,171,True
King William County,VA,17845,101,True
Attala County,MS,17842,007,True
Bertie County,NC,17818,015,True
Hughes County,SD,17812,065,True
Eastland County,TX,17812,133,True
Haywood County,TN,17806,075,True
Winston County,MS,17741,159,True
Pike County,MO,17719,163,True
Dickinson County,IA,17692,059,True
Avery County,NC,17679,011,True
Patrick County,VA,17660,141,True
Seward County,NE,17644,159,True
Polk County,TN,17620,139,True
Park County,CO,17597,093,True
Hancock County,IL,17582,067,True
Lee County,TX,17543,287,True
Northampton County,NC,17528,131,True
Delaware County,IA,17523,055,True
Sharp County,AR,17422,135,True
Chester County,TN,17392,023,True
Pitkin County,CO,17325,097,True
Park County,MT,17320,067,True
Drew County,AR,17309,043,True
Henry County,AL,17282,067,True
Humboldt County,NV,17266,013,True
Richland County,WI,17256,103,True
Cook County,GA,17242,075,True
Morgan County,WV,17237,065,True
Garrard County,KY,17175,079,True
Ben Hill County,GA,17169,017,True
Franklin County,AR,17160,047,True
Dallas County,MO,17158,059,True
Mariposa County,CA,17130,043,True
Clayton County,IA,17123,043,True
"Manassas Park city, Virginia County",VA,17123,685,True
Union County,IL,17122,181,True
Mason County,KY,17068,161,True
"Bristol city, Virginia County",VA,17036,520,True
Arkansas County,AR,17024,001,True
Chickasaw County,MS,17024,017,True
Gunnison County,CO,17018,051,True
Tama County,IA,17017,171,True
Falls County,TX,17013,145,True
Piscataquis County,ME,16936,021,True
Lewis County,WV,16920,041,True
Rabun County,GA,16915,241,True
Robertson County,TX,16912,395,True
Marion County,AR,16905,089,True
Cooper County,MO,16893,053,True
McCreary County,KY,16892,147,True
Scurry County,TX,16883,415,True
Buckingham County,VA,16869,029,True
Hardin County,IA,16861,083,True
Edgar County,IL,16852,045,True
Holmes County,MS,16848,051,True
Cross County,AR,16827,037,True
Long County,GA,16804,183,True
Idaho County,ID,16787,049,True
Jackson County,AR,16784,067,True
Warren County,IL,16760,187,True
Bond County,IL,16750,005,True
Madison County,AR,16737,087,True
Dixie County,FL,16737,029,True
Rush County,IN,16716,139,True
Lafayette County,WI,16716,065,True
Giles County,VA,16711,071,True
Union County,SD,16700,127,True
Piatt County,IL,16698,147,True
Washburn County,WI,16685,129,True
Baker County,OR,16685,001,True
La Paz County,AZ,16681,012,True
Madison County,IA,16609,121,True
Taylor County,WV,16602,091,True
Iowa County,IA,16575,095,True
Burnett County,WI,16561,013,True
Lee County,SC,16557,061,True
Richland County,ND,16548,077,True
Fountain County,IN,16468,045,True
Alamosa County,CO,16460,003,True
Socorro County,NM,16453,053,True
Crawford County,IA,16450,047,True
Clay County,IA,16423,041,True
Potter County,PA,16390,105,True
"Radford city, Virginia County",VA,16379,750,True
Phillips County,AR,16373,107,True
New Madrid County,MO,16341,143,True
Parke County,IN,16327,121,True
Wayne County,TN,16325,181,True
Jasper County,MS,16320,061,True
Atchison County,KS,16309,005,True
Fayette County,AL,16297,057,True
Brooks County,GA,16275,027,True
Lawrence County,AR,16258,075,True
Appomattox County,VA,16253,011,True
Dade County,GA,16239,083,True
Hill County,MT,16238,041,True
Lawrence County,KY,16228,127,True
Bayfield County,WI,16214,007,True
Rockcastle County,KY,16171,203,True
Kanabec County,MN,16145,065,True
Wayne County,IL,16127,191,True
Crawford County,WI,16123,023,True
Bates County,MO,16101,013,True
Sequatchie County,TN,16065,153,True
Ashland County,WI,16041,003,True
Otoe County,NE,15995,131,True
Brunswick County,VA,15965,025,True
Casey County,KY,15942,045,True
Benton County,TN,15933,005,True
Leon County,TX,15928,289,True
Sevier County,AR,15913,133,True
Van Buren County,AR,15900,141,True
Trinity County,CA,15889,105,True
Aitkin County,MN,15859,001,True
Neosho County,KS,15826,133,True
Osage County,KS,15787,139,True
Jefferson County,IA,15785,101,True
Henry County,KY,15731,103,True
Grand County,CO,15724,049,True
Richland County,IL,15716,159,True
Mercer County,IL,15692,131,True
Pawnee County,OK,15682,117,True
Nottoway County,VA,15638,135,True
Marquette County,WI,15619,077,True
Floyd County,IA,15601,067,True
Carroll County,IL,15594,015,True
Jefferson County,GA,15591,163,True
Pemiscot County,MO,15555,155,True
Clarke County,MS,15553,023,True
De Witt County,IL,15535,039,True
Floyd County,VA,15532,063,True
Barbour County,WV,15527,001,True
Union County,FL,15524,125,True
Gooding County,ID,15520,047,True
Brown County,IN,15513,013,True
Marshall County,OK,15494,095,True
Vermillion County,IN,15488,165,True
"Williamsburg city, Virginia County",VA,15486,830,True
Clark County,IL,15467,023,True
Washington County,AL,15434,129,True
Redwood County,MN,15428,127,True
Moniteau County,MO,15401,135,True
"West Feliciana Parish, Louisiana County",LA,15358,125,True
Grayson County,VA,15356,077,True
Tipton County,IN,15328,159,True
Lawrence County,IL,15302,101,True
Roseau County,MN,15294,135,True
Kingfisher County,OK,15290,073,True
Page County,IA,15225,145,True
Torrance County,NM,15203,057,True
Macon County,MO,15173,121,True
Alleghany County,VA,15159,005,True
Cleburne County,AL,15144,029,True
Pecos County,TX,15114,371,True
Fleming County,KY,15111,069,True
"Jackson Parish, Louisiana County",LA,15093,049,True
Missaukee County,MI,15089,113,True
Arenac County,MI,15031,011,True
Jackson County,TX,15010,239,True
Gulf County,FL,15002,045,True
Mitchell County,NC,14989,121,True
Hamilton County,IA,14979,079,True
Oglethorpe County,GA,14974,221,True
Clay County,SD,14953,027,True
Sibley County,MN,14950,143,True
Larue County,KY,14902,123,True
Clarke County,VA,14882,043,True
Jasper County,GA,14882,159,True
Bledsoe County,TN,14816,007,True
Karnes County,TX,14805,255,True
Gasconade County,MO,14801,073,True
Jeff Davis County,GA,14791,161,True
Pike County,IL,14776,149,True
Nelson County,VA,14773,125,True
"LaSalle Parish, Louisiana County",LA,14764,059,True
Hale County,AL,14742,065,True
Kossuth County,IA,14718,109,True
Renville County,MN,14707,129,True
Nolan County,TX,14657,353,True
Pendleton County,KY,14638,191,True
Harrison County,IA,14623,085,True
Carbon County,WY,14609,007,True
Mills County,IA,14605,129,True
Gogebic County,MI,14597,053,True
"Falls Church city, Virginia County",VA,14576,610,True
Fulton County,PA,14545,057,True
Clay County,AR,14537,021,True
Moultrie County,IL,14531,139,True
Harrison County,OH,14528,067,True
San Juan County,UT,14524,037,True
Dent County,MO,14509,065,True
Cannon County,TN,14481,015,True
Jefferson County,FL,14458,065,True
Wetzel County,WV,14431,103,True
Las Animas County,CO,14422,071,True
Bourbon County,KS,14405,011,True
Livingston County,MO,14402,117,True
Butler County,IA,14376,023,True
Franklin County,ID,14376,041,True
Cedar County,MO,14314,039,True
Smith County,MS,14310,129,True
Choctaw County,OK,14285,023,True
Knott County,KY,14282,119,True
Saline County,NE,14275,151,True
Hardy County,WV,14249,031,True
Noble County,OH,14216,121,True
York County,NE,14212,185,True
Clay County,AL,14209,027,True
"Claiborne Parish, Louisiana County",LA,14203,027,True
Rusk County,WI,14179,107,True
Trigg County,KY,14154,221,True
Calhoun County,SC,14145,017,True
Craig County,OK,14144,035,True
Estill County,KY,14138,065,True
O'Brien County,IA,14138,141,True
Massac County,IL,14135,127,True
Swain County,NC,14130,173,True
Atoka County,OK,14117,005,True
Wadena County,MN,14108,159,True
Dickenson County,VA,14089,051,True
McKenzie County,ND,14081,053,True
Price County,WI,14066,099,True
Nantucket County,MA,14065,019,True
Allamakee County,IA,14046,005,True
Roane County,WV,14027,087,True
Screven County,GA,14026,251,True
Reeves County,TX,14022,389,True
Pennington County,MN,13995,113,True
Crockett County,TN,13955,033,True
Faribault County,MN,13931,043,True
"Ketchikan Gateway Borough, Alaska County",AK,13910,130,True
Zapata County,TX,13896,505,True
Walthall County,MS,13888,147,True
Lamar County,AL,13885,075,True
Callahan County,TX,13869,059,True
Morgan County,OH,13851,115,True
Morgan County,KY,13840,175,True
Murray County,OK,13837,099,True
Chowan County,NC,13835,041,True
White County,IL,13834,193,True
Newton County,IN,13829,111,True
Madison County,VA,13828,113,True
Washington County,IL,13781,189,True
Glacier County,MT,13781,035,True
Calhoun County,FL,13753,013,True
Izard County,AR,13748,065,True
Trinity County,TX,13735,455,True
Converse County,WY,13729,009,True
Stewart County,TN,13724,161,True
Oglala Lakota County,SD,13695,102,True
Greene County,MS,13672,041,True
"Winn Parish, Louisiana County",LA,13665,127,True
Comanche County,TX,13651,093,True
Breathitt County,KY,13580,025,True
Pend Oreille County,WA,13570,051,True
Madison County,TX,13556,313,True
Grundy County,TN,13550,061,True
"Martinsville city, Virginia County",VA,13539,690,True
Fremont County,ID,13519,043,True
Archuleta County,CO,13509,007,True
Union County,KY,13495,225,True
Hamilton County,FL,13492,047,True
Ford County,IL,13484,053,True
Hughes County,OK,13409,063,True
Monroe County,OH,13401,111,True
Shoshone County,ID,13399,079,True
Osage County,MO,13374,151,True
Buffalo County,WI,13329,011,True
Johnson County,IL,13313,087,True
Bamberg County,SC,13311,009,True
Amelia County,VA,13309,007,True
Jackson County,KS,13274,085,True
Clay County,IL,13248,025,True
Moffat County,CO,13232,081,True
Mono County,CA,13219,051,True
Crenshaw County,AL,13205,041,True
Crawford County,MI,13197,039,True
Calhoun County,MS,13193,013,True
Cass County,IA,13116,029,True
Big Horn County,MT,13090,003,True
Powell County,KY,13089,197,True
Presque Isle County,MI,13083,141,True
Mason County,IL,13074,125,True
"Kodiak Island Borough, Alaska County",AK,13065,150,True
Lewis County,KY,13063,135,True
Perquimans County,NC,13053,143,True
Millard County,UT,13027,027,True
Lamb County,TX,13024,279,True
Lincoln County,AR,13016,079,True
Jackson County,KY,13002,109,True
"Bienville Parish, Louisiana County",LA,12958,013,True
Cass County,IL,12955,017,True
Webster County,KY,12951,233,True
Wright County,IA,12897,197,True
Meigs County,TN,12839,121,True
Wilbarger County,TX,12795,487,True
Vinton County,OH,12790,163,True
Howard County,AR,12779,061,True
Bath County,KY,12739,011,True
Amite County,MS,12683,005,True
Choctaw County,AL,12669,023,True
Madison County,MO,12649,123,True
Lewis County,TN,12637,101,True
Caldwell County,KY,12635,033,True
Tallahatchie County,MS,12621,135,True
Telfair County,GA,12619,271,True
Sanders County,MT,12615,089,True
Goshen County,WY,12592,015,True
Allen County,KS,12554,001,True
Charlton County,GA,12547,049,True
Towns County,GA,12546,281,True
Camp County,TX,12543,063,True
Braxton County,WV,12505,007,True
Yalobusha County,MS,12499,161,True
Pulaski County,IN,12498,131,True
"Poquoson city, Virginia County",VA,12479,735,True
Chippewa County,MN,12466,023,True
Monroe County,WV,12438,063,True
Bleckley County,GA,12413,023,True
Stone County,AR,12393,137,True
Colfax County,NM,12370,007,True
Morgan County,UT,12367,029,True
Butler County,KY,12365,031,True
Grundy County,IA,12351,075,True
Dawson County,TX,12342,115,True
Boundary County,ID,12335,021,True
Newton County,TX,12333,351,True
Pamlico County,NC,12317,137,True
Mississippi County,MO,12305,133,True
Rolette County,ND,12292,079,True
Lake County,MI,12285,085,True
Menard County,IL,12284,129,True
Todd County,KY,12281,219,True
Appanoose County,IA,12279,007,True
Franklin County,FL,12276,037,True
Jefferson County,MT,12273,043,True
Rains County,TX,12257,379,True
Pike County,IN,12227,125,True
Sumter County,AL,12196,119,True
Fulton County,AR,12183,049,True
Glades County,FL,12179,043,True
Edmonson County,KY,12179,061,True
Crawford County,GA,12156,079,True
Morrow County,OR,12140,049,True
Northampton County,VA,12132,131,True
Skamania County,WA,12118,059,True
Union County,IA,12107,175,True
Macon County,GA,12099,193,True
Blackford County,IN,12074,009,True
Koochiching County,MN,12072,071,True
Owyhee County,ID,12043,073,True
Washington County,KY,12025,229,True
Little River County,AR,12024,081,True
Lyon County,IA,12023,119,True
Greene County,IL,12015,061,True
Northumberland County,VA,12007,133,True
Morris County,TX,11993,343,True
Lunenburg County,VA,11988,111,True
Summers County,WV,11985,089,True
Prowers County,CO,11968,099,True
Chickasaw County,IA,11957,037,True
Custer County,MT,11957,017,True
Juab County,UT,11943,023,True
Lawrence County,MS,11933,077,True
Linn County,MO,11892,115,True
Marion County,KS,11867,115,True
DeKalb County,MO,11838,063,True
Valley County,ID,11830,085,True
Terry County,TX,11816,445,True
Teton County,ID,11813,081,True
Douglas County,MO,11803,067,True
Marshall County,IL,11740,123,True
Shelby County,IA,11737,165,True
Jackson County,TN,11730,087,True
Big Horn County,WY,11690,003,True
Barton County,MO,11683,011,True
Haskell County,OK,11651,061,True
Magoffin County,KY,11647,153,True
Red River County,TX,11627,387,True
Ramsey County,ND,11613,071,True
Blanco County,TX,11608,031,True
Cherokee County,IA,11601,035,True
Trousdale County,TN,11596,169,True
Iron County,MI,11585,071,True
Conecuh County,AL,11576,035,True
Charlotte County,VA,11563,037,True
Perry County,MS,11511,111,True
Sierra County,NM,11506,051,True
Fergus County,MT,11496,027,True
Heard County,GA,11489,149,True
Decatur County,TN,11483,039,True
Cottonwood County,MN,11481,033,True
Rio Grande County,CO,11442,105,True
Montgomery County,MO,11421,139,True
Live Oak County,TX,11374,297,True
Greensville County,VA,11373,081,True
Richland County,MT,11366,083,True
Okfuskee County,OK,11349,107,True
Ward County,TX,11347,475,True
Monroe County,KY,11331,171,True
Wabash County,IL,11321,185,True
Pope County,MN,11312,121,True
Martin County,KY,11298,159,True
Jefferson Davis County,MS,11291,065,True
Desha County,AR,11285,041,True
Dooly County,GA,11236,093,True
Owen County,KY,11229,187,True
Lake County,SD,11207,079,True
Watonwan County,MN,11205,165,True
Green County,KY,11198,087,True
Clay County,NC,11186,043,True
McIntosh County,GA,11183,191,True
Bacon County,GA,11138,005,True
Wayne County,MO,11081,223,True
Washington County,NC,11051,187,True
Lincoln County,WA,11036,043,True
Grant County,WV,11034,023,True
Alleghany County,NC,10989,005,True
Noble County,OK,10981,103,True
Candler County,GA,10946,043,True
Washita County,OK,10930,149,True
"North Slope Borough, Alaska County",AK,10924,185,True
Lake County,MN,10915,075,True
"St. Helena Parish, Louisiana County",LA,10872,091,True
Sussex County,VA,10866,183,True
Lancaster County,VA,10866,103,True
Pushmataha County,OK,10845,127,True
Mackinac County,MI,10843,097,True
Carroll County,KY,10842,041,True
Ripley County,MO,10839,181,True
Barnes County,ND,10826,003,True
Louisa County,IA,10823,115,True
Roosevelt County,MT,10799,085,True
Hancock County,IA,10790,081,True
Box Butte County,NE,10778,013,True
Evans County,GA,10759,109,True
Early County,GA,10753,099,True
Middlesex County,VA,10738,119,True
Winnebago County,IA,10704,189,True
Red Willow County,NE,10690,145,True
Bollinger County,MO,10658,017,True
Carbon County,MT,10645,009,True
Guthrie County,IA,10619,077,True
Washington County,ID,10612,087,True
Essex County,VA,10602,057,True
Custer County,NE,10566,041,True
Colfax County,NE,10563,037,True
Walsh County,ND,10553,099,True
Camden County,NC,10547,029,True
Mitchell County,IA,10537,131,True
Crawford County,IN,10511,025,True
Gates County,NC,10509,073,True
Leslie County,KY,10468,131,True
Bradley County,AR,10461,011,True
Cumberland County,IL,10447,035,True
Franklin County,TX,10445,159,True
Wilcox County,AL,10441,131,True
Johnston County,OK,10410,069,True
Butte County,SD,10369,019,True
Ralls County,MO,10356,173,True
Coosa County,AL,10329,037,True
Bullock County,AL,10328,011,True
Metcalfe County,KY,10313,169,True
Clay County,TX,10290,077,True
Montgomery County,IA,10285,137,True
Noxubee County,MS,10261,103,True
Roberts County,SD,10242,109,True
Alcona County,MI,10238,001,True
Chicot County,AR,10234,017,True
Nemaha County,KS,10219,131,True
Pike County,AR,10205,109,True
Love County,OK,10158,085,True
Lowndes County,AL,10153,085,True
Holt County,NE,10149,089,True
Howard County,MO,10142,089,True
Perry County,AR,10055,105,True
"Madison Parish, Louisiana County",LA,10028,065,True
Keokuk County,IA,10026,107,True
"Nome Census Area, Alaska County",AK,10018,180,True
Franklin County,IA,10015,069,True
Marshall County,KS,10014,117,True
Jackson County,MN,9990,063,True
Lewis County,MO,9987,111,True
Sabine County,TX,9980,403,True
Lanier County,GA,9964,173,True
Duval County,TX,9960,131,True
Webster County,MS,9942,155,True
Yuma County,CO,9938,125,True
Carroll County,MS,9930,015,True
Ochiltree County,TX,9924,357,True
Emery County,UT,9898,015,True
Switzerland County,IN,9896,155,True
Calhoun County,IA,9893,025,True
Pulaski County,GA,9887,235,True
Grundy County,MO,9878,079,True
Scott County,AR,9871,127,True
Martin County,IN,9863,101,True
Runnels County,TX,9858,399,True
Parmer County,TX,9809,369,True
Swift County,MN,9806,151,True
Montgomery County,MS,9803,097,True
"West Carroll Parish, Louisiana County",LA,9800,123,True
Tunica County,MS,9787,143,True
McLean County,ND,9781,055,True
Sac County,IA,9778,161,True
Clarke County,IA,9737,039,True
Benewah County,ID,9731,009,True
Wayne County,NE,9701,179,True
Zavala County,TX,9700,507,True
Cumberland County,VA,9697,049,True
Linn County,KS,9696,107,True
Stevens County,MN,9682,149,True
Grand County,UT,9680,019,True
Marion County,TX,9668,315,True
Rock County,MN,9659,133,True
"Caldwell Parish, Louisiana County",LA,9658,021,True
Mountrail County,ND,9648,061,True
McCormick County,SC,9612,065,True
Wilkes County,GA,9610,317,True
Humboldt County,IA,9606,091,True
Yellow Medicine County,MN,9569,173,True
Iron County,MO,9538,093,True
Latimer County,OK,9537,077,True
Cheyenne County,NE,9489,033,True
Irwin County,GA,9487,155,True
Brown County,KS,9486,013,True
Greenlee County,AZ,9483,011,True
Howard County,IA,9479,089,True
Beaverhead County,MT,9469,001,True
Nowata County,OK,9460,105,True
Brewster County,TX,9454,043,True
Rice County,KS,9441,159,True
Deer Lodge County,MT,9435,023,True
Clear Creek County,CO,9403,019,True
Chattahoochee County,GA,9402,053,True
Hamilton County,NE,9400,081,True
Pipestone County,MN,9380,117,True
Todd County,SD,9353,121,True
Emmet County,IA,9349,063,True
Somervell County,TX,9337,425,True
St. Clair County,MO,9330,185,True
Charles Mix County,SD,9302,023,True
Jasper County,IL,9295,079,True
Clinton County,KY,9295,053,True
Jones County,NC,9263,103,True
Montmorency County,MI,9261,119,True
Stephens County,TX,9260,429,True
Forest County,WI,9239,041,True
Johnson County,GA,9225,167,True
Pratt County,KS,9175,151,True
McLean County,KY,9173,149,True
Seminole County,GA,9117,253,True
Davis County,IA,9093,051,True
Hancock County,KY,9058,091,True
Claiborne County,MS,9044,021,True
Marshall County,MN,9017,089,True
Cloud County,KS,9008,029,True
Terrell County,GA,9004,273,True
Cuming County,NE,9000,039,True
White Pine County,NV,8997,033,True
Livingston County,KY,8980,139,True
Kemper County,MS,8980,069,True
Crittenden County,KY,8979,055,True
Stillwater County,MT,8978,095,True
Richmond County,VA,8968,159,True
Phelps County,NE,8966,137,True
Mitchell County,TX,8947,335,True
Palo Alto County,IA,8938,147,True
Dawson County,MT,8915,021,True
"Catahoula Parish, Louisiana County",LA,8895,025,True
Turner County,GA,8894,287,True
Caldwell County,MO,8876,025,True
Alger County,MI,8866,003,True
Wilkinson County,GA,8852,319,True
Wilcox County,GA,8839,315,True
Clearwater County,ID,8810,035,True
Greene County,IA,8801,073,True
Sublette County,WY,8801,035,True
Oregon County,MO,8783,149,True
Madison County,MT,8742,057,True
Lyon County,KY,8721,143,True
Gallatin County,KY,8720,077,True
Benton County,IN,8709,007,True
Jenkins County,GA,8704,165,True
Ozark County,MO,8688,153,True
Turner County,SD,8687,125,True
Montgomery County,GA,8687,209,True
Dimmit County,TX,8672,127,True
Monona County,IA,8671,133,True
Monroe County,MO,8668,137,True
Wilson County,KS,8667,205,True
Lucas County,IA,8666,117,True
Lee County,AR,8666,077,True
Woods County,OK,8661,151,True
Blaine County,OK,8661,011,True
Modoc County,CA,8651,049,True
Archer County,TX,8649,009,True
Quay County,NM,8641,037,True
Platte County,WY,8618,031,True
Hancock County,GA,8588,141,True
Jack County,TX,8588,237,True
Montgomery County,AR,8555,097,True
Clearwater County,MN,8541,029,True
Mathews County,VA,8537,115,True
Johnson County,WY,8536,019,True
Wilkinson County,MS,8531,157,True
Custer County,SD,8515,033,True
Carroll County,MO,8513,033,True
Trimble County,KY,8510,223,True
Ritchie County,WV,8507,085,True
Perry County,AL,8479,105,True
"Sitka City and Borough, Alaska County",AK,8462,220,True
Maries County,MO,8454,125,True
Warren County,IN,8454,171,True
Hickory County,MO,8452,085,True
Kiowa County,OK,8446,075,True
Perry County,TN,8432,135,True
Bracken County,KY,8420,023,True
Daviess County,MO,8418,061,True
Knox County,NE,8415,107,True
Cedar County,NE,8375,027,True
Butler County,NE,8373,023,True
"Kusilvak Census Area, Alaska County",AK,8372,158,True
Mercer County,ND,8366,057,True
Webster County,WV,8362,101,True
Tyler County,WV,8336,095,True
Coffey County,KS,8334,031,True
Rosebud County,MT,8310,087,True
Keith County,NE,8303,101,True
Nevada County,AR,8292,099,True
Dawes County,NE,8279,045,True
Atkinson County,GA,8265,003,True
Oscoda County,MI,8264,135,True
Houston County,TN,8253,083,True
Baraga County,MI,8245,013,True
Hamilton County,TX,8244,193,True
Prairie County,AR,8217,117,True
Choctaw County,MS,8208,019,True
Lake County,OR,8201,037,True
"Franklin city, Virginia County",VA,8194,620,True
Harrison County,MO,8190,081,True
Murray County,MN,8170,101,True
Lafayette County,FL,8107,067,True
Clay County,KS,8088,027,True
San Miguel County,CO,8082,113,True
Allendale County,SC,8073,005,True
Schoolcraft County,MI,8062,153,True
Clay County,WV,8049,015,True
Graham County,NC,8047,075,True
Lemhi County,ID,8043,059,True
Hamilton County,IL,8008,065,True
Traill County,ND,8004,097,True
Twiggs County,GA,7955,289,True
Pocahontas County,WV,7940,075,True
San Augustine County,TX,7920,405,True
Power County,ID,7918,077,True
Thomas County,KS,7907,193,True
Searcy County,AR,7880,129,True
Richardson County,NE,7850,147,True
Doddridge County,WV,7847,017,True
Kane County,UT,7814,025,True
Boise County,ID,7809,015,True
Coleman County,TX,7808,083,True
Taylor County,GA,7799,269,True
Anderson County,KS,7799,003,True
Humphreys County,MS,7744,053,True
Ballard County,KY,7742,007,True
Lincoln County,GA,7726,181,True
Washakie County,WY,7725,043,True
Greene County,AL,7706,063,True
Liberty County,FL,7704,077,True
Franklin County,MS,7690,037,True
Decatur County,IA,7684,053,True
"Northwest Arctic Borough, Alaska County",AK,7682,188,True
Major County,OK,7678,093,True
Merrick County,NE,7675,121,True
McCulloch County,TX,7638,307,True
Benton County,MS,7637,009,True
"Red River Parish, Louisiana County",LA,7631,081,True
Yoakum County,TX,7630,501,True
Pleasants County,WV,7622,073,True
Nicholas County,KY,7613,181,True
Dade County,MO,7598,057,True
Clay County,TN,7592,027,True
Winkler County,TX,7582,495,True
Monroe County,IA,7574,135,True
Conejos County,CO,7553,021,True
Valley County,MT,7552,105,True
Wheeler County,GA,7550,309,True
Cleveland County,AR,7548,025,True
Grant County,SD,7533,051,True
Marion County,GA,7508,197,True
Doniphan County,KS,7501,043,True
Harney County,OR,7496,025,True
Adair County,IA,7479,001,True
Gilmer County,WV,7444,021,True
Wallowa County,OR,7439,063,True
Rappahannock County,VA,7422,157,True
Worth County,IA,7417,195,True
Chariton County,MO,7417,041,True
Lake County,CO,7403,065,True
Hutchinson County,SD,7401,067,True
Castro County,TX,7381,069,True
Elliott County,KY,7378,063,True
"East Carroll Parish, Louisiana County",LA,7371,035,True
Kingman County,KS,7369,095,True
Pepin County,WI,7363,091,True
"Lexington city, Virginia County",VA,7346,678,True
Lee County,KY,7338,129,True
Grant County,KS,7336,067,True
Grand Isle County,VT,7335,013,True
Pierce County,NE,7301,139,True
Ferry County,WA,7260,019,True
Crook County,WY,7258,011,True
Newton County,AR,7243,101,True
Grant County,OR,7237,023,True
Van Buren County,IA,7207,177,True
Jefferson County,MS,7207,063,True
Jefferson County,NE,7185,095,True
Dallam County,TX,7165,111,True
Shannon County,MO,7132,203,True
Beaver County,UT,7102,001,True
Goliad County,TX,7092,175,True
Fall River County,SD,7079,047,True
Pocahontas County,IA,7061,151,True
Brooks County,TX,7059,047,True
Caribou County,ID,7058,029,True
Union County,IN,7041,161,True
Kit Carson County,CO,7039,063,True
Blaine County,MT,7030,005,True
Nemaha County,NE,7019,127,True
Bon Homme County,SD,7018,009,True
Tillman County,OK,7013,141,True
"Chugach Census Area, Alaska County",AK,7000,063,True
Powell County,MT,6998,077,True
Swisher County,TX,6989,437,True
Broadwater County,MT,6977,007,True
Ida County,IA,6969,093,True
La Salle County,TX,6965,283,True
Forest County,PA,6959,053,True
Wabaunsee County,KS,6922,197,True
Bailey County,TX,6902,017,True
Lake County,TN,6898,095,True
Huerfano County,CO,6896,055,True
"Southeast Fairbanks Census Area, Alaska County",AK,6888,240,True
Schuyler County,IL,6879,169,True
Weston County,WY,6870,045,True
Pembina County,ND,6853,067,True
Monroe County,AR,6787,095,True
Childress County,TX,6781,075,True
Charles City County,VA,6760,036,True
Tucker County,WV,6747,093,True
Lac qui Parle County,MN,6736,073,True
Hancock County,TN,6726,067,True
Refugio County,TX,6718,391,True
Burt County,NE,6717,021,True
Thurston County,NE,6716,173,True
Clinch County,GA,6713,065,True
Russell County,KS,6702,167,True
Clark County,MO,6693,045,True
"Galax city, Virginia County",VA,6687,640,True
King and Queen County,VA,6681,097,True
Kearney County,NE,6655,099,True
"Buena Vista city, Virginia County",VA,6639,530,True
Fremont County,IA,6639,071,True
Pershing County,NV,6587,027,True
Wolfe County,KY,6573,237,True
Moore County,TN,6558,127,True
Surry County,VA,6546,181,True
Rio Blanco County,CO,6511,103,True
Wayne County,IA,6484,185,True
Fulton County,KY,6480,075,True
Howard County,NE,6476,093,True
Dallas County,AR,6472,039,True
Norman County,MN,6457,107,True
Wilkin County,MN,6454,167,True
Saguache County,CO,6454,109,True
Bear Lake County,ID,6436,007,True
Treutlen County,GA,6411,283,True
Bottineau County,ND,6411,009,True
Ellsworth County,KS,6374,053,True
Henderson County,IL,6374,071,True
Randolph County,GA,6365,243,True
Spink County,SD,6355,115,True
Moody County,SD,6346,101,True
Brown County,IL,6334,009,True
Antelope County,NE,6302,003,True
Pawnee County,KS,6288,145,True
Calhoun County,WV,6279,013,True
Lafayette County,AR,6277,073,True
Woodruff County,AR,6259,147,True
Bland County,VA,6241,021,True
Teton County,MT,6238,099,True
Gentry County,MO,6219,075,True
Hamlin County,SD,6196,057,True
Edwards County,IL,6182,047,True
Van Buren County,TN,6182,175,True
Menifee County,KY,6174,165,True
Presidio County,TX,6168,377,True
Pendleton County,WV,6156,071,True
Osceola County,IA,6149,143,True
Iron County,WI,6136,051,True
Quitman County,MS,6113,119,True
Reynolds County,MO,6102,179,True
Grant County,MN,6091,051,True
Clay County,NE,6088,035,True
Shelby County,MO,6049,205,True
Greenwood County,KS,6001,073,True
Pondera County,MT,5987,073,True
Sullivan County,MO,5983,211,True
Essex County,VT,5976,009,True
Cumberland County,KY,5974,057,True
Ohio County,IN,5974,115,True
Benson County,ND,5960,005,True
Sherman County,KS,5940,181,True
Miller County,GA,5923,201,True
Taylor County,IA,5916,173,True
Chouteau County,MT,5897,015,True
Sullivan County,PA,5880,113,True
Ontonagon County,MI,5862,131,True
Gilpin County,CO,5856,047,True
Mitchell County,KS,5829,123,True
Stanton County,NE,5828,167,True
Carson County,TX,5801,065,True
"Prince of Wales-Hyder Census Area, Alaska County",AK,5799,198,True
Talbot County,GA,5793,263,True
Crowley County,CO,5782,025,True
San Saba County,TX,5779,411,True
Ottawa County,KS,5768,143,True
Garza County,TX,5735,169,True
Lander County,NV,5728,015,True
"Covington city, Virginia County",VA,5722,580,True
Gray County,KS,5719,069,True
McCook County,SD,5714,087,True
Alfalfa County,OK,5683,003,True
"Emporia city, Virginia County",VA,5680,595,True
Ransom County,ND,5663,073,True
Audubon County,IA,5651,009,True
Lincoln County,MN,5630,081,True
Putnam County,IL,5628,155,True
Lynn County,TX,5619,305,True
Cook County,MN,5611,031,True
Tripp County,SD,5607,123,True
Calhoun County,GA,5594,037,True
Lincoln County,CO,5583,073,True
Dixon County,NE,5579,051,True
Bent County,CO,5561,011,True
Fillmore County,NE,5557,059,True
Cotton County,OK,5537,033,True
Greer County,OK,5531,055,True
Washington County,KS,5529,201,True
Day County,SD,5485,037,True
Cherry County,NE,5473,031,True
Harper County,KS,5457,077,True
"Cameron Parish, Louisiana County",LA,5447,023,True
Luce County,MI,5442,095,True
Norton County,KS,5431,137,True
Jefferson County,OK,5420,067,True
Haskell County,TX,5408,207,True
Boone County,NE,5397,011,True
Stark County,IL,5395,175,True
Mahnomen County,MN,5389,087,True
Floyd County,TX,5386,153,True
Morris County,KS,5385,127,True
Hartley County,TX,5369,205,True
"Yukon-Koyukuk Census Area, Alaska County",AK,5355,290,True
McHenry County,ND,5326,049,True
Walworth County,SD,5317,129,True
Carter County,MO,5299,035,True
Johnson County,NE,5294,097,True
Coal County,OK,5287,029,True
Delta County,TX,5278,119,True
Dewey County,SD,5275,041,True
Stevens County,KS,5275,189,True
Hansford County,TX,5270,195,True
Atchison County,MO,5270,005,True
Alexander County,IL,5261,003,True
Brule County,SD,5247,015,True
Martin County,TX,5228,317,True
"Aleutians West Census Area, Alaska County",AK,5219,016,True
Lincoln County,ID,5203,063,True
Wirt County,WV,5202,105,True
Warren County,GA,5197,301,True
Polk County,NE,5182,143,True
Pulaski County,IL,5177,153,True
Kingsbury County,SD,5172,077,True
Big Stone County,MN,5161,011,True
Crosby County,TX,5157,107,True
Scott County,KS,5128,171,True
Stewart County,GA,5121,259,True
Garfield County,UT,5121,017,True
Sheridan County,NE,5102,161,True
Hamilton County,NY,5090,041,True
Beaver County,OK,5071,007,True
Pickett County,TN,5042,137,True
Toole County,MT,5018,101,True
Thayer County,NE,5006,169,True
Dickey County,ND,5003,021,True
Wheeler County,TX,4980,483,True
Gallatin County,IL,4967,059,True
Phillips County,KS,4960,147,True
Ouray County,CO,4936,091,True
Rooks County,KS,4925,163,True
Musselshell County,MT,4924,065,True
Scott County,IL,4899,171,True
Craig County,VA,4898,045,True
Custer County,CO,4885,027,True
"Dillingham Census Area, Alaska County",AK,4854,070,True
Jim Hogg County,TX,4830,247,True
Washington County,CO,4817,121,True
Carlisle County,KY,4782,039,True
Calhoun County,AR,4773,013,True
Scotland County,MO,4720,199,True
Putnam County,MO,4698,171,True
Ringgold County,IA,4690,159,True
Republic County,KS,4686,157,True
Mineral County,MT,4652,061,True
Hyde County,NC,4636,095,True
Crane County,TX,4636,103,True
Furnas County,NE,4630,065,True
Hot Springs County,WY,4616,017,True
Florence County,WI,4574,037,True
Oneida County,ID,4572,071,True
Mineral County,NV,4568,021,True
Schley County,GA,4565,249,True
Morrill County,NE,4562,123,True
Cameron County,PA,4536,023,True
Lincoln County,NV,4507,017,True
Dewey County,OK,4504,043,True
Mills County,TX,4501,333,True
Phillips County,CO,4493,095,True
Hickman County,KY,4491,105,True
Wahkiakum County,WA,4476,069,True
Calhoun County,IL,4472,013,True
Adams County,ID,4464,003,True
Guadalupe County,NM,4413,019,True
Marshall County,SD,4363,091,True
Custer County,ID,4344,037,True
Kimble County,TX,4316,267,True
Deuel County,SD,4298,039,True
Menominee County,WI,4279,078,True
Holt County,MO,4274,087,True
Phillips County,MT,4233,071,True
Mora County,NM,4208,033,True
Kittson County,MN,4191,069,True
Bath County,VA,4177,017,True
Hidalgo County,NM,4160,023,True
Grant County,OK,4152,053,True
LaMoure County,ND,4135,045,True
"Tensas Parish, Louisiana County",LA,4127,107,True
Storey County,NV,4095,029,True
Nuckolls County,NE,4092,129,True
Barber County,KS,4081,007,True
Union County,NM,4074,059,True
Schuyler County,MO,4066,197,True
Owsley County,KY,4054,189,True
Stafford County,KS,4054,185,True
Valley County,NE,4053,175,True
Dunn County,ND,4049,025,True
Meade County,KS,4019,119,True
Edmunds County,SD,4014,045,True
Pierce County,ND,3999,069,True
Wells County,ND,3990,103,True
Gregory County,SD,3983,053,True
Columbia County,WA,3980,013,True
Kearny County,KS,3964,093,True
Mason County,TX,3959,319,True
Red Lake County,MN,3912,125,True
Sharkey County,MS,3910,125,True
Corson County,SD,3906,031,True
Sioux County,ND,3896,085,True
Clark County,SD,3837,025,True
Sargent County,ND,3828,081,True
Pope County,IL,3799,151,True
Lake of the Woods County,MN,3786,077,True
Knox County,MO,3772,103,True
Ellis County,OK,3755,045,True
Haskell County,KS,3735,081,True
Lyman County,SD,3719,085,True
Echols County,GA,3707,101,True
Chase County,NE,3704,029,True
Sheridan County,MT,3700,091,True
Sweet Grass County,MT,3697,097,True
Cavalier County,ND,3691,019,True
Fisher County,TX,3680,151,True
Adams County,IA,3680,003,True
"Norton city, Virginia County",VA,3668,720,True
Hardin County,IL,3665,069,True
Catron County,NM,3635,003,True
Lewis County,ID,3630,061,True
Smith County,KS,3561,183,True
Hardeman County,TX,3541,197,True
Costilla County,CO,3534,023,True
Mercer County,MO,3517,129,True
Baca County,CO,3496,009,True
Osborne County,KS,3493,141,True
Baylor County,TX,3475,023,True
Hanson County,SD,3443,061,True
Roger Mills County,OK,3423,129,True
Webster County,NE,3410,181,True
"Aleutians East Borough, Alaska County",AK,3407,013,True
Kimball County,NE,3395,105,True
Bennett County,SD,3391,007,True
Tyrrell County,NC,3389,177,True
Chautauqua County,KS,3389,019,True
Foster County,ND,3388,031,True
"Petersburg Borough, Alaska County",AK,3374,195,True
Hemphill County,TX,3371,211,True
Granite County,MT,3368,039,True
Nance County,NE,3366,125,True
Traverse County,MN,3345,155,True
Sutton County,TX,3345,435,True
Knox County,TX,3333,275,True
Hudspeth County,TX,3329,229,True
Reagan County,TX,3308,383,True
Coke County,TX,3305,081,True
Donley County,TX,3298,129,True
Emmons County,ND,3297,029,True
Upton County,TX,3284,461,True
Harper County,OK,3272,059,True
Concho County,TX,3235,095,True
Kinney County,TX,3157,271,True
Shackelford County,TX,3134,417,True
Woodson County,KS,3134,207,True
Harlan County,NE,3094,083,True
Hand County,SD,3075,059,True
Lipscomb County,TX,3038,295,True
Nelson County,ND,3025,063,True
Stanley County,SD,2979,117,True
Bowman County,ND,2975,011,True
Perkins County,SD,2970,105,True
Sherman County,NE,2970,163,True
Crockett County,TX,2949,105,True
Fallon County,MT,2941,025,True
Rush County,KS,2939,165,True
Lincoln County,KS,2929,105,True
Jewell County,KS,2929,089,True
Sierra County,CA,2916,091,True
Glascock County,GA,2903,125,True
Franklin County,NE,2901,061,True
Baker County,GA,2878,007,True
Collingsworth County,TX,2865,087,True
Perkins County,NE,2860,135,True
Clay County,GA,2855,061,True
Edwards County,KS,2849,047,True
Hall County,TX,2847,191,True
Jackson County,SD,2838,071,True
Real County,TX,2830,385,True
Douglas County,SD,2823,043,True
Trego County,KS,2798,195,True
Decatur County,KS,2771,039,True
Gove County,KS,2758,063,True
Logan County,KS,2752,109,True
Brown County,NE,2691,017,True
Morton County,KS,2688,129,True
Ness County,KS,2677,135,True
Hitchcock County,NE,2620,087,True
Cheyenne County,KS,2619,023,True
"Copper River Census Area, Alaska County",AK,2614,066,True
Butte County,ID,2605,023,True
Aurora County,SD,2590,003,True
Potter County,SD,2587,107,True
Chase County,KS,2570,017,True
Pawnee County,NE,2553,133,True
Rawlins County,KS,2544,153,True
Rich County,UT,2543,033,True
Wayne County,UT,2532,055,True
McIntosh County,ND,2529,051,True
Cochran County,TX,2529,079,True
Hamilton County,KS,2520,075,True
Harmon County,OK,2499,057,True
Frontier County,NE,2491,063,True
Hettinger County,ND,2477,041,True
Schleicher County,TX,2474,413,True
Niobrara County,WY,2460,027,True
Ziebach County,SD,2455,137,True
Elk County,KS,2453,049,True
Sheridan County,KS,2450,179,True
Kiowa County,KS,2445,097,True
Graham County,KS,2430,065,True
Sherman County,TX,2414,421,True
Kidder County,ND,2391,043,True
Sedgwick County,CO,2391,115,True
Sanborn County,SD,2373,111,True
Webster County,GA,2354,307,True
Eddy County,ND,2345,027,True
Dolores County,CO,2329,033,True
"Hoonah-Angoon Census Area, Alaska County",AK,2329,105,True
Grant County,ND,2320,037,True
Miner County,SD,2312,097,True
Garfield County,WA,2310,023,True
Griggs County,ND,2309,039,True
Renville County,ND,2282,075,True
Cimarron County,OK,2272,025,True
McPherson County,SD,2251,089,True
Highland County,VA,2247,091,True
Greeley County,NE,2212,077,True
Robertson County,KY,2207,201,True
Divide County,ND,2195,023,True
Adams County,ND,2190,001,True
Burke County,ND,2184,013,True
Culberson County,TX,2181,109,True
Quitman County,GA,2180,239,True
Oldham County,TX,2171,359,True
Towner County,ND,2152,095,True
Faulk County,SD,2140,049,True
"Wrangell City and Borough, Alaska County",AK,2134,275,True
Wichita County,KS,2131,203,True
"Denali Borough, Alaska County",AK,2101,068,True
Keweenaw County,MI,2088,083,True
"Haines Borough, Alaska County",AK,2079,100,True
Stanton County,KS,2060,187,True
Wheatland County,MT,2060,107,True
Judith Basin County,MT,2039,045,True
Liberty County,MT,1993,051,True
Jeff Davis County,TX,1992,243,True
Mellette County,SD,1989,095,True
Gilliam County,OR,1983,021,True
Worth County,MO,1982,227,True
Clark County,KS,1977,025,True
Menard County,TX,1964,327,True
Meagher County,MT,1948,059,True
Armstrong County,TX,1912,011,True
Sherman County,OR,1900,055,True
Gosper County,NE,1873,073,True
Buffalo County,SD,1859,017,True
Deuel County,NE,1858,049,True
Logan County,ND,1849,047,True
Jerauld County,SD,1836,073,True
Garfield County,NE,1833,071,True
Oliver County,ND,1832,065,True
Comanche County,KS,1825,033,True
Dundy County,NE,1825,057,True
Garden County,NE,1778,069,True
Steele County,ND,1774,091,True
Powder River County,MT,1773,075,True
Hodgeman County,KS,1770,083,True
Boyd County,NE,1767,015,True
Piute County,UT,1764,031,True
Haakon County,SD,1755,055,True
McCone County,MT,1746,055,True
Golden Valley County,ND,1734,033,True
Cheyenne County,CO,1726,017,True
De Baca County,NM,1695,011,True
Cottle County,TX,1647,101,True
Taliaferro County,GA,1635,265,True
Eureka County,NV,1622,011,True
Dickens County,TX,1570,125,True
Irion County,TX,1561,235,True
Daniels County,MT,1535,019,True
Campbell County,SD,1534,021,True
Lane County,KS,1528,101,True
Alpine County,CA,1515,003,True
Wallace County,KS,1489,199,True
Jackson County,CO,1440,057,True
Throckmorton County,TX,1439,447,True
Wheeler County,OR,1407,069,True
Sterling County,TX,1392,431,True
Edwards County,TX,1380,137,True
Kiowa County,CO,1347,061,True
Sheridan County,ND,1338,083,True
Carter County,MT,1332,011,True
Stonewall County,TX,1331,433,True
Hyde County,SD,1319,069,True
Sully County,SD,1318,119,True
Rock County,NE,1312,149,True
"Skagway Municipality, Alaska County",AK,1303,230,True
Briscoe County,TX,1290,045,True
Prairie County,MT,1283,079,True
Greeley County,KS,1279,071,True
Motley County,TX,1223,345,True
Issaquena County,MS,1206,055,True
Harding County,SD,1176,063,True
Sioux County,NE,1162,165,True
Camas County,ID,1133,025,True
Wibaux County,MT,1119,109,True
Foard County,TX,1075,155,True
Glasscock County,TX,1068,173,True
Jones County,SD,1006,075,True
"Lake and Peninsula Borough, Alaska County",AK,999,164,True
Keya Paha County,NE,987,103,True
Esmeralda County,NV,980,009,True
Garfield County,MT,976,033,True
Hayes County,NE,919,085,True
Hinsdale County,CO,911,053,True
Terrell County,TX,862,443,True
"Bristol Bay Borough, Alaska County",AK,854,060,True
Golden Valley County,MT,841,037,True
Logan County,NE,839,113,True
Billings County,ND,839,007,True
Slope County,ND,837,087,True
Mineral County,CO,794,079,True
Wheeler County,NE,771,183,True
Roberts County,TX,764,393,True
Clark County,ID,756,033,True
San Juan County,CO,690,111,True
Borden County,TX,686,033,True
Treasure County,MT,680,103,True
Harding County,NM,671,021,True
Banner County,NE,670,007,True
McMullen County,TX,670,311,True
Hooker County,NE,659,091,True
Grant County,NE,649,075,True
Daggett County,UT,638,009,True
Kent County,TX,635,263,True
Loup County,NE,629,115,True
Thomas County,NE,592,171,True
"Yakutat City and Borough, Alaska County",AK,564,282,True
Arthur County,NE,485,005,True
McPherson County,NE,456,117,True
Petroleum County,MT,416,069,True
Blaine County,NE,384,009,True
King County,TX,216,269,True
Kenedy County,TX,116,261,True
Loving County,TX,96,301,True
Kalawao County,HI,50,005,True
