name,state,population,is_county
New York,NY,8622467,False
Los Angeles,CA,3881041,False
Chicago,IL,2721914,False
Houston,TX,2296253,False
Phoenix,AZ,1609456,False
Philadelphia,PA,1593208,False
San Antonio,TX,1445662,False
San Diego,CA,1383987,False
Dallas,TX,1300642,False
San Jose,CA,1001176,False
Austin,TX,958202,False
Jacksonville,FL,950203,False
Fort Worth,TX,924663,False
Columbus,OH,902449,False
Indianapolis city (balance),IN,882006,False
Charlotte,NC,875045,False
San Francisco,CA,851036,False
Seattle,WA,734603,False
Denver,CO,710800,False
Nashville-Davidson metropolitan government (balance),TN,684103,False
Oklahoma City,OK,681088,False
El Paso,TX,677181,False
Washington,DC,670587,False
Boston,MA,665945,False
Portland,OR,646101,False
Las Vegas,NV,644835,False
Detroit,MI,636787,False
Memphis,TN,630027,False
Louisville/Jefferson County metro government (balance),KY,629176,False
Baltimore,MD,584548,False
Milwaukee,WI,573299,False
Albuquerque,NM,562551,False
Fresno,CA,541528,False
Tucson,AZ,541033,False
Sacramento,CA,523600,False
Kansas City,MO,505958,False
Mesa,AZ,503390,False
Atlanta,GA,494838,False
Omaha,NE,489201,False
Colorado Springs,CO,479612,False
Raleigh,NC,465517,False
Long Beach,CA,462293,False
Virginia Beach,VA,457900,False
Miami,FL,443665,False
Oakland,CA,437825,False
Minneapolis,MN,426877,False
Tulsa,OK,411938,False
Bakersfield,CA,404321,False
Wichita,KS,395951,False
Arlington,TX,393469,False
Tampa,FL,388768,False
Aurora,CO,387349,False
New Orleans,LA,380408,False
Cleveland,OH,370365,False
Urban Honolulu,HI,348547,False
Anaheim,CA,347111,False
Lexington-Fayette urban county,KY,321276,False
Stockton,CA,320030,False
Henderson,NV,318063,False
Corpus Christi,TX,317804,False
Riverside,CA,316076,False
Santa Ana,CA,311379,False
Cincinnati,OH,308870,False
St. Paul,MN,308806,False
Orlando,FL,307738,False
Newark,NJ,307355,False
Irvine,CA,304527,False
Pittsburgh,PA,303843,False
St. Louis,MO,298018,False
Greensboro,NC,297202,False
Anchorage,AK,290674,False
Lincoln,NE,290531,False
Jersey City,NJ,287899,False
Plano,TX,284948,False
Durham,NC,284094,False
Buffalo,NY,276688,False
Chula Vista,CA,276103,False
Chandler,AZ,275618,False
Toledo,OH,269962,False
Madison,WI,268516,False
Gilbert,AZ,267267,False
Reno,NV,265196,False
Fort Wayne,IN,264514,False
North Las Vegas,NV,264022,False
St. Petersburg,FL,259343,False
Lubbock,TX,258190,False
Laredo,TX,255293,False
Irving,TX,254962,False
Winston-Salem,NC,249571,False
Chesapeake,VA,249377,False
Glendale,AZ,248083,False
Garland,TX,244026,False
Scottsdale,AZ,240537,False
Norfolk,VA,236973,False
Arlington,VA,235845,False
Boise City,ID,234192,False
Fremont,CA,228795,False
Spokane,WA,227922,False
Richmond,VA,227171,False
Santa Clarita,CA,225850,False
Baton Rouge,LA,225500,False
Enterprise,NV,225461,False
Hialeah,FL,222996,False
San Bernardino,CA,221041,False
Spring Valley,NV,220114,False
Tacoma,WA,219234,False
Modesto,CA,218308,False
Huntsville,AL,215025,False
Des Moines,IA,213164,False
Rochester,NY,210992,False
Port St. Lucie,FL,210520,False
Yonkers,NY,209780,False
Moreno Valley,CA,209578,False
Fontana,CA,209279,False
Fayetteville,NC,208697,False
Columbus,GA,204572,False
Worcester,MA,204191,False
Oxnard,CA,202279,False
Little Rock,AR,202218,False
Frisco,TX,202075,False
Augusta-Richmond County consolidated government (balance),GA,201615,False
Salt Lake City,UT,201269,False
Birmingham,AL,200431,False
Amarillo,TX,200360,False
Montgomery,AL,199819,False
Cape Coral,FL,198912,False
Sunrise Manor,NV,198325,False
Tallahassee,FL,198259,False
Grand Rapids,MI,198096,False
Huntington Beach,CA,197481,False
Grand Prairie,TX,197279,False
Overland Park,KS,196676,False
McKinney,TX,196160,False
Glendale,CA,194512,False
Sioux Falls,SD,193401,False
Knoxville,TN,191857,False
Peoria,AZ,191292,False
Vancouver,WA,190700,False
Akron,OH,190273,False
Paradise,NV,189733,False
Providence,RI,189715,False
Brownsville,TX,186999,False
Mobile,AL,186316,False
Shreveport,LA,186183,False
Newport News,VA,185118,False
Fort Lauderdale,FL,182673,False
Aurora,IL,181405,False
Chattanooga,TN,181288,False
Tempe,AZ,181005,False
Santa Rosa,CA,178221,False
Eugene,OR,176755,False
Ontario,CA,176326,False
Elk Grove,CA,176105,False
Salem,OR,175754,False
Cary,NC,174880,False
Rancho Cucamonga,CA,174696,False
Oceanside,CA,173722,False
Garden Grove,CA,171637,False
Lancaster,CA,171465,False
Pembroke Pines,FL,170472,False
Springfield,MO,168873,False
Fort Collins,CO,168758,False
Clarksville,TN,167882,False
Palmdale,CA,166895,False
Salinas,CA,162783,False
Hayward,CA,160602,False
Corona,CA,158346,False
Paterson,NJ,157864,False
Alexandria,VA,157594,False
Macon-Bibb County,GA,156554,False
Lakewood,CO,156149,False
Kansas City,KS,155438,False
Springfield,MA,155305,False
Sunnyvale,CA,154573,False
Killeen,TX,153708,False
Murfreesboro,TN,153487,False
Jackson,MS,153271,False
Hollywood,FL,152764,False
Escondido,CA,151114,False
Pasadena,TX,150620,False
Bellevue,WA,150606,False
Joliet,IL,150221,False
Charleston,SC,149960,False
Pomona,CA,149831,False
Mesquite,TX,149439,False
Naperville,IL,149089,False
Roseville,CA,148879,False
Bridgeport,CT,148470,False
Rockford,IL,148173,False
Savannah,GA,147583,False
Syracuse,NY,146134,False
Surprise,AZ,145591,False
Torrance,CA,145454,False
McAllen,TX,142722,False
Gainesville,FL,142414,False
Fullerton,CA,142280,False
Denton,TX,142262,False
Olathe,KS,142114,False
Thornton,CO,141799,False
Visalia,CA,141466,False
Waco,TX,140545,False
Metairie,LA,140046,False
West Valley City,UT,138868,False
Orange,CA,138728,False
Warren,MI,138588,False
Pasadena,CA,137554,False
Dayton,OH,137305,False
Hampton,VA,137217,False
Cedar Rapids,IA,136929,False
Columbia,SC,136754,False
New Haven,CT,135736,False
Elizabeth,NJ,135665,False
Stamford,CT,135413,False
Kent,WA,135169,False
Miramar,FL,135158,False
Victorville,CA,134417,False
Coral Springs,FL,133801,False
Sterling Heights,MI,133744,False
Midland,TX,132490,False
Carrollton,TX,132284,False
Santa Clara,CA,128058,False
Norman,OK,127701,False
Fargo,ND,127319,False
Athens-Clarke County unified government (balance),GA,126672,False
Thousand Oaks,CA,126532,False
Topeka,KS,126431,False
Abilene,TX,126356,False
Columbia,MO,126172,False
Simi Valley,CA,126153,False
Allentown,PA,125292,False
Vallejo,CA,125132,False
Lewisville,TX,125028,False
Concord,CA,125007,False
Pearland,TX,124478,False
Lehigh Acres,FL,124440,False
Arvada,CO,123066,False
Independence,MO,122218,False
Ann Arbor,MI,122216,False
Lafayette,LA,121706,False
Palm Bay,FL,121513,False
Berkeley,CA,121385,False
Hartford,CT,121057,False
Rochester,MN,120848,False
Clovis,CA,120607,False
Round Rock,TX,120465,False
College Station,TX,120451,False
Meridian,ID,119872,False
Fairfield,CA,119420,False
The Woodlands,TX,118402,False
Richardson,TX,118063,False
Cambridge,MA,117962,False
West Palm Beach,FL,117588,False
East Los Angeles,CA,117222,False
Billings,MT,117093,False
Clearwater,FL,116984,False
Wilmington,NC,116933,False
Evansville,IN,116906,False
Spring Hill,FL,116882,False
West Jordan,UT,116383,False
North Charleston,SC,115755,False
Richmond,CA,115619,False
Westminster,CO,115502,False
Manchester,NH,115037,False
Antioch,CA,115016,False
Brandon,FL,114923,False
Carlsbad,CA,114745,False
Lowell,MA,114737,False
Beaumont,TX,114573,False
Waterbury,CT,114480,False
Lakeland,FL,114404,False
Provo,UT,114400,False
Broken Arrow,OK,114237,False
Springfield,IL,114214,False
Elgin,IL,114190,False
High Point,NC,114120,False
Gresham,OR,113525,False
League City,TX,113469,False
Odessa,TX,113353,False
Peoria,IL,113054,False
Downey,CA,113052,False
Lansing,MI,112986,False
Murrieta,CA,111899,False
Pompano Beach,FL,111790,False
Miami Gardens,FL,111618,False
Costa Mesa,CA,111490,False
Pueblo,CO,111430,False
Las Cruces,NM,111273,False
Everett,WA,110847,False
San Buenaventura (Ventura),CA,110358,False
Temecula,CA,110114,False
Sugar Land,TX,110077,False
Santa Maria,CA,109543,False
El Monte,CA,108682,False
Dearborn,MI,108414,False
West Covina,CA,108173,False
Sparks,NV,108025,False
Greeley,CO,107949,False
South Fulton,GA,107865,False
Centennial,CO,107702,False
Sandy Springs,GA,107221,False
Green Bay,WI,106846,False
Inglewood,CA,106806,False
Hillsboro,OR,106612,False
Columbia,MD,106600,False
Boulder,CO,106598,False
Tyler,TX,106440,False
Burbank,CA,106389,False
Davie,FL,105821,False
Tuscaloosa,AL,105797,False
El Cajon,CA,105721,False
Jurupa Valley,CA,105672,False
Allen,TX,105444,False
Renton,WA,105355,False
Concord,NC,105335,False
Brockton,MA,104713,False
Rio Rancho,NM,104351,False
San Mateo,CA,104165,False
Rialto,CA,103873,False
Spokane Valley,WA,103761,False
Menifee,CA,103680,False
Daly City,CA,103648,False
South Bend,IN,103084,False
Chico,CA,102790,False
Nampa,ID,102598,False
Wichita Falls,TX,102482,False
Riverview,FL,102467,False
Norwalk,CA,101893,False
Lee's Summit,MO,101728,False
Vacaville,CA,101631,False
Highlands Ranch,CO,101514,False
Davenport,IA,101448,False
San Tan Valley,AZ,101207,False
Quincy,MA,100981,False
Edinburg,TX,100964,False
Lynn,MA,100653,False
New Bedford,MA,100620,False
Hesperia,CA,99878,False
Albany,NY,99692,False
Federal Way,WA,99614,False
Kenosha,WI,99493,False
Carmel,IN,99453,False
Bend,OR,99442,False
San Angelo,TX,99422,False
Roanoke,VA,99213,False
Fishers,IN,99041,False
Vista,CA,98392,False
Longmont,CO,98282,False
Boca Raton,FL,97980,False
Beaverton,OR,97554,False
Goodyear,AZ,97542,False
Portsmouth,VA,97384,False
Orem,UT,97100,False
Yakima,WA,96764,False
Sunrise,FL,96510,False
Yuma,AZ,96314,False
St. George,UT,96174,False
Arden-Arcade,CA,96076,False
Sandy,UT,95635,False
Lawrence,KS,95103,False
Buckeye,AZ,95042,False
Fayetteville,AR,95022,False
Livonia,MI,94928,False
Suffolk,VA,94856,False
Erie,PA,94826,False
Compton,CA,94822,False
Reading,PA,94601,False
Edmond,OK,94503,False
Carson,CA,94475,False
Deltona,FL,94373,False
San Marcos,CA,94360,False
Tracy,CA,94027,False
Asheville,NC,93695,False
Fall River,MA,93638,False
Redding,CA,93327,False
Mission Viejo,CA,93233,False
Plantation,FL,93130,False
New Braunfels,TX,92993,False
Toms River,NJ,92827,False
Roswell,GA,92770,False
Conroe,TX,92475,False
South Gate,CA,92381,False
Santa Monica,CA,92168,False
Kirkland,WA,92015,False
Hoover,AL,91995,False
O'Fallon,MO,91825,False
Alafaya,FL,91531,False
Bellingham,WA,91353,False
Palm Coast,FL,91082,False
Norwalk,CT,91050,False
Lawton,OK,91023,False
Chino,CA,91008,False
Mount Pleasant,SC,90945,False
Nashua,NH,90943,False
Westminster,CA,90638,False
Germantown,MD,90210,False
Trenton,NJ,90055,False
San Leandro,CA,89723,False
Hemet,CA,89651,False
Indio,CA,89616,False
Town 'n' Country,FL,89456,False
Clifton,NJ,89451,False
Waukegan,IL,89435,False
Fort Smith,AR,89315,False
Bloomington,MN,89244,False
Avondale,AZ,89214,False
Atascocita,TX,89121,False
Fort Myers,FL,88699,False
Santa Barbara,CA,88640,False
Champaign,IL,88628,False
Newton,MA,88453,False
Lawrence,MA,88067,False
Greenville,NC,87894,False
Merced,CA,87686,False
Santa Fe,NM,87617,False
Troy,MI,87170,False
Livermore,CA,87154,False
Citrus Heights,CA,87127,False
Hawthorne,CA,86978,False
Duluth,MN,86772,False
Ogden,UT,86754,False
Springdale,AR,86705,False
Whittier,CA,86459,False
Danbury,CT,86456,False
Deerfield Beach,FL,86455,False
San Ramon,CA,86119,False
Mission,TX,85755,False
Auburn,WA,85623,False
Lake Forest,CA,85583,False
Medford,OR,85539,False
Sioux City,IA,85469,False
Newport Beach,CA,85159,False
Melbourne,FL,84982,False
Brooklyn Park,MN,84951,False
Bryan,TX,84820,False
Westland,MI,84806,False
Baytown,TX,84449,False
Cicero,IL,84189,False
Manteca,CA,83897,False
Kennewick,WA,83823,False
Franklin,TN,83630,False
Farmington Hills,MI,83562,False
Buena Park,CA,83542,False
Temple,TX,83473,False
Pine Hills,FL,83221,False
Redwood City,CA,83077,False
Warwick,RI,82783,False
Cranston,RI,82691,False
Largo,FL,82541,False
Lake Charles,LA,82430,False
Miami Beach,FL,82400,False
Alhambra,CA,82295,False
Johns Creek,GA,82230,False
Longview,TX,82176,False
Mountain View,CA,82132,False
Flint,MI,81863,False
Silver Spring,MD,81808,False
Layton,UT,81726,False
Lakewood,CA,81499,False
Waldorf,MD,81077,False
Folsom,CA,81077,False
New Rochelle,NY,80828,False
Gastonia,NC,80615,False
Parma,OH,80587,False
Somerville,MA,80464,False
Warner Robins,GA,80374,False
Boynton Beach,FL,80068,False
Homestead,FL,79996,False
Plymouth,MN,79918,False
Tustin,CA,79514,False
Pharr,TX,79434,False
Napa,CA,79233,False
Lynchburg,VA,79166,False
Rancho Cordova,CA,79128,False
The Villages,FL,79108,False
Milpitas,CA,79092,False
Bloomington,IN,79006,False
Perris,CA,78881,False
Upland,CA,78847,False
Bloomington,IL,78788,False
Pleasanton,CA,78691,False
Kissimmee,FL,78478,False
Kendall,FL,78402,False
Frederick,MD,78390,False
Jonesboro,AR,78379,False
Bellflower,CA,78352,False
Chino Hills,CA,78223,False
Carmichael,CA,78144,False
South Jordan,UT,78118,False
Schaumburg,IL,77571,False
Alameda,CA,77565,False
Racine,WI,77453,False
Hammond,IN,77390,False
Pasco,WA,77274,False
Evanston,IL,77181,False
Lehi,UT,77110,False
North Port,FL,76975,False
Arlington Heights,IL,76794,False
Wyoming,MI,76732,False
Auburn,AL,76660,False
Flower Mound,TX,76630,False
Bethlehem,PA,76555,False
Loveland,CO,76500,False
Cheektowaga,NY,76483,False
Pittsburg,CA,76419,False
Cedar Park,TX,76344,False
Flagstaff,AZ,76177,False
Scranton,PA,76119,False
Southfield,MI,76107,False
Rochester Hills,MI,76041,False
Rapid City,SD,75632,False
Apple Valley,CA,75603,False
Woodbury,MN,75549,False
Pawtucket,RI,75176,False
Appleton,WI,75133,False
Doral,FL,74891,False
Iowa City,IA,74878,False
Missoula,MT,74627,False
Missouri City,TX,74517,False
New Britain,CT,74212,False
Rock Hill,SC,74170,False
Castle Rock,CO,74065,False
Lauderhill,FL,73987,False
Broomfield,CO,73946,False
Dale City,VA,73928,False
Bolingbrook,IL,73755,False
Redmond,WA,73728,False
Bismarck,ND,73694,False
Mansfield,TX,73680,False
Ellicott City,MD,73589,False
Kalamazoo,MI,73342,False
Daytona Beach,FL,73329,False
Redlands,CA,73234,False
Mount Vernon,NY,72817,False
Centreville,VA,72680,False
Gulfport,MS,72524,False
Turlock,CA,72504,False
Bowling Green,KY,72385,False
St. Joseph,MO,72198,False
Jacksonville,NC,71908,False
Framingham,MA,71805,False
Camden,NJ,71799,False
Georgetown,TX,71788,False
Baldwin Park,CA,71692,False
Rocklin,CA,71676,False
Tamarac,FL,71578,False
Harlingen,TX,71497,False
Glen Burnie,MD,71427,False
Dublin,CA,71068,False
Wilmington,DE,71034,False
Decatur,IL,70975,False
Waukesha,WI,70945,False
Marysville,WA,70847,False
Greenville,SC,70838,False
Lafayette,IN,70828,False
Johnson City,TN,70720,False
Dothan,AL,70699,False
Lakeville,MN,70696,False
St. Charles,MO,70687,False
Camarillo,CA,70622,False
Redondo Beach,CA,70620,False
Canton,OH,70589,False
Bayonne,NJ,70497,False
Noblesville,IN,70442,False
North Richland Hills,TX,70114,False
Maple Grove,MN,70110,False
Passaic,NJ,70048,False
Blaine,MN,70047,False
Lake Elsinore,CA,69993,False
Rogers,AR,69961,False
Casas Adobes,AZ,69917,False
Walnut Creek,CA,69809,False
Eastvale,CA,69594,False
Yuba City,CA,69535,False
Union City,CA,69502,False
Poinciana,FL,69311,False
Tulare,CA,69261,False
Gary,IN,69136,False
Eau Claire,WI,69098,False
Gaithersburg,MD,69016,False
Albany,GA,68926,False
St. Cloud,MN,68910,False
East Orange,NJ,68879,False
Wesley Chapel,FL,68814,False
West Des Moines,IA,68744,False
Lakewood,NJ,68555,False
Schenectady,NY,68476,False
Ankeny,IA,68392,False
Portland,ME,68280,False
Eagan,MN,68262,False
Yorba Linda,CA,68035,False
Weston,FL,68029,False
Jackson,TN,67993,False
Palo Alto,CA,67901,False
South Hill,WA,67835,False
Shawnee,KS,67671,False
Haverhill,MA,67273,False
Union City,NJ,67258,False
Waterloo,IA,67256,False
Palatine,IL,67223,False
Davis,CA,67203,False
San Marcos,TX,67143,False
Rockville,MD,67142,False
Skokie,IL,67076,False
Madera,CA,66784,False
Delray Beach,FL,66646,False
Sammamish,WA,66586,False
Lodi,CA,66509,False
Oshkosh,WI,66373,False
Lynwood,CA,66346,False
Dundalk,MD,66321,False
Bethesda,MD,66316,False
Ames,IA,66265,False
Grand Junction,CO,65918,False
Alpharetta,GA,65884,False
Novi,MI,65870,False
Kenner,LA,65785,False
Idaho Falls,ID,65685,False
Janesville,WI,65669,False
South San Francisco,CA,65596,False
Apex,NC,65541,False
Victoria,TX,65481,False
Malden,MA,65463,False
Castro Valley,CA,65444,False
Muncie,IN,65167,False
Conway,AR,65159,False
Lorain,OH,65138,False
Brentwood,NY,65042,False
Cheyenne,WY,64795,False
Utica,NY,64728,False
Waltham,MA,64711,False
Pflugerville,TX,64528,False
North Little Rock,AR,64454,False
Brentwood,CA,64443,False
Laguna Niguel,CA,64259,False
San Clemente,CA,64232,False
West Hartford,CT,64088,False
Burnsville,MN,64075,False
Spring,TX,63930,False
Port Charlotte,FL,63913,False
Eden Prairie,MN,63623,False
Greenwood,IN,63579,False
Millcreek,UT,63520,False
Ocala,FL,63504,False
Bellevue,NE,63336,False
Coon Rapids,MN,63296,False
Rowlett,TX,63291,False
Hamilton,OH,63149,False
Lakewood,WA,63142,False
Florence-Graham,CA,63132,False
Commerce City,CO,63050,False
Bossier City,LA,62971,False
Taylor,MI,62937,False
La Habra,CA,62904,False
Port Orange,FL,62849,False
Brookline,MA,62698,False
Moore,OK,62685,False
Council Bluffs,IA,62670,False
Leander,TX,62491,False
Porterville,CA,62491,False
Dearborn Heights,MI,62474,False
Reston,VA,62339,False
Montebello,CA,62056,False
Pontiac,MI,61965,False
Encinitas,CA,61942,False
Queen Creek,AZ,61788,False
Medford,MA,61748,False
Springfield,OR,61740,False
Hendersonville,TN,61589,False
Palm Harbor,FL,61589,False
Pico Rivera,CA,61561,False
Marietta,GA,61387,False
Wellington,FL,61373,False
Santa Cruz,CA,61367,False
Sanford,FL,61272,False
Woodland,CA,61227,False
Caldwell,ID,61212,False
Huntersville,NC,61202,False
Bristol,CT,61052,False
Jupiter,FL,60926,False
San Rafael,CA,60891,False
La Mesa,CA,60888,False
Richland,WA,60867,False
Vineland,NJ,60796,False
Revere,MA,60577,False
Meriden,CT,60556,False
Monterey Park,CA,60386,False
Gardena,CA,60377,False
Great Falls,MT,60373,False
Euless,TX,60360,False
Des Plaines,IL,60087,False
Corvallis,OR,60050,False
Youngstown,OH,60048,False
Owensboro,KY,60019,False
West Allis,WI,59907,False
North Miami,FL,59854,False
St. Cloud,FL,59851,False
The Hammocks,FL,59843,False
Cupertino,CA,59763,False
Taylorsville,UT,59729,False
Petaluma,CA,59682,False
Maricopa,AZ,59605,False
Kokomo,IN,59534,False
Santee,CA,59497,False
Stonecrest,GA,59445,False
Taunton,MA,59436,False
White Plains,NY,59421,False
Dubuque,IA,59315,False
Palm Beach Gardens,FL,59088,False
Grand Forks,ND,58935,False
Chapel Hill,NC,58919,False
Hoboken,NJ,58754,False
Parker,CO,58733,False
Blue Springs,MO,58720,False
Gilroy,CA,58696,False
Shoreline,WA,58673,False
St. Clair Shores,MI,58656,False
Springfield,OH,58645,False
Casper,WY,58631,False
Terre Haute,IN,58599,False
Horizon West,FL,58595,False
Hempstead,NY,58557,False
Margate,FL,58396,False
Orland Park,IL,58345,False
Carson City,NV,58249,False
Midwest City,OK,58124,False
Royal Oak,MI,58053,False
Lancaster,PA,57970,False
Bowie,MD,57922,False
Hanford,CA,57920,False
Kettering,OH,57707,False
St. Peters,MO,57692,False
Oak Lawn,IL,57665,False
Towson,MD,57617,False
Coconut Creek,FL,57574,False
Decatur,AL,57525,False
Lenexa,KS,57497,False
Bartlett,TN,57481,False
South Whittier,CA,57383,False
Weymouth Town,MA,57300,False
Lake Havasu City,AZ,57294,False
Tonawanda Town,NY,57210,False
Bel Air South,MD,57109,False
Fountainebleau,FL,57066,False
Wylie,TX,57063,False
Madison,AL,56967,False
Burlington,NC,56951,False
Brookhaven,GA,56848,False
Highland,CA,56789,False
Fountain Valley,CA,56754,False
Pocatello,ID,56582,False
Berwyn,IL,56556,False
Four Corners,FL,56537,False
Severn,MD,56438,False
Albany,OR,56348,False
National City,CA,56345,False
Lacey,WA,56263,False
Mount Prospect,IL,56191,False
Arcadia,CA,56181,False
Port Arthur,TX,55897,False
DeSoto,TX,55882,False
Smyrna,GA,55863,False
Bradenton,FL,55795,False
New Brunswick,NJ,55718,False
Apple Valley,MN,55594,False
Tinley Park,IL,55571,False
Sarasota,FL,55508,False
Hacienda Heights,CA,55461,False
Chicopee,MA,55441,False
Kingsport,TN,55415,False
West Haven,CT,55336,False
Herriman,UT,55301,False
Valdosta,GA,55266,False
Perth Amboy,NJ,55226,False
Casa Grande,AZ,55186,False
Tigard,OR,55161,False
Olympia,WA,55151,False
Apopka,FL,55056,False
Anderson,IN,55011,False
Southaven,MS,54908,False
Coeur d'Alene,ID,54599,False
Huntington Park,CA,54547,False
Diamond Bar,CA,54534,False
Bentonville,AR,54513,False
Yucaipa,CA,54428,False
Plainfield,NJ,54358,False
Manhattan,KS,54287,False
Aspen Hill,MD,54262,False
Rocky Mount,NC,54260,False
Peabody,MA,54204,False
West Sacramento,CA,54163,False
San Jacinto,CA,54077,False
Pensacola,FL,54059,False
Kentwood,MI,54042,False
Colton,CA,53959,False
Bonita Springs,FL,53945,False
Oak Park,IL,53834,False
Elkhart,IN,53785,False
Westchester,FL,53765,False
Smyrna,TN,53760,False
Wheaton,IL,53673,False
Beaumont,CA,53544,False
Aloha,OR,53532,False
Minnetonka,MN,53529,False
Bozeman,MT,53500,False
Pinellas Park,FL,53352,False
Kannapolis,NC,53314,False
Galveston,TX,53265,False
Paramount,CA,53255,False
Logan,UT,53246,False
Texas City,TX,53084,False
Novato,CA,53055,False
Edina,MN,53037,False
Normal,IL,52920,False
Tamiami,FL,52851,False
Grand Island,NE,52822,False
Methuen Town,MA,52812,False
Elyria,OH,52780,False
Wheaton,MD,52775,False
Kendale Lakes,FL,52661,False
Marana,AZ,52542,False
Battle Creek,MI,52469,False
Watsonville,CA,52457,False
West New York,NJ,52438,False
Twin Falls,ID,52315,False
Florissant,MO,52167,False
Glendora,CA,52095,False
La Crosse,WI,52043,False
Cathedral City,CA,51964,False
Aliso Viejo,CA,51896,False
Joplin,MO,51848,False
Placentia,CA,51797,False
Harrisonburg,VA,51784,False
Hoffman Estates,IL,51744,False
Burien,WA,51505,False
Dunwoody,GA,51458,False
Spring Hill,TN,51319,False
Palm Desert,CA,51290,False
Troy,NY,51268,False
Collierville,TN,51170,False
Levittown,PA,51152,False
Rosemead,CA,51043,False
Country Club,FL,50975,False
Enid,OK,50961,False
East Hartford,CT,50942,False
Cuyahoga Falls,OH,50916,False
Mishawaka,IN,50899,False
Columbus,IN,50896,False
Summerville,SC,50839,False
Levittown,NY,50804,False
Irondequoit,NY,50780,False
Winter Haven,FL,50778,False
Grapevine,TX,50763,False
Covina,CA,50717,False
Milford city (balance),CT,50664,False
Draper,UT,50635,False
Lakewood,OH,50605,False
Catalina Foothills,AZ,50573,False
Middletown,OH,50514,False
Delano,CA,50498,False
Lincoln,CA,50131,False
Newark,OH,50062,False
Harrisburg,PA,50055,False
Murray,UT,50041,False
Mooresville,NC,50025,False
Downers Grove,IL,49996,False
Florin,CA,49992,False
Cypress,CA,49955,False
Sheboygan,WI,49805,False
Jeffersonville,IN,49771,False
North Bethesda,MD,49763,False
Azusa,CA,49704,False
Coral Gables,FL,49696,False
Chesterfield,MO,49645,False
McLean,VA,49587,False
St. Louis Park,MN,49500,False
East Honolulu,HI,49491,False
Bedford,TX,49455,False
Euclid,OH,49279,False
Lawrence,IN,49218,False
Ceres,CA,49183,False
University CDP (Hillsborough County),FL,49148,False
Biloxi,MS,49141,False
El Dorado Hills,CA,49082,False
Cerritos,CA,49016,False
Burleson,TX,48970,False
Portage,MI,48936,False
Barnstable Town,MA,48922,False
Dublin,OH,48893,False
Poway,CA,48737,False
Cedar Hill,TX,48733,False
Everett,MA,48685,False
Stillwater,OK,48644,False
Titusville,FL,48595,False
Niagara Falls,NY,48502,False
Kyle,TX,48484,False
Hattiesburg,MS,48466,False
Leesburg,VA,48465,False
Charleston,WV,48415,False
Westfield,IN,48262,False
Little Elm,TX,48241,False
Middletown,CT,48152,False
North Highlands,CA,48083,False
Tuckahoe,VA,48049,False
Wake Forest,NC,48047,False
Minot,ND,48038,False
Roswell,NM,48035,False
Wauwatosa,WI,47919,False
Bothell,WA,47917,False
Glenview,IL,47896,False
Rockwall,TX,47859,False
Wilson,NC,47767,False
Cleveland,TN,47725,False
Rancho Santa Margarita,CA,47702,False
La Mirada,CA,47644,False
Monroe,LA,47631,False
Mansfield,OH,47630,False
Antelope,CA,47629,False
Hilo,HI,47627,False
Binghamton,NY,47617,False
San Luis Obispo,CA,47529,False
Roseville,MI,47476,False
Newark,CA,47470,False
Mentor,OH,47302,False
Ocoee,FL,47290,False
Rowland Heights,CA,47209,False
Fort Pierce,FL,47153,False
Brea,CA,47099,False
Oro Valley,AZ,47053,False
Prescott Valley,AZ,47015,False
East Providence,RI,47012,False
Pearl City,HI,46812,False
Salina,KS,46734,False
Huntington,WV,46637,False
Beavercreek,OH,46576,False
Winter Garden,FL,46518,False
Potomac,MD,46499,False
Farmington,NM,46457,False
Attleboro,MA,46384,False
Charlottesville,VA,46289,False
Huntsville,TX,46202,False
Strongsville,OH,46165,False
Eagle Mountain,UT,46109,False
Prescott,AZ,46054,False
Olive Branch,MS,45938,False
Arlington,MA,45906,False
Goose Creek,SC,45858,False
Sicklerville,NJ,45853,False
Altamonte Springs,FL,45772,False
Haltom City,TX,45771,False
Hackensack,NJ,45758,False
Elmhurst,IL,45648,False
Urbandale,IA,45591,False
Los Banos,CA,45560,False
Littleton,CO,45531,False
Ashburn,VA,45479,False
East Lansing,MI,45403,False
West Seneca,NY,45387,False
Bountiful,UT,45353,False
Keller,TX,45320,False
Morgan Hill,CA,45291,False
Sierra Vista,AZ,45212,False
Blacksburg,VA,45147,False
Sayreville,NJ,45136,False
Alexandria,LA,45133,False
Odenton,MD,45026,False
Cleveland Heights,OH,45002,False
Gallatin,TN,44947,False
Plainfield,IL,44941,False
Palm Springs,CA,44935,False
Riverton,UT,44864,False
West Lafayette,IN,44861,False
Brentwood,TN,44830,False
York,PA,44782,False
Cutler Bay,FL,44738,False
Lake Ridge,VA,44720,False
Whitney,NV,44720,False
Pahrump,NV,44711,False
Burlington,VT,44646,False
North Lauderdale,FL,44635,False
Fairfield,OH,44602,False
Wentzville,MO,44584,False
Salem,MA,44541,False
Fond du Lac,WI,44527,False
Rohnert Park,CA,44461,False
Mankato,MN,44444,False
Moorhead,MN,44443,False
The Colony,TX,44323,False
Saginaw,MI,44316,False
Burke,VA,44228,False
Freeport,NY,44210,False
El Centro,CA,44184,False
Shakopee,MN,44135,False
Wilkes-Barre,PA,44123,False
Lompoc,CA,44086,False
Hicksville,NY,44084,False
Oakland Park,FL,44056,False
Lombard,IL,44055,False
Sherman,TX,44052,False
Concord,NH,44049,False
Bremerton,WA,43983,False
Altoona,PA,43821,False
Pittsfield,MA,43730,False
Greenacres,FL,43651,False
Leominster,MA,43620,False
Oakley,CA,43525,False
Linden,NJ,43478,False
Campbell,CA,43464,False
Danville,CA,43449,False
Hagerstown,MD,43374,False
Hickory,NC,43352,False
North Miami Beach,FL,43269,False
Clermont,FL,43266,False
San Bruno,CA,43218,False
University CDP (Orange County),FL,43207,False
Channelview,TX,43204,False
Ormond Beach,FL,43127,False
Huber Heights,OH,43095,False
Sumter,SC,43046,False
Woonsocket,RI,43029,False
Buffalo Grove,IL,42934,False
West Babylon,NY,42783,False
Gainesville,GA,42780,False
Catonsville,MD,42767,False
Altadena,CA,42719,False
Edmonds,WA,42705,False
Linton Hall,VA,42702,False
Spanish Fork,UT,42694,False
Newnan,GA,42689,False
Vineyard,CA,42657,False
Jefferson City,MO,42644,False
Manassas,VA,42620,False
Woodbridge,VA,42619,False
Puyallup,WA,42610,False
Schertz,TX,42545,False
Coppell,TX,42513,False
Danville,VA,42507,False
North Fort Myers,FL,42492,False
Columbia,TN,42474,False
Moline,IL,42452,False
Beverly,MA,42414,False
Midland,MI,42404,False
Annandale,VA,42330,False
Coachella,CA,42279,False
Woodlawn CDP (Baltimore County),MD,42239,False
Meadow Woods,FL,42207,False
Lake Worth Beach,FL,42188,False
Coram,NY,42169,False
Belleville,IL,42155,False
Peachtree Corners,GA,42147,False
Hollister,CA,42093,False
Holly Springs,NC,42023,False
Delaware,OH,41926,False
Rancho Palos Verdes,CA,41805,False
Waxahachie,TX,41801,False
Mableton,GA,41647,False
Fitchburg,MA,41621,False
Bullhead City,AZ,41593,False
Grove City,OH,41423,False
Maplewood,MN,41405,False
Marion,IA,41401,False
Marlborough,MA,41391,False
Brookfield,WI,41342,False
French Valley,CA,41239,False
Shelton,CT,41206,False
Pine Bluff,AR,41172,False
Kearny,NJ,41157,False
Hallandale Beach,FL,41102,False
Germantown,TN,41094,False
Milton,GA,41029,False
Woburn,MA,40992,False
Lancaster,TX,40958,False
Reynoldsburg,OH,40926,False
Covington,KY,40923,False
State College,PA,40902,False
Friendswood,TX,40888,False
Weslaco,TX,40858,False
Land O' Lakes,FL,40843,False
Essex,MD,40842,False
Bartlett,IL,40829,False
Westfield,MA,40794,False
Florence,AL,40781,False
Annapolis,MD,40719,False
DeKalb,IL,40697,False
Cedar Falls,IA,40686,False
Lancaster,OH,40616,False
Brighton,CO,40569,False
Crystal Lake,IL,40463,False
Lake Oswego,OR,40457,False
Severna Park,MD,40452,False
Findlay,OH,40408,False
Saratoga Springs,UT,40391,False
New Berlin,WI,40387,False
Culver City,CA,40357,False
Indian Trail,NC,40325,False
Kailua CDP (Honolulu County),HI,40323,False
Valley Stream,NY,40288,False
Duncanville,TX,40288,False
Clinton,MD,40224,False
The Acreage,FL,40160,False
Romeoville,IL,40132,False
Norwich,CT,40054,False
Hurst,TX,40053,False
Post Falls,ID,40002,False
Hutchinson,KS,39995,False
Florence,SC,39931,False
Wausau,WI,39906,False
Chelsea,MA,39890,False
Waipahu,HI,39873,False
Lynnwood,WA,39867,False
Lincoln Park,MI,39807,False
Fort Lee,NJ,39799,False
Cape Girardeau,MO,39795,False
Hobbs,NM,39782,False
Carol Stream,IL,39656,False
Plant City,FL,39655,False
Aventura,FL,39621,False
Lebanon,TN,39562,False
Streamwood,IL,39556,False
Oviedo,FL,39552,False
Mount Juliet,TN,39525,False
Quincy,IL,39441,False
Issaquah,WA,39400,False
Parkland,WA,39398,False
Park Ridge,IL,39368,False
Cottage Grove,MN,39274,False
Bell Gardens,CA,39263,False
San Gabriel,CA,39211,False
Warren,OH,39204,False
Security-Widefield,CO,39150,False
Grants Pass,OR,39131,False
Keizer,OR,39122,False
Roy,UT,39064,False
Bettendorf,IA,38997,False
Westerville,OH,38911,False
Dover,DE,38879,False
Royal Palm Beach,FL,38874,False
Apache Junction,AZ,38855,False
Navarre,FL,38829,False
Wheeling,IL,38823,False
Lake Stevens,WA,38816,False
Rexburg,ID,38803,False
Braintree Town,MA,38748,False
Urbana,IL,38741,False
Rosenberg,TX,38722,False
West Fargo,ND,38653,False
La Presa,CA,38618,False
Menomonee Falls,WI,38610,False
Vestavia Hills,AL,38600,False
Calexico,CA,38599,False
Valrico,FL,38594,False
La Vergne,TN,38553,False
Atlantic City,NJ,38487,False
Clovis,NM,38453,False
Peachtree City,GA,38414,False
Phenix City,AL,38413,False
DeLand,FL,38392,False
Mechanicsville,VA,38328,False
Spartanburg,SC,38301,False
Muskegon,MI,38286,False
Stanton,CA,38271,False
Holyoke,MA,38210,False
Winter Springs,FL,38205,False
Owasso,OK,38134,False
Prattville,AL,38124,False
East Point,GA,38113,False
Pacifica,CA,38048,False
Hot Springs,AR,38025,False
Adelanto,CA,37960,False
Princeton,FL,37954,False
Northglenn,CO,37948,False
Tupelo,MS,37939,False
La Quinta,CA,37933,False
Elmont,NY,37866,False
Mission Bend,TX,37853,False
Montclair,CA,37842,False
La Puente,CA,37835,False
Carpentersville,IL,37834,False
Sun City,AZ,37748,False
Portage,IN,37737,False
Longview,WA,37722,False
Hilton Head Island,SC,37708,False
Riviera Beach,FL,37668,False
Monrovia,CA,37656,False
Foothill Farms,CA,37635,False
Rome,GA,37621,False
South Valley,NM,37601,False
New Albany,IN,37598,False
Lewiston,ME,37577,False
Winchester,NV,37531,False
Greenfield,WI,37521,False
Georgetown,KY,37510,False
Evans,GA,37456,False
Pleasant Grove,UT,37453,False
Oregon City,OR,37418,False
Bartlesville,OK,37314,False
Rock Island,IL,37264,False
Hanover Park,IL,37222,False
Leavenworth,KS,37193,False
Martinez,CA,37093,False
Manchester,CT,37015,False
Greer,SC,37010,False
Tucker,GA,36994,False
Richmond West,FL,36964,False
Muskogee,OK,36933,False
Claremont,CA,36891,False
Kearns metro township,UT,36862,False
East Meadow,NY,36856,False
Wildomar,CA,36822,False
Brighton,NY,36819,False
Richfield,MN,36809,False
Estero,FL,36685,False
Beloit,WI,36642,False
Oakton,VA,36529,False
Central Islip,NY,36519,False
Franklin,WI,36513,False
Upper Arlington,OH,36500,False
Copperas Cove,TX,36436,False
Tooele,UT,36315,False
Oak Creek,WI,36286,False
Randallstown,MD,36223,False
Merrillville,IN,36214,False
Temple City,CA,36165,False
Texarkana,TX,36156,False
Carrollwood,FL,36148,False
Hilliard,OH,36103,False
Dunedin,FL,36089,False
Moorpark,CA,36073,False
Roseville,MN,36066,False
Myrtle Beach,SC,36064,False
Egypt Lake-Leto,FL,36000,False
Farmers Branch,TX,35985,False
Marion,OH,35927,False
Lauderdale Lakes,FL,35914,False
Chillum,MD,35908,False
Orangevale,CA,35852,False
Sun Prairie,WI,35847,False
Cedar City,UT,35812,False
La Porte,TX,35782,False
Commack,NY,35770,False
Norristown,PA,35712,False
Calumet City,IL,35708,False
South Miami Heights,FL,35705,False
Addison,IL,35685,False
Inver Grove Heights,MN,35673,False
El Mirage,AZ,35652,False
Richmond,IN,35642,False
Midvale,UT,35609,False
Kendall West,FL,35606,False
Lima,OH,35555,False
Gahanna,OH,35529,False
Olney,MD,35522,False
Torrington,CT,35510,False
Kaneohe,HI,35493,False
North Ridgeville,OH,35481,False
San Juan,TX,35463,False
Midlothian,TX,35460,False
Salisbury,NC,35437,False
Socorro,TX,35429,False
Fuquay-Varina,NC,35428,False
Oakville,MO,35412,False
Wenatchee,WA,35365,False
West Hollywood,CA,35358,False
Westmont,CA,35345,False
Fruit Cove,FL,35333,False
Benton,AR,35318,False
Brunswick,OH,35304,False
Wildwood,MO,35276,False
Douglasville,GA,35252,False
Springville,UT,35195,False
San Luis,AZ,35189,False
Watertown Town,MA,35181,False
Woodstock,GA,35171,False
Fair Oaks,VA,35130,False
Manhattan Beach,CA,35123,False
Mount Vernon,WA,35120,False
San Juan Capistrano,CA,35099,False
Plainfield,IN,35078,False
Owings Mills,MD,34999,False
Meridian,MS,34990,False
Cookeville,TN,34967,False
Northbrook,IL,34950,False
Fair Lawn,NJ,34948,False
Monroe,NC,34897,False
Richmond,KY,34883,False
University City,MO,34850,False
Parkland,FL,34832,False
Oswego,IL,34810,False
Oildale,CA,34796,False
Graham,WA,34778,False
Mason,OH,34768,False
Montgomery Village,MD,34748,False
Long Beach,NY,34734,False
Hinesville,GA,34732,False
Golden Glades,FL,34725,False
Del Rio,TX,34722,False
Goshen,IN,34704,False
University Place,WA,34696,False
Randolph Town,MA,34691,False
Butte-Silver Bow (balance),MT,34638,False
Huntington Station,NY,34588,False
Pleasant Hill,CA,34504,False
Manitowoc,WI,34500,False
Fairborn,OH,34494,False
San Dimas,CA,34466,False
Stow,OH,34459,False
McMinnville,OR,34432,False
College Park,MD,34416,False
Kiryas Joel,NY,34368,False
Dalton,GA,34358,False
Lakewood Ranch,FL,34346,False
Pueblo West,CO,34337,False
Merritt Island,FL,34300,False
Lewiston,ID,34270,False
Panama City,FL,34254,False
Timberwood Park,TX,34253,False
Sahuarita,AZ,34238,False
Dakota Ridge,CO,34234,False
Lexington,MA,34221,False
Prairieville,LA,34215,False
Redmond,OR,34191,False
Holland,MI,34186,False
Lufkin,TX,34165,False
Pikesville,MD,34101,False
Eastpointe,MI,34087,False
Cooper City,FL,34046,False
Deer Park,TX,34046,False
Woodridge,IL,34027,False
Westlake,OH,34027,False
Spanaway,WA,34015,False
Valparaiso,IN,33991,False
American Fork,UT,33986,False
Windsor,CO,33905,False
Gadsden,AL,33881,False
Walla Walla,WA,33842,False
New City,NY,33837,False
Kearney,NE,33809,False
Leawood,KS,33784,False
Baldwin,NY,33776,False
Martinez,GA,33773,False
Crown Point,IN,33735,False
Fallbrook,CA,33710,False
Englewood,CO,33634,False
East Lake,FL,33629,False
Goldsboro,NC,33566,False
Ken Caryl,CO,33505,False
Canton,GA,33499,False
West Little River,FL,33465,False
Alabaster,AL,33417,False
Amherst Town,MA,33389,False
Bell,CA,33377,False
Kennesaw,GA,33360,False
South Riding,VA,33358,False
Menlo Park,CA,33324,False
Buenaventura Lakes,FL,33284,False
Bethel Park,PA,33275,False
Petersburg,VA,33261,False
Cottonwood Heights,UT,33257,False
Foster City,CA,33215,False
Uniondale,NY,33192,False
Statesboro,GA,33185,False
Gillette,WY,33158,False
Brooklyn Center,MN,33109,False
Houma,LA,33094,False
Los Gatos,CA,33093,False
Glendale Heights,IL,33088,False
Kingman,AZ,33052,False
Chester,PA,33048,False
Harker Heights,TX,33036,False
Dana Point,CA,33025,False
Spring Valley,NY,32963,False
Salisbury,MD,32960,False
Dover,NH,32849,False
Syracuse,UT,32798,False
Franklin Town,MA,32777,False
St. Charles,IL,32776,False
Fair Oaks,CA,32754,False
Sherwood,AR,32715,False
Kaysville,UT,32714,False
Des Moines,WA,32667,False
Bay City,MI,32664,False
Cibolo,TX,32640,False
Goleta,CA,32640,False
Andover,MN,32639,False
Rochester,NH,32573,False
Helena,MT,32529,False
Elk Grove Village,IL,32498,False
Spring Valley CDP (San Diego County),CA,32496,False
Fairbanks,AK,32496,False
Garfield,NJ,32472,False
Ferry Pass,FL,32447,False
Savage,MN,32441,False
Beverly Hills,CA,32406,False
Desert Hot Springs,CA,32386,False
Clearfield,UT,32369,False
Seaside,CA,32291,False
Wheat Ridge,CO,32263,False
North Olmsted,OH,32244,False
Massillon,OH,32179,False
Weatherford,TX,32168,False
Pasadena,MD,32161,False
Nacogdoches,TX,32148,False
Juneau city and,AK,32108,False
O'Fallon,IL,32104,False
Pekin,IL,32075,False
Florence,KY,32056,False
Canyon Lake,TX,32035,False
Rome,NY,32031,False
Aiken,SC,32014,False
Marrero,LA,32003,False
Michigan City,IN,31983,False
Pullman,WA,31972,False
Franklin Square,NY,31969,False
Needham,MA,31957,False
Long Branch,NJ,31932,False
San Pablo,CA,31907,False
Centereach,NY,31889,False
Maryville,TN,31876,False
Cleburne,TX,31849,False
Atwater,CA,31841,False
Carlsbad,NM,31755,False
Duluth,GA,31742,False
Laramie,WY,31735,False
Poughkeepsie,NY,31717,False
Bangor,ME,31705,False
Dania Beach,FL,31700,False
Garner,NC,31684,False
West Bend,WI,31682,False
Naugatuck,CT,31653,False
El Paso de Robles (Paso Robles),CA,31595,False
Mundelein,IL,31583,False
Holladay,UT,31563,False
Lawndale,CA,31553,False
Lake Magdalene,FL,31546,False
Oak Ridge,TN,31535,False
Milford Mill,MD,31513,False
Prosper,TX,31507,False
Oceanside,NY,31488,False
Elizabethtown,KY,31425,False
Jackson,MI,31420,False
Cornelius,NC,31396,False
Shawnee,OK,31391,False
New Bern,NC,31373,False
Opelika,AL,31361,False
Ithaca,NY,31359,False
Nicholasville,KY,31352,False
Norwood,MA,31343,False
Redan,GA,31326,False
Bel Air North,MD,31308,False
Port Chester,NY,31288,False
La Verne,CA,31239,False
LaGrange,GA,31173,False
Laguna Hills,CA,31170,False
Middle River,MD,31155,False
Orcutt,CA,31137,False
Los Altos,CA,31133,False
West Falls Church,VA,31121,False
North Royalton,OH,31120,False
Sterling,VA,31058,False
Hopkinsville,KY,31042,False
Springfield,VA,31022,False
Alamogordo,NM,30996,False
Burlingame,CA,30995,False
Bethany,OR,30983,False
Lakeside,FL,30973,False
Ballwin,MO,30948,False
SeaTac,WA,30927,False
West Odessa,TX,30904,False
North Chicago,IL,30890,False
Westfield,NJ,30839,False
Zionsville,IN,30832,False
Santa Paula,CA,30788,False
Southlake,TX,30779,False
Saratoga,CA,30771,False
North Attleborough Town,MA,30750,False
Northport,AL,30714,False
Newark,DE,30655,False
Niles,IL,30637,False
Eagle,ID,30635,False
Gurnee,IL,30629,False
Miami Lakes,FL,30621,False
Morristown,TN,30574,False
Bay Shore,NY,30553,False
Parkville,MD,30520,False
San Carlos,CA,30490,False
North Tonawanda,NY,30479,False
Lawrenceville,GA,30465,False
Newington,CT,30458,False
Princeton,NJ,30450,False
New Smyrna Beach,FL,30449,False
Erie,CO,30447,False
Austintown,OH,30397,False
Sanford,NC,30373,False
Eldersburg,MD,30357,False
Seguin,TX,30318,False
Liberty,MO,30299,False
Bella Vista,AR,30297,False
Lafayette,CO,30295,False
Drexel Heights,AZ,30254,False
Morgantown,WV,30220,False
Highland Park,IL,30209,False
Middletown,NY,30169,False
Bowling Green,OH,30157,False
Granger,IN,30019,False
Monterey,CA,30007,False
Winter Park,FL,29985,False
East Niles,CA,29981,False
Chamblee,GA,29980,False
Vero Beach South,FL,29965,False
Southgate,MI,29948,False
Banning,CA,29929,False
Galesburg,IL,29923,False
Algonquin,IL,29888,False
Wellesley,MA,29862,False
Gloucester,MA,29830,False
Fitchburg,WI,29826,False
Fleming Island,FL,29810,False
Raytown,MO,29772,False
San Lorenzo,CA,29759,False
Atascadero,CA,29758,False
Morrisville,NC,29756,False
Fridley,MN,29731,False
Summerlin South,NV,29724,False
Paragould,AR,29690,False
Parkersburg,WV,29685,False
Hazleton,PA,29671,False
Rahway,NJ,29664,False
Lathrop,CA,29633,False
Matthews,NC,29613,False
Laurel,MD,29581,False
Schererville,IN,29573,False
Hobart,IN,29573,False
Burton,MI,29568,False
Eastern Goleta Valley,CA,29563,False
East Palo Alto,CA,29520,False
Central,LA,29518,False
Hutto,TX,29498,False
Fountain,CO,29498,False
Garfield Heights,OH,29497,False
Oak Park,MI,29495,False
Greenville,MS,29495,False
Melrose,MA,29477,False
Texarkana,AR,29404,False
Golden Gate,FL,29400,False
Brownsburg,IN,29379,False
Bluffton,SC,29375,False
Crofton,MD,29358,False
Carney,MD,29352,False
Suisun City,CA,29350,False
Anderson,SC,29345,False
Jacksonville,AR,29332,False
Kirkwood,MO,29309,False
Sun City Center,FL,29290,False
Magna metro township,UT,29275,False
Oakleaf Plantation,FL,29265,False
Perry Hall,MD,29255,False
East Lake-Orient Park,FL,29243,False
Drexel Hill,PA,29231,False
Orchards,WA,29214,False
Washington,UT,29161,False
Shaker Heights,OH,29157,False
McDonough,GA,29134,False
Burbank,IL,29122,False
Englewood,NJ,29109,False
Danville,IL,29100,False
Casselberry,FL,29092,False
Mehlville,MO,29089,False
Lake in the Hills,IL,28958,False
Laplace,LA,28956,False
Russellville,AR,28946,False
Greenville,TX,28923,False
Haines City,FL,28922,False
Easton,PA,28883,False
Port Huron,MI,28881,False
Ruskin,FL,28878,False
Stockbridge,GA,28858,False
Jeffersontown,KY,28796,False
West Springfield Town,MA,28755,False
Newburgh,NY,28751,False
Bixby,OK,28731,False
Independence,KY,28722,False
Harrison,NY,28721,False
Lansing,IL,28713,False
Slidell,LA,28690,False
Jamestown,NY,28679,False
Agawam Town,MA,28606,False
Statesville,NC,28576,False
Saugus,MA,28566,False
Bridgewater Town,MA,28531,False
Madison Heights,MI,28521,False
Monroeville,PA,28517,False
Enterprise,AL,28513,False
Saratoga Springs,NY,28505,False
Frankfort,KY,28460,False
Milton,MA,28450,False
South Laurel,MD,28427,False
Forest Hills,MI,28425,False
Short Pump,VA,28400,False
Allen Park,MI,28395,False
Aberdeen,SD,28388,False
New Iberia,LA,28363,False
Clarksburg,MD,28337,False
Glen Ellyn,IL,28304,False
Monsey,NY,28287,False
Fredericksburg,VA,28258,False
Northampton,MA,28245,False
Temescal Valley,CA,28227,False
Bergenfield,NJ,28223,False
Walnut,CA,28212,False
Henderson,KY,28166,False
Eagle Pass,TX,28166,False
Glen Cove,NY,28132,False
Ridgecrest,CA,28118,False
Winchester,VA,28103,False
Maryland Heights,MO,28099,False
Old Bridge,NJ,28094,False
Converse,TX,28052,False
Oakdale,MN,28029,False
Twentynine Palms,CA,28006,False
Lake Jackson,TX,27954,False
Garden City,KS,27933,False
Danvers,MA,27910,False
Maple Valley,WA,27889,False
East Haven,CT,27871,False
Daphne,AL,27861,False
Hamtramck,MI,27842,False
Sachse,TX,27829,False
Belmont,CA,27820,False
Rockledge,FL,27808,False
Tualatin,OR,27804,False
Wilmette,IL,27801,False
Williston,ND,27783,False
Ramsey,MN,27774,False
Chaska,MN,27764,False
Williamsport,PA,27755,False
Immokalee,FL,27753,False
Dodge City,KS,27721,False
Clinton,MS,27668,False
Huntley,IL,27652,False
Mount Pleasant,WI,27640,False
Tysons,VA,27617,False
Reisterstown,MD,27616,False
Prior Lake,MN,27608,False
New London,CT,27596,False
Madison,MS,27595,False
Milford,MA,27569,False
Homewood,AL,27557,False
Fortuna Foothills,AZ,27552,False
Marion,IN,27528,False
Millville,NJ,27523,False
Marshalltown,IA,27511,False
McHenry,IL,27493,False
Lemon Grove,CA,27482,False
Crestview,FL,27427,False
Mililani Town,HI,27423,False
Chicago Heights,IL,27366,False
Kent,OH,27336,False
Green,OH,27333,False
Alvin,TX,27325,False
Balch Springs,TX,27322,False
Neenah,WI,27309,False
Bristol,TN,27307,False
Deer Park,NY,27304,False
Ilchester,MD,27300,False
Mason City,IA,27271,False
Citrus Park,FL,27260,False
Pearl,MS,27255,False
New Lenox,IL,27242,False
Kahului,HI,27233,False
Fremont,NE,27230,False
Round Lake Beach,IL,27229,False
Leesburg,FL,27226,False
Holbrook,NY,27220,False
Garden City,MI,27203,False
Oak Forest,IL,27199,False
Ewa Gentry,HI,27198,False
Wethersfield,CT,27192,False
West Islip,NY,27192,False
Kernersville,NC,27177,False
West Linn,OR,27167,False
Lindenhurst,NY,27139,False
Thomasville,NC,27130,False
Asheboro,NC,27117,False
Lochearn,MD,27078,False
Ossining,NY,27076,False
Wakefield,MA,27054,False
Benicia,CA,27040,False
Leisure City,FL,27033,False
Plum,PA,27032,False
Granite City,IL,27026,False
Wooster,OH,27021,False
Belmont,MA,26997,False
Gladstone,MO,26964,False
Lemoore,CA,26955,False
Wheeling,WV,26900,False
Bridgeton,NJ,26895,False
Paducah,KY,26869,False
Union City,GA,26869,False
Shoreview,MN,26846,False
Clayton,NC,26837,False
Temple Terrace,FL,26818,False
Ives Estates,FL,26814,False
West Melbourne,FL,26762,False
Vernon Hills,IL,26750,False
Palm Springs,FL,26692,False
Lebanon,PA,26679,False
Auburn,NY,26674,False
South Portland,ME,26656,False
Horn Lake,MS,26652,False
Sun City West,AZ,26639,False
Edwardsville,IL,26622,False
Carrollton,GA,26622,False
Plainview,NY,26620,False
South Pasadena,CA,26583,False
Paramus,NJ,26582,False
Superior,WI,26562,False
Sanger,CA,26553,False
Cabot,AR,26543,False
Mint Hill,NC,26537,False
Eureka,CA,26519,False
Brawley,CA,26509,False
Shirley,NY,26498,False
Troy,OH,26494,False
Elmira,NY,26494,False
Apollo Beach,FL,26444,False
Owatonna,MN,26400,False
Camas,WA,26387,False
East Chicago,IN,26363,False
Batavia,IL,26355,False
Windsor,CA,26320,False
Wasco,CA,26317,False
South Salt Lake,UT,26315,False
Wright,FL,26272,False
Pooler,GA,26264,False
Woodburn,OR,26222,False
Athens,AL,26179,False
Burlington,MA,26169,False
Forest Grove,OR,26160,False
Imperial Beach,CA,26157,False
Austin,MN,26156,False
Lockport,IL,26119,False
Terrytown,LA,26105,False
Medina,OH,26092,False
Woodstock,IL,26084,False
Winona,MN,26083,False
Northdale,FL,26079,False
Key West,FL,26078,False
Franklin,IN,26073,False
Keystone,FL,26059,False
Ridgewood,NJ,26043,False
Hercules,CA,26041,False
Fort Mill,SC,26022,False
Cave Spring,VA,26013,False
Rosemount,MN,25993,False
Wilsonville,OR,25992,False
Fairland,MD,25987,False
Lodi,NJ,25969,False
Palm City,FL,25957,False
Big Spring,TX,25949,False
Columbine,CO,25940,False
Elk River,MN,25936,False
Grandview,MO,25921,False
Bessemer,AL,25890,False
Norfolk,NE,25883,False
Colleyville,TX,25876,False
Jenks,OK,25872,False
El Cerrito,CA,25869,False
Chanhassen,MN,25868,False
Suitland,MD,25839,False
Inkster,MI,25839,False
Fort Washington,MD,25825,False
Marysville,OH,25806,False
Rockville Centre,NY,25784,False
Florence,AZ,25783,False
Palm River-Clair Mel,FL,25729,False
Oxford,MS,25713,False
Venice,FL,25710,False
Pace,FL,25657,False
Alton,IL,25642,False
West Chicago,IL,25632,False
Trussville,AL,25621,False
Tumwater,WA,25617,False
Moscow,ID,25616,False
Smithtown,NY,25588,False
Staunton,VA,25581,False
Derby,KS,25551,False
Okemos,MI,25549,False
Stevens Point,WI,25549,False
Cliffside Park,NJ,25546,False
Xenia,OH,25499,False
Fort Hood,TX,25476,False
Kalispell,MT,25473,False
South Bradenton,FL,25471,False
Mercer Island,WA,25464,False
Silver Springs Shores,FL,25453,False
West Whittier-Los Nietos,CA,25442,False
Reading,MA,25415,False
Peekskill,NY,25401,False
Belvidere,IL,25389,False
Newberg,OR,25379,False
Holt,MI,25374,False
De Pere,WI,25373,False
Salem,VA,25372,False
Ottumwa,IA,25359,False
Tarpon Springs,FL,25355,False
Galt,CA,25350,False
Hazelwood,MO,25345,False
Norco,CA,25328,False
Lafayette,CA,25310,False
Mill Creek East,WA,25302,False
Caledonia,WI,25277,False
Forney,TX,25269,False
Mauldin,SC,25267,False
Sebastian,FL,25266,False
Kingsville,TX,25265,False
Elkridge,MD,25251,False
Reedley,CA,25248,False
Barstow,CA,25235,False
Avon Lake,OH,25220,False
Allendale,MI,25206,False
University Park,TX,25179,False
Fish Hawk,FL,25179,False
Melrose Park,IL,25177,False
Walker,MI,25175,False
Barberton,OH,25167,False
Carteret,NJ,25161,False
Moses Lake,WA,25155,False
Dedham,MA,25150,False
Brandon,MS,25142,False
North Tustin,CA,25131,False
Conway,SC,25121,False
Dickinson,ND,25116,False
Edgewood,MD,25116,False
Corsicana,TX,25107,False
Mequon,WI,25102,False
Hastings,NE,25098,False
Newport,RI,25087,False
Muskego,WI,25073,False
Romulus,MI,25055,False
Seal Beach,CA,25046,False
Waukee,IA,25045,False
Maywood,CA,25009,False
Norton Shores,MI,24984,False
Sandusky,OH,24964,False
Sugar Hill,GA,24947,False
Morton Grove,IL,24910,False
Westchase,FL,24891,False
Loma Linda,CA,24883,False
Denison,TX,24872,False
Watertown,NY,24859,False
Wyandotte,MI,24857,False
Perrysburg,OH,24855,False
Fort Dodge,IA,24850,False
Kuna,ID,24845,False
Arnold,MD,24825,False
Carolina Forest,SC,24823,False
Avon,OH,24822,False
Riverbank,CA,24803,False
Kankakee,IL,24795,False
Bailey's Crossroads,VA,24785,False
Ardmore,OK,24784,False
Soledad,CA,24781,False
Zanesville,OH,24772,False
San Benito,TX,24766,False
Frederickson,WA,24741,False
Medford,NY,24738,False
Cloverleaf,TX,24735,False
Lutz,FL,24721,False
Dinuba,CA,24713,False
North Potomac,MD,24692,False
Bainbridge Island,WA,24681,False
Dix Hills,NY,24652,False
Greenbelt,MD,24646,False
Bayonet Point,FL,24628,False
Ridgeland,MS,24618,False
Coral Terrace,FL,24597,False
Auburn Hills,MI,24593,False
Selma,CA,24576,False
Paris,TX,24574,False
Zion,IL,24570,False
Clinton,IA,24524,False
Centerville,OH,24510,False
Homer Glen,IL,24507,False
Riverside,OH,24482,False
Oak Ridge,FL,24476,False
Leland,NC,24473,False
Socastee,SC,24464,False
Farmington,UT,24463,False
Oak Harbor,WA,24458,False
Herndon,VA,24456,False
Ponca City,OK,24441,False
Landover,MD,24430,False
North Augusta,SC,24425,False
King of Prussia,PA,24423,False
Decatur,GA,24421,False
Faribault,MN,24418,False
North Laurel,MD,24414,False
Bay Point,CA,24407,False
Happy Valley,OR,24381,False
Benbrook,TX,24366,False
Port St. John,FL,24366,False
West Memphis,AR,24351,False
Kerrville,TX,24333,False
Ballenger Creek,MD,24325,False
Ladera Ranch,CA,24323,False
White Bear Lake,MN,24317,False
Collinsville,IL,24294,False
Elmwood Park,IL,24281,False
Starkville,MS,24274,False
South Plainfield,NJ,24273,False
Westmont,IL,24271,False
Wekiwa Springs,FL,24270,False
Palmetto Bay,FL,24267,False
Somerset,NJ,24246,False
Fairfax,VA,24242,False
Belton,MO,24241,False
North Lynnwood,WA,24235,False
Pelham,AL,24221,False
Yukon,OK,24198,False
North Haven,CT,24179,False
Simpsonville,SC,24133,False
Emporia,KS,24118,False
Saginaw,TX,24106,False
Bloomingdale,FL,24103,False
Wadsworth,OH,24073,False
Rolling Meadows,IL,24054,False
Solon,OH,24053,False
Mandan,ND,24049,False
Auburn,ME,24038,False
Bellview,FL,24035,False
Columbus,NE,24035,False
Jasmine Estates,FL,24032,False
Kingston,NY,24018,False
Papillion,NE,24016,False
Burlington,IA,23976,False
San Fernando,CA,23958,False
Columbus,MS,23896,False
Freeport,IL,23884,False
Johnston,IA,23856,False
Rosemont,CA,23845,False
South Elgin,IL,23841,False
Webster Groves,MO,23838,False
Willoughby,OH,23823,False
Farragut,TN,23795,False
Highland,IN,23794,False
Fountain Hills,AZ,23739,False
Munster,IN,23731,False
Waverly,MI,23723,False
Patterson,CA,23678,False
Shelbyville,TN,23676,False
Muscatine,IA,23671,False
Greenfield,IN,23669,False
Champlin,MN,23666,False
Lexington,SC,23665,False
Roseburg,OR,23657,False
Kenmore,WA,23611,False
Fresno,TX,23608,False
Mountain House,CA,23590,False
Jacksonville Beach,FL,23583,False
Middletown,DE,23573,False
Brookings,SD,23530,False
Nixa,MO,23523,False
Watauga,TX,23509,False
Marshall,TX,23509,False
Lisle,IL,23499,False
Gardner,KS,23488,False
Farmington,MN,23487,False
Griffin,GA,23485,False
Maple Heights,OH,23473,False
Copiague,NY,23442,False
Van Buren,AR,23398,False
Clinton,UT,23389,False
Maywood,IL,23385,False
West Springfield,VA,23372,False
Rock Springs,WY,23361,False
Pottstown,PA,23356,False
North Platte,NE,23309,False
Camp Springs,MD,23269,False
Linda,CA,23262,False
Martha Lake,WA,23259,False
Cockeysville,MD,23246,False
Cottage Lake,WA,23233,False
Raymore,MO,23232,False
Pickerington,OH,23229,False
Wilmington,MA,23191,False
Eastmont,WA,23173,False
Union Hill-Novelty Hill,WA,23173,False
Ashland,CA,23164,False
Sienna,TX,23150,False
New Brighton,MN,23141,False
Edgewater,FL,23138,False
Belton,TX,23137,False
Easley,SC,23135,False
Trotwood,OH,23125,False
Oakdale,CA,23120,False
Liberty Triangle,FL,23112,False
Chantilly,VA,23107,False
Calabasas,CA,23106,False
Cartersville,GA,23103,False
Eustis,FL,23101,False
Bear,DE,23070,False
Chester,VA,23068,False
Bloomington,CA,23051,False
Hopewell,VA,23046,False
Fernley,NV,23035,False
Derry,NH,23027,False
Glassboro,NJ,23014,False
Hudson,OH,23005,False
Taylors,SC,23005,False
Stoneham,MA,22992,False
Radcliff,KY,22981,False
Watertown,WI,22978,False
Brent,FL,22969,False
Woodlawn CDP (Fairfax County),VA,22966,False
Searcy,AR,22961,False
Crystal,MN,22954,False
Nocatee,FL,22950,False
Christiansburg,VA,22947,False
Laguna Beach,CA,22943,False
Loves Park,IL,22935,False
Blue Island,IL,22934,False
Prairie Village,KS,22922,False
Keene,NH,22907,False
Garden City,NY,22871,False
Roselle,IL,22846,False
Machesney Park,IL,22840,False
Katy,TX,22826,False
Millbrae,CA,22825,False
Hialeah Gardens,FL,22815,False
Winchester,MA,22809,False
Corcoran,CA,22808,False
Brambleton,VA,22796,False
Pecan Grove,TX,22784,False
Sun Valley,NV,22775,False
Duncan,OK,22759,False
Villa Park,IL,22753,False
Junction City,KS,22738,False
Watertown,SD,22718,False
Hazel Dell,WA,22714,False
The Crossings,FL,22708,False
Anthem,AZ,22708,False
Candler-McAfee,GA,22707,False
Kapolei,HI,22701,False
Allison Park,PA,22701,False
Athens,OH,22698,False
North Plainfield,NJ,22695,False
Rotterdam,NY,22673,False
Cudahy,CA,22657,False
East San Gabriel,CA,22654,False
Fairhope,AL,22605,False
Bonney Lake,WA,22590,False
Summit,NJ,22555,False
East Peoria,IL,22552,False
Florida Ridge,FL,22549,False
Horizon City,TX,22537,False
Greenwood,SC,22528,False
Cherry Hill,VA,22505,False
Corinth,TX,22502,False
Roselle,NJ,22500,False
Coralville,IA,22494,False
Willowbrook,CA,22491,False
Biddeford,ME,22438,False
Bloomingdale,IL,22435,False
Albertville,AL,22433,False
Rancho San Diego,CA,22430,False
La Porte,IN,22409,False
Central Falls,RI,22359,False
Waynesboro,VA,22341,False
Acworth,GA,22318,False
DeBary,FL,22310,False
Brushy Creek,TX,22282,False
Ruston,LA,22282,False
Mountain Brook,AL,22259,False
Marina,CA,22253,False
Kihei,HI,22247,False
West Carson,CA,22240,False
Silver Firs,WA,22230,False
Sunny Isles Beach,FL,22202,False
Chalmette,LA,22192,False
McNair,VA,22187,False
Granite Bay,CA,22180,False
Ensley,FL,22148,False
Golden Valley,MN,22142,False
West Rancho Dominguez,CA,22141,False
Portsmouth,NH,22138,False
World Golf Village,FL,22137,False
Ramona,CA,22118,False
Leesylvania,VA,22114,False
Evans,CO,22092,False
Clarksville,IN,22087,False
Montclair,VA,22083,False
West Puente Valley,CA,22074,False
Hastings,MN,22063,False
Oxford,OH,22051,False
Lorton,VA,22049,False
East Ridge,TN,22040,False
Carbondale,IL,22039,False
Sapulpa,OK,22030,False
Oxford,AL,22019,False
Chillicothe,OH,22002,False
Sanford,ME,21986,False
Darien,IL,21953,False
Valinda,CA,21952,False
Chambersburg,PA,21917,False
St. Andrews,SC,21909,False
Pascagoula,MS,21904,False
North Salt Lake,UT,21875,False
Hillsborough,NJ,21865,False
Middleton,WI,21864,False
New Castle,PA,21863,False
Port Hueneme,CA,21847,False
Massapequa,NY,21845,False
Mount Pleasant,MI,21826,False
Columbia Heights,MN,21822,False
Hayesville,OR,21822,False
Klamath Falls,OR,21806,False
Parsippany,NJ,21806,False
Avon,IN,21783,False
Langley Park,MD,21778,False
Silverdale,WA,21774,False
Sedalia,MO,21767,False
Lakeside CDP (San Diego County),CA,21759,False
Selden,NY,21759,False
South Euclid,OH,21754,False
Birmingham,MI,21738,False
Shelby,NC,21712,False
Yucca Valley,CA,21700,False
Duarte,CA,21686,False
Del City,OK,21682,False
Gallup,NM,21672,False
American Canyon,CA,21669,False
New Hope,MN,21620,False
Alliance,OH,21603,False
Tukwila,WA,21569,False
Fulshear,TX,21552,False
Rocky River,OH,21552,False
Mililani Mauka,HI,21546,False
Ashland,KY,21542,False
Payson,UT,21529,False
Lino Lakes,MN,21525,False
Anniston,AL,21502,False
Celina,TX,21501,False
Holiday,FL,21495,False
Harvey,LA,21485,False
Dickinson,TX,21475,False
Secaucus,NJ,21470,False
Ozark,MO,21459,False
Kailua CDP (Hawaii County),HI,21449,False
East Patchogue,NY,21449,False
Rio Rico,AZ,21447,False
Four Square Mile,CO,21420,False
Ashland,OR,21401,False
Geneva,IL,21390,False
Seymour,IN,21373,False
Pleasant Prairie,WI,21373,False
Mukilteo,WA,21365,False
Mountlake Terrace,WA,21350,False
South Lake Tahoe,CA,21346,False
Lindenwold,NJ,21337,False
Vicksburg,MS,21337,False
Winter Gardens,CA,21320,False
South Holland,IL,21287,False
Sulphur,LA,21286,False
Dolton,IL,21283,False
Clemmons,NC,21281,False
Perry,GA,21279,False
Yorkville,IL,21273,False
Baldwin,PA,21266,False
Elmwood Park,NJ,21261,False
West Pensacola,FL,21246,False
Carrboro,NC,21242,False
Suwanee,GA,21238,False
Lealman,FL,21237,False
Rose Hill CDP (Fairfax County),VA,21203,False
Milwaukie,OR,21195,False
Bayou Cane,LA,21142,False
Foley,AL,21113,False
Hays,KS,21111,False
Tullahoma,TN,21107,False
Gardner,MA,21090,False
North Bellmore,NY,21070,False
North Ogden,UT,21065,False
Makakilo,HI,21055,False
Park Forest,IL,21042,False
Helena,AL,21036,False
Wade Hampton,SC,21029,False
Stephenville,TX,21020,False
Willmar,MN,21006,False
Merrick,NY,21004,False
Lebanon,OH,20999,False
Mineola,NY,20940,False
Green Valley,AZ,20937,False
East Moline,IL,20937,False
Woodbridge,NJ,20927,False
Louisville,CO,20920,False
Fort Walton Beach,FL,20919,False
Five Corners,WA,20916,False
Snellville,GA,20895,False
Battle Ground,WA,20888,False
Germantown,WI,20885,False
Murphy,TX,20880,False
Hyattsville,MD,20851,False
Carlisle,PA,20846,False
Arnold,MO,20840,False
Murrysville,PA,20820,False
West St. Paul,MN,20820,False
Covington,WA,20814,False
Lockport,NY,20808,False
Grayslake,IL,20801,False
Mill Creek,WA,20797,False
Bryant,AR,20750,False
Hanahan,SC,20731,False
St. John,IN,20727,False
Ennis,TX,20709,False
Parma Heights,OH,20706,False
Lennox,CA,20687,False
South Milwaukee,WI,20678,False
Marquette,MI,20673,False
Waxhaw,NC,20665,False
Lomita,CA,20662,False
Mesquite,NV,20659,False
Rosamond,CA,20654,False
Montgomery,IL,20644,False
Eastchester,NY,20633,False
Niskayuna,NY,20629,False
Bethany,OK,20620,False
Pittsburg,KS,20610,False
Hurricane,UT,20609,False
Adrian,MI,20607,False
South St. Paul,MN,20598,False
Nanuet,NY,20586,False
Mead Valley,CA,20581,False
Pleasantville,NJ,20562,False
Libertyville,IL,20555,False
Forest Lake,MN,20553,False
Bothell West,WA,20530,False
Mustang,OK,20518,False
Northfield,MN,20518,False
Elko,NV,20513,False
Stevenson Ranch,CA,20484,False
Golden,CO,20461,False
Otsego,MN,20455,False
Saco,ME,20446,False
Piqua,OH,20441,False
Imperial,CA,20430,False
Hauppauge,NY,20401,False
Monroe,MI,20400,False
Montrose,CO,20394,False
West Hempstead,NY,20393,False
North Liberty,IA,20393,False
Old Jamestown,MO,20387,False
Painesville,OH,20387,False
La Cañada Flintridge,CA,20378,False
Sidney,OH,20350,False
Marblehead,MA,20350,False
Altamont,OR,20345,False
Westbrook,ME,20339,False
North Amityville,NY,20336,False
Salmon Creek,WA,20312,False
Lynbrook,NY,20299,False
East Northport,NY,20287,False
Sherwood,OR,20286,False
Marion Oaks,FL,20283,False
Oroville,CA,20283,False
Arlington,WA,20263,False
East Hemet,CA,20261,False
Frankfort,IL,20260,False
South Burlington,VT,20241,False
Hammond,LA,20239,False
Palisades Park,NJ,20231,False
Ypsilanti,MI,20204,False
Shafter,CA,20162,False
Midway CDP (Santa Rosa County),FL,20141,False
Arbutus,MD,20135,False
Portland,TX,20130,False
Mayfield Heights,OH,20127,False
Morristown,NJ,20126,False
Plainview,TX,20113,False
Culpeper,VA,20105,False
Westminster,MD,20099,False
Buckhall,VA,20095,False
La Crescenta-Montrose,CA,20092,False
Agoura Hills,CA,20088,False
Rosedale,MD,20058,False
Casa de Oro-Mount Helix,CA,20055,False
Meadowbrook,VA,20047,False
Whitehall,OH,20035,False
Harvey,IL,20035,False
Albany,CA,20027,False
Rolla,MO,20025,False
Howard,WI,20022,False
Altoona,IA,20017,False
Port Angeles,WA,20007,False
Forest Park,OH,20005,False
Mamaroneck,NY,19930,False
Sand Springs,OK,19925,False
Merrifield,VA,19923,False
Affton,MO,19922,False
Plattsburgh,NY,19907,False
Oregon,OH,19896,False
Hunters Creek,FL,19895,False
Crest Hill,IL,19886,False
Mokena,IL,19886,False
Miamisburg,OH,19877,False
Homewood,IL,19868,False
Broadview Heights,OH,19815,False
Lincolnia,VA,19812,False
Alamo,TX,19811,False
Universal City,TX,19798,False
Palm Valley,FL,19766,False
Lackawanna,NY,19762,False
Nogales,AZ,19761,False
Lake Zurich,IL,19749,False
Evergreen Park,IL,19730,False
Claremore,OK,19724,False
Beltsville,MD,19704,False
Kinston,NC,19704,False
South El Monte,CA,19694,False
Shelbyville,IN,19678,False
Monroe,WA,19632,False
Forest Park,GA,19619,False
Arvin,CA,19613,False
Huntington,NY,19610,False
Punta Gorda,FL,19605,False
Brigham City,UT,19602,False
Holtsville,NY,19597,False
Lexington,NC,19595,False
Erlanger,KY,19577,False
Hermosa Beach,CA,19551,False
East Massapequa,NY,19508,False
West Mifflin,PA,19506,False
Orinda,CA,19477,False
Hawthorne,NJ,19456,False
Angleton,TX,19452,False
Clifton,CO,19443,False
Lake Forest,IL,19436,False
Madisonville,KY,19433,False
Bartow,FL,19424,False
Lynn Haven,FL,19421,False
Zachary,LA,19401,False
Sweetwater,FL,19399,False
Sartell,MN,19382,False
Englewood,FL,19378,False
Prunedale,CA,19372,False
Seabrook,MD,19369,False
Boone,NC,19368,False
Prichard,AL,19353,False
Brookfield,IL,19349,False
Warrensburg,MO,19317,False
Stillwater,MN,19316,False
Naples,FL,19315,False
Twinsburg,OH,19291,False
Sudley,VA,19289,False
Seminole,FL,19287,False
Cutlerville,MI,19281,False
Ashland,OH,19270,False
Hermiston,OR,19267,False
Highland,UT,19267,False
Maitland,FL,19266,False
Ferndale,MI,19264,False
Sherrelwood,CO,19254,False
Valle Vista,CA,19252,False
Groveland,FL,19240,False
Roosevelt,NY,19233,False
Orange,TX,19221,False
Springboro,OH,19218,False
Harrison,NJ,19217,False
Maumelle,AR,19183,False
Badger,AK,19182,False
Tinton Falls,NJ,19180,False
Rosedale,CA,19174,False
Deerfield,IL,19173,False
Cedar Mill,OR,19151,False
Durango,CO,19148,False
Knightdale,NC,19127,False
Midlothian,VA,19123,False
Central Point,OR,19123,False
White Oak,OH,19101,False
Lumberton,NC,19099,False
Liberal,KS,19099,False
Haslett,MI,19091,False
Tavares,FL,19088,False
Winchester,KY,19080,False
Cocoa,FL,19073,False
Dixon,CA,19071,False
Sylvania,OH,19042,False
Cumberland,MD,19041,False
Cimarron Hills,CO,19039,False
Winthrop Town,MA,19031,False
Point Pleasant,NJ,19024,False
Norwood,OH,19018,False
North Valley Stream,NY,19016,False
West Chester,PA,19016,False
Fate,TX,19010,False
Fayetteville,GA,19010,False
Gautier,MS,19007,False
Ellensburg,WA,19003,False
Greenfield,CA,18998,False
Weirton,WV,18971,False
Ansonia,CT,18954,False
Fox Crossing,WI,18949,False
Pinole,CA,18946,False
Augusta,ME,18938,False
Harrisburg,NC,18934,False
Franklin Farm,VA,18903,False
Matteson,IL,18898,False
San Carlos Park,FL,18888,False
Lake Shore,MD,18872,False
Coronado,CA,18871,False
Alsip,IL,18866,False
Cinco Ranch,TX,18856,False
North Myrtle Beach,SC,18850,False
Santa Fe Springs,CA,18840,False
Ronkonkoma,NY,18838,False
Onalaska,WI,18837,False
Lakeway,TX,18835,False
Bradfordville,FL,18833,False
Republic,MO,18824,False
Brownwood,TX,18820,False
Sheridan,WY,18807,False
Syosset,NY,18807,False
East St. Louis,IL,18796,False
Marshfield,WI,18795,False
Wisconsin Rapids,WI,18783,False
Springfield,TN,18775,False
Chowchilla,CA,18772,False
Durant,OK,18759,False
Rutherford,NJ,18754,False
Hopkins,MN,18752,False
Bayshore Gardens,FL,18745,False
Thomasville,GA,18744,False
Palestine,TX,18741,False
Wallingford Center,CT,18738,False
Lansdale,PA,18727,False
Phoenixville,PA,18723,False
Country Walk,FL,18719,False
South San Jose Hills,CA,18717,False
Altus,OK,18711,False
Ottawa,IL,18708,False
Creve Coeur,MO,18679,False
Martinsburg,WV,18678,False
Round Lake,IL,18677,False
Bensenville,IL,18673,False
Trinity,FL,18672,False
Seagoville,TX,18658,False
Centerton,AR,18655,False
St. Michael,MN,18648,False
Castaic,CA,18643,False
Knik-Fairview,AK,18619,False
Fairwood CDP (King County),WA,18612,False
Bellwood,IL,18611,False
Concord,MO,18606,False
Five Forks,SC,18592,False
Preakness,NJ,18591,False
Lebanon,OR,18587,False
Anna,TX,18585,False
Colonia,NJ,18581,False
Clive,IA,18576,False
Elizabeth City,NC,18570,False
Nederland,TX,18569,False
Kingsland,GA,18563,False
Shenandoah,LA,18561,False
Berea,OH,18550,False
Ferguson,MO,18546,False
Arcata,CA,18536,False
Parole,MD,18527,False
Newton,KS,18527,False
Melville,NY,18526,False
Oxon Hill,MD,18526,False
Iselin,NJ,18511,False
Brook Park,OH,18509,False
St. Marys,GA,18507,False
Alton,TX,18493,False
Laurel,VA,18480,False
Boerne,TX,18475,False
La Marque,TX,18464,False
Princeton,TX,18441,False
Arroyo Grande,CA,18435,False
Albert Lea,MN,18434,False
Cullman,AL,18434,False
Johnstown,PA,18429,False
Dover,NJ,18426,False
New River,AZ,18422,False
Trenton,MI,18420,False
Ocean Springs,MS,18417,False
Winder,GA,18414,False
Tallmadge,OH,18411,False
Fairmont,WV,18402,False
North Babylon,NY,18393,False
North Bay Shore,NY,18392,False
Crowley,TX,18392,False
Franklin Park,IL,18374,False
Newburyport,MA,18356,False
Redland,MD,18346,False
Maryland City,MD,18345,False
Lake Ronkonkoma,NY,18339,False
West Haven,UT,18334,False
Calverton,MD,18324,False
Lenoir,NC,18301,False
Panama City Beach,FL,18281,False
Pinecrest,FL,18279,False
Palos Hills,IL,18278,False
Phelan,CA,18272,False
Westerly,RI,18272,False
Somerset,MA,18266,False
Burlington,KY,18264,False
Amsterdam,NY,18244,False
Manchester,MO,18240,False
Centralia,WA,18234,False
Ocean Acres,NJ,18229,False
Kingstowne,VA,18228,False
North Massapequa,NY,18198,False
Oconomowoc,WI,18178,False
Steubenville,OH,18175,False
Sycamore,IL,18171,False
Logansport,IN,18166,False
Colonial Heights,VA,18158,False
Schofield Barracks,HI,18133,False
Portsmouth,OH,18130,False
Canby,OR,18127,False
Menasha,WI,18125,False
Bourbonnais,IL,18125,False
McAlester,OK,18110,False
Shorewood,IL,18109,False
Niles,OH,18107,False
White Settlement,TX,18106,False
Fort Carson,CO,18105,False
Hybla Valley,VA,18104,False
Cudahy,WI,18087,False
East Riverdale,MD,18080,False
Scarsdale,NY,18061,False
Spanish Lake,MO,18051,False
Bryn Mawr-Skyway,WA,18032,False
Tillmans Corner,AL,18018,False
Dumont,NJ,18014,False
Nipomo,CA,18009,False
Ashtabula,OH,18003,False
Terrell,TX,18001,False
Wantagh,NY,17995,False
Cameron Park,CA,17995,False
Mount Washington,KY,17987,False
Sevierville,TN,17986,False
Cohoes,NY,17960,False
Blythe,CA,17949,False
Burke Centre,VA,17926,False
Ammon,ID,17921,False
Alice,TX,17916,False
Natchitoches,LA,17908,False
Franconia,VA,17906,False
Glenvar Heights,FL,17902,False
Mebane,NC,17899,False
Tiffin,OH,17894,False
Anoka,MN,17892,False
Cary,IL,17880,False
Gibsonton,FL,17879,False
Steiner Ranch,TX,17879,False
Selma,AL,17875,False
Bay City,TX,17869,False
Farmington,MO,17859,False
Pataskala,OH,17843,False
Brownsville,FL,17817,False
Charleston,IL,17795,False
Godfrey,IL,17791,False
Idylwood,VA,17788,False
North Canton,OH,17773,False
Lake Butler,FL,17765,False
Willimantic,CT,17762,False
Troy,AL,17757,False
Cahokia Heights,IL,17753,False
North Aurora,IL,17750,False
McKeesport,PA,17749,False
Live Oak,CA,17707,False
Greenfield,MA,17674,False
Hope Mills,NC,17671,False
Southbridge Town,MA,17669,False
Anacortes,WA,17667,False
Brenham,TX,17655,False
Pinehurst,NC,17653,False
Mount Holly,NC,17644,False
Camano,WA,17642,False
Gretna,LA,17640,False
Jacksonville,IL,17639,False
Stuart,FL,17639,False
Woodmere,NY,17632,False
Siloam Springs,AR,17632,False
Eastlake,OH,17625,False
Storrs,CT,17606,False
El Dorado,AR,17606,False
New Philadelphia,OH,17602,False
Zephyrhills,FL,17575,False
Cortland,NY,17574,False
Wayne,MI,17568,False
Lemont,IL,17558,False
Clemson,SC,17557,False
Takoma Park,MD,17542,False
Oak Grove,OR,17535,False
Kirksville,MO,17533,False
Norcross,GA,17530,False
St. Matthews,KY,17511,False
Goodlettsville,TN,17500,False
Coalinga,CA,17488,False
South Ogden,UT,17476,False
El Reno,OK,17474,False
South Venice,FL,17469,False
Bluffdale,UT,17460,False
West Columbia,SC,17459,False
Gainesville,TX,17459,False
Morganton,NC,17457,False
Laguna Woods,CA,17452,False
Bon Air,VA,17452,False
Los Lunas,NM,17452,False
Olivehurst,CA,17416,False
Conyers,GA,17415,False
Murray,KY,17414,False
New Castle,IN,17413,False
Wahiawa,HI,17400,False
Streetsboro,OH,17378,False
Woodcrest,CA,17378,False
Villa Rica,GA,17354,False
Glassmanor,MD,17353,False
Johnstown,CO,17327,False
Jenison,MI,17314,False
Fort Thomas,KY,17310,False
Islip,NY,17284,False
Bethpage,NY,17281,False
Amesbury Town,MA,17279,False
Lebanon,IN,17277,False
Hernando,MS,17262,False
Rancho Mirage,CA,17257,False
Stanford,CA,17255,False
North Druid Hills,GA,17241,False
Laurel,MS,17241,False
Stafford,TX,17240,False
Shelbyville,KY,17239,False
Aurora,OH,17227,False
Buford,GA,17222,False
Clayton,MO,17212,False
Avenel,NJ,17211,False
Danville,KY,17191,False
Flowing Wells,AZ,17188,False
Calhoun,GA,17184,False
North Decatur,GA,17183,False
Hinsdale,IL,17169,False
Pinewood,FL,17163,False
Bellaire,TX,17163,False
Fairview Park,OH,17137,False
Graham,NC,17136,False
Beckley,WV,17132,False
Manassas Park,VA,17123,False
Easton,MD,17118,False
Kaukauna,WI,17111,False
Groves,TX,17110,False
Oswego,NY,17092,False
Estelle,LA,17091,False
Lake St. Louis,MO,17088,False
Safety Harbor,FL,17087,False
El Segundo,CA,17081,False
Upper Grand Lagoon,FL,17062,False
Tifton,GA,17059,False
Cañon City,CO,17059,False
Massapequa Park,NY,17045,False
Norwalk,OH,17041,False
Bristol,VA,17036,False
Addison,TX,17026,False
Milledgeville,GA,17021,False
Huntington,IN,17017,False
Port Washington,NY,17015,False
Wixom,MI,17007,False
Pendleton,OR,17005,False
Abington,MA,17003,False
Hannibal,MO,17003,False
Gainesville,VA,16972,False
Aberdeen,WA,16969,False
Dallas,OR,16945,False
Myrtle Grove,FL,16945,False
Adelphi,MD,16944,False
Heber,UT,16943,False
Bridgeview,IL,16939,False
Hampton Bays,NY,16939,False
Ashwaubenon,WI,16939,False
Powder Springs,GA,16930,False
McKinleyville,CA,16913,False
Laconia,NH,16898,False
Belle Glade,FL,16896,False
Colonial Park,PA,16891,False
Farmingville,NY,16889,False
New Milford,NJ,16888,False
Marion,IL,16867,False
Pampa,TX,16861,False
Mount Vernon,OH,16861,False
Moraga,CA,16859,False
Defiance,OH,16852,False
Bostonia,CA,16850,False
Damascus,MD,16846,False
Hot Springs Village,AR,16843,False
Mattoon,IL,16830,False
Washougal,WA,16828,False
Long Beach,MS,16809,False
Truckee,CA,16784,False
Palmetto Estates,FL,16776,False
Sunland Park,NM,16773,False
Havelock,NC,16759,False
New Port Richey,FL,16742,False
Donna,TX,16742,False
Centerville,UT,16740,False
Kings Park,NY,16730,False
Brunswick,ME,16725,False
Vincennes,IN,16715,False
La Vista,NE,16713,False
Firestone,CO,16704,False
Richmond Hill,GA,16703,False
Westchester,IL,16694,False
Holly Springs,GA,16675,False
Murraysville,NC,16672,False
Ferndale,MD,16669,False
Hueytown,AL,16655,False
Beaver Dam,WI,16652,False
Calera,AL,16644,False
Lake Mary,FL,16636,False
Glenmont,MD,16632,False
Millbrook,AL,16631,False
Red Wing,MN,16627,False
Bull Run CDP (Prince William County),VA,16620,False
Clearlake,CA,16612,False
Morton,IL,16601,False
Rio Linda,CA,16596,False
Three Lakes,FL,16596,False
Wailuku,HI,16590,False
Country Club Hills,IL,16578,False
Warrington,FL,16567,False
Humble,TX,16563,False
Menomonie,WI,16563,False
West Richland,WA,16547,False
Ada,OK,16537,False
Vero Beach,FL,16531,False
Madison,NJ,16521,False
East Highland Park,VA,16499,False
Ukiah,CA,16496,False
Ham Lake,MN,16489,False
Jasper,IN,16488,False
Hillcrest Heights,MD,16478,False
Warsaw,IN,16473,False
Fairburn,GA,16469,False
Lake Wales,FL,16455,False
Fillmore,CA,16455,False
Ojus,FL,16450,False
Taylor,TX,16449,False
Rye,NY,16447,False
Glenn Heights,TX,16445,False
Albemarle,NC,16444,False
Cloverly,MD,16436,False
Auburndale,FL,16432,False
Pearl River,NY,16426,False
Aberdeen,MD,16422,False
Spanish Springs,NV,16418,False
Hanover,PA,16411,False
Dyer,IN,16407,False
Vienna,VA,16401,False
Dentsville,SC,16399,False
Tahlequah,OK,16389,False
Hollins,VA,16386,False
Radford,VA,16379,False
Payson,AZ,16363,False
Mercedes,TX,16361,False
Fairview Heights,IL,16360,False
Fullerton,PA,16358,False
North Arlington,NJ,16352,False
Grosse Pointe Woods,MI,16338,False
Crawfordsville,IN,16335,False
Muscle Shoals,AL,16334,False
Mount Dora,FL,16330,False
Sunnyside,WA,16329,False
Poplar Bluff,MO,16313,False
Douglas,AZ,16301,False
Fort Drum,NY,16298,False
Buffalo,MN,16288,False
Welby,CO,16287,False
Center Point,AL,16279,False
Glen Allen,VA,16246,False
Parkway,CA,16242,False
Artesia,CA,16237,False
Chickasha,OK,16231,False
Opa-locka,FL,16230,False
Hermitage,PA,16216,False
Lemay,MO,16211,False
Walnut Park,CA,16209,False
Stallings,NC,16193,False
Mastic Beach,NY,16189,False
Berea,SC,16184,False
Griffith,IN,16182,False
Ocean Pointe,HI,16173,False
Dyersburg,TN,16170,False
South Houston,TX,16169,False
Hibbing,MN,16167,False
River Falls,WI,16165,False
Four Corners,OR,16163,False
Troutdale,OR,16150,False
Sikeston,MO,16146,False
Sayville,NY,16145,False
Easthampton Town,MA,16136,False
La Grange,IL,16128,False
Saraland,AL,16109,False
Ripon,CA,16092,False
Bellevue,WI,16086,False
Seymour,TN,16081,False
South River,NJ,16081,False
Eloy,AZ,16075,False
Mount Pleasant,TX,16065,False
Gardendale,AL,16051,False
Dickson,TN,16051,False
Stone Ridge,VA,16049,False
Grovetown,GA,16049,False
Lady Lake,FL,16047,False
Bay Village,OH,16047,False
Fort Mohave,AZ,16038,False
Hewitt,TX,16034,False
Sulphur Springs,TX,16033,False
Mountain Home,ID,16026,False
Azalea Park,FL,16024,False
Americus,GA,16020,False
Lithia Springs,GA,16020,False
Grandville,MI,16017,False
Fort Hunt,VA,16009,False
Youngsville,LA,15990,False
The Dalles,OR,15988,False
Washington,IL,15988,False
Dublin,GA,15985,False
St. Simons,GA,15983,False
Kerman,CA,15980,False
Clarksburg,WV,15977,False
Frankfort,IN,15976,False
Viera West,FL,15958,False
Coos Bay,OR,15949,False
Marco Island,FL,15942,False
Summerfield,MD,15940,False
Bellmore,NY,15937,False
Middleburg Heights,OH,15918,False
Alpine,CA,15911,False
Brooklyn Park,MD,15902,False
Fremont,OH,15900,False
Floral Park,NY,15892,False
Highland Village,TX,15883,False
Prospect Heights,IL,15861,False
Seaford,NY,15853,False
Jamestown,ND,15850,False
Gatesville,TX,15848,False
Indianola,IA,15845,False
Overland,MO,15838,False
Hugo,MN,15831,False
Elkton,MD,15830,False
Seven Oaks,SC,15826,False
Port Orchard,WA,15820,False
Rutland,VT,15819,False
Pewaukee,WI,15817,False
Opelousas,LA,15810,False
Niceville,FL,15804,False
Longmeadow,MA,15789,False
Westbury,NY,15788,False
Waterville,ME,15785,False
Thibodaux,LA,15738,False
Susanville,CA,15737,False
Wildwood,FL,15735,False
Live Oak,TX,15726,False
Whitewater,WI,15725,False
Lynden,WA,15723,False
Wolf Trap,VA,15712,False
Hayden,ID,15703,False
Southern Pines,NC,15701,False
Weston,WI,15698,False
Newton,IA,15692,False
Grain Valley,MO,15688,False
Horsham,PA,15683,False
Mount Clemens,MI,15679,False
Hartford,WI,15667,False
Mitchell,SD,15656,False
Chubbuck,ID,15638,False
Coto de Caza,CA,15632,False
Longwood,FL,15628,False
Fort Leonard Wood,MO,15615,False
Shively,KY,15595,False
Princeton Meadows,NJ,15585,False
Red Hill,SC,15585,False
Southchase,FL,15573,False
Dixon,IL,15573,False
New Haven,IN,15552,False
Scottsboro,AL,15543,False
Greenwood Village,CO,15537,False
Rendon,TX,15523,False
Los Osos,CA,15523,False
La Palma,CA,15522,False
Aldine,TX,15511,False
Batavia,NY,15510,False
Rossville,MD,15503,False
Cherryland,CA,15499,False
El Sobrante CDP (Contra Costa County),CA,15497,False
Hudson,MA,15496,False
Carthage,MO,15491,False
White Oak,MD,15489,False
Williamsburg,VA,15486,False
White Center,WA,15479,False
Traverse City,MI,15468,False
Andover,KS,15460,False
Greeneville,TN,15458,False
Bemidji,MN,15441,False
Northview,MI,15428,False
Yankton,SD,15421,False
Dayton,NV,15415,False
Hartselle,AL,15414,False
Glasgow,DE,15405,False
Berea,KY,15404,False
Grimes,IA,15402,False
Jackson,MO,15394,False
Bradley,IL,15379,False
Homosassa Springs,FL,15365,False
Discovery Bay,CA,15362,False
Eden,NC,15349,False
Uvalde,TX,15342,False
Manor,TX,15341,False
Fruitville,FL,15333,False
Franklin Park,PA,15305,False
Tenafly,NJ,15299,False
Ladson,SC,15298,False
Harper Woods,MI,15296,False
Norridge,IL,15291,False
Chaparral,NM,15290,False
Palmer Ranch,FL,15278,False
Vincent,CA,15266,False
Rio Grande City,TX,15256,False
Vail,AZ,15248,False
Springdale,NJ,15247,False
Asbury Park,NJ,15245,False
Palmview,TX,15245,False
Melissa,TX,15244,False
Glenn Dale,MD,15244,False
Brunswick,GA,15243,False
Wilmington Island,GA,15235,False
Johnson City,NY,15229,False
Macomb,IL,15207,False
Phillipsburg,NJ,15206,False
Monroe,OH,15202,False
Chelsea,AL,15201,False
Davidson,NC,15199,False
Beech Grove,IN,15181,False
Gulf Shores,AL,15178,False
Greenlawn,NY,15169,False
Ewa Beach,HI,15167,False
Kenmore,NY,15155,False
Berkley,MI,15150,False
Roanoke Rapids,NC,15143,False
Depew,NY,15141,False
Vandalia,OH,15139,False
Ferndale,WA,15130,False
New Cassel,NY,15127,False
Swampscott,MA,15125,False
Gloversville,NY,15113,False
Hendersonville,NC,15102,False
Pacific Grove,CA,15098,False
Tonawanda,NY,15096,False
Canyon,TX,15089,False
Eggertsville,NY,15076,False
West Park,FL,15074,False
Talladega,AL,15071,False
Hazel Park,MI,15065,False
Front Royal,VA,15064,False
Spring Creek,NV,15062,False
Royse City,TX,15051,False
Mineral Wells,TX,15049,False
Glasgow,KY,15043,False
Frederick,CO,15037,False
Monroe,GA,15036,False
South Farmingdale,NY,15028,False
Lebanon,MO,15023,False
Lockhart,FL,15017,False
California City,CA,15002,False
Henderson,NC,14997,False
Buda,TX,14997,False
Worthington,OH,14997,False
Highland Park,NJ,14996,False
Laurinburg,NC,14971,False
Mastic,NY,14968,False
Great Falls,VA,14968,False
West University Place,TX,14963,False
Weigelstown,PA,14960,False
Lakeland North,WA,14960,False
Metuchen,NJ,14958,False
Hereford,TX,14943,False
Fairview,NJ,14935,False
Riverdale,GA,14933,False
East Rancho Dominguez,CA,14924,False
Hickory Hills,IL,14915,False
Whitehall,PA,14909,False
Lake Arbor,MD,14901,False
Swansea,IL,14888,False
Highland Springs,VA,14881,False
Oldsmar,FL,14877,False
Greensburg,PA,14876,False
Boulder City,NV,14868,False
Red Oak,TX,14853,False
Sterling,IL,14852,False
Forest City,FL,14851,False
Salida,CA,14849,False
Belmont,NC,14842,False
Lemon Hill,CA,14824,False
Tanque Verde,AZ,14815,False
Fort Payne,AL,14815,False
Whitefish Bay,WI,14804,False
Waunakee,WI,14794,False
Alexander City,AL,14788,False
Williamstown,NJ,14770,False
Washington,MO,14769,False
Clarksdale,MS,14769,False
Piney Green,NC,14767,False
Hudson,WI,14763,False
Deming,NM,14756,False
Glens Falls,NY,14743,False
Havre de Grace,MD,14743,False
Lilburn,GA,14741,False
Mount Vernon,IL,14740,False
Ramsey,NJ,14739,False
Hammonton,NJ,14732,False
Great Bend,KS,14725,False
Isla Vista,CA,14722,False
Greendale,WI,14722,False
Antioch,IL,14714,False
Gladeview,FL,14698,False
Hershey,PA,14682,False
Owosso,MI,14678,False
Lake Stickney,WA,14668,False
Fraser,MI,14668,False
North New Hyde Park,NY,14652,False
St. Augustine,FL,14642,False
Flower Hill,MD,14631,False
Parlier,CA,14625,False
Chippewa Falls,WI,14623,False
Groveton,VA,14619,False
Hutchinson,MN,14588,False
Broadlands,VA,14582,False
Red Bluff,CA,14576,False
Falls Church,VA,14576,False
Port Royal,SC,14573,False
Key Biscayne,FL,14572,False
Salem Lakes,WI,14569,False
Belvedere Park,GA,14558,False
Clarkston,GA,14553,False
Moultrie,GA,14533,False
Reidsville,NC,14526,False
Middlesex,NJ,14525,False
Corinth,MS,14520,False
Lebanon,NH,14515,False
McCalla,AL,14509,False
Morris,IL,14491,False
Santaquin,UT,14463,False
Lockhart,TX,14463,False
Scottsbluff,NE,14454,False
Jasper,AL,14453,False
Robbinsdale,MN,14452,False
West Freehold,NJ,14448,False
Short Hills,NJ,14448,False
Monticello,MN,14447,False
Anderson Creek,NC,14447,False
Nolensville,TN,14444,False
Black Forest,CO,14437,False
Chatham,IL,14437,False
Brainerd,MN,14412,False
Halawa,HI,14411,False
Hopatcong,NJ,14411,False
Greece,NY,14406,False
Minneola,FL,14406,False
Dumas,TX,14404,False
North Auburn,CA,14403,False
Lindenhurst,IL,14403,False
Alexandria,MN,14400,False
Sierra Vista Southeast,AZ,14398,False
Edgewater,NJ,14394,False
Riverhead,NY,14388,False
Washington Court House,OH,14387,False
Lake Wylie,SC,14382,False
Natchez,MS,14380,False
Moorestown-Lenola,NJ,14379,False
Elizabethton,TN,14375,False
Ozark,AL,14373,False
Mercerville,NJ,14364,False
Pineville,LA,14357,False
Alamo,CA,14355,False
Bradley Gardens,NJ,14345,False
Livingston,CA,14344,False
Arlington,TN,14342,False
Wilkinsburg,PA,14340,False
Brookside,DE,14331,False
Iona,FL,14295,False
Loganville,GA,14287,False
Brandermill,VA,14285,False
Chicago Ridge,IL,14284,False
Jericho,NY,14281,False
Somerton,AZ,14278,False
West Lealman,FL,14277,False
Gantt,SC,14276,False
Greenwood,MS,14242,False
North Mankato,MN,14238,False
Bainbridge,GA,14234,False
Orange,CT,14231,False
Jacksonville,AL,14227,False
Elk Plain,WA,14224,False
Cedar Lake,IN,14215,False
Willowick,OH,14213,False
Luling,LA,14207,False
Bensville,MD,14202,False
Midlothian,IL,14200,False
Mill Valley,CA,14199,False
Chesterton,IN,14191,False
Covington,GA,14190,False
Newport,KY,14190,False
Hobe Sound,FL,14188,False
Huron,SD,14179,False
Coolidge,AZ,14175,False
Federal Heights,CO,14173,False
Forest Park,IL,14165,False
Sun Lakes,AZ,14147,False
Westmont,NJ,14138,False
Shepherdsville,KY,14136,False
Collingswood,NJ,14135,False
Dallas,GA,14126,False
Lakewood Park,FL,14119,False
College Park,GA,14113,False
Powell,OH,14113,False
Fergus Falls,MN,14108,False
Pierre,SD,14105,False
Jacksonville,TX,14104,False
Kemp Mill,MD,14098,False
Oneonta,NY,14097,False
Athens,TN,14091,False
Allouez,WI,14089,False
Indiana,PA,14082,False
Dunmore,PA,14082,False
Ardmore,PA,14075,False
Hidalgo,TX,14075,False
Jefferson Valley-Yorktown,NY,14072,False
East Wenatchee,WA,14065,False
New Ulm,MN,14055,False
Thonotosassa,FL,14052,False
Greenwich,CT,14051,False
Wauconda,IL,14040,False
Verona,WI,14040,False
Sharonville,OH,14023,False
Circleville,OH,14017,False
St. Helens,OR,14015,False
Hawaiian Gardens,CA,14011,False
Beach Park,IL,13995,False
Lone Tree,CO,13993,False
Powell,TN,13991,False
East Milton,FL,13974,False
McFarland,CA,13971,False
Grass Valley,CA,13964,False
Roselle Park,NJ,13964,False
McPherson,KS,13955,False
Lyndhurst,OH,13952,False
Bothell East,WA,13948,False
Warrenville,IL,13945,False
Wells Branch,TX,13941,False
Camp Pendleton South,CA,13936,False
Waimalu,HI,13932,False
East Cleveland,OH,13926,False
Destin,FL,13923,False
Royal Kunia,HI,13919,False
Huntington,VA,13913,False
Wood Dale,IL,13903,False
Shiloh,IL,13892,False
Olean,NY,13890,False
Hockessin,DE,13878,False
Sunset,FL,13877,False
Beacon,NY,13876,False
New Franklin,OH,13874,False
Kettering,MD,13873,False
Artondale,WA,13862,False
Waycross,GA,13856,False
Bellair-Meadowbrook Terrace,FL,13850,False
Beachwood,OH,13846,False
Worthington,MN,13838,False
South Sioux City,NE,13835,False
Sauk Rapids,MN,13830,False
Olympia Heights,FL,13824,False
Maumee,OH,13824,False
Teays Valley,WV,13816,False
Lakeland,TN,13811,False
Forest Hill,TX,13810,False
Channahon,IL,13807,False
Braselton,GA,13804,False
Bedford,IN,13802,False
Villas,FL,13801,False
Bellefontaine,OH,13785,False
Yulee,FL,13776,False
Auburn,CA,13773,False
Snoqualmie,WA,13762,False
Willow Grove,PA,13759,False
McMinnville,TN,13756,False
Cayce,SC,13755,False
Waianae,HI,13749,False
Ephrata,PA,13738,False
Hazel Crest,IL,13737,False
St. James,NY,13733,False
Miami Springs,FL,13729,False
North Fair Oaks,CA,13718,False
Rocky Point,NY,13716,False
Lamont,CA,13715,False
Moberly,MO,13708,False
Shorewood,WI,13707,False
Colesville,MD,13704,False
Coldwater,MI,13704,False
Valencia West,AZ,13692,False
Marshall,MO,13687,False
Glenpool,OK,13683,False
Latham,NY,13660,False
Warrensville Heights,OH,13659,False
Smithfield,UT,13658,False
Glen Carbon,IL,13654,False
University Heights,OH,13649,False
Marshall,MN,13647,False
Speedway,IN,13646,False
Beeville,TX,13637,False
Marion,AR,13635,False
California,MD,13635,False
Port Neches,TX,13635,False
Oak Park,CA,13627,False
Brecksville,OH,13618,False
Lumberton,TX,13613,False
Wyandanch,NY,13601,False
New Providence,NJ,13595,False
Beaufort,SC,13582,False
New Carrollton,MD,13580,False
Gonzalez,FL,13579,False
East Islip,NY,13576,False
Bardstown,KY,13564,False
Newington,VA,13560,False
Seabrook,TX,13558,False
Western Springs,IL,13557,False
Echelon,NJ,13553,False
Plover,WI,13549,False
Nesconset,NY,13549,False
Endicott,NY,13540,False
Martinsville,VA,13539,False
Lexington Park,MD,13537,False
Bexley,OH,13537,False
South Charleston,WV,13527,False
Bridgetown,OH,13526,False
Eatontown,NJ,13522,False
Conway,FL,13519,False
Lewisville,NC,13509,False
Jefferson,GA,13496,False
Bonita,CA,13473,False
King City,CA,13471,False
Avocado Heights,CA,13470,False
Sterling,CO,13466,False
Lake Forest Park,WA,13462,False
Fruita,CO,13462,False
Los Alamos,NM,13460,False
Moncks Corner,SC,13456,False
Irondale,AL,13455,False
Callaway,FL,13455,False
Fort Lewis,WA,13440,False
Englewood,OH,13433,False
Franklin Park,NJ,13425,False
Avenal,CA,13423,False
Sault Ste. Marie,MI,13409,False
Azle,TX,13409,False
Kilgore,TX,13400,False
Connersville,IN,13395,False
Joppatowne,MD,13391,False
Butler,PA,13387,False
Pottsville,PA,13386,False
Palmetto,FL,13384,False
Atlantic Beach,FL,13381,False
Canton,IL,13380,False
Urbana,MD,13373,False
Lincoln,IL,13371,False
Marietta,OH,13366,False
River Ridge,LA,13362,False
Jupiter Farms,FL,13358,False
Washington,PA,13358,False
Lake Station,IN,13352,False
Carnot-Moon,PA,13345,False
Andrews,TX,13342,False
Henderson,TX,13338,False
Mountain Park,GA,13334,False
La Grange Park,IL,13332,False
Blue Ash,OH,13325,False
Broussard,LA,13322,False
Kingston,PA,13317,False
Coatesville,PA,13316,False
Auburn,IN,13316,False
White House,TN,13305,False
Woodinville,WA,13301,False
Mount Vernon,VA,13299,False
Elfers,FL,13296,False
Clayton,OH,13292,False
Woodland Park,NJ,13291,False
Rogers,MN,13283,False
Blytheville,AR,13276,False
Lincolnwood,IL,13268,False
Naranja,FL,13261,False
Orange City,FL,13254,False
Kings Park West,VA,13254,False
Trophy Club,TX,13251,False
Steamboat Springs,CO,13251,False
New Kingman-Butler,AZ,13247,False
Loveland,OH,13247,False
Cornelius,OR,13245,False
Moody,AL,13235,False
Glendale,WI,13227,False
Orangeburg,SC,13220,False
Palos Verdes Estates,CA,13219,False
Las Vegas,NM,13194,False
Mandeville,LA,13194,False
Cheval,FL,13189,False
Carpinteria,CA,13187,False
Portland,TN,13177,False
Newton,NC,13173,False
Weddington,NC,13173,False
Ridgefield Park,NJ,13161,False
Harrison,AR,13154,False
Pell City,AL,13148,False
Superior,CO,13146,False
Sharon,PA,13143,False
Trenton,OH,13133,False
South Daytona,FL,13132,False
Chino Valley,AZ,13120,False
Dover,OH,13118,False
Grand Terrace,CA,13104,False
Mounds View,MN,13100,False
Lake Los Angeles,CA,13097,False
La Grande,OR,13097,False
North Palm Beach,FL,13092,False
Stoughton,WI,13091,False
Soddy-Daisy,TN,13091,False
Harrison,OH,13086,False
Ionia,MI,13081,False
Oatfield,OR,13073,False
Cherry Hill Mall,NJ,13070,False
West Carrollton,OH,13060,False
Cambridge,MD,13058,False
Norwalk,IA,13057,False
On Top of the World,FL,13056,False
Bedford,OH,13043,False
Hawaiian Paradise Park,HI,13041,False
Fernandina Beach,FL,13028,False
Claremont,NH,13018,False
Forrest City,AR,13010,False
Montgomeryville,PA,13008,False
Webb City,MO,13002,False
Timberlake,VA,12999,False
Jennings,MO,12996,False
Miami,OK,12995,False
Waconia,MN,12993,False
Ridge,NY,12987,False
West Monroe,LA,12987,False
Green Valley,MD,12980,False
Rochester,MI,12978,False
Larkspur,CA,12969,False
Troy,MO,12964,False
Vinings,GA,12947,False
Solana Beach,CA,12946,False
Grantsville,UT,12939,False
North Adams,MA,12937,False
Newcastle,WA,12931,False
Meadville,PA,12929,False
Lynnfield,MA,12925,False
D'Iberville,MS,12922,False
Byram,MS,12922,False
Holly Hill,FL,12919,False
St. Ann,MO,12917,False
Lahaina,HI,12906,False
Fostoria,OH,12904,False
Dardenne Prairie,MO,12903,False
El Dorado,KS,12882,False
Suamico,WI,12878,False
Athens,TX,12878,False
Mountain Home,AR,12876,False
Harrison,WI,12872,False
Smyrna,DE,12870,False
Finneytown,OH,12870,False
Red Bank,NJ,12868,False
Woodhaven,MI,12867,False
Vadnais Heights,MN,12864,False
Salisbury,NY,12861,False
Tehachapi,CA,12855,False
Cheney,WA,12848,False
Florida City,FL,12841,False
Lansdowne,VA,12840,False
Emeryville,CA,12840,False
Bloomsburg,PA,12836,False
Sugarland Run,VA,12818,False
Tega Cay,SC,12816,False
Tucson Estates,AZ,12795,False
Overlea,MD,12794,False
Santa Fe,TX,12792,False
Florham Park,NJ,12790,False
Festus,MO,12772,False
Greenville,OH,12768,False
San Anselmo,CA,12761,False
Grover Beach,CA,12757,False
Big Bear City,CA,12753,False
Eufaula,AL,12746,False
Accokeek,MD,12745,False
Guymon,OK,12743,False
Amherst,OH,12740,False
Oakland,NJ,12734,False
Richton Park,IL,12721,False
Annapolis Neck,MD,12712,False
St. Marys,PA,12691,False
Northlake,IL,12683,False
Marysville,CA,12681,False
Manorville,NY,12681,False
Paradise Valley,AZ,12672,False
Geneva,NY,12670,False
Neosho,MO,12670,False
Wilmington,OH,12669,False
Dunkirk,NY,12668,False
Fords,NJ,12663,False
Vineyard,UT,12663,False
Kelso,WA,12661,False
Wickliffe,OH,12661,False
Pasadena Hills,FL,12654,False
Gaffney,SC,12651,False
Branson,MO,12651,False
Fulton,MO,12648,False
Newington Forest,VA,12647,False
Robertsville,NJ,12646,False
Melvindale,MI,12639,False
Holiday City-Berkeley,NJ,12639,False
Artesia,NM,12632,False
Tomball,TX,12630,False
Enumclaw,WA,12630,False
Ottawa,KS,12615,False
Winnetka,IL,12607,False
Levelland,TX,12607,False
Minooka,IL,12606,False
Lakeland South,WA,12606,False
Mendota,CA,12603,False
Grenada,MS,12594,False
Brown Deer,WI,12593,False
Sandy,OR,12592,False
Jensen Beach,FL,12581,False
Lindsay,CA,12581,False
Windsor Locks,CT,12563,False
Cloquet,MN,12559,False
Viera East,FL,12547,False
Rantoul,IL,12544,False
Cascades,VA,12542,False
Baraboo,WI,12541,False
Stony Point,NY,12533,False
Brock Hall,MD,12529,False
Fortuna,CA,12527,False
Lake Norman of Iredell,NC,12526,False
Justice,IL,12525,False
Fort Atkinson,WI,12522,False
Asbury Lake,FL,12515,False
Fort Bliss,TX,12511,False
Borger,TX,12505,False
Stony Brook,NY,12501,False
Sarasota Springs,FL,12500,False
Freehold,NJ,12498,False
Goldenrod,FL,12496,False
Georgetown,GA,12490,False
Kingsburg,CA,12490,False
Boone,IA,12482,False
Jerome,ID,12482,False
Poquoson,VA,12479,False
Robinson,TX,12470,False
Sedro-Woolley,WA,12470,False
Somerville,NJ,12467,False
Parker,SC,12466,False
North St. Paul,MN,12465,False
Sylacauga,AL,12465,False
Baker,LA,12463,False
Haddonfield,NJ,12456,False
Highland City,FL,12456,False
Port Washington,WI,12446,False
Prairie Ridge,WA,12444,False
San Marino,CA,12442,False
Upper Montclair,NJ,12441,False
Wimauma,FL,12439,False
Palmer Town,MA,12422,False
Escanaba,MI,12403,False
Mango,FL,12400,False
Edgewood,WA,12397,False
Riverview,MI,12390,False
Amelia,OH,12388,False
College,AK,12376,False
Lewisburg,TN,12376,False
Derby,CT,12373,False
Conneaut,OH,12372,False
Martinsville,NJ,12370,False
Nanakuli,HI,12370,False
Gonzales,LA,12356,False
Blackfoot,ID,12349,False
Herrin,IL,12344,False
Patchogue,NY,12343,False
Union,MO,12341,False
Manchester,TN,12325,False
Crestwood,MO,12315,False
Cottonwood,AZ,12314,False
Cypress Lake,FL,12313,False
Ocean Pines,MD,12312,False
Lake City,FL,12307,False
Madison,IN,12301,False
Garden City,ID,12301,False
Webster,TX,12297,False
Jefferson Hills,PA,12296,False
McComb,MS,12295,False
Leeds,AL,12292,False
Haverstraw,NY,12286,False
Streator,IL,12279,False
Home Gardens,CA,12278,False
Doctor Phillips,FL,12278,False
Fairfax Station,VA,12277,False
Newman,CA,12275,False
Spearfish,SD,12268,False
Webster,MA,12264,False
Pennsville,NJ,12256,False
Commerce,CA,12253,False
West Plains,MO,12250,False
Effingham,IL,12244,False
El Campo,TX,12242,False
Scotts Valley,CA,12239,False
Beatrice,NE,12237,False
Cedarburg,WI,12213,False
Diamond Springs,CA,12197,False
Tamalpais-Homestead Valley,CA,12196,False
Lake Tapps,WA,12196,False
North Merrick,NY,12192,False
Babylon,NY,12185,False
Kewanee,IL,12179,False
Moss Point,MS,12173,False
New Kensington,PA,12163,False
Grafton,WI,12160,False
Claiborne,LA,12159,False
Choctaw,OK,12154,False
Dranesville,VA,12154,False
Londonderry,NH,12143,False
Camp Verde,AZ,12132,False
El Sobrante CDP (Riverside County),CA,12127,False
Macedonia,OH,12126,False
Lakeside,VA,12124,False
Riviera Beach,MD,12121,False
Maili,HI,12114,False
Wyndham,VA,12110,False
New Baltimore,MI,12104,False
Mitchellville,MD,12103,False
Crossville,TN,12099,False
Centralia,IL,12096,False
Myrtle Grove,NC,12093,False
Glen Rock,NJ,12086,False
Portales,NM,12085,False
Hasbrouck Heights,NJ,12080,False
East Renton Highlands,WA,12079,False
Washington,IN,12076,False
Valley Falls,RI,12072,False
Woodward,OK,12067,False
Mays Chapel,MD,12059,False
Gardnerville Ranchos,NV,12057,False
Destrehan,LA,12057,False
Honeygo,MD,12045,False
St. Peter,MN,12039,False
Celebration,FL,12030,False
Liberty Lake,WA,12026,False
Rosaryville,MD,12026,False
River Edge,NJ,12022,False
Key Largo,FL,12021,False
Yeadon,PA,12017,False
Fort Campbell North,KY,12014,False
Saddlebrooke,AZ,12014,False
Monfort Heights,OH,12012,False
Eureka,MO,12008,False
Verde Village,AZ,12005,False
Weatherford,OK,11999,False
View Park-Windsor Hills,CA,11999,False
Somerset,KY,11998,False
Arkansas City,KS,11997,False
Gladstone,OR,11996,False
Somersworth,NH,11994,False
Winton,CA,11986,False
Star,ID,11971,False
Fenton,MI,11967,False
Palos Heights,IL,11965,False
South Miami,FL,11944,False
Goulds,FL,11943,False
Richmond,TX,11931,False
Manchester,VA,11929,False
Red Bank,TN,11919,False
Town of Pecos,TX,11919,False
Gig Harbor,WA,11917,False
Martinsville,IN,11916,False
Bound Brook,NJ,11906,False
Box Elder,SD,11905,False
East Bethel,MN,11901,False
Hamilton Square,NJ,11894,False
Archdale,NC,11873,False
Niles,MI,11871,False
Linganore,MD,11870,False
Salem,OH,11861,False
Lake Elmo,MN,11861,False
Laurel,FL,11858,False
Big Lake,MN,11857,False
Miller Place,NY,11848,False
Wallington,NJ,11838,False
Middleburg,FL,11838,False
Alum Rock,CA,11831,False
Endwell,NY,11826,False
Poulsbo,WA,11824,False
Castle Pines,CO,11811,False
Elizabethtown,PA,11805,False
South Yarmouth,MA,11805,False
Winfield,KS,11804,False
Picayune,MS,11804,False
Muscoy,CA,11802,False
Evanston,WY,11801,False
Little Chute,WI,11798,False
Gulfport,FL,11796,False
Mountain Top,PA,11791,False
Minden,LA,11789,False
South Lyon,MI,11788,False
Oak Hills,OR,11780,False
Tarrytown,NY,11776,False
Green River,WY,11772,False
Show Low,AZ,11767,False
Guttenberg,NJ,11765,False
Mack,OH,11764,False
Richfield,WI,11757,False
Largo,MD,11757,False
Mapleton,UT,11756,False
Lawrenceburg,KY,11749,False
New Baltimore,VA,11743,False
Rossmoor,CA,11742,False
Kaiminani,HI,11731,False
Los Alamitos,CA,11728,False
Crowley,LA,11726,False
Shady Hills,FL,11724,False
Milford,DE,11714,False
Brookhaven,MS,11714,False
Spring Lake,NC,11710,False
Lantana,TX,11706,False
Lantana,FL,11703,False
Lower Burrell,PA,11701,False
Douglas,GA,11694,False
Ringwood,NJ,11692,False
James Island,SC,11689,False
Irmo,SC,11685,False
Kaneohe Base,HI,11683,False
Seven Hills,OH,11681,False
Signal Hill,CA,11678,False
Bellmawr,NJ,11677,False
Franklin,OH,11672,False
Vermillion,SD,11667,False
Dent,OH,11666,False
Lanham,MD,11662,False
Woodmere,LA,11661,False
La Riviera,CA,11652,False
Emmaus,PA,11644,False
Newport East,RI,11644,False
Bucyrus,OH,11643,False
Norton,OH,11643,False
Mendota Heights,MN,11642,False
Mount Sinai,NY,11641,False
Miami Shores,FL,11638,False
Half Moon Bay,CA,11633,False
Bayou Blue,LA,11624,False
Wakefield,VA,11621,False
Middle Valley,TN,11619,False
Ontario,OR,11610,False
Schiller Park,IL,11600,False
Hartsville/Trousdale County,TN,11596,False
Markham,IL,11592,False
Lawrenceburg,TN,11592,False
Roessleville,NY,11583,False
Minnehaha,WA,11582,False
Moss Bluff,LA,11582,False
Town and Country,MO,11575,False
River Forest,IL,11568,False
Gardere,LA,11565,False
Gold Canyon,AZ,11565,False
Yorktown,IN,11560,False
Forest,VA,11559,False
Stuarts Draft,VA,11554,False
Bethel,CT,11551,False
Sussex,WI,11549,False
Port Lavaca,TX,11545,False
Platteville,WI,11543,False
Roma,TX,11531,False
Smithfield,NC,11527,False
Grosse Pointe Park,MI,11513,False
Newcastle,OK,11508,False
Burley,ID,11506,False
Four Corners,TX,11504,False
Mexico,MO,11502,False
Fort Morgan,CO,11501,False
Lovington,NM,11495,False
Elk City,OK,11494,False
Oskaloosa,IA,11492,False
Farmington,MI,11486,False
Ridgefield,WA,11486,False
Leon Valley,TX,11485,False
Healdsburg,CA,11481,False
Lindon,UT,11478,False
East Glenville,NY,11477,False
Sun Village,CA,11472,False
Ridgefield,NJ,11465,False
Fuller Heights,FL,11462,False
Pike Creek Valley,DE,11452,False
Wilton Manors,FL,11451,False
Pontiac,IL,11451,False
North Wantagh,NY,11444,False
Covington,LA,11444,False
University of California-Santa Barbara,CA,11441,False
Port Salerno,FL,11440,False
Gloucester City,NJ,11435,False
Campbellsville,KY,11434,False
Woods Cross,UT,11432,False
Greensburg,IN,11431,False
Dobbs Ferry,NY,11431,False
Bridgeton,MO,11422,False
Clawson,MI,11388,False
East Grand Rapids,MI,11385,False
Oak Grove,SC,11385,False
Fulton,NY,11381,False
Snyder,TX,11378,False
Santa Clara,OR,11377,False
Suffern,NY,11376,False
Morgan City,LA,11373,False
Woodbury,NY,11371,False
Okmulgee,OK,11366,False
Progress,PA,11364,False
Medulla,FL,11355,False
Spencer,IA,11351,False
Maltby,WA,11347,False
Holbrook,MA,11338,False
Cocoa Beach,FL,11334,False
Ravenna,OH,11323,False
Taylorville,IL,11318,False
Shiloh,PA,11290,False
Lakeland Highlands,FL,11276,False
Anderson,CA,11267,False
Lowes Island,VA,11265,False
Manvel,TX,11265,False
De Witt,NY,11261,False
Westphalia,MD,11260,False
Ocean City,NJ,11260,False
Brooklyn,OH,11259,False
Hillsborough,CA,11258,False
North Valley,NM,11256,False
Lansing,KS,11254,False
Two Rivers,WI,11252,False
Kings Mountain,NC,11246,False
Barrington,IL,11244,False
Westwood,NJ,11241,False
Oregon,WI,11240,False
West Point,UT,11226,False
Lincolnton,NC,11225,False
Granbury,TX,11218,False
Wanaque,NJ,11217,False
Abbeville,LA,11213,False
Northbrook,OH,11199,False
Storm Lake,IA,11194,False
Boiling Springs,SC,11191,False
Berkley,CO,11185,False
Satellite Beach,FL,11176,False
Tucson Mountains,AZ,11171,False
New Port Richey East,FL,11170,False
Batesville,AR,11163,False
Wellington,CO,11163,False
Elon,NC,11161,False
Piedmont,CA,11161,False
Grand Rapids,MN,11158,False
Cherry Creek,CO,11157,False
Urbana,OH,11156,False
Inwood,NY,11156,False
North Lindenhurst,NY,11155,False
Sierra Madre,CA,11151,False
Birch Bay,WA,11142,False
Waipio,HI,11138,False
Roscoe,IL,11134,False
Burr Ridge,IL,11131,False
Elwood,NY,11124,False
White City,OR,11123,False
Plano,IL,11113,False
Waupun,WI,11109,False
Canyon Lake,CA,11108,False
Port Wentworth,GA,11103,False
Alcoa,TN,11095,False
Raceland,LA,11094,False
Cleveland,MS,11082,False
Citrus Springs,FL,11074,False
Merriam,KS,11070,False
Clayton,CA,11070,False
Union City,TN,11068,False
Wyomissing,PA,11067,False
Selma,TX,11067,False
Lake Grove,NY,11066,False
Marinette,WI,11065,False
Great Neck,NY,11060,False
Coshocton,OH,11054,False
Monmouth,OR,11054,False
Pompton Lakes,NJ,11052,False
Lansdowne,PA,11051,False
Sturgis,MI,11050,False
Petal,MS,11047,False
Magnolia,AR,11044,False
Bithlo,FL,11041,False
Columbia,IL,11036,False
Summit,IL,11036,False
Hornsby Bend,TX,11031,False
Waihee-Waiehu,HI,11029,False
Cold Springs,NV,11029,False
Fredericksburg,TX,11020,False
Greentree,NJ,11016,False
Gloucester Point,VA,11016,False
Waterloo,IL,11012,False
Fairview Shores,FL,11011,False
Waynesboro,PA,11009,False
Franklin Lakes,NJ,11007,False
Sebring,FL,11006,False
Collegedale,TN,11001,False
Burlington,WI,11000,False
Lyndon,KY,10997,False
Oak Ridge,NJ,10997,False
Westview,FL,10992,False
Springdale,OH,10991,False
Summerfield,NC,10986,False
North Logan,UT,10981,False
Citrus,CA,10979,False
Burkburnett,TX,10979,False
Pebble Creek,FL,10976,False
Totowa,NJ,10975,False
Celina,OH,10974,False
North Branch,MN,10968,False
Grand Haven,MI,10961,False
Little Ferry,NJ,10954,False
Canton,MS,10951,False
Pleasant View,UT,10942,False
Belgrade,MT,10941,False
Pompton Plains,NJ,10941,False
Vashon,WA,10939,False
The Hills,NJ,10937,False
Bedford Heights,OH,10933,False
Beachwood,NJ,10933,False
Valley Center,CA,10929,False
Memphis,FL,10923,False
Grandview,WA,10922,False
Troy,IL,10920,False
Brandon,SD,10919,False
Prineville,OR,10915,False
Timberlane,LA,10912,False
Rincon,GA,10910,False
Gages Lake,IL,10897,False
Delhi,CA,10896,False
Berthoud,CO,10892,False
Manville,NJ,10892,False
Haysville,KS,10891,False
Terryville,NY,10890,False
Fife,WA,10887,False
Triangle,VA,10886,False
Garden City,SC,10885,False
Lincoln Park,NJ,10884,False
Guthrie,OK,10872,False
Peru,IN,10862,False
Worth,IL,10859,False
Malvern,AR,10859,False
Travilah,MD,10846,False
Kapaa,HI,10846,False
Danville,IN,10842,False
Mount Kisco,NY,10835,False
Lake Monticello,VA,10834,False
Atchison,KS,10834,False
Van Wert,OH,10828,False
Martin,TN,10823,False
Union Park,FL,10821,False
Hudson,FL,10821,False
Sugarmill Woods,FL,10821,False
Montgomery,OH,10816,False
Holmen,WI,10806,False
Fox Lake,IL,10798,False
Scaggsville,MD,10793,False
Timonium,MD,10793,False
Durham,NH,10789,False
Belle Chasse,LA,10781,False
Bolivar,MO,10780,False
Russellville,AL,10767,False
DeForest,WI,10767,False
Morro Bay,CA,10766,False
Del Aire,CA,10756,False
East Bakersfield,CA,10754,False
St. Albans,WV,10753,False
Jackson,WY,10748,False
Placerville,CA,10744,False
Munhall,PA,10738,False
Freeport,TX,10738,False
Crestwood,IL,10737,False
Riverton,WY,10733,False
Vidalia,GA,10732,False
Middle Island,NY,10731,False
Linthicum,MD,10731,False
Westwood Lakes,FL,10725,False
Forestville,OH,10724,False
Lowell,IN,10723,False
Edwards,CO,10721,False
Richmond Heights,OH,10714,False
Pleasanton,TX,10706,False
Waggaman,LA,10706,False
Sonoma,CA,10702,False
Pine Hill,NJ,10698,False
Malibu,CA,10698,False
Rancho Mission Viejo,CA,10697,False
Potomac Park,CA,10697,False
Tarboro,NC,10696,False
Madison Heights,VA,10694,False
Doraville,GA,10691,False
Maryville,MO,10691,False
Bogalusa,LA,10689,False
Lyons,IL,10687,False
Corning,NY,10685,False
Newberry,SC,10682,False
Darby,PA,10682,False
Victoria,MN,10681,False
Powdersville,SC,10678,False
Fountain Inn,SC,10675,False
Maynard,MA,10671,False
Clute,TX,10670,False
Broomall,PA,10663,False
Lexington,NE,10662,False
La Homa,TX,10661,False
Myers Corner,NY,10653,False
West Haverstraw,NY,10649,False
Essex Junction,VT,10646,False
Vienna,WV,10642,False
Galena Park,TX,10641,False
Friendly,MD,10639,False
Bellefontaine Neighbors,MO,10637,False
Bel Air,MD,10630,False
Kendall Park,NJ,10624,False
Little Canada,MN,10624,False
Monroe,WI,10622,False
Blackhawk,CA,10622,False
Mount Airy,NC,10621,False
Nanticoke,PA,10606,False
West Perrine,FL,10597,False
Ironton,OH,10597,False
Lake Barcroft,VA,10591,False
Sumner,WA,10589,False
Camden,AR,10587,False
Fairview,CA,10583,False
Cottage Grove,OR,10583,False
Wendell,NC,10575,False
Yazoo City,MS,10573,False
Airway Heights,WA,10570,False
Alachua,FL,10570,False
Scottdale,GA,10566,False
Lakeland Village,CA,10565,False
Yorkshire,VA,10563,False
Canandaigua,NY,10562,False
Millington,TN,10558,False
Pella,IA,10556,False
Campton Hills,IL,10556,False
Damascus,OR,10555,False
Beverly Hills,MI,10550,False
Le Mars,IA,10549,False
Monument,CO,10548,False
Sweetwater,TX,10546,False
Excelsior Springs,MO,10546,False
Red Bank,SC,10544,False
Shiloh,OH,10539,False
The Pinery,CO,10534,False
Pineville,NC,10532,False
River Grove,IL,10532,False
North Bellport,NY,10530,False
Riverdale,IL,10528,False
Reading,OH,10527,False
Alderwood Manor,WA,10525,False
Saks,AL,10523,False
Felida,WA,10520,False
New Albany,OH,10516,False
Fairview,OR,10515,False
Forest Acres,SC,10514,False
Loudoun Valley Estates,VA,10514,False
Stansbury Park,UT,10512,False
Winterville,NC,10510,False
Soquel,CA,10505,False
Lighthouse Point,FL,10496,False
Hillcrest,CA,10495,False
Heath,OH,10492,False
Kearney,MO,10491,False
Bonham,TX,10485,False
Shelton,WA,10484,False
Somers Point,NJ,10482,False
Bellmead,TX,10480,False
Lake Hopatcong,NJ,10480,False
Nantucket,MA,10479,False
Española,NM,10473,False
Palatka,FL,10471,False
Bluffton,IN,10461,False
Vermilion,OH,10459,False
Waimea CDP (Hawaii County),HI,10458,False
Lake Morton-Berrydale,WA,10457,False
Chalco,NE,10457,False
Pleasant Hill,IA,10456,False
Portage,WI,10450,False
Flat Rock,MI,10448,False
Valley,AL,10442,False
Silverton,OR,10439,False
Yelm,WA,10438,False
Difficult Run,VA,10434,False
Lovejoy,GA,10429,False
Warr Acres,OK,10424,False
Rifle,CO,10420,False
Wabash,IN,10417,False
Smithville,MO,10416,False
Fairmont,MN,10411,False
Marlton,NJ,10403,False
Cadillac,MI,10400,False
Mount Vista,WA,10399,False
Waverly,IA,10399,False
Fairmount,CO,10398,False
Sleepy Hollow,NY,10396,False
Gateway,FL,10395,False
Farmersville,CA,10393,False
Spout Springs,NC,10384,False
Kennett,MO,10383,False
Comstock Park,MI,10379,False
Galion,OH,10378,False
Plymouth,IN,10369,False
Calimesa,CA,10366,False
Shasta Lake,CA,10361,False
Fairview,TX,10354,False
Arkadelphia,AR,10354,False
Scotchtown,NY,10353,False
Garden City,GA,10352,False
Woodlyn,PA,10347,False
Northampton,PA,10341,False
Chestnut Ridge,NY,10339,False
White Marsh,MD,10337,False
Trumbull Center,CT,10335,False
Exeter,CA,10327,False
Oneida,NY,10326,False
Watervliet,NY,10325,False
Alexandria,KY,10322,False
Newport,OR,10319,False
Berwick,PA,10318,False
Burtonsville,MD,10316,False
London,OH,10316,False
West Vero Corridor,FL,10315,False
Clay,AL,10315,False
Bacliff,TX,10313,False
Wood River,IL,10313,False
Brookdale,NJ,10312,False
Paris,TN,10311,False
Waynesville,NC,10307,False
South Huntington,NY,10307,False
Raymondville,TX,10301,False
Versailles,KY,10297,False
Murrells Inlet,SC,10297,False
Fort Madison,IA,10293,False
Lenoir City,TN,10291,False
Forestville,MD,10291,False
La Plata,MD,10283,False
Marina del Rey,CA,10274,False
Tremonton,UT,10273,False
Carroll,IA,10270,False
Pine Ridge CDP (Citrus County),FL,10269,False
Tipp City,OH,10266,False
Rockport,TX,10265,False
North Lakes,AK,10262,False
Alpine,UT,10260,False
Milton,FL,10254,False
Elkhorn,WI,10253,False
Whitestown,IN,10253,False
North Bend,OR,10250,False
Boaz,AL,10248,False
East Whittier,CA,10248,False
Davenport,FL,10246,False
Robstown,TX,10246,False
San Diego Country Estates,CA,10241,False
New Hyde Park,NY,10235,False
East Setauket,NY,10234,False
Rotonda,FL,10233,False
Fairwood CDP (Spokane County),WA,10228,False
Halfway,MD,10221,False
Massena,NY,10218,False
Highland,IL,10215,False
Pingree Grove,IL,10213,False
Cordele,GA,10210,False
Flowood,MS,10204,False
Columbia,PA,10203,False
Fort Oglethorpe,GA,10203,False
Alpena,MI,10200,False
Carencro,LA,10194,False
Claymont,DE,10191,False
Lake Arrowhead,CA,10189,False
Astoria,OR,10184,False
Rainbow City,AL,10184,False
Kendallville,IN,10176,False
Marlton,MD,10168,False
Cedartown,GA,10166,False
Port Townsend,WA,10161,False
Lancaster,NY,10160,False
New Richmond,WI,10158,False
Corte Madera,CA,10155,False
Molalla,OR,10147,False
Paris,KY,10143,False
Jefferson,LA,10141,False
Vernal,UT,10141,False
Franklin,KY,10141,False
North Gates,NY,10138,False
Hermantown,MN,10135,False
Snohomish,WA,10133,False
Greenville,WI,10130,False
Hobart,WI,10130,False
Hillsdale,NJ,10125,False
Garden Acres,CA,10124,False
Hull,MA,10116,False
Orono,ME,10116,False
Safford,AZ,10112,False
Hackettstown,NJ,10111,False
Warrenton,VA,10111,False
Baker City,OR,10110,False
Gunbarrel,CO,10108,False
Glenwood Springs,CO,10100,False
Progress Village,FL,10096,False
Cairo,GA,10091,False
Quartz Hill,CA,10089,False
Brandywine,MD,10088,False
Cambridge,OH,10087,False
Spanish Fort,AL,10083,False
Cody,WY,10081,False
Rio Vista,CA,10074,False
La Grange,KY,10073,False
San Elizario,TX,10072,False
East Rockaway,NY,10070,False
Atoka,TN,10070,False
Bee Ridge,FL,10069,False
Waldwick,NJ,10068,False
Howell,MI,10067,False
Lake Hiawatha,NJ,10064,False
West Point,MS,10063,False
Struthers,OH,10061,False
Clinton,TN,10060,False
Orange Lake,NY,10060,False
Browns Mills,NJ,10060,False
Scenic Oaks,TX,10059,False
Hampton,NH,10050,False
Blackwells Mills,NJ,10047,False
Oakbrook,KY,10045,False
Francisville,KY,10044,False
Elgin,TX,10043,False
Makaha,HI,10042,False
Maywood,NJ,10040,False
Cross Lanes,WV,10037,False
Cheat Lake,WV,10034,False
Harrisonville,MO,10024,False
East Rutherford,NJ,10020,False
Airmont,NY,10020,False
Reedsburg,WI,10019,False
Vernon,TX,10018,False
Grosse Pointe Farms,MI,10018,False
George Mason,VA,10017,False
Chesapeake Ranch Estates,MD,10015,False
Roslyn,PA,10011,False
Fort Meade,MD,10011,False
Mayfield,KY,10011,False
Lowell,AR,10005,False
Kinnelon,NJ,9986,False
Budd Lake,NJ,9983,False
Brentwood,PA,9982,False
Independence,OR,9981,False
Woodbury,NJ,9981,False
Cape Canaveral,FL,9980,False
Wood-Ridge,NJ,9978,False
Fairmount,NY,9978,False
Cedar Hills,UT,9977,False
Fairfield,AL,9975,False
Marysville,MI,9973,False
Walker Mill,MD,9973,False
Willoughby Hills,OH,9972,False
East Liverpool,OH,9969,False
Detroit Lakes,MN,9966,False
Wakefield-Peace Dale,RI,9966,False
Woodburn,VA,9960,False
DuPont,WA,9955,False
Bastrop,TX,9955,False
Halls,TN,9955,False
Muskegon Heights,MI,9954,False
Fallston,MD,9952,False
Picnic Point,WA,9951,False
Sellersburg,IN,9948,False
Winfield,IL,9947,False
Sparta,WI,9943,False
Villas,NJ,9925,False
Rockcreek,OR,9923,False
Capitola,CA,9921,False
Rye Brook,NY,9920,False
Exeter,NH,9918,False
Fair Oaks Ranch,TX,9917,False
Ellisville,MO,9914,False
Uniontown,PA,9913,False
Coweta,OK,9903,False
Ogdensburg,NY,9902,False
Mission,KS,9894,False
Golden Hills,CA,9892,False
Belmont,VA,9888,False
St. Augustine Shores,FL,9883,False
Beckett Ridge,OH,9880,False
Wapakoneta,OH,9879,False
Keokuk,IA,9868,False
Greencastle,IN,9865,False
Richmond Heights,FL,9863,False
Sauk Village,IL,9862,False
Bristol,PA,9862,False
Independent Hill,VA,9858,False
Sweet Home,OR,9852,False
DeRidder,LA,9850,False
Lambertville,MI,9846,False
Fort Salonga,NY,9836,False
Succasunna,NJ,9835,False
Bardmoor,FL,9834,False
Burlington,NJ,9833,False
Peru,IL,9831,False
Loudonville,NY,9826,False
Jesup,GA,9820,False
Jennings,LA,9819,False
Little River,SC,9815,False
Vidor,TX,9806,False
Arden Hills,MN,9805,False
College Place,WA,9796,False
Madera Acres,CA,9794,False
Alamosa,CO,9792,False
Lincoln City,OR,9790,False
Marathon,FL,9789,False
Avon Park,FL,9789,False
Chevy Chase,MD,9789,False
Bay St. Louis,MS,9788,False
Beverly Hills,FL,9787,False
Terrace Heights,WA,9781,False
Heath,TX,9771,False
Stonegate,CO,9770,False
Garrison,MD,9764,False
Keansburg,NJ,9761,False
Washington,NC,9759,False
Green Cove Springs,FL,9758,False
Fultondale,AL,9756,False
Croydon,PA,9752,False
Monmouth Junction,NJ,9750,False
Hamburg,NY,9749,False
Sedona,AZ,9739,False
Brownsville,TN,9739,False
Eagle Point,OR,9735,False
Cambridge,MN,9726,False
Morrisville,PA,9721,False
Thomaston,GA,9720,False
Decatur,IN,9718,False
Ingleside,TX,9713,False
Pine Lake Park,NJ,9711,False
Fredonia,NY,9710,False
Mentone,CA,9707,False
Harvard,IL,9705,False
Lake Mohawk,NJ,9703,False
Flowery Branch,GA,9700,False
Rolesville,NC,9696,False
White Horse,NJ,9692,False
Cypress Gardens,FL,9692,False
Country Club,CA,9686,False
Eidson Road,TX,9685,False
Tanaina,AK,9682,False
Sunbury,PA,9680,False
Hyrum,UT,9680,False
Canonsburg,PA,9672,False
Mount Airy,MD,9667,False
Pike Road,AL,9651,False
Silver City,NM,9650,False
University of Virginia,VA,9648,False
Countryside,VA,9646,False
Willow Street,PA,9640,False
Orange Cove,CA,9635,False
Brewer,ME,9633,False
Morehead City,NC,9632,False
Monett,MO,9632,False
Itasca,IL,9627,False
St. Stephens,NC,9624,False
Bastrop,LA,9623,False
Sturgeon Bay,WI,9620,False
Bluefield,WV,9619,False
Fair Oaks,GA,9614,False
Middleton,ID,9614,False
Sandy Hook,CT,9604,False
Jessup,MD,9602,False
North College Hill,OH,9602,False
Hartland,WI,9599,False
Oil City,PA,9599,False
Camp Pendleton Mainside,CA,9599,False
Middletown,KY,9594,False
Manhattan,IL,9590,False
Jacinto City,TX,9589,False
Greenville CDP (Westchester County),NY,9585,False
Kensington,CT,9580,False
New Square,NY,9578,False
Bladensburg,MD,9574,False
Indianola,MS,9572,False
Aiea,HI,9571,False
McKee City,NJ,9566,False
Roanoke,TX,9565,False
West Glens Falls,NY,9565,False
Girard,OH,9565,False
Parsons,KS,9564,False
LaSalle,IL,9562,False
Lititz,PA,9559,False
Pine Castle,FL,9556,False
Rathdrum,ID,9556,False
Lincoln Village,OH,9553,False
Pleasant Grove,AL,9549,False
Boulder Hill,IL,9547,False
Matawan,NJ,9546,False
Mahomet,IL,9545,False
Greenwood,AR,9544,False
Bohemia,NY,9534,False
Hillsborough,NC,9534,False
Meridianville,AL,9528,False
Tomah,WI,9527,False
Middletown,PA,9525,False
Mooresville,IN,9525,False
Bargersville,IN,9520,False
Fairview,TN,9519,False
Steger,IL,9518,False
Grinnell,IA,9511,False
Amityville,NY,9507,False
Hickam Housing,HI,9502,False
Iowa Colony,TX,9500,False
Louisville,OH,9500,False
Oakwood,OH,9496,False
Berlin,NH,9485,False
Pryor Creek,OK,9480,False
The Village,OK,9479,False
Columbia City,IN,9478,False
Fairfield,IA,9474,False
Helena-West Helena,AR,9470,False
Salem,UT,9467,False
Woodfield,SC,9466,False
Bridge City,TX,9461,False
Clarksville,AR,9453,False
Winchester,TN,9450,False
Eunice,LA,9440,False
Alma,MI,9436,False
Anaconda-Deer Lodge County,MT,9435,False
Madeira,OH,9426,False
Lugoff,SC,9423,False
Fishersville,VA,9422,False
Monroe,NY,9420,False
Andover,MA,9419,False
Glenshaw,PA,9418,False
Rochelle,IL,9417,False
Coral Hills,MD,9415,False
Flossmoor,IL,9405,False
Cusseta-Chattahoochee County unified government,GA,9402,False
Mechanicsburg,PA,9402,False
Woodway,TX,9399,False
Denham Springs,LA,9393,False
Oakville,CT,9387,False
Florence,OR,9384,False
Ashland,NJ,9383,False
Middlesborough,KY,9383,False
Helena Valley Southeast,MT,9374,False
Locust Grove,GA,9367,False
Frankfort Square,IL,9367,False
Groton,CT,9364,False
Burlington,WA,9361,False
Diamondhead,MS,9360,False
Southside,AL,9358,False
Canal Winchester,OH,9357,False
Warren,PA,9353,False
East Stroudsburg,PA,9345,False
Meadowbrook,AL,9338,False
South Amboy,NJ,9336,False
Crestline,CA,9335,False
Charter Oak,CA,9335,False
Rodeo,CA,9334,False
Havre,MT,9332,False
St. Anthony city (Hennepin and Ramsey Counties),MN,9332,False
Sheffield,AL,9330,False
Fort Stewart,GA,9324,False
Bull Mountain,OR,9319,False
Angola,IN,9317,False
Riverdale,UT,9313,False
Quakertown,PA,9309,False
East Franklin,NJ,9309,False
Plymouth,MI,9300,False
Ecorse,MI,9292,False
Skidaway Island,GA,9292,False
St. Francis,WI,9288,False
Bernalillo,NM,9286,False
Ventnor City,NJ,9285,False
Bethalto,IL,9281,False
Laurens,SC,9276,False
Charlotte,MI,9273,False
Leonia,NJ,9273,False
Mound,MN,9272,False
Wasilla,AK,9267,False
Merrill,WI,9266,False
Picture Rocks,AZ,9258,False
Fairfield Glade,TN,9257,False
Bridgeport,WV,9255,False
Lansdowne,MD,9254,False
Augusta,KS,9253,False
Rensselaer,NY,9252,False
Sugar Grove,IL,9251,False
Haiku-Pauwela,HI,9245,False
Magalia,CA,9245,False
Fallon,NV,9243,False
Hailey,ID,9238,False
Riverside,IL,9225,False
White Meadow Lake,NJ,9223,False
Live Oak,CA,9222,False
Washington Terrace,UT,9220,False
Mount Pleasant,IA,9214,False
Cape St. Claire,MD,9212,False
Shawano,WI,9212,False
Waseca,MN,9208,False
Palm Beach,FL,9205,False
Chatham,NJ,9199,False
Aliquippa,PA,9198,False
Panthersville,GA,9197,False
Richmond Heights,MO,9186,False
Conshohocken,PA,9182,False
Grants,NM,9177,False
Ahuimanu,HI,9177,False
Willowbrook,IL,9177,False
Rockingham,NC,9174,False
Ivins,UT,9174,False
Tuskegee,AL,9173,False
Woodbury,NY,9169,False
Waterford,CA,9165,False
Flanders,NJ,9164,False
Micco,FL,9164,False
Incline Village,NV,9163,False
Springs,NY,9162,False
Athol,MA,9148,False
Seven Corners,VA,9141,False
Audubon,PA,9141,False
Des Peres,MO,9140,False
Helotes,TX,9140,False
Oakland,TN,9139,False
Forestdale,AL,9138,False
Delta,CO,9137,False
Smithville,NJ,9135,False
West Athens,CA,9131,False
Perkasie,PA,9130,False
Elsmere,KY,9126,False
Marlboro Village,MD,9124,False
Sunset Hills,MO,9121,False
Temperance,MI,9121,False
East Grand Forks,MN,9118,False
Miramar Beach,FL,9115,False
Tiburon,CA,9115,False
Hawthorn Woods,IL,9111,False
Fairless Hills,PA,9109,False
Cresskill,NJ,9105,False
McFarland,WI,9104,False
Benton Harbor,MI,9101,False
Cameron,MO,9101,False
Orosi,CA,9100,False
Park Ridge,NJ,9098,False
McCordsville,IN,9098,False
Riverside,CT,9093,False
Chillicothe,MO,9091,False
Huntertown,IN,9090,False
August,CA,9089,False
Lynwood,IL,9087,False
Absecon,NJ,9086,False
Beecher,MI,9085,False
Little Falls,MN,9084,False
Midland,WA,9081,False
Hooper,UT,9080,False
Commerce,TX,9078,False
Cedar Hills,OR,9076,False
Newark,NY,9076,False
Valley Cottage,NY,9069,False
Economy,PA,9063,False
Roxborough Park,CO,9057,False
Harrodsburg,KY,9057,False
Country Club Estates,GA,9057,False
Toccoa,GA,9055,False
Northwest Harborcreek,PA,9054,False
Bemiss,GA,9049,False
Orange Park,FL,9047,False
Harahan,LA,9043,False
Sanger,TX,9041,False
Old Orchard Beach,ME,9040,False
Travis Ranch,TX,9037,False
Breinigsville,PA,9035,False
Lapeer,MI,9034,False
North Merritt Island,FL,9033,False
Highland Park,MI,9032,False
Tuscumbia,AL,9029,False
Booneville,MS,9027,False
Westwood,MI,9022,False
Bala Cynwyd,PA,9020,False
Gretna,NE,9019,False
Craig,CO,9013,False
Blacklick Estates,OH,9010,False
Derby,CO,9009,False
Rio del Mar,CA,9007,False
Lago Vista,TX,9001,False
Lake Norman of Catawba,NC,8998,False
Lake Park,FL,8996,False
Glens Falls North,NY,8996,False
Olney,IL,8995,False
Harleysville,PA,8992,False
Rice Lake,WI,8990,False
Pulaski,VA,8982,False
Brooksville,FL,8981,False
Leisure World,MD,8975,False
Saline,MI,8973,False
Fitzgerald,GA,8972,False
Evergreen,CO,8972,False
Fort Irwin,CA,8967,False
Cloverdale,CA,8964,False
Plainedge,NY,8963,False
Park Forest Village,PA,8962,False
Sheffield Lake,OH,8958,False
Oak Grove,MN,8956,False
Bloomingdale,TN,8946,False
Haledon,NJ,8945,False
Indian Harbour Beach,FL,8944,False
Winslow,AZ,8943,False
Harwood Heights,IL,8942,False
Bogota,NJ,8940,False
Beaver Falls,PA,8934,False
Ladue,MO,8934,False
Edgewater,MD,8928,False
Purcellville,VA,8928,False
Hope,AR,8921,False
Village St. George,LA,8919,False
Fair Lakes,VA,8918,False
Bayport,NY,8918,False
Redlands,CO,8914,False
Brownfield,TX,8912,False
Hernando,FL,8911,False
Litchfield Beach,SC,8908,False
Clinton,MO,8908,False
Plymouth,WI,8907,False
St. Pete Beach,FL,8905,False
Rock Falls,IL,8904,False
Sandpoint,ID,8899,False
Orting,WA,8898,False
Caldwell,NJ,8897,False
Crozet,VA,8894,False
Whippany,NJ,8888,False
Napoleon,OH,8888,False
Edgemere,MD,8879,False
Pomona,NJ,8878,False
Kulpsville,PA,8876,False
Thief River Falls,MN,8871,False
Pearsall,TX,8870,False
Greenville,MI,8866,False
Cumberland Hill,RI,8866,False
Collingdale,PA,8865,False
Woodmoor,CO,8859,False
East York,PA,8853,False
Poteau,OK,8852,False
Coffeyville,KS,8842,False
Andalusia,AL,8841,False
Highland Park,TX,8840,False
Dayton,TX,8839,False
Seneca,SC,8834,False
Signal Mountain,TN,8833,False
Cortez,CO,8832,False
Maysville,KY,8831,False
Sanatoga,PA,8829,False
Gibsonville,NC,8827,False
Pleasant Hill,MO,8822,False
Fort Valley,GA,8821,False
Toppenish,WA,8820,False
Summit,WA,8819,False
Carbondale,PA,8818,False
Oak Hills Place,LA,8813,False
Bainbridge,OH,8808,False
Pitman,NJ,8805,False
Clayton,NJ,8801,False
North Haledon,NJ,8801,False
Jeannette,PA,8790,False
New Windsor,NY,8788,False
Glencoe,IL,8787,False
Boonton,NJ,8781,False
Greenville,RI,8777,False
Clanton,AL,8776,False
Bath,ME,8775,False
Mahopac,NY,8774,False
Meadow Lakes,AK,8773,False
Presque Isle,ME,8772,False
Bee Cave,TX,8771,False
Monmouth,IL,8764,False
Spring Valley Lake,CA,8764,False
Wesley Chapel,NC,8763,False
Mascoutah,IL,8762,False
Perry Heights,OH,8762,False
Windsor,WI,8756,False
Stony Brook University,NY,8755,False
Bennington,VT,8753,False
Summit View,WA,8748,False
Franklin,NH,8746,False
Murillo,TX,8744,False
Corona de Tucson,AZ,8742,False
Hoquiam,WA,8742,False
Hollymead,VA,8740,False
Graham,TX,8726,False
Port Jervis,NY,8725,False
Aransas Pass,TX,8720,False
Wyoming,OH,8720,False
Chanute,KS,8713,False
Anthony,NM,8708,False
Blanchard,OK,8708,False
Summit Park,UT,8708,False
Dunn Loring,VA,8707,False
Lake Villa,IL,8701,False
Innsbrook,VA,8699,False
Ogden,NC,8699,False
Audubon,NJ,8695,False
Oxford,NC,8685,False
Savoy,IL,8682,False
Cheviot,OH,8682,False
Hillview,KY,8681,False
Sangaree,SC,8680,False
Tecumseh,MI,8678,False
River Road,OR,8675,False
Aberdeen,NC,8674,False
Bryan,OH,8670,False
Olmsted Falls,OH,8670,False
Heartland,TX,8669,False
Wharton,TX,8669,False
Baxter,MN,8668,False
Fort Mitchell,KY,8667,False
Perryton,TX,8664,False
Clarendon Hills,IL,8658,False
Fort Knox,KY,8655,False
Park Hills,MO,8653,False
Village Green-Green Ridge,PA,8652,False
Highland Heights,OH,8652,False
Lihue,HI,8649,False
Warrenton,MO,8648,False
Gulf Hills,MS,8647,False
Covington,TN,8644,False
Guntersville,AL,8644,False
Manteno,IL,8632,False
Smithfield,VA,8625,False
Fort Riley,KS,8623,False
Mechanicstown,NY,8620,False
Templeton,CA,8614,False
Corbin,KY,8611,False
Socorro,NM,8605,False
Citrus Hills,FL,8599,False
Seffner,FL,8597,False
Monona,WI,8592,False
Lancaster,SC,8592,False
Bryans Road,MD,8592,False
Kennedale,TX,8590,False
Swissvale,PA,8588,False
Eden Isle,LA,8588,False
Othello,WA,8582,False
Gering,NE,8582,False
Gonzales,CA,8581,False
Lamesa,TX,8571,False
Potsdam,NY,8570,False
Oak Island,NC,8564,False
Kings Grant,NC,8561,False
Paloma Creek South,TX,8558,False
Merrydale,LA,8557,False
Independence,KS,8556,False
Closter,NJ,8555,False
Arab,AL,8552,False
Dunn,NC,8549,False
West Long Branch,NJ,8547,False
Milton,WA,8543,False
Glenwood,IL,8542,False
Arizona City,AZ,8541,False
Perryville,MO,8536,False
Folsom,PA,8535,False
York,SC,8534,False
Milford,NH,8530,False
Montecito,CA,8529,False
Severance,CO,8526,False
Malverne,NY,8526,False
Sallisaw,OK,8524,False
Lewistown,PA,8522,False
Delavan,WI,8519,False
Evergreen,MT,8514,False
Richland Hills,TX,8513,False
Sutherlin,OR,8513,False
Whitehouse,TX,8512,False
Altoona,WI,8506,False
Old Forge,PA,8506,False
Clinton,OK,8499,False
Corrales,NM,8495,False
Center Line,MI,8493,False
Livingston,MT,8489,False
Barre,VT,8488,False
Stevensville,MD,8485,False
Waukesha,WI,8480,False
Crestwood Village,NJ,8479,False
Ellsworth,ME,8478,False
North Kensington,MD,8473,False
La Cresta,CA,8468,False
Druid Hills,GA,8467,False
Westwego,LA,8466,False
Georgetown,SC,8465,False
Atmore,AL,8465,False
Skiatook,OK,8463,False
Sitka city and,AK,8462,False
Conover,NC,8457,False
Hastings-on-Hudson,NY,8456,False
Pleasant Hills,PA,8456,False
Valley Center,KS,8448,False
Beebe,AR,8447,False
Edgewood,KY,8447,False
Monticello,AR,8443,False
Los Altos Hills,CA,8441,False
Milliken,CO,8438,False
Miles City,MT,8432,False
Northfield,NJ,8432,False
Olivette,MO,8431,False
Black Mountain,NC,8430,False
Menominee,MI,8429,False
Farmingdale,NY,8428,False
Murphy,MO,8427,False
Millersville,PA,8426,False
Crete,IL,8425,False
Hondo,TX,8424,False
Lock Haven,PA,8422,False
Ephrata,WA,8419,False
Providence,UT,8418,False
Virginia,MN,8415,False
Montvale,NJ,8413,False
Gulf Gate,FL,8410,False
Fort Stockton,TX,8404,False
South Lockport,NY,8403,False
Jefferson City,TN,8391,False
Half Moon,NC,8381,False
Kalifornsky,AK,8380,False
Harrisburg,IL,8380,False
Groesbeck,OH,8379,False
Park City,UT,8379,False
West Haven-Sylvan,OR,8376,False
Butner,NC,8374,False
Tuba City,AZ,8372,False
South Kensington,MD,8371,False
North Star,DE,8370,False
Newton,NJ,8370,False
Montrose,VA,8363,False
Clinton,NC,8362,False
Dayton,NJ,8361,False
Eaton,OH,8360,False
Shelby,OH,8360,False
Lake of the Woods,VA,8356,False
Winnemucca,NV,8354,False
Flushing,MI,8349,False
Liberty,TX,8348,False
Minnetrista,MN,8347,False
Abingdon,VA,8346,False
Kenilworth,NJ,8345,False
Princeton,IN,8344,False
Bel Aire,KS,8341,False
Westgate,FL,8340,False
Hampstead,NC,8340,False
Elwood,IN,8339,False
Cushing,OK,8336,False
Lake Geneva,WI,8335,False
Kronenwetter,WI,8335,False
Trinidad,CO,8334,False
Paris,IL,8331,False
Conning Towers-Nautilus Park,CT,8330,False
Fort Polk South,LA,8327,False
Prien,LA,8326,False
St. Marys,OH,8323,False
Denison,IA,8316,False
Alondra Park,CA,8314,False
North Madison,OH,8313,False
Harrison,TN,8313,False
Upper Saddle River,NJ,8313,False
Mukwonago,WI,8311,False
Temple Hills,MD,8310,False
Runnemede,NJ,8307,False
Doylestown,PA,8305,False
Irondale,GA,8305,False
Oak Grove,MO,8304,False
Orrville,OH,8304,False
Somers,WI,8303,False
Houghton,MI,8303,False
Raritan,NJ,8301,False
Pulaski,TN,8301,False
Plumas Lake,CA,8301,False
Springfield,FL,8295,False
Hood River,OR,8292,False
Gypsum,CO,8291,False
Madison Park,NJ,8291,False
Good Hope,CA,8291,False
Waite Park,MN,8290,False
Senatobia,MS,8288,False
Kenwood,OH,8287,False
Rawlins,WY,8287,False
Wynne,AR,8284,False
Mason,MI,8284,False
Castle Shannon,PA,8283,False
Hillsboro,TX,8281,False
Spring Hill,KS,8279,False
Long Grove,IL,8279,False
Long Hill CDP (Greater Bridgeport County),CT,8279,False
Wedgefield,FL,8277,False
Shiprock,NM,8275,False
Mount Joy,PA,8274,False
Guadalupe,CA,8272,False
Dumbarton,VA,8271,False
Scott,LA,8271,False
East Foothills,CA,8270,False
Brookhaven,PA,8268,False
Mount Rainier,MD,8262,False
Wilmington Manor,DE,8260,False
Grandview Heights,OH,8258,False
Mayo,MD,8255,False
Hampton,GA,8244,False
Thousand Palms,CA,8242,False
Rockton,IL,8241,False
Croton-on-Hudson,NY,8237,False
Bellevue,PA,8236,False
Rhinelander,WI,8236,False
Hanover,NH,8234,False
Berkeley,MO,8232,False
University of California-Davis,CA,8229,False
Wytheville,VA,8228,False
Sioux Center,IA,8227,False
Pewaukee,WI,8227,False
Parkville,PA,8226,False
Orono,MN,8223,False
Orland,CA,8221,False
Centerville,GA,8220,False
Fruitland Park,FL,8219,False
Maryville,IL,8219,False
Johnstown,NY,8216,False
Rolling Hills Estates,CA,8214,False
Hillside,IL,8213,False
Richfield,UT,8213,False
Stayton,OR,8210,False
Bellevue,OH,8210,False
Hornell,NY,8208,False
Wilson,PA,8208,False
Oradell,NJ,8208,False
Fern Park,FL,8207,False
Helena Valley West Central,MT,8206,False
Maplewood,MO,8205,False
Selah,WA,8203,False
Topanga,CA,8202,False
Dormont,PA,8199,False
St. Francis,MN,8198,False
Carl Junction,MO,8197,False
Corning,CA,8196,False
Franklin,VA,8194,False
Oberlin,OH,8194,False
Stuttgart,AR,8189,False
Laughlin,NV,8184,False
Payette,ID,8182,False
Gilberts,IL,8180,False
Hillcrest,NY,8178,False
Hatboro,PA,8176,False
Dock Junction,GA,8176,False
Price,UT,8174,False
Brentwood,MO,8173,False
Ketchikan,AK,8168,False
Milan,TN,8165,False
Fort Lupton,CO,8164,False
Sheboygan Falls,WI,8163,False
Old Jefferson,LA,8162,False
Bay Minette,AL,8159,False
Oak Hill,WV,8157,False
New Prague,MN,8155,False
Green,OR,8151,False
Landen,OH,8149,False
Twin Rivers,NJ,8144,False
Firebaugh,CA,8139,False
Cuero,TX,8138,False
Spotswood,NJ,8136,False
Carneys Point,NJ,8136,False
Kirby,TX,8134,False
Camp Hill,PA,8133,False
Roxboro,NC,8131,False
Duvall,WA,8128,False
Nevada,MO,8128,False
Winooski,VT,8122,False
Alliance,NE,8118,False
Baltimore Highlands,MD,8116,False
Brazil,IN,8114,False
Hampshire,IL,8113,False
Austell,GA,8109,False
Tiverton,RI,8101,False
York,NE,8101,False
Wading River,NY,8100,False
Union,SC,8099,False
Whitefish,MT,8098,False
Thompsonville,CT,8097,False
Lake Carmel,NY,8089,False
Downingtown,PA,8088,False
Sonterra,TX,8082,False
Los Fresnos,TX,8081,False
Villanova,PA,8081,False
Rockwood,VA,8076,False
Antigo,WI,8075,False
Collinsville,OK,8073,False
Mahtomedi,MN,8073,False
Sequim,WA,8073,False
Carnegie,PA,8067,False
Oak Brook,IL,8065,False
Moundsville,WV,8056,False
Seaford,DE,8055,False
Stanwood,WA,8051,False
Pismo Beach,CA,8050,False
Atco,NJ,8049,False
Orange Beach,AL,8048,False
Hardeeville,SC,8048,False
Latrobe,PA,8047,False
Vinton,VA,8045,False
Butler,NJ,8045,False
Sans Souci,SC,8042,False
Interlaken,CA,8039,False
Island Lake,IL,8039,False
Prairie View,TX,8039,False
Wyoming,MN,8037,False
Grand Blanc,MI,8034,False
Midway City,CA,8032,False
Montpelier,VT,8030,False
North Bay Village,FL,8024,False
Fruitvale,CO,8022,False
Dalhart,TX,8013,False
Reserve,LA,8012,False
Brook Highland,AL,8008,False
Hillsdale,MI,8005,False
Joshua,TX,8004,False
Scappoose,OR,8003,False
Robinwood,MD,8002,False
Fletcher,NC,8000,False
Farmington,AR,7991,False
Waller,WA,7991,False
Port Jefferson,NY,7990,False
Charlestown,IN,7986,False
Applewood,CO,7985,False
Newport,AR,7984,False
Wahpeton,ND,7983,False
Port Jefferson Station,NY,7974,False
Lochbuie,CO,7963,False
Glastonbury Center,CT,7959,False
Broadview,IL,7957,False
Westlake Village,CA,7948,False
Leola,PA,7945,False
Barberton,WA,7945,False
Greenbriar,VA,7945,False
South Beloit,IL,7943,False
South Boston,VA,7942,False
South Weber,UT,7939,False
Silvis,IL,7936,False
Pukalani,HI,7930,False
Travelers Rest,SC,7929,False
Southwood Acres,CT,7928,False
Lexington,TN,7927,False
Three Rivers,MI,7923,False
Big Rapids,MI,7915,False
Woodland Park,CO,7911,False
Whitmore Lake,MI,7911,False
Dexter,MO,7910,False
Gold River,CA,7910,False
Heber,CA,7910,False
Grove City,PA,7908,False
Lincolnshire,IL,7907,False
Basking Ridge,NJ,7905,False
Ashland,WI,7903,False
Woodfin,NC,7901,False
Golden Valley,AZ,7900,False
Oak Grove,KY,7895,False
Center Moriches,NY,7890,False
Bernardsville,NJ,7888,False
Albertville,MN,7883,False
Congers,NY,7882,False
Perry,IA,7875,False
Plain City,UT,7873,False
Sunnyvale,TX,7873,False
Mont Belvieu,TX,7868,False
Homestead Meadows South,TX,7861,False
St. Joseph,MI,7852,False
Humboldt,TN,7851,False
Bradford,PA,7847,False
Siler City,NC,7847,False
West Dundee,IL,7845,False
St. Martin,MS,7843,False
Navasota,TX,7843,False
Oak Hills,CA,7838,False
Camden,SC,7834,False
Yreka,CA,7833,False
Ripon,WI,7823,False
Campbell,OH,7819,False
Gresham Park,GA,7816,False
Fort Belvoir,VA,7815,False
Jackson,WI,7814,False
Blair,NE,7813,False
Wagoner,OK,7813,False
Quincy,FL,7811,False
Middleborough Center,MA,7807,False
Ponchatoula,LA,7805,False
Withamsville,OH,7803,False
North Patchogue,NY,7800,False
Westmere,NY,7798,False
Glen Ridge,NJ,7797,False
Grand Ledge,MI,7795,False
Ripley,TN,7794,False
Auburn,GA,7794,False
Inverness Highlands South,FL,7788,False
Webster City,IA,7787,False
South San Gabriel,CA,7786,False
Brigantine,NJ,7784,False
Palmyra,PA,7783,False
Bellwood,VA,7783,False
Brunswick,MD,7781,False
Fort Dix,NJ,7781,False
Round Lake Park,IL,7778,False
Jefferson,WI,7778,False
Brevard,NC,7777,False
Garden City Park,NY,7775,False
Bonner Springs,KS,7770,False
Colonie,NY,7767,False
Four Corners,MD,7766,False
Jersey Village,TX,7763,False
Cleveland,TX,7756,False
Quincy,WA,7754,False
Princeton,IL,7749,False
Farr West,UT,7747,False
Baldwinsville,NY,7746,False
Lucas,TX,7746,False
Dayton,MN,7745,False
New Paltz,NY,7732,False
Albion,MI,7732,False
Mount Ivy,NY,7730,False
Bloomingdale,NJ,7726,False
Glenside,PA,7726,False
Boonville,MO,7725,False
Fanwood,NJ,7723,False
Shorewood,MN,7722,False
Inverness,IL,7722,False
Watsessing,NJ,7720,False
Manhasset,NY,7720,False
Mount Horeb,WI,7717,False
Geneseo,NY,7713,False
St. Johns,MI,7711,False
Wellington,KS,7710,False
Providence Village,TX,7710,False
Tyrone,GA,7710,False
Gettysburg,PA,7709,False
Makawao,HI,7704,False
Park City,KS,7703,False
Ilion,NY,7703,False
Park City,IL,7702,False
Fairlawn,OH,7697,False
Ruidoso,NM,7696,False
Emmett,ID,7694,False
Ludington,MI,7691,False
Mansfield Center,MA,7690,False
Etowah,NC,7689,False
Larkfield-Wikiup,CA,7688,False
Twin Lakes CDP (Adams County),CO,7686,False
Kenton,OH,7685,False
Ellwood City,PA,7684,False
Lake Dallas,TX,7682,False
Catoosa,OK,7680,False
Hales Corners,WI,7677,False
Northridge,OH,7675,False
Southeast Arcadia,FL,7675,False
Earlimart,CA,7674,False
Parkville,MO,7669,False
Seward,NE,7667,False
Lamar,CO,7667,False
Canfield,OH,7662,False
Jennings Lodge,OR,7662,False
Kill Devil Hills,NC,7658,False
New Albany,MS,7657,False
Ridgefield,CT,7655,False
Fairwood,MD,7653,False
South Apopka,FL,7653,False
Cherry Valley,CA,7652,False
Marion,NC,7652,False
McGregor,FL,7650,False
Plymouth,MA,7649,False
Farmville,VA,7647,False
Clear Lake,IA,7642,False
Oroville East,CA,7640,False
Collinsville,VA,7640,False
Oak Ridge,NC,7637,False
Mystic Island,NJ,7635,False
Long Branch,VA,7635,False
Hudsonville,MI,7633,False
Piedmont,OK,7629,False
Santa Clara,UT,7625,False
Clinton,SC,7624,False
Jerseyville,IL,7623,False
Hubbard,OH,7618,False
Bondurant,IA,7617,False
Ashland,VA,7617,False
London,KY,7612,False
Decorah,IA,7611,False
Ojai,CA,7610,False
Burton,SC,7603,False
Inverness,FL,7602,False
Pittston,PA,7601,False
Wickenburg,AZ,7600,False
Dunellen,NJ,7598,False
Monahans,TX,7595,False
Hewlett,NY,7590,False
Lakes of the Four Seasons,IN,7589,False
Southwest Ranches,FL,7589,False
River Oaks,TX,7586,False
White Oak,PA,7585,False
Franklin CDP (Merced County),CA,7581,False
Fort Lee,VA,7577,False
Red Chute,LA,7577,False
Fort Scott,KS,7569,False
Cottage Grove,WI,7567,False
Fairfax,CA,7567,False
Woodlake,VA,7566,False
Enoch,UT,7563,False
Pikeville,KY,7563,False
Lander,WY,7561,False
West Livingston,TX,7559,False
Mila Doce,TX,7554,False
Waikele,HI,7551,False
North Bend,WA,7549,False
Cotati,CA,7545,False
Breaux Bridge,LA,7544,False
Brattleboro,VT,7543,False
Williston Park,NY,7543,False
Swainsboro,GA,7542,False
Independence,OH,7539,False
Odessa,FL,7538,False
Tuttle,OK,7533,False
Mount Sterling,KY,7532,False
Mantua,VA,7531,False
North Weeki Wachee,FL,7529,False
Savage,MD,7528,False
Knoxville,IA,7523,False
Hughson,CA,7523,False
Iron Mountain,MI,7522,False
Kaufman,TX,7520,False
Creston,IA,7519,False
Woodlawn CDP (Prince George's County),MD,7515,False
New Cumberland,PA,7515,False
Chehalis,WA,7512,False
DuBois,PA,7509,False
Lely Resort,FL,7505,False
Bull Run CDP (Fairfax County),VA,7504,False
Hastings,MI,7504,False
Sebastopol,CA,7503,False
Marshfield,MO,7501,False
Woodlake,CA,7495,False
Madras,OR,7494,False
Berlin,NJ,7489,False
Brighton,MI,7486,False
Haddon Heights,NJ,7484,False
Blandon,PA,7484,False
Eagle,CO,7481,False
Arcadia,FL,7480,False
Longboat Key,FL,7479,False
Vernon,WI,7478,False
Kenai,AK,7477,False
Crookston,MN,7472,False
Marengo,IL,7471,False
Tell City,IN,7470,False
St. Rose,LA,7469,False
Batesville,MS,7464,False
Old Town,ME,7458,False
Escalon,CA,7456,False
Caribou,ME,7454,False
Homeland Park,SC,7451,False
Hartsville,SC,7450,False
Page,AZ,7444,False
Gridley,CA,7444,False
Shields,MI,7444,False
Great Neck Plaza,NY,7443,False
Floresville,TX,7440,False
Palmyra,NJ,7437,False
Wildewood,MD,7436,False
Umatilla,OR,7433,False
Pleasantville,NY,7430,False
Bloomfield,NM,7430,False
Hudson Falls,NY,7426,False
Thompson's Station,TN,7426,False
Alta Sierra CDP (Nevada County),CA,7425,False
Sky Lake,FL,7424,False
Zebulon,NC,7421,False
Waikoloa Village,HI,7418,False
Dunbar,WV,7418,False
Dry Run,OH,7417,False
Floris,VA,7417,False
Alamo Heights,TX,7417,False
Forestbrook,SC,7414,False
Taft,CA,7414,False
McCook,NE,7412,False
Kentfield,CA,7410,False
Newberry,FL,7401,False
Hitchcock,TX,7398,False
Briarcliff Manor,NY,7395,False
Lockwood,MT,7393,False
Commerce,GA,7391,False
Broadview Park,FL,7385,False
Viola,NY,7385,False
Pocahontas,AR,7384,False
Trumann,AR,7383,False
Lampasas,TX,7377,False
Boyes Hot Springs,CA,7374,False
Nibley,UT,7373,False
Cumming,GA,7371,False
Union,KY,7369,False
East Shoreham,NY,7367,False
Belen,NM,7367,False
Oakdale,NY,7365,False
Charles City,IA,7364,False
Belle Plaine,MN,7363,False
Ancient Oaks,PA,7363,False
Clinton,MA,7361,False
Highlands,TX,7359,False
Forest City,NC,7357,False
Freeland,MI,7357,False
Macclenny,FL,7354,False
Clover Creek,WA,7354,False
Lower Allen,PA,7350,False
La Follette,TN,7349,False
Lexington,VA,7346,False
New London,WI,7342,False
Laurel Hill,VA,7338,False
Northport,NY,7337,False
Villa Hills,KY,7331,False
Kimberly,WI,7331,False
Carrollton,VA,7330,False
Washington,IA,7329,False
University Park,IL,7328,False
Garnet,CA,7328,False
Beacon Square,FL,7327,False
Greenville,AL,7326,False
Rapid Valley,SD,7324,False
Bellbrook,OH,7321,False
Chesterland,OH,7317,False
Archbald,PA,7316,False
Scottsburg,IN,7313,False
Flatwoods,KY,7312,False
Cedarhurst,NY,7307,False
Bermuda Dunes,CA,7306,False
Nuevo,CA,7305,False
Parkwood,WA,7303,False
Wauseon,OH,7301,False
Meraux,LA,7297,False
Scotia,NY,7292,False
Aurora,MO,7290,False
Montevallo,AL,7288,False
Oceano,CA,7287,False
Acton,CA,7286,False
Rumson,NJ,7285,False
Riverdale Park,MD,7284,False
Emerson,NJ,7281,False
Nappanee,IN,7276,False
Wollochet,WA,7276,False
Whitinsville,MA,7273,False
Winters,CA,7270,False
Walled Lake,MI,7262,False
Pelham,NY,7261,False
Carmel,NY,7260,False
Nebraska City,NE,7257,False
Mammoth Lakes,CA,7253,False
Clewiston,FL,7252,False
Georgetown,DE,7247,False
Ben Lomond,CA,7247,False
Canton,NY,7245,False
North Riverside,IL,7245,False
Middletown,PA,7245,False
La Junta,CO,7244,False
Cos Cob,CT,7243,False
East Hills,NY,7242,False
Washington,NJ,7240,False
Pacific,MO,7239,False
South Haven,IN,7237,False
Radisson,NY,7235,False
Taneytown,MD,7234,False
Sausalito,CA,7233,False
Globe,AZ,7230,False
Salem,IL,7228,False
Monticello,NY,7224,False
Rayne,LA,7223,False
Mims,FL,7222,False
Clarkston,WA,7222,False
Tolleson,AZ,7221,False
Dade City,FL,7221,False
Winfield,IN,7219,False
Centerville,SC,7217,False
Wharton,NJ,7217,False
King,NC,7210,False
Pinson,AL,7209,False
Bremen,GA,7209,False
Richland,MS,7208,False
Putnam,CT,7207,False
Yorketown,NJ,7206,False
Savannah,TN,7206,False
Staples,CT,7200,False
River Rouge,MI,7200,False
Calumet Park,IL,7193,False
Devils Lake,ND,7192,False
Brockport,NY,7192,False
Gonzales,TX,7190,False
Glenolden,PA,7190,False
Lacy-Lakeview,TX,7190,False
Wailua Homesteads,HI,7189,False
South Cleveland,TN,7188,False
Keyport,NJ,7188,False
Russellville,KY,7186,False
Baywood,NY,7185,False
White Knoll,SC,7185,False
Laurel,MT,7181,False
Delafield,WI,7181,False
Hiawatha,IA,7179,False
Lake Hallie,WI,7178,False
Orchard Mesa,CO,7173,False
Mead,WA,7172,False
Souderton,PA,7169,False
West Frankfort,IL,7168,False
Logan,OH,7168,False
Noble,OK,7168,False
Porters Neck,NC,7165,False
Lake Lorraine,FL,7164,False
Harrisburg,SD,7157,False
Piñon Hills,CA,7157,False
Hobart,WA,7155,False
Stratmoor,CO,7154,False
Sound Beach,NY,7154,False
Welcome,SC,7153,False
Delphos,OH,7153,False
Ridley Park,PA,7152,False
Sandston,VA,7152,False
Mentor-on-the-Lake,OH,7152,False
Moapa Valley,NV,7144,False
Seminole,OK,7144,False
Seaside,OR,7142,False
Sandwich,IL,7139,False
Dayton,TN,7139,False
Milton-Freewater,OR,7137,False
Jasper,TX,7131,False
Prairie Grove,AR,7131,False
Wetumpka,AL,7129,False
Atherton,CA,7124,False
Timnath,CO,7122,False
Greenville,IL,7121,False
Sturgis,SD,7121,False
Frostburg,MD,7118,False
Strasburg,VA,7104,False
West Miami,FL,7104,False
Valley Falls,SC,7104,False
Sudden Valley,WA,7103,False
Murphysboro,IL,7101,False
Mills River,NC,7100,False
Fircrest,WA,7098,False
Pacific,WA,7097,False
New Milford,CT,7095,False
Crete,NE,7093,False
Robinson,IL,7089,False
Wayne,PA,7088,False
Garden Home-Whitford,OR,7086,False
Heathrow,FL,7084,False
Dahlonega,GA,7083,False
Demopolis,AL,7080,False
Lackland AFB,TX,7077,False
Waveland,MS,7075,False
Kingsland,TX,7075,False
Cortland,OH,7073,False
Highgrove,CA,7069,False
Marble Falls,TX,7068,False
Heber Springs,AR,7066,False
St. Joseph,MN,7066,False
Philadelphia,MS,7065,False
Old Greenwich,CT,7060,False
Nyack,NY,7057,False
Kosciusko,MS,7056,False
Inwood,FL,7054,False
Batesville,IN,7052,False
Gorham,ME,7050,False
Woods Creek,WA,7048,False
Islamorada,FL,7044,False
Sappington,MO,7039,False
Lacombe,LA,7035,False
Stickney,IL,7031,False
Fayetteville,TN,7026,False
Seminole,TX,7024,False
Midland Park,NJ,7022,False
Barrington,NJ,7022,False
Belle Isle,FL,7020,False
Milltown,NJ,7017,False
Church Hill,TN,7016,False
Tappan,NY,7016,False
Trinity,NC,7012,False
Grove,OK,7012,False
Fort Bragg,CA,7007,False
Basehor,KS,7004,False
Connellsville,PA,7004,False
Hudson,NH,7003,False
Morehead,KY,7001,False
Kahaluu-Keauhou,HI,7001,False
Benton,IL,6999,False
Kingston Estates,NJ,6999,False
Tuckahoe,NY,6995,False
Idabel,OK,6994,False
Mountainside,NJ,6991,False
Byron Center,MI,6988,False
Rockland,ME,6986,False
Mascotte,FL,6985,False
West Samoset,FL,6985,False
California Polytechnic State University,CA,6983,False
Richboro,PA,6983,False
Morrilton,AR,6980,False
Youngtown,AZ,6980,False
Mount Carmel,IL,6978,False
Pike Creek,DE,6975,False
Bennettsville,SC,6975,False
Elkins Park,PA,6973,False
Lincoln,AL,6968,False
Spring Lake Park,MN,6966,False
Indian River Estates,FL,6965,False
Gulf Park Estates,MS,6965,False
Stratford,NJ,6962,False
Mendota,IL,6961,False
Greenbrier,TN,6954,False
Belfast,ME,6953,False
Linwood,NJ,6952,False
Aspen,CO,6952,False
Rockville,CT,6951,False
Norwich,NY,6950,False
Mount Healthy,OH,6949,False
Uniontown,OH,6948,False
Hutchison,VA,6947,False
Aquia Harbour,VA,6947,False
Holly Springs,MS,6942,False
Chester,IL,6941,False
South Run,VA,6940,False
Lecanto,FL,6938,False
Cochituate,MA,6937,False
Litchfield,IL,6937,False
Ambridge,PA,6937,False
North Vernon,IN,6935,False
Elkins,WV,6935,False
Nevada,IA,6933,False
Sunbury,OH,6933,False
St. Louis,MI,6932,False
LaFayette,GA,6929,False
Manorhaven,NY,6929,False
Oneonta,AL,6925,False
North Springfield,VA,6916,False
Bridge City,LA,6916,False
Shamokin,PA,6915,False
Roslyn Heights,NY,6915,False
Lake Murray of Richland,SC,6914,False
Kirtland,OH,6914,False
Middlebury,VT,6913,False
Osceola,AR,6911,False
Tamaqua,PA,6911,False
Harrisville,UT,6909,False
Hurricane,WV,6908,False
Williamsburg,FL,6908,False
Camp Swift,TX,6908,False
Mexia,TX,6907,False
Dacula,GA,6906,False
Silsbee,TX,6904,False
Huntingdon,PA,6904,False
Strathmore,NJ,6904,False
South Patrick Shores,FL,6899,False
Seneca Falls,NY,6895,False
Union,OH,6894,False
St. Albans,VT,6891,False
Clinton,IL,6889,False
Willow Oak,FL,6885,False
Contra Costa Centre,CA,6884,False
Pea Ridge,WV,6884,False
Roosevelt,UT,6884,False
Huron,OH,6882,False
Fair Plain,MI,6882,False
Lanett,AL,6880,False
Hamilton,AL,6880,False
Winsted,CT,6880,False
Ocean City,MD,6879,False
Perry,FL,6879,False
Millsboro,DE,6876,False
Monessen,PA,6876,False
Gananda,NY,6869,False
Bonne Terre,MO,6863,False
New Canaan,CT,6863,False
Walden,NY,6861,False
Forest Glen,MD,6859,False
Herkimer,NY,6858,False
Kasson,MN,6855,False
Olivarez,TX,6853,False
Taylor Mill,KY,6851,False
Pea Ridge,AR,6851,False
Isanti,MN,6850,False
Newport,TN,6850,False
La Feria,TX,6848,False
Valley Park,MO,6848,False
Roeland Park,KS,6848,False
Orland Hills,IL,6842,False
Thomson,GA,6839,False
Ocean Shores,WA,6838,False
Mira Monte,CA,6837,False
Sealy,TX,6837,False
Clifton Heights,PA,6834,False
South Monrovia Island,CA,6833,False
Junction City,OR,6831,False
Loomis,CA,6831,False
Sturtevant,WI,6823,False
Fowler,CA,6819,False
Allendale,NJ,6817,False
Topsham,ME,6813,False
Fox Point,WI,6811,False
Live Oak,FL,6811,False
Marshall,MI,6806,False
Clover,SC,6800,False
Canutillo,TX,6800,False
Wescosville,PA,6799,False
Dunlap,IN,6799,False
Donaldsonville,LA,6799,False
Litchfield Park,AZ,6794,False
Lincroft,NJ,6793,False
Robertsdale,AL,6793,False
Whitemarsh Island,GA,6790,False
Thermalito,CA,6790,False
Zuni Pueblo,NM,6789,False
Linglestown,PA,6786,False
Clarkston Heights-Vineland,WA,6784,False
Decatur,TX,6781,False
Addis,LA,6779,False
Napili-Honokowai,HI,6779,False
Pepper Pike,OH,6778,False
Ambler,PA,6775,False
St. Augustine Beach,FL,6774,False
Heathcote,NJ,6773,False
Lawrence,NY,6773,False
Green Hill,TN,6773,False
Atlantic,IA,6770,False
Bayville,NY,6763,False
Folcroft,PA,6758,False
Plymouth Meeting,PA,6756,False
Joshua Tree,CA,6751,False
Homeacre-Lyndora,PA,6750,False
Medina,MN,6746,False
Bowleys Quarters,MD,6746,False
Neptune Beach,FL,6743,False
Opp,AL,6741,False
Satsuma,AL,6740,False
Raleigh Hills,OR,6737,False
Oakmont,PA,6734,False
Lionville,PA,6724,False
Brookings,OR,6719,False
Savannah,TX,6718,False
Cullowhee,NC,6715,False
Vero Lake Estates,FL,6714,False
Ladera Heights,CA,6710,False
Homestead Meadows North,TX,6707,False
Vandenberg Village,CA,6702,False
Fairview CDP (Dutchess County),NY,6701,False
Oakdale,LA,6701,False
Normandy Park,WA,6697,False
Unionville,NC,6694,False
Winthrop Harbor,IL,6693,False
Eldridge,IA,6693,False
Belpre,OH,6690,False
Columbiana,OH,6688,False
Galax,VA,6687,False
Stewartville,MN,6684,False
Galliano,LA,6681,False
Marianna,FL,6681,False
Steilacoom,WA,6680,False
Belterra,TX,6678,False
Northborough,MA,6677,False
Bedford,VA,6676,False
Darnestown,MD,6672,False
Boonville,IN,6670,False
North Syracuse,NY,6669,False
Ormond-by-the-Sea,FL,6668,False
Paradise,CA,6666,False
Franklin,LA,6666,False
Air Force Academy,CO,6665,False
Pecan Plantation,TX,6664,False
Wilton,CA,6663,False
Rutgers University-Busch Campus,NJ,6663,False
West Slope,OR,6663,False
Orlovista,FL,6661,False
Southport,NY,6661,False
West View,PA,6660,False
South Monroe,MI,6658,False
Ellettsville,IN,6653,False
Warwick,NY,6653,False
Jordan,MN,6648,False
Blakely,PA,6646,False
Ontario,OH,6642,False
Amory,MS,6642,False
Oyster Bay,NY,6640,False
Buena Vista,VA,6639,False
Stone Mountain,GA,6638,False
Maple Glen,PA,6637,False
Green Knoll,NJ,6635,False
Purcell,OK,6632,False
Black Jack,MO,6632,False
Gunnison,CO,6629,False
North Caldwell,NJ,6625,False
Indiantown,FL,6624,False
Castroville,CA,6620,False
Aptos,CA,6614,False
South Hill,NY,6613,False
Vine Grove,KY,6611,False
Milton,PA,6610,False
Spotsylvania Courthouse,VA,6610,False
Solvay,NY,6607,False
Hebron,KY,6607,False
Litchfield,MN,6598,False
Lutherville,MD,6595,False
Treasure Island,FL,6590,False
Irvington,NY,6590,False
Rockaway,NJ,6589,False
Pratt,KS,6588,False
Lake Shore,WA,6587,False
Plattsmouth,NE,6585,False
Charles Town,WV,6584,False
St. John,MO,6583,False
Carolina Beach,NC,6583,False
Calipatria,CA,6579,False
Kula,HI,6578,False
Bridgewater,VA,6575,False
East Greenbush,NY,6571,False
Rutherford,PA,6571,False
Bronxville,NY,6570,False
Highland Heights,KY,6566,False
St. James,NC,6566,False
Hapeville,GA,6566,False
Morrow,GA,6563,False
Willis,TX,6561,False
Kingston,RI,6560,False
East Falmouth,MA,6558,False
Valley City,ND,6558,False
Lynchburg,TN,6558,False
Milford,OH,6556,False
Lake Alfred,FL,6555,False
Ewa Villages,HI,6550,False
Corcoran,MN,6549,False
Larchmont,NY,6549,False
Carthage,TX,6549,False
Highland,NY,6545,False
Steele Creek,AK,6542,False
Nitro,WV,6540,False
Brier,WA,6539,False
Delano,MN,6539,False
Upper Sandusky,OH,6537,False
Iowa Park,TX,6529,False
South Valley Stream,NY,6529,False
St. Gabriel,LA,6526,False
Horseheads,NY,6524,False
Fort Pierce North,FL,6519,False
Wailea,HI,6517,False
Schuyler,NE,6516,False
Union Gap,WA,6512,False
Catasauqua,PA,6512,False
Potomac Mills,VA,6510,False
Swarthmore,PA,6507,False
Nephi,UT,6507,False
Ramtown,NJ,6506,False
Pimmit Hills,VA,6500,False
Johnson Lane,NV,6499,False
Red Lion,PA,6499,False
Carbondale,CO,6497,False
Eastwood,MI,6497,False
Bridgeport,MI,6495,False
Lake Mathews,CA,6494,False
Chestnut Hill,PA,6493,False
Hillsboro,OH,6492,False
Eucalyptus Hills,CA,6491,False
Abilene,KS,6489,False
Edgemoor,DE,6485,False
Brookhaven,WV,6485,False
Hilmar-Irwin,CA,6484,False
Moraine,OH,6484,False
Milford,MI,6483,False
Mount Vernon,IN,6480,False
Huntingburg,IN,6480,False
Notre Dame,IN,6479,False
West Loch Estate,HI,6469,False
Oak View,CA,6468,False
Burnet,TX,6464,False
Fairfield Plantation,GA,6464,False
Woodland,WA,6463,False
Ralston,NE,6462,False
Powell,WY,6460,False
Taos,NM,6458,False
Dillon,SC,6454,False
Keene,TX,6451,False
West Concord,MA,6450,False
Selma,NC,6449,False
Elm Grove,WI,6445,False
Arlington Heights,PA,6444,False
Sullivan,MO,6441,False
Latimer,MS,6436,False
Garrett,IN,6434,False
Portland,IN,6432,False
Leitchfield,KY,6432,False
De Soto,MO,6430,False
Blue Bell,PA,6428,False
Portage Lakes,OH,6427,False
Pinehurst,MA,6426,False
Covedale,OH,6426,False
Marvin,NC,6421,False
Gleneagle,CO,6421,False
Geneseo,IL,6421,False
Sanibel,FL,6420,False
Laurence Harbor,NJ,6418,False
El Rio,CA,6418,False
Watchung,NJ,6417,False
Portland,CT,6417,False
Desert Palms,CA,6414,False
South Lakes,AK,6414,False
Rushville,IN,6412,False
Prospect Park,PA,6411,False
Flanders,NY,6411,False
Tanglewilde,WA,6407,False
Sidney,NE,6407,False
Yardville,NJ,6405,False
Cherry Hills Village,CO,6405,False
Binghamton University,NY,6405,False
Lemoore Station,CA,6403,False
Marion,SC,6402,False
Chickasaw,AL,6398,False
Forest Hills,PA,6397,False
Santa Teresa,NM,6396,False
Johnsburg,IL,6387,False
West Point,NY,6386,False
Southold,NY,6386,False
Connerton,FL,6383,False
Pelican Bay,FL,6380,False
Colusa,CA,6380,False
Crescent City,CA,6379,False
Fort Shawnee,OH,6379,False
South Lebanon,OH,6376,False
Walpole,MA,6373,False
Byron,MN,6373,False
Gulf Breeze,FL,6372,False
Catalina,AZ,6371,False
Eatonton,GA,6369,False
Volo,IL,6368,False
Huntington Woods,MI,6365,False
Crockett,TX,6365,False
Ville Platte,LA,6364,False
Braddock,VA,6360,False
Belle Haven,VA,6359,False
Walker,LA,6359,False
Chesapeake Beach,MD,6358,False
Munford,TN,6357,False
Douglas,WY,6356,False
Cynthiana,KY,6355,False
Shrewsbury,MO,6352,False
Champion Heights,OH,6347,False
Northgate,OH,6347,False
Pigeon Forge,TN,6345,False
Willard,MO,6342,False
Twin Lakes,WI,6341,False
Carlstadt,NJ,6341,False
McRae-Helena,GA,6338,False
Durham,CA,6337,False
Monticello,IL,6337,False
Glenarden,MD,6335,False
Lucas Valley-Marinwood,CA,6334,False
Crystal City,TX,6332,False
Salem,IN,6330,False
Harvest,AL,6328,False
Henderson,TN,6326,False
Tecumseh,OK,6326,False
Countryside,IL,6322,False
East Rochester,NY,6321,False
Ramblewood,NJ,6320,False
Medfield,MA,6318,False
Lake Fenton,MI,6316,False
Clyde,OH,6314,False
Rossford,OH,6314,False
Thurmont,MD,6313,False
Penitas,TX,6313,False
Mecca,CA,6313,False
Foxborough,MA,6312,False
Fort Washington,PA,6312,False
Bethel,AK,6312,False
Sweetwater,TN,6310,False
Sterling,AK,6307,False
Prospect Park,NJ,6299,False
Loughman,FL,6296,False
Waupaca,WI,6294,False
Tallulah,LA,6290,False
San Martin,CA,6289,False
Martins Ferry,OH,6283,False
High Springs,FL,6283,False
Rochester,WA,6282,False
Avra Valley,AZ,6281,False
Lake Mills,WI,6280,False
Hampstead,MD,6278,False
Orange City,IA,6278,False
Taylor,PA,6274,False
Lebanon,KY,6274,False
Exton,PA,6272,False
Madison,SD,6271,False
Skowhegan,ME,6270,False
Howland Center,OH,6266,False
Pembroke Park,FL,6266,False
Dacono,CO,6260,False
Huron,CA,6260,False
Harrah,OK,6259,False
Cold Spring,KY,6258,False
Sidney,MT,6257,False
Talent,OR,6256,False
Mount Zion,IL,6255,False
Massanetta Springs,VA,6254,False
Warrenton,OR,6254,False
Marlow Heights,MD,6254,False
Ware,MA,6253,False
De Soto,KS,6248,False
Country Homes,WA,6248,False
Manistee,MI,6248,False
Princeton,KY,6248,False
Gun Barrel City,TX,6247,False
South Williamsport,PA,6246,False
Calverton,NY,6245,False
Zimmerman,MN,6243,False
Steelton,PA,6243,False
Gateway,AK,6241,False
Walkersville,MD,6239,False
Camino Tassajara,CA,6238,False
Sheridan,OR,6237,False
Jan Phyl Village,FL,6237,False
Inniswold,LA,6236,False
Rochester,IN,6236,False
West Hattiesburg,MS,6234,False
Yaphank,NY,6229,False
White Oak,TX,6227,False
Briar,TX,6227,False
Tellico Village,TN,6224,False
Jackson,OH,6222,False
Roseland,NJ,6221,False
Homeland,CA,6221,False
Fair Haven,NJ,6221,False
Plaquemine,LA,6218,False
Clemson University,SC,6217,False
Wheelersburg,OH,6215,False
Aztec,NM,6214,False
Lucerne Valley,CA,6212,False
Corry,PA,6209,False
Lauderdale-by-the-Sea,FL,6202,False
Northlake,TX,6202,False
Salton City,CA,6202,False
Willows,CA,6201,False
Branford Center,CT,6201,False
Barnesville,GA,6200,False
New Haven,MI,6200,False
Fountainhead-Orchard Hills,MD,6198,False
Osprey,FL,6195,False
Paulsboro,NJ,6195,False
Shelburne,VT,6195,False
Elsmere,DE,6194,False
Snowflake,AZ,6192,False
Ishpeming,MI,6191,False
Willard,OH,6189,False
University at Buffalo,NY,6189,False
Northford,CT,6189,False
River Park,FL,6186,False
Mays Landing,NJ,6183,False
Southgate,FL,6183,False
Clairton,PA,6182,False
Crestwood,KY,6175,False
Lindale,TX,6174,False
Salida del Sol Estates,TX,6172,False
Darlington,SC,6172,False
Fruitland,ID,6169,False
Gladewater,TX,6166,False
Torrington,WY,6161,False
Braidwood,IL,6160,False
Three Oaks,FL,6156,False
Rib Mountain,WI,6153,False
Milan,MI,6153,False
Ward,AR,6149,False
Gardnerville,NV,6147,False
East End,AR,6147,False
Zephyrhills West,FL,6147,False
Pine Brook,NJ,6147,False
Rockford,MI,6144,False
Prosser,WA,6138,False
Saranap,CA,6136,False
De Queen,AR,6132,False
Blackwell,OK,6132,False
Cheverly,MD,6132,False
Glendale,MO,6131,False
Chillicothe,IL,6130,False
Lakemoor,IL,6128,False
Penn Wynne,PA,6127,False
Hazardville,CT,6123,False
Oreland,PA,6123,False
Maquoketa,IA,6123,False
Wesley Hills,NY,6123,False
Gustine,CA,6122,False
Paoli,PA,6121,False
Oceanport,NJ,6119,False
Tequesta,FL,6116,False
Avon,CO,6115,False
Cherryville,NC,6113,False
Edgewood,NM,6113,False
Simsbury Center,CT,6110,False
Hellertown,PA,6109,False
Ocean City,FL,6108,False
Harris Hill,NY,6107,False
Independence,IA,6106,False
Bridgewater Center,NJ,6106,False
Little Silver,NJ,6104,False
Morris Plains,NJ,6104,False
Nolanville,TX,6102,False
Everman,TX,6102,False
Gas City,IN,6099,False
Lyman,SC,6099,False
West Yarmouth,MA,6098,False
Woodcliff Lake,NJ,6096,False
Palmer,AK,6091,False
Kingston,MA,6090,False
Adel,IA,6090,False
Rancho Calaveras,CA,6089,False
Northville,MI,6088,False
Elmwood,LA,6081,False
Lake City,SC,6080,False
West Clarkston-Highland,WA,6080,False
Tarrant,AL,6077,False
DeFuniak Springs,FL,6072,False
Maize,KS,6071,False
Bellefonte,PA,6071,False
Larose,LA,6069,False
Loudon,TN,6069,False
Daniels Farm,CT,6067,False
Franklin,PA,6066,False
Rupert,ID,6066,False
Sheridan,CO,6062,False
Louisville,MS,6061,False
Vandalia,IL,6058,False
Rittman,OH,6058,False
Slinger,WI,6055,False
North Sea,NY,6054,False
The Village of Indian Hill,OH,6051,False
Crystal Lake,FL,6048,False
Raton,NM,6046,False
Battlefield,MO,6046,False
Bangor Base,WA,6045,False
Bridgeport,TX,6044,False
Crafton,PA,6044,False
Hamlet,NC,6043,False
East Farmingdale,NY,6043,False
Churchville,PA,6041,False
Centerport,NY,6040,False
Barnhart,MO,6040,False
Pontoon Beach,IL,6039,False
Greenwood,MO,6038,False
Brookville,OH,6035,False
Solvang,CA,6035,False
Manchester,WA,6033,False
Bensley,VA,6032,False
Boiling Spring Lakes,NC,6032,False
Pauls Valley,OK,6031,False
Somerset,PA,6030,False
Truth or Consequences,NM,6030,False
Dickson City,PA,6026,False
Erwin,TN,6026,False
Eudora,KS,6025,False
Port Clinton,OH,6024,False
North Fort Lewis,WA,6022,False
Midway,UT,6019,False
Doolittle,TX,6019,False
Jamul,CA,6018,False
Fruit Heights,UT,6018,False
Wilmore,KY,6017,False
Nazareth,PA,6015,False
Buena Vista,MI,6013,False
Pevely,MO,6012,False
Moores Mill,AL,6007,False
Mulvane,KS,6003,False
Harriman,TN,6000,False
Kennebunk,ME,6000,False
Williamson,AZ,5999,False
Hilton,NY,5998,False
Alpine,TX,5997,False
Holly,MI,5997,False
East Aurora,NY,5996,False
Gardiner,ME,5994,False
Cumberland,IN,5991,False
Fort Myers Shores,FL,5990,False
Lewistown,MT,5988,False
Kingston,TN,5987,False
Enola,PA,5986,False
Edna,TX,5985,False
Kermit,TX,5984,False
Sharon,MA,5983,False
Kennett Square,PA,5982,False
Packanack Lake,NJ,5982,False
Waterville,OH,5980,False
Sharon Hill,PA,5976,False
Richmond,MO,5975,False
Wayne,NE,5973,False
Yarmouth Port,MA,5971,False
St. Johnsbury,VT,5963,False
Metropolis,IL,5963,False
Elburn,IL,5958,False
Lakehills,TX,5955,False
Indian Hills,NV,5955,False
Bartonville,IL,5952,False
Gray,LA,5951,False
Belding,MI,5942,False
Littlefield,TX,5939,False
Lakeview,NY,5938,False
Lake Mohegan,NY,5938,False
Clearfield,PA,5937,False
Yarmouth,ME,5937,False
Geneva,OH,5935,False
East Flat Rock,NC,5934,False
Oelwein,IA,5934,False
Aubrey,TX,5932,False
Moosic,PA,5930,False
Groveport,OH,5928,False
Norwood,PA,5926,False
Riverside,MD,5924,False
Hudson,NY,5923,False
Gilbertsville,PA,5923,False
Tea,SD,5922,False
Manasquan,NJ,5921,False
Iroquois Point,HI,5921,False
Lake Bluff,IL,5919,False
Monroeville,AL,5917,False
Pollock Pines,CA,5917,False
Village of Oak Creek (Big Park),AZ,5915,False
Pleasure Point,CA,5909,False
Wake Village,TX,5909,False
Mocksville,NC,5908,False
Estes Park,CO,5906,False
Salamanca,NY,5906,False
West Bountiful,UT,5905,False
District Heights,MD,5905,False
Rochester Institute of Technology,NY,5901,False
Holdenville,OK,5900,False
Watford City,ND,5900,False
Stokesdale,NC,5900,False
Stroudsburg,PA,5897,False
Ave Maria,FL,5895,False
Los Ranchos de Albuquerque,NM,5894,False
Cottonwood CDP (Shasta County),CA,5893,False
McKees Rocks,PA,5893,False
Conley,GA,5892,False
Jonesborough,TN,5891,False
Asbury,IA,5890,False
Peoria Heights,IL,5890,False
Dallas,NC,5889,False
Westville,IN,5885,False
Beardstown,IL,5884,False
Dulles Town Center,VA,5884,False
Naples Manor,FL,5882,False
Finderne,NJ,5881,False
Estherville,IA,5881,False
Cheshire Village,CT,5879,False
Edgerton,WI,5878,False
Belmar,NJ,5877,False
South Gate Ridge,FL,5872,False
Patterson,LA,5868,False
Belle Mead,NJ,5867,False
Leisure Village,NJ,5866,False
Swartz Creek,MI,5865,False
Blaine,WA,5865,False
Hightstown,NJ,5864,False
Mount Arlington,NJ,5863,False
North Hobbs,NM,5863,False
Old Tappan,NJ,5863,False
Willow Springs,IL,5862,False
Media,PA,5860,False
Slaton,TX,5859,False
Petoskey,MI,5859,False
Silver Lake,NC,5858,False
Freeport,FL,5858,False
Bright,IN,5858,False
Port LaBelle,FL,5858,False
Montrose-Ghent,OH,5854,False
Hidden Valley Lake,CA,5852,False
Richmond,MI,5852,False
Newtown Grant,PA,5850,False
Attalla,AL,5849,False
Finley,WA,5848,False
Tehaleh,WA,5846,False
Kathleen,FL,5843,False
Bay Harbor Islands,FL,5843,False
Big Flats,NY,5842,False
Fort Wright,KY,5841,False
Yoakum,TX,5841,False
Alma,AR,5837,False
Benton Park,CA,5836,False
Carterville,IL,5836,False
Ulysses,KS,5834,False
Hockinson,WA,5833,False
Princeton,WV,5833,False
Turpin Hills,OH,5831,False
Columbia,MS,5831,False
Cameron Park,TX,5830,False
Newmarket,NH,5829,False
Keyes,CA,5827,False
Medina,NY,5827,False
Bulverde,TX,5827,False
Sierra View,PA,5826,False
Windcrest,TX,5825,False
Mattydale,NY,5825,False
Cambria,CA,5825,False
Du Quoin,IL,5822,False
Millersville,TN,5818,False
Glendora,NJ,5817,False
Villa Park,CA,5814,False
Country Knolls,NY,5811,False
South Hooksett,NH,5808,False
Pass Christian,MS,5802,False
Woodstock,VA,5798,False
International Falls,MN,5795,False
Hartford City,IN,5789,False
Childress,TX,5786,False
Belvedere,SC,5786,False
Germantown,OH,5784,False
Jamesburg,NJ,5783,False
East Alton,IL,5782,False
Wolfforth,TX,5779,False
Old Bethpage,NY,5779,False
Granville,OH,5778,False
Wappingers Falls,NY,5775,False
Plymouth,PA,5771,False
Monticello,KY,5770,False
Eaton,CO,5763,False
Las Flores CDP (Orange County),CA,5757,False
Starke,FL,5756,False
Dos Palos,CA,5755,False
Greenbrier,AR,5755,False
The Meadows,FL,5752,False
Union Beach,NJ,5751,False
Waimanalo,HI,5743,False
Paola,KS,5742,False
Central City,KY,5740,False
Ephraim,UT,5739,False
Goshen,NY,5736,False
New Holland,PA,5734,False
Washingtonville,NY,5733,False
Sherwood Manor,CT,5731,False
Ranchettes,WY,5731,False
Punxsutawney,PA,5730,False
Grafton,OH,5730,False
Snyderville,UT,5730,False
Rancho Murieta,CA,5728,False
Sandersville,GA,5727,False
Cocoa West,FL,5727,False
Schlusser,PA,5725,False
Webster,NY,5725,False
Oxford,PA,5724,False
Carlinville,IL,5724,False
Mount Carmel,PA,5723,False
Anadarko,OK,5723,False
Marion,VA,5722,False
Covington,VA,5722,False
Adams,MA,5722,False
Elsa,TX,5721,False
Waynesboro,GA,5720,False
Evansville,WI,5720,False
Fairview,GA,5718,False
Rincon Valley,AZ,5712,False
Glencoe,MN,5712,False
Selinsgrove,PA,5710,False
San Leon,TX,5709,False
Northfield,IL,5707,False
Walkertown,NC,5706,False
Campbelltown,PA,5705,False
Zeeland,MI,5701,False
Otis Orchards-East Farms,WA,5699,False
Wyndmoor,PA,5698,False
Salida,CO,5697,False
Dumfries,VA,5697,False
Grayson Valley,AL,5696,False
Spring Grove,IL,5694,False
East Harwich,MA,5693,False
Milton,WI,5692,False
Spring Ridge,MD,5691,False
Shippensburg,PA,5688,False
Byron,GA,5687,False
Hempstead,TX,5686,False
Poolesville,MD,5686,False
Pelham Manor,NY,5682,False
Leesville,LA,5681,False
Dowagiac,MI,5680,False
Emporia,VA,5680,False
Weiser,ID,5678,False
Pontotoc,MS,5676,False
North Scituate,MA,5675,False
Peculiar,MO,5675,False
Dayton,KY,5674,False
Hillsboro,IL,5673,False
Livingston,TX,5672,False
Belle Fourche,SD,5670,False
Preston,ID,5668,False
Berryville,AR,5667,False
Rio Pinar,FL,5663,False
Norwood,NJ,5657,False
Carver,MN,5656,False
El Granada,CA,5651,False
Fort Myers Beach,FL,5650,False
New Brighton,PA,5645,False
Chackbay,LA,5641,False
Henryetta,OK,5639,False
Spencer,MA,5637,False
Bonadelle Ranchos,CA,5635,False
Eastman,GA,5635,False
Peppermill Village,MD,5633,False
Hutchins,TX,5633,False
Strawberry CDP (Marin County),CA,5632,False
Ettrick,VA,5632,False
Four Corners,MT,5631,False
Hollidaysburg,PA,5630,False
Highland Lakes,AL,5628,False
Offutt AFB,NE,5627,False
Krum,TX,5627,False
Surfside,FL,5625,False
Nashville,NC,5624,False
Homer,AK,5623,False
Sylvester,GA,5622,False
Grosse Pointe,MI,5621,False
Holtville,CA,5620,False
East Quogue,NY,5620,False
Cut Off,LA,5619,False
Winston,OR,5618,False
Tracyton,WA,5614,False
McKenzie,TN,5608,False
Creswell,OR,5607,False
Bath,NY,5606,False
Hingham,MA,5606,False
Noroton,CT,5605,False
Mena,AR,5605,False
Polk City,IA,5604,False
Fruitland,MD,5603,False
Palmerton,PA,5602,False
Houghton Lake,MI,5601,False
La Habra Heights,CA,5599,False
Bear Valley Springs,CA,5598,False
Winslow,ME,5597,False
Bellevue,KY,5596,False
Fruitridge Pocket,CA,5596,False
Deschutes River Woods,OR,5595,False
Kings Point,NY,5593,False
White Rock,NM,5592,False
Bliss Corner,MA,5591,False
New Whiteland,IN,5591,False
Highland,IN,5590,False
Waterford,WI,5587,False
East Hampton North,NY,5587,False
Monaca,PA,5587,False
Cottleville,MO,5584,False
Lyons,NJ,5584,False
Kodiak,AK,5584,False
Franklin Center,NJ,5583,False
East Moriches,NY,5581,False
Lake Goodwin,WA,5581,False
Obetz,OH,5580,False
New Carlisle,OH,5579,False
Perry,UT,5579,False
Ashton-Sandy Spring,MD,5578,False
Chisago City,MN,5576,False
Parker,TX,5573,False
Adel,GA,5571,False
Pawcatuck,CT,5570,False
Citrus Park,AZ,5569,False
Dove Valley,CO,5569,False
Greenville,PA,5568,False
Red Oak,IA,5563,False
White City metro township,UT,5562,False
Hidden Valley,IN,5560,False
White Hall,AR,5559,False
Cape May Court House,NJ,5557,False
Lafayette,TN,5555,False
Odessa,MO,5554,False
Towaco,NJ,5553,False
Pahokee,FL,5548,False
Rainsville,AL,5545,False
Northchase,NC,5543,False
Williams,CA,5539,False
Rothschild,WI,5537,False
Berlin,WI,5537,False
Siesta Key,FL,5535,False
Happy Valley,CA,5532,False
Silver Lakes,CA,5532,False
Trenton,MO,5527,False
Wilmington,IL,5525,False
North Windham,ME,5525,False
Somerdale,NJ,5524,False
New Castle,DE,5523,False
Chestertown,MD,5522,False
Cave Springs,AR,5521,False
Maplewood,WA,5518,False
Spring Valley,IL,5518,False
Palermo,CA,5516,False
Walterboro,SC,5515,False
Muleshoe,TX,5515,False
Laurel Bay,SC,5513,False
Coraopolis,PA,5510,False
Piedmont,SC,5510,False
Exeter,PA,5509,False
DeWitt,IA,5508,False
Credit River,MN,5508,False
Bryn Mawr,PA,5508,False
Malone,NY,5507,False
Boothwyn,PA,5506,False
Sinton,TX,5505,False
Eureka,IL,5504,False
Caruthersville,MO,5504,False
Prairie du Chien,WI,5502,False
Kaser,NY,5501,False
East Port Orchard,WA,5501,False
St. Paul Park,MN,5497,False
Ranson corporation,WV,5497,False
Jackson,GA,5497,False
Beckett,NJ,5496,False
St. Clair,MI,5496,False
Dripping Springs,TX,5495,False
Holdrege,NE,5494,False
White City,FL,5494,False
Anamosa,IA,5493,False
Walton,KY,5492,False
Boulder Creek,CA,5492,False
Moorefield,VA,5491,False
Monticello,IN,5488,False
Carlisle,OH,5488,False
Mount Carmel,TN,5486,False
Lake Holiday,IL,5485,False
Tonganoxie,KS,5484,False
Bowie,TX,5483,False
Glasgow Village,MO,5482,False
Columbus,WI,5481,False
Paxtonia,PA,5480,False
Marlin,TX,5478,False
McGregor,TX,5478,False
Ellisburg,NJ,5476,False
East Pasadena,CA,5474,False
Bessemer City,NC,5472,False
Eldorado at Santa Fe,NM,5471,False
Zephyrhills South,FL,5470,False
Schriever,LA,5469,False
Rockwood,TN,5468,False
Tice,FL,5468,False
Douglass Hills,KY,5466,False
Sayre,PA,5463,False
Leakesville,MS,5463,False
Sultan,WA,5462,False
Sayre,OK,5459,False
Shaw Heights,CO,5458,False
Shillington,PA,5458,False
Luling,TX,5455,False
Silver Hill,MD,5455,False
Osceola,IA,5455,False
Atlanta,TX,5453,False
Macon,MO,5452,False
New Hempstead,NY,5449,False
Tyrone,PA,5447,False
St. Martinville,LA,5447,False
Sunset,UT,5443,False
Algona,IA,5443,False
Dunlap,TN,5443,False
Fairport,NY,5442,False
Scituate,MA,5442,False
Posen,IL,5442,False
Smiths Station,AL,5441,False
Ripley,MS,5440,False
Chelsea,MI,5440,False
Belleview,FL,5438,False
West Modesto,CA,5438,False
Columbia Falls,MT,5435,False
Fulton,MD,5435,False
Philomath,OR,5429,False
Chesterbrook,PA,5428,False
Albion,NY,5428,False
St. Helena,CA,5426,False
North Hills,NY,5425,False
Rockdale,TX,5424,False
East Porterville,CA,5424,False
Fort Rucker,AL,5422,False
Wellston,OH,5420,False
Sheldon,IA,5417,False
Forest,MS,5416,False
Walnut Ridge,AR,5411,False
Williamsville,NY,5411,False
Laie,HI,5411,False
Oxford,MA,5410,False
Spirit Lake,IA,5409,False
Warren,AR,5409,False
Dundee,MI,5408,False
Colona,IL,5404,False
Manchester,MD,5403,False
Colby,KS,5403,False
Oak Hill,ME,5400,False
Deer Park,OH,5399,False
Hollywood,SC,5397,False
Balm,FL,5397,False
Temple,GA,5395,False
Iola,KS,5395,False
Merion Station,PA,5393,False
Waipio Acres,HI,5393,False
Centerville,IA,5393,False
Ellenton,FL,5391,False
Grandwood Park,IL,5391,False
Toronto,OH,5387,False
Sansom Park,TX,5387,False
Imperial,MO,5385,False
Lake Barrington,IL,5377,False
Carle Place,NY,5375,False
Dundee,FL,5373,False
North Fond du Lac,WI,5372,False
Quantico Base,VA,5372,False
Olyphant,PA,5372,False
Waynesville,MO,5372,False
Clarinda,IA,5371,False
Wilmer,TX,5370,False
Kayenta,AZ,5366,False
Winterset,IA,5366,False
Ione,CA,5364,False
Brownfields,LA,5358,False
Cicero,IN,5356,False
Cameron,TX,5356,False
La Crescent,MN,5352,False
Montevideo,MN,5350,False
Angier,NC,5348,False
Englewood Cliffs,NJ,5347,False
Roanoke,AL,5346,False
Hampton Manor,NY,5344,False
Rusk,TX,5344,False
Suncrest,WA,5344,False
Glencoe,AL,5343,False
Wheatley Heights,NY,5338,False
Swannanoa,NC,5338,False
Guadalupe,AZ,5335,False
South Pasadena,FL,5334,False
Briar Chapel,NC,5332,False
Vauxhall,NJ,5331,False
Margate City,NJ,5331,False
Rensselaer,IN,5330,False
Moab,UT,5329,False
California,PA,5328,False
El Cerrito,CA,5328,False
Eagleton Village,TN,5328,False
Lochmoor Waterway Estates,FL,5327,False
South Highpoint,FL,5325,False
Chena Ridge,AK,5321,False
New Burlington,OH,5321,False
Weldon Spring,MO,5320,False
Okeechobee,FL,5319,False
Benson,AZ,5318,False
Islip Terrace,NY,5318,False
Neshanic Station,NJ,5317,False
Canal Fulton,OH,5315,False
Grambling,LA,5315,False
Black Diamond,WA,5314,False
Fort Pierce South,FL,5314,False
Clementon,NJ,5312,False
Kensington,CA,5309,False
Verdigris,OK,5308,False
Crosspointe,VA,5305,False
Reminderville,OH,5305,False
Brush,CO,5304,False
Fabens,TX,5303,False
Palm Springs North,FL,5303,False
Whiskey Creek,FL,5302,False
Shady Hollow,TX,5300,False
Fox Chapel,PA,5299,False
Blakely,GA,5299,False
Cramerton,NC,5294,False
Margaret,AL,5294,False
Ballston Spa,NY,5288,False
Marlene Village,OR,5286,False
Byram,CT,5285,False
Salem,NJ,5285,False
Lewisburg,PA,5284,False
Berkeley,IL,5283,False
Thatcher,AZ,5281,False
Lehighton,PA,5279,False
Central,SC,5272,False
Salisbury,MA,5269,False
Whitfield,PA,5269,False
Crawfordville,FL,5268,False
Springfield,MI,5268,False
Hooksett,NH,5268,False
Richlands,VA,5266,False
Orchard Homes,MT,5265,False
Liberty Hill,TX,5265,False
Hyde Park,UT,5264,False
Firthcliffe,NY,5264,False
Titusville,PA,5262,False
Chester,SC,5260,False
Moyock,NC,5259,False
Pleasant Run,OH,5258,False
Brewton,AL,5257,False
Woodside,CA,5256,False
Chadron,NE,5255,False
Tipton,IN,5255,False
West Salem,WI,5253,False
Chardon,OH,5248,False
West Ocean City,MD,5246,False
Town and Country,WA,5243,False
St. Robert,MO,5242,False
Schuylkill Haven,PA,5242,False
Duquesne,PA,5241,False
Uhrichsville,OH,5238,False
Pennside,PA,5235,False
Suncook,NH,5235,False
Burbank,CA,5234,False
Bargaintown,NJ,5234,False
Falcon Heights,MN,5232,False
Yosemite Lakes,CA,5232,False
Gladstone,MI,5231,False
Breckenridge,TX,5230,False
Williamsburg,KY,5229,False
Newport,NH,5228,False
Highwood,IL,5227,False
Williamston,NC,5224,False
Lemmon Valley,NV,5221,False
Big Stone Gap,VA,5221,False
Center,TX,5221,False
Primera,TX,5219,False
Coal City,IL,5218,False
Polson,MT,5218,False
Apple Valley,OH,5217,False
Nassau Bay,TX,5215,False
Tillamook,OR,5215,False
Ashland City,TN,5213,False
Sparks,TX,5212,False
Venus,TX,5211,False
New Martinsville,WV,5210,False
Doffing,TX,5209,False
Mayflower Village,CA,5209,False
Vinita,OK,5207,False
Vancleave,MS,5207,False
Tucumcari,NM,5206,False
Fortville,IN,5206,False
Troy Hills,NJ,5206,False
Porter,IN,5204,False
Glennville,GA,5204,False
Tara Hills,CA,5202,False
Eaton Rapids,MI,5201,False
Buckhannon,WV,5201,False
Naples Park,FL,5200,False
Windsor Heights,IA,5200,False
Kittery,ME,5197,False
Bolivar,TN,5197,False
West Pleasant View,CO,5197,False
Utica,MI,5195,False
Hazard,KY,5194,False
North Oaks,MN,5193,False
Elmsford,NY,5192,False
Buckley,WA,5191,False
Calistoga,CA,5191,False
Rainbow Springs,FL,5189,False
Brookshire,TX,5187,False
James City,NC,5186,False
Trooper,PA,5185,False
Johnstown,OH,5183,False
Allegan,MI,5180,False
Northwood,OH,5180,False
Hugo,OK,5178,False
Veneta,OR,5177,False
Mechanicville,NY,5177,False
Mayville,WI,5176,False
Connell,WA,5175,False
Tallassee,AL,5174,False
Bangor,PA,5172,False
Collegeville,PA,5172,False
Bristol,WI,5169,False
Pana,IL,5167,False
Wildwood,NJ,5164,False
Lawnton,PA,5164,False
Ampere North,NJ,5164,False
Camilla,GA,5163,False
Eagleville CDP (Montgomery County),PA,5162,False
Granite Shoals,TX,5161,False
Midfield,AL,5159,False
Pearl Beach,MI,5159,False
Layhill,MD,5157,False
Old Fig Garden,CA,5156,False
Blauvelt,NY,5154,False
Cherokee,IA,5154,False
Morganville,NJ,5153,False
Buellton,CA,5151,False
East Freehold,NJ,5150,False
Linton,IN,5149,False
Battlement Mesa,CO,5148,False
Shanor-Northvue,PA,5147,False
Alexandria,IN,5144,False
Helena Valley Northwest,MT,5143,False
Lawrenceburg,IN,5140,False
West Hills,NY,5140,False
Port Isabel,TX,5137,False
Samsula-Spruce Creek,FL,5137,False
Penn Yan,NY,5134,False
Fort Meade,FL,5133,False
Oakwood,GA,5132,False
Comstock Northwest,MI,5131,False
Pupukea,HI,5130,False
West Hazleton,PA,5130,False
North Alamo,TX,5130,False
Brady,TX,5129,False
Glenwood,IA,5128,False
The Pinehills,MA,5127,False
Kingsford,MI,5127,False
Semmes,AL,5123,False
Theodore,AL,5123,False
Chain Lake,WA,5122,False
Medina,TN,5121,False
Madisonville,TN,5120,False
Monee,IL,5120,False
Goddard,KS,5119,False
Silver Springs,NV,5117,False
Fishhook,AK,5115,False
Senoia,GA,5115,False
Davison,MI,5114,False
Tontitown,AR,5114,False
Rockmart,GA,5113,False
Manchester,IA,5112,False
Hendron,KY,5112,False
Abingdon,MD,5111,False
Zapata,TX,5110,False
Mead,CO,5110,False
Ledgewood,NJ,5110,False
Lake City,MN,5108,False
Alvarado,TX,5107,False
Birdsboro,PA,5106,False
Pinckneyville,IL,5104,False
Elverta,CA,5102,False
Flagler Beach,FL,5100,False
Three Points,AZ,5100,False
Delhi Hills,OH,5098,False
Rigby,ID,5097,False
Sandy Oaks,TX,5097,False
Iowa Falls,IA,5095,False
Albertson,NY,5095,False
Morris,MN,5094,False
Wind Lake,WI,5094,False
Dorneyville,PA,5093,False
Clarks Summit,PA,5091,False
Redwood Falls,MN,5091,False
Twin Lakes CDP (Santa Cruz County),CA,5090,False
Ada,OH,5088,False
Ironwood,MI,5088,False
Daytona Beach Shores,FL,5087,False
Turtle Creek,PA,5087,False
St. Augustine South,FL,5087,False
St. Clairsville,OH,5085,False
Concordia,KS,5080,False
Hampton,MD,5080,False
Candlewick Lake,IL,5080,False
Saranac Lake,NY,5079,False
Winona Lake,IN,5077,False
Raynham Center,MA,5074,False
West York,PA,5069,False
Savannah,MO,5068,False
Milan,IL,5066,False
Kahaluu,HI,5065,False
Frankenmuth,MI,5064,False
King City,OR,5063,False
Sea Cliff,NY,5062,False
Cherokee Village,AR,5061,False
Tichigan,WI,5060,False
Big Bear Lake,CA,5059,False
Bluefield,VA,5059,False
Smithville,TN,5059,False
Timber Pines,FL,5059,False
Richland Center,WI,5058,False
Todd Creek,CO,5057,False
Doney Park,AZ,5056,False
Cheraw,SC,5056,False
Berlin,MD,5056,False
Willow Park,TX,5055,False
Aledo,TX,5053,False
Grandyle Village,NY,5053,False
Vandergrift,PA,5051,False
Whitfield CDP (Manatee County),FL,5048,False
Duryea,PA,5047,False
Terrell Hills,TX,5045,False
Fussels Corner,FL,5044,False
Genoa,IL,5044,False
Kenneth City,FL,5043,False
McSwain,CA,5042,False
Carmi,IL,5042,False
Pacheco,CA,5041,False
Beattystown,NJ,5040,False
Munroe Falls,OH,5034,False
Marksville,LA,5034,False
Cortez,FL,5033,False
West Sayville,NY,5032,False
Liberty,NY,5030,False
Meridian,CO,5029,False
Long View,NC,5029,False
Manheim,PA,5028,False
Headland,AL,5027,False
Sawmills,NC,5026,False
East Kapolei,HI,5026,False
Lone Grove,OK,5026,False
Sulphur,OK,5025,False
Clarkson,NY,5022,False
Summit,AZ,5022,False
Swoyersville,PA,5021,False
Alva,OK,5020,False
Carlyss,LA,5018,False
Breckenridge,CO,5017,False
North Manchester,IN,5017,False
Giddings,TX,5017,False
Pensacola Station,FL,5015,False
Lakeport,CA,5014,False
Ardsley,NY,5013,False
Social Circle,GA,5011,False
Sergeant Bluff,IA,5007,False
Batesburg-Leesville,SC,5004,False
Jackson,CA,5004,False
Wadesboro,NC,5004,False
Forked River,NJ,5003,False
Oakhurst,CA,5003,False
Edgewater,CO,5002,False
Hillandale,MD,5002,False
Ayden,NC,5002,False
Sheridan,AR,5002,False
South Barrington,IL,5001,False
Bridgeport,PA,5000,False
El Cerro Mission,NM,4999,False
Terryville,CT,4998,False
Circle Pines,MN,4996,False
Stafford Courthouse,VA,4996,False
Dodgeville,WI,4994,False
Pleasant Garden,NC,4987,False
Holtville,AL,4986,False
Middletown,MD,4978,False
Lake Wildwood,CA,4974,False
Goshen,CA,4974,False
Aberdeen,MS,4972,False
Bisbee,AZ,4972,False
Baxley,GA,4971,False
Willits,CA,4968,False
Mendham,NJ,4968,False
Cave Creek,AZ,4966,False
Chamberlayne,VA,4965,False
Ste. Genevieve,MO,4965,False
Westmont,PA,4964,False
LaBelle,FL,4963,False
Sonora,CA,4963,False
New Freedom,PA,4962,False
Redland,AL,4960,False
Golden Triangle,NJ,4960,False
Shady Side,MD,4959,False
Moses Lake North,WA,4958,False
Edinboro,PA,4958,False
Brielle,NJ,4957,False
Oak Point,TX,4957,False
Hudson,TX,4957,False
Lexington,OH,4956,False
Port Allen,LA,4956,False
Bigfork,MT,4953,False
Vinton,IA,4953,False
Springdale,MD,4950,False
Sparta,TN,4950,False
Gibraltar,MI,4950,False
Kingfisher,OK,4947,False
Island Park,NY,4947,False
Myrtletown,CA,4946,False
Pleasant View,TN,4945,False
Rockport,MA,4943,False
Minot AFB,ND,4943,False
Louisburg,KS,4940,False
Hoopeston,IL,4940,False
Lavon,TX,4939,False
Whispering Pines,NC,4938,False
Mayfair,CA,4937,False
Pendleton,IN,4937,False
Reedurban,OH,4935,False
Granite Falls,NC,4934,False
Westvale,NY,4933,False
Franklin,NJ,4933,False
Shenandoah,IA,4930,False
Demarest,NJ,4930,False
Orangetree,FL,4929,False
Colville,WA,4927,False
Quinnipiac University,CT,4926,False
Bret Harte,CA,4926,False
Edwardsville,PA,4925,False
Mount Carmel,OH,4924,False
Olympia Fields,IL,4922,False
Forest Hills,TN,4922,False
Beach Haven West,NJ,4920,False
Orange,VA,4919,False
Houlton,ME,4918,False
Royersford,PA,4917,False
Rocky Mount,VA,4916,False
Union Grove,WI,4916,False
Progreso,TX,4914,False
Summit,WI,4914,False
Rio Communities,NM,4913,False
Hiram,GA,4911,False
Adairsville,GA,4911,False
Luverne,MN,4910,False
Saltillo,MS,4910,False
Medical Lake,WA,4909,False
Nashville,GA,4907,False
Michigan Center,MI,4906,False
Hickory Creek,TX,4906,False
Daleville,AL,4901,False
Dellwood,MO,4899,False
Princeton,MN,4898,False
Wauchula,FL,4898,False
Becker,MN,4897,False
Harlan,IA,4897,False
Needles,CA,4895,False
Archer Lodge,NC,4894,False
Gilmer,TX,4892,False
Abbeville,SC,4892,False
Lindstrom,MN,4891,False
Blythewood,SC,4890,False
Stafford Springs,CT,4890,False
Treasure Lake,PA,4890,False
Valparaiso,FL,4889,False
Carrizo Springs,TX,4888,False
Lake Wisconsin,WI,4886,False
McGuire AFB,NJ,4886,False
Fellsmere,FL,4885,False
Chittenango,NY,4884,False
Silverton,OH,4883,False
Combee Settlement,FL,4880,False
Keyser,WV,4879,False
Mineola,TX,4879,False
Shelley,ID,4878,False
Omak,WA,4877,False
Sawgrass,FL,4877,False
Wrightsboro,NC,4876,False
Utqiaġvik,AK,4876,False
Desloge,MO,4875,False
New Castle,CO,4874,False
Odenville,AL,4873,False
Ipswich,MA,4872,False
Wellsville,NY,4871,False
Creedmoor,NC,4871,False
Green Tree,PA,4870,False
Avondale,LA,4870,False
Marshfield,MA,4868,False
Colchester,CT,4868,False
Gifford,FL,4868,False
Cochran,GA,4867,False
Spring Lake Heights,NJ,4864,False
Flemington,NJ,4864,False
Carthage,MS,4861,False
Glendive,MT,4861,False
Lee Acres,NM,4858,False
South Sarasota,FL,4855,False
Pinardville,NH,4851,False
Elko New Market,MN,4850,False
Skyline View,PA,4848,False
Manitou Springs,CO,4848,False
Westlake,LA,4847,False
Van Alstyne,TX,4846,False
Prairie Heights,WA,4845,False
Baldwin City,KS,4845,False
Tiffin,IA,4845,False
Holbrook,AZ,4842,False
Ahoskie,NC,4841,False
Penns Grove,NJ,4841,False
Chatsworth,GA,4840,False
Los Chaves,NM,4840,False
Spring House,PA,4840,False
Luray,VA,4838,False
South Bound Brook,NJ,4838,False
Denton,MD,4836,False
Palos Park,IL,4836,False
Ogallala,NE,4835,False
Crouch Mesa,NM,4834,False
Barling,AR,4833,False
Vail,CO,4833,False
Wahoo,NE,4832,False
Winfield,AL,4832,False
Indian Wells,CA,4832,False
Butler Beach,FL,4831,False
Floral City,FL,4830,False
South Bay,FL,4830,False
Annville,PA,4829,False
Wright City,MO,4828,False
Harrington Park,NJ,4826,False
King George,VA,4826,False
Springville,AL,4824,False
Winnsboro,LA,4823,False
Clinton,IN,4821,False
Crystal Springs,MS,4820,False
Fountain Hill,PA,4819,False
Kanab,UT,4817,False
Hamlin,NY,4817,False
Florence,NJ,4815,False
Buckhead,GA,4815,False
Ridge Wood Heights,FL,4812,False
Worland,WY,4812,False
Columbia,KY,4811,False
Hinton,OK,4811,False
Jeanerette,LA,4807,False
Telford,PA,4807,False
Hamilton,MT,4806,False
Crossett,AR,4805,False
Robbins,IL,4804,False
Coopersville,MI,4804,False
Swartz,LA,4803,False
Landing,NJ,4801,False
Glen Head,NY,4801,False
Mattituck,NY,4800,False
Mount Plymouth,FL,4798,False
Noyack,NY,4797,False
West Elmira,NY,4796,False
Bloomfield,WI,4791,False
Oak Park Heights,MN,4790,False
Flower Hill,NY,4787,False
Point Pleasant Beach,NJ,4786,False
Heeia,HI,4786,False
Sugarcreek,PA,4785,False
Riva,MD,4784,False
Brookridge,FL,4783,False
Ottawa Hills,OH,4782,False
Cheboygan,MI,4782,False
Platte City,MO,4781,False
Mount Pleasant,TN,4781,False
DeWitt,MI,4779,False
Littlestown,PA,4779,False
Arnold,PA,4778,False
Bridgeville,PA,4777,False
Higginsville,MO,4776,False
Dansville,NY,4774,False
Humboldt,IA,4774,False
Fairfield,IL,4773,False
Midway,NC,4773,False
St. Clair,MO,4771,False
Northwest Harbor,NY,4771,False
Whitehouse,OH,4771,False
Windom,MN,4770,False
Northvale,NJ,4769,False
Monticello,LA,4767,False
Herculaneum,MO,4767,False
Oak Hill,TN,4764,False
Guerneville,CA,4764,False
Lake Pocotopaug,CT,4761,False
Piedmont,AL,4761,False
Whiteville,NC,4761,False
Spry,PA,4760,False
Christiana,TN,4759,False
Chisholm,MN,4759,False
St. James,MN,4757,False
June Park,FL,4757,False
Brisbane,CA,4756,False
Benton,KY,4753,False
Violet,LA,4748,False
Cresaptown,MD,4746,False
Meadow Lake,NM,4745,False
Orangeburg,NY,4745,False
Edwardsville,KS,4744,False
Childersburg,AL,4743,False
Springhill,LA,4740,False
Avalon,PA,4739,False
Osage Beach,MO,4736,False
Cortland,IL,4734,False
Whiteville,TN,4734,False
Lower Grand Lagoon,FL,4733,False
Justin,TX,4731,False
Ashland,MO,4730,False
Rock Hill,MO,4728,False
Poplar Grove,IL,4727,False
Lonsdale,MN,4727,False
Montoursville,PA,4724,False
East Palestine,OH,4723,False
Massac,KY,4722,False
Crystal City,MO,4721,False
Jackson,AL,4719,False
Meadows Place,TX,4719,False
Millis-Clicquot,MA,4718,False
West Milton,OH,4717,False
Brewerton,NY,4717,False
Berwick,LA,4717,False
Santa Ynez,CA,4716,False
Gates,NY,4716,False
Watertown,MN,4712,False
Mather,CA,4712,False
Richwood,TX,4712,False
Grafton,WV,4711,False
Haleiwa,HI,4708,False
Tuscola,IL,4707,False
Potosi,TX,4706,False
Deale,MD,4706,False
River Ridge,FL,4705,False
Kenmar,PA,4705,False
Lake of the Pines,CA,4703,False
Jenkintown,PA,4703,False
Lake Worth,TX,4701,False
Flora,IL,4701,False
Centreville,MD,4700,False
Locust,NC,4700,False
Searingtown,NY,4700,False
Lakewood,IL,4698,False
Kimberly,ID,4696,False
Creve Coeur,IL,4695,False
Hawthorne,NY,4693,False
Okauchee Lake,WI,4690,False
Wauna,WA,4689,False
Falmouth,VA,4689,False
South Hill,VA,4683,False
Charleston,MO,4683,False
Lebanon,IL,4683,False
Valdese,NC,4682,False
Royal Pines,NC,4681,False
Le Claire,IA,4679,False
Mansfield,LA,4675,False
Midland,NC,4675,False
Manlius,NY,4675,False
Salem,MO,4673,False
Bealeton,VA,4670,False
East Troy,WI,4669,False
Bremen,IN,4667,False
Grantley,PA,4665,False
Lakeview,GA,4664,False
West Pittston,PA,4664,False
Mount Hood Villages,OR,4663,False
Lemoyne,PA,4663,False
Morgan's Point Resort,TX,4661,False
North Westport,MA,4660,False
Elk Ridge,UT,4658,False
Aurora,NE,4656,False
Winchester,IN,4654,False
Hurstbourne,KY,4654,False
Leisure Village East,NJ,4653,False
Kingsville,MD,4652,False
High Ridge,MO,4651,False
Kalaheo,HI,4651,False
Negaunee,MI,4650,False
Palmetto,GA,4650,False
Cornelia,GA,4648,False
Reidland,KY,4647,False
Highlands,NJ,4646,False
Montebello,NY,4645,False
East Merrimack,NH,4643,False
Carolina Shores,NC,4643,False
Barnwell,SC,4643,False
Carmel Valley Village,CA,4642,False
South Tucson,AZ,4642,False
Blanchester,OH,4640,False
Mount Ephraim,NJ,4638,False
Rockford,MN,4638,False
Argyle,TX,4638,False
Ocean Bluff-Brant Rock,MA,4637,False
Bellingham,MA,4636,False
Vandercook Lake,MI,4635,False
Post,TX,4632,False
Rogersville,TN,4630,False
Hanamaulu,HI,4628,False
Elberton,GA,4627,False
New Boston,TX,4625,False
Prospect,KY,4624,False
Boiling Springs,NC,4622,False
Dilworth,MN,4621,False
Neptune City,NJ,4619,False
Estacada,OR,4619,False
Blue Point,NY,4616,False
Ellisville,MS,4615,False
Montgomery,GA,4606,False
Erwin,NC,4606,False
Horseshoe Bay,TX,4601,False
Wapato,WA,4600,False
Fox River Grove,IL,4600,False
Jackson,LA,4600,False
Flourtown,PA,4599,False
Berryville,VA,4598,False
Florence,MS,4596,False
Little Falls,NY,4596,False
Lexington,MO,4592,False
Galeville,NY,4591,False
Running Springs,CA,4589,False
Blackwood,NJ,4588,False
East Petersburg,PA,4588,False
Waterloo,NY,4587,False
Littleton,NH,4587,False
Leonardtown,MD,4586,False
Oconto,WI,4586,False
Miami Heights,OH,4585,False
Hollister,MO,4585,False
Verona,VA,4582,False
Ashville,OH,4581,False
Westwood,KY,4581,False
Glendale,CO,4580,False
Cornwall,PA,4578,False
Coarsegold,CA,4578,False
Staunton,IL,4577,False
South Brooksville,FL,4577,False
Buhl,ID,4577,False
Alfred,NY,4577,False
Waynesboro,MS,4576,False
Floyds Knobs,IN,4575,False
Whiting,IN,4574,False
Madison,GA,4574,False
Randleman,NC,4573,False
American Falls,ID,4573,False
Lolo,MT,4573,False
Grayson,GA,4572,False
Westport,NC,4570,False
Raeford,NC,4570,False
Centralia,MO,4570,False
Lake Darby,OH,4569,False
Sauk Centre,MN,4568,False
Lindale,GA,4568,False
Squaw Valley,CA,4568,False
Granite Falls,WA,4567,False
Taylor Creek,FL,4566,False
Stone Park,IL,4566,False
Lillington,NC,4566,False
Sunnyside,CA,4565,False
Stock Island,FL,4564,False
Piney,AR,4563,False
Gang Mills,NY,4562,False
Panther Valley,NJ,4562,False
Greenacres,CA,4562,False
Newton Falls,OH,4562,False
Evansdale,IA,4561,False
Donora,PA,4561,False
Beecher,IL,4560,False
Farley,KY,4559,False
Weaverville,NC,4559,False
Smith Mills,MA,4556,False
Pittsboro,NC,4555,False
North Kansas City,MO,4553,False
Columbiana,AL,4552,False
Lake Tansi,TN,4551,False
Silverthorne,CO,4550,False
Canastota,NY,4550,False
Clintonville,WI,4549,False
Lexington,WA,4549,False
Forsyth,GA,4549,False
Wood Village,OR,4548,False
Camanche,IA,4546,False
Diboll,TX,4546,False
Seat Pleasant,MD,4544,False
Folkston,GA,4544,False
Mount Orab,OH,4544,False
Dardanelle,AR,4544,False
Garwood,NJ,4542,False
Butler,MO,4541,False
Warm Mineral Springs,FL,4540,False
Sellersville,PA,4537,False
Hummelstown,PA,4536,False
Coopertown,TN,4536,False
Auburn,IL,4535,False
Beaufort,NC,4534,False
West Reading,PA,4533,False
Beavercreek,OR,4532,False
Jim Thorpe,PA,4532,False
Nassau Village-Ratliff,FL,4530,False
Mount Vernon,IA,4529,False
Clarkdale,AZ,4528,False
Pascoag,RI,4527,False
Simonton Lake,IN,4527,False
Perry,OK,4526,False
Hearne,TX,4526,False
Lake Montezuma,AZ,4526,False
Hancock,MI,4526,False
Granite Hills,CA,4525,False
La Joya,TX,4525,False
Cross Mountain,TX,4523,False
California,MO,4520,False
Grant-Valkaria,FL,4520,False
Long Hill CDP (Southeastern Connecticut County),CT,4520,False
Paulden,AZ,4518,False
Nowthen,MN,4518,False
Charlotte Harbor,FL,4516,False
Summerside,OH,4515,False
West Wendover,NV,4513,False
Edenton,NC,4512,False
Menands,NY,4512,False
Mount Vernon,MO,4511,False
Coldwater,OH,4511,False
Fremont,MI,4510,False
Jessup,PA,4510,False
Pilot Point,TX,4509,False
Lincoln Village,CA,4508,False
New Roads,LA,4508,False
Bayside,WI,4506,False
Dexter,MI,4505,False
Buena,NJ,4504,False
Barclay,NJ,4504,False
Big Pine Key,FL,4502,False
Mountain Lakes,NJ,4499,False
Holts Summit,MO,4499,False
Williamstown,MA,4498,False
Mountain Grove,MO,4498,False
Fulton,MS,4494,False
Wolverine Lake,MI,4493,False
Viroqua,WI,4493,False
Thiells,NY,4491,False
Crestline,OH,4490,False
Ranlo,NC,4487,False
Deer Park,WA,4482,False
Southampton,NY,4481,False
Hartwell,GA,4481,False
University,MS,4480,False
Madisonville,TX,4480,False
Narberth,PA,4478,False
Roseburg North,OR,4478,False
Waimanalo Beach,HI,4475,False
Buffalo,WY,4475,False
Farmville,NC,4474,False
Shannon Hills,AR,4472,False
West Bay Shore,NY,4472,False
Honesdale,PA,4469,False
Mosinee,WI,4467,False
Hampden,ME,4466,False
Gordon Heights,NY,4466,False
Crooked River Ranch,OR,4464,False
Greenville,KY,4463,False
Castle Pines Village,CO,4462,False
Clearlake Riviera,CA,4461,False
Winchendon,MA,4461,False
Wrightwood,CA,4461,False
Chester,MD,4456,False
Tazewell,VA,4456,False
Mullica Hill,NJ,4454,False
Breckenridge Hills,MO,4452,False
Haughton,LA,4450,False
Hokes Bluff,AL,4449,False
China Grove,NC,4449,False
North Terre Haute,IN,4449,False
Ottawa,OH,4447,False
Selmer,TN,4444,False
Paradise Hills,NM,4441,False
Brooktrails,CA,4440,False
Glassport,PA,4439,False
Archbold,OH,4439,False
Fredericktown,MO,4438,False
Rio Bravo,TX,4437,False
Medina,TX,4436,False
Eldon,MO,4435,False
Mount Hermon,VA,4434,False
Newport,VT,4431,False
Tulia,TX,4430,False
Ridge Manor,FL,4430,False
Cutler,CA,4429,False
Plymouth,NH,4428,False
Eagar,AZ,4425,False
Emerald Lake Hills,CA,4425,False
Burnt Mills,MD,4425,False
Oak Grove CDP (Washington County),TN,4422,False
Bethel Manor,VA,4422,False
Winona,MS,4422,False
Baxter Village,SC,4419,False
Broadmoor,CA,4419,False
North Plymouth,MA,4418,False
Denver City,TX,4418,False
Greenfield,CA,4417,False
Mystic,CT,4417,False
Marlow,OK,4417,False
La Grange,TX,4416,False
Argo,AL,4416,False
Jonesboro,GA,4415,False
Lincoln Park,CO,4413,False
Holiday City South,NJ,4412,False
Boulevard Park,WA,4411,False
Moxee,WA,4411,False
Heritage Village,CT,4411,False
Wayland,MI,4411,False
Palacios,TX,4411,False
Old Westbury,NY,4410,False
Canton,NC,4410,False
Atlantic Highlands,NJ,4409,False
Sullivan,IL,4408,False
Newport,NC,4407,False
Silver Lake CDP (Essex County),NJ,4407,False
Beaver,PA,4407,False
Wahneta,FL,4406,False
San Carlos,AZ,4405,False
Nikiski,AK,4405,False
Bloomfield Hills,MI,4402,False
Larch Way,WA,4399,False
Perryville,MD,4398,False
Scottdale,PA,4398,False
Portola Valley,CA,4397,False
Ligonier,IN,4397,False
Thornwood,NY,4396,False
Soldotna,AK,4394,False
McLoud,OK,4394,False
Barboursville,WV,4394,False
Prairie du Sac,WI,4392,False
Grape Creek,TX,4391,False
Lafayette,OR,4391,False
Hayfield,VA,4390,False
Northfield,VT,4390,False
Phoenix,OR,4389,False
India Hook,SC,4385,False
Milton CDP (Saratoga County),NY,4385,False
Ludlow,KY,4384,False
Huntingdon,TN,4384,False
Hunters Creek Village,TX,4383,False
Pittsburg,TX,4382,False
Westborough,MA,4381,False
Summerville,GA,4381,False
Edgewood,OH,4381,False
Armonk,NY,4378,False
Minersville,PA,4377,False
Phoenix Lake,CA,4377,False
Breese,IL,4376,False
Egg Harbor City,NJ,4376,False
Devine,TX,4375,False
Woodmore,MD,4375,False
Shackle Island,TN,4375,False
Harrogate,TN,4371,False
Wyldwood,TX,4368,False
New Lexington,OH,4368,False
Armona,CA,4367,False
Lorane,PA,4365,False
Wayzata,MN,4365,False
Scott City,MO,4364,False
Bay Hill,FL,4363,False
Dewey-Humboldt,AZ,4363,False
Watseka,IL,4361,False
Waverly,NY,4360,False
La Verkin,UT,4360,False
Louisville,TN,4359,False
Bagdad,FL,4359,False
Hallsville,TX,4359,False
Belton,SC,4357,False
Rose Hill,KS,4357,False
Ford City,CA,4357,False
Woodville,FL,4356,False
Hebbronville,TX,4355,False
La Vale,MD,4351,False
Crescent Springs,KY,4350,False
Mathis,TX,4350,False
North Wilkesboro,NC,4349,False
Falfurrias,TX,4348,False
Vilonia,AR,4348,False
Isle of Palms,SC,4347,False
Oak Valley,NJ,4346,False
Wanamassa,NJ,4344,False
Prescott,WI,4343,False
Magnolia,NJ,4342,False
Unalaska,AK,4342,False
Dawson,GA,4342,False
Hamburg,PA,4342,False
Haleyville,AL,4339,False
Wellington,OH,4339,False
Spackenkill,NY,4336,False
Kewaskum,WI,4335,False
Kaplan,LA,4335,False
West Laurel,MD,4332,False
Scottsville,KY,4332,False
Le Roy,NY,4332,False
Huxley,IA,4331,False
Ivanhoe,CA,4329,False
Suquamish,WA,4329,False
El Jebel,CO,4328,False
Wadena,MN,4328,False
Hampton,IA,4328,False
Tarentum,PA,4328,False
Rogersville,MO,4326,False
Adamsville,AL,4325,False
Georgetown,OH,4323,False
Montauk,NY,4322,False
North Braddock,PA,4320,False
Pocomoke City,MD,4318,False
Farmington,ME,4318,False
Dyersville,IA,4318,False
Chula Vista CDP (Maverick County),TX,4317,False
Medford,WI,4317,False
Friendship Heights Village,MD,4315,False
Mauston,WI,4311,False
Jasper,FL,4310,False
Parker,FL,4309,False
Reedsport,OR,4307,False
Sykesville,MD,4305,False
Hunter,OH,4304,False
Huber Ridge,OH,4302,False
Union Mill,VA,4302,False
Normandy,MO,4301,False
The College of New Jersey,NJ,4299,False
Hometown,IL,4299,False
Lamar,MO,4298,False
Pearl River,MS,4298,False
Boalsburg,PA,4298,False
Pocola,OK,4297,False
Arabi,LA,4296,False
Belleair,FL,4295,False
Caro,MI,4294,False
Waverly,NE,4289,False
Denair,CA,4289,False
Buckingham,FL,4288,False
Shenandoah,PA,4288,False
Brittany Farms-The Highlands,PA,4286,False
Mount Olive,NC,4286,False
Whiteriver,AZ,4284,False
Waverly,TN,4284,False
Peotone,IL,4283,False
Slatington,PA,4283,False
Malmstrom AFB,MT,4281,False
Baldwin,WI,4280,False
Farrell,PA,4280,False
Canton,TX,4279,False
Whiteland,IN,4278,False
Nellis AFB,NV,4278,False
Paintsville,KY,4277,False
Westville,NJ,4276,False
Buchanan,MI,4276,False
Plantation,FL,4274,False
Saukville,WI,4274,False
Rosedale,WA,4273,False
Winter Beach,FL,4273,False
Chelan,WA,4269,False
Nelsonville,OH,4269,False
Bradley Beach,NJ,4268,False
National Harbor,MD,4268,False
Esperance,WA,4268,False
Wiggins,MS,4266,False
Indian River Shores,FL,4266,False
Fayette,AL,4266,False
French Island,WI,4266,False
Danville,PA,4265,False
Ashdown,AR,4264,False
Medford Lakes,NJ,4263,False
Woodruff,SC,4262,False
Sinking Spring,PA,4261,False
Lonoke,AR,4261,False
Highland Beach,FL,4261,False
Gaylord,MI,4261,False
Anna,IL,4259,False
Middleville,MI,4259,False
Chalfont,PA,4259,False
Euharlee,GA,4258,False
Osawatomie,KS,4256,False
Forest City,IA,4254,False
Bristow,OK,4253,False
Singac,NJ,4253,False
Sharpsville,PA,4249,False
Fayetteville,NY,4248,False
West Peoria,IL,4248,False
Southside,AR,4247,False
Sparta,MI,4247,False
Helena Valley Northeast,MT,4245,False
Boyertown,PA,4244,False
Sullivan,IN,4243,False
Mount Pleasant,PA,4242,False
Forty Fort,PA,4242,False
Larksville,PA,4240,False
Elmira Heights,NY,4239,False
Russell,KS,4238,False
Laureldale,PA,4238,False
Greenfield,OH,4237,False
Holly Ridge,NC,4236,False
Fort McKinley,OH,4236,False
Samoset,FL,4235,False
Geneva,AL,4235,False
Greencastle,PA,4235,False
Fairview,NJ,4234,False
Ho-Ho-Kus,NJ,4234,False
Eastwood,LA,4229,False
Jacksonwald,PA,4229,False
Aldan,PA,4226,False
Fox Farm-College,WY,4226,False
Newport,SC,4226,False
Paxton,IL,4225,False
Sheffield,OH,4225,False
Herricks,NY,4225,False
Fetters Hot Springs-Agua Caliente,CA,4224,False
Mount Olive CDP (Jefferson County),AL,4224,False
University Center,VA,4223,False
Springville,NY,4223,False
Ashburn,GA,4223,False
Broken Bow,OK,4222,False
Spring Valley Village,TX,4222,False
Charleroi,PA,4222,False
Bethel,WA,4220,False
Lyons,GA,4219,False
Aumsville,OR,4219,False
Spindale,NC,4218,False
Mills,WY,4218,False
Cannon Falls,MN,4214,False
Moon Lake,FL,4214,False
Shallotte,NC,4213,False
Kutztown,PA,4213,False
Jacksboro,TX,4213,False
Ellenville,NY,4213,False
Venersborg,WA,4212,False
Le Sueur,MN,4210,False
Lawrenceville,IL,4210,False
Lincoln,ND,4209,False
Suncoast Estates,FL,4208,False
Comanche,TX,4208,False
Plains,PA,4205,False
Clarion,PA,4205,False
Rockwell,AR,4205,False
Amity Gardens,PA,4204,False
Hutchinson Island South,FL,4203,False
Freeburg,IL,4203,False
Chariton,IA,4203,False
Trenton,TN,4202,False
Monte Vista,CO,4201,False
Bellville,TX,4200,False
Longview Heights,WA,4199,False
Apison,TN,4199,False
Brownsville,LA,4198,False
Akwesasne,NY,4196,False
Laguna Beach,FL,4194,False
McGovern,PA,4194,False
Wamego,KS,4190,False
Jefferson,IA,4190,False
East Village,CT,4189,False
Pantops,VA,4189,False
Sunset Beach,NC,4189,False
Slaughterville,OK,4187,False
Battle Mountain,NV,4187,False
West Jefferson,OH,4186,False
Sebring,OH,4185,False
Franklin,NC,4184,False
Church Point,LA,4182,False
De Motte,IN,4182,False
Holloman AFB,NM,4182,False
Cedar Knolls,NJ,4181,False
Columbus,MN,4180,False
Cold Spring,MN,4180,False
Country Lake Estates,NJ,4179,False
Surfside Beach,SC,4179,False
Farmers Loop,AK,4179,False
Jasper,GA,4177,False
Lisbon Falls,ME,4177,False
Belfair,WA,4175,False
Lake Panasoffkee,FL,4173,False
Morgan,UT,4173,False
University Gardens,NY,4171,False
Pipestone,MN,4171,False
Saxon,SC,4171,False
Cherry Grove,OH,4170,False
Broadway,VA,4169,False
Dimmitt,TX,4169,False
Algonac,MI,4167,False
Chattanooga Valley,GA,4166,False
Dallastown,PA,4164,False
Park Rapids,MN,4163,False
Newport,MN,4163,False
Danielson,CT,4162,False
Fairway,KS,4162,False
Grafton,ND,4161,False
Jersey Shore,PA,4160,False
Fruit Hill,OH,4157,False
McMurray,PA,4157,False
Shelbyville,IL,4156,False
Nashville,AR,4156,False
Garden Ridge,TX,4155,False
Clay Center,KS,4154,False
Waverly,OH,4154,False
Marseilles,IL,4154,False
Pittsfield,IL,4152,False
Cobleskill,NY,4152,False
Bowling Green,MO,4149,False
Monongahela,PA,4147,False
Valley Grande,AL,4147,False
Roebling,NJ,4146,False
Harbour Heights,FL,4145,False
Edinburgh,IN,4144,False
Forest Oaks,NC,4144,False
Brookfield,MO,4142,False
Level Green,PA,4140,False
Walton Park,NY,4139,False
Roosevelt Park,MI,4139,False
Jourdanton,TX,4138,False
Shrewsbury,NJ,4138,False
Hopedale,MA,4137,False
Harbison Canyon,CA,4137,False
Millinocket,ME,4136,False
Akron,PA,4135,False
Red Oaks Mill,NY,4135,False
Captain Cook,HI,4135,False
Jonesboro,LA,4135,False
Hugoton,KS,4134,False
Swanton,OH,4133,False
Kildeer,IL,4133,False
New Lebanon,OH,4131,False
Bonsall,CA,4131,False
Whitesboro,TX,4130,False
Lansford,PA,4129,False
Wolf Lake,MI,4128,False
Clarcona,FL,4128,False
Lowell,MI,4127,False
Lambertville,NJ,4127,False
Maeser,UT,4126,False
Lockeford,CA,4126,False
Friona,TX,4125,False
Linden,MI,4125,False
Falls City,NE,4124,False
Montesano,WA,4124,False
Winnfield,LA,4124,False
Scott City,KS,4121,False
Rice Lake,MN,4120,False
Caldwell,TX,4120,False
Sherman,IL,4120,False
Whiteman AFB,MO,4119,False
Chagrin Falls,OH,4116,False
Carlisle,IA,4116,False
Garden City South,NY,4113,False
Goodview,MN,4109,False
Pinehurst,TX,4109,False
Penn Estates,PA,4108,False
Sparta,IL,4107,False
St. James,MD,4106,False
Walhalla,SC,4102,False
Mirrormont,WA,4102,False
Indian Mountain Lake,PA,4100,False
Jena,LA,4099,False
Fenton,MO,4097,False
West Milwaukee,WI,4096,False
Green Oaks,IL,4096,False
Mississippi State,MS,4095,False
North East,PA,4092,False
Niwot,CO,4091,False
Highland Lakes,NJ,4089,False
Enon,VA,4087,False
Trent Woods,NC,4086,False
Otsego,MI,4083,False
Longbranch,WA,4081,False
Riverdale,NJ,4081,False
Pinetop-Lakeside,AZ,4080,False
Lake San Marcos,CA,4080,False
Reiffton,PA,4079,False
Wellsville,UT,4078,False
Maytown,PA,4077,False
Ovilla,TX,4077,False
North Muskegon,MI,4076,False
Northwest Harwich,MA,4076,False
Lathrup Village,MI,4076,False
Hazlehurst,GA,4075,False
Tierra Verde,FL,4072,False
Williamston,SC,4072,False
Saw Creek,PA,4071,False
Mulberry,OH,4071,False
Brookdale,SC,4069,False
San Carlos,TX,4069,False
Marine City,MI,4068,False
Point Pleasant,WV,4067,False
Placitas CDP (Sandoval County),NM,4066,False
Kutztown University,PA,4065,False
Oronoque,CT,4065,False
Metamora,IL,4065,False
Chester,NY,4064,False
Taylor,AZ,4062,False
Throop,PA,4062,False
Wingate,NC,4061,False
North East,MD,4061,False
Rising Sun-Lebanon,DE,4060,False
Brookland,AR,4057,False
Cross Plains,WI,4053,False
Duncan,SC,4053,False
Quitman,GA,4050,False
Calcutta,OH,4049,False
Fleetwood,PA,4046,False
Genesee,CO,4046,False
Rock Valley,IA,4045,False
Kimberly,AL,4045,False
Cayuga Heights,NY,4044,False
Port Reading,NJ,4040,False
Millstadt,IL,4035,False
Monticello,IA,4034,False
Capitol Heights,MD,4033,False
Crittenden,KY,4033,False
Midway North,TX,4033,False
Amite City,LA,4033,False
Burnham,IL,4028,False
Crandall,TX,4028,False
Mountain Home,NC,4028,False
St. Bernard,OH,4026,False
Elkin,NC,4026,False
Ladonia,AL,4025,False
County Center,VA,4024,False
Scott AFB,IL,4023,False
Indian Head Park,IL,4022,False
Great Notch,NJ,4018,False
Mary Esther,FL,4018,False
Chilton,WI,4017,False
Riverside,MO,4017,False
Lenwood,CA,4016,False
Pleasant Run Farm,OH,4016,False
Southport,NC,4015,False
Pinch,WV,4015,False
Mullins,SC,4014,False
Ridgway,PA,4014,False
Westover,WV,4012,False
Coquille,OR,4009,False
Riverwoods,IL,4007,False
Thorndale,PA,4007,False
Hawkinsville,GA,4007,False
Spurgeon,TN,4006,False
Raymond,NH,4006,False
Broad Brook,CT,4006,False
San Miguel CDP (Contra Costa County),CA,4004,False
Benson,NC,4004,False
Kings Park,VA,4003,False
Bosque Farms,NM,4001,False
South Haven,MI,3999,False
Dakota Dunes,SD,3997,False
Haskell,AR,3996,False
Seven Lakes,NC,3994,False
Vidalia,LA,3994,False
Bordentown,NJ,3989,False
Northlake,SC,3989,False
South Chicago Heights,IL,3986,False
Taylor Creek,OH,3986,False
Karns,TN,3985,False
Wintersville,OH,3983,False
North El Monte,CA,3983,False
Castle Hills,TX,3982,False
Rossville,GA,3982,False
Pecan Acres,TX,3981,False
Camdenton,MO,3979,False
Belleville,MI,3979,False
St. Charles,MN,3979,False
Clayton,DE,3978,False
Metter,GA,3976,False
Trappe,PA,3976,False
Smithville,TX,3975,False
Brookville,PA,3974,False
Park Layne,OH,3974,False
Magee,MS,3974,False
Coleman,TX,3973,False
Hazel Green,AL,3971,False
Spencer,OK,3969,False
Grant,MN,3969,False
Stanley,NC,3967,False
Greendale,IN,3967,False
South Russell,OH,3966,False
Sagamore,MA,3966,False
Meridian,PA,3965,False
Dumas,AR,3965,False
Scandia,MN,3965,False
Oregon,IL,3963,False
Upland,IN,3963,False
Mulberry,FL,3962,False
Clifton Knolls-Mill Creek,NY,3962,False
Puhi,HI,3961,False
Dupo,IL,3960,False
Coal Valley,IL,3959,False
Dillon,MT,3958,False
Trevose,PA,3957,False
Ely,NV,3957,False
Del Mar,CA,3956,False
Bella Vista,CA,3955,False
Mineral Ridge,OH,3955,False
Guilford,PA,3955,False
Waynesburg,PA,3954,False
Laurel,DE,3954,False
North Pembroke,MA,3954,False
Bayou Vista,LA,3953,False
Dell Rapids,SD,3953,False
Dorr,MI,3952,False
Colorado City,TX,3952,False
Cedar Creek,TX,3950,False
La Cienega,NM,3948,False
Mitchell,IN,3947,False
Carroll Valley,PA,3947,False
Springfield,VT,3946,False
Algood,TN,3944,False
Pine Manor,FL,3944,False
Gardnertown,NY,3943,False
Woodson Terrace,MO,3943,False
Cozad,NE,3943,False
Lancaster,KY,3943,False
St. James,MO,3942,False
Bystrom,CA,3941,False
Leland,MS,3939,False
Marshall,IL,3939,False
Oaklyn,NJ,3937,False
West Bradenton,FL,3935,False
Valdez,AK,3935,False
Golden Beach,MD,3933,False
Metzger,OR,3932,False
Indian Head,MD,3931,False
Madeira Beach,FL,3931,False
St. Joseph,IL,3931,False
Citronelle,AL,3930,False
Windber,PA,3930,False
Madill,OK,3929,False
Montpelier,OH,3928,False
Heritage Hills,NY,3927,False
Berne,IN,3926,False
Shenandoah Farms,VA,3926,False
Ball,LA,3926,False
Kittanning,PA,3926,False
Morrison,IL,3925,False
Pleasant Hills,MD,3925,False
Rumford,ME,3922,False
Weston,WV,3922,False
Livingston,TN,3921,False
Rosewood Heights,IL,3920,False
Lancaster,WI,3917,False
Lyncourt,NY,3917,False
Sullivan City,TX,3917,False
Centerville,MN,3916,False
Raymond,WI,3916,False
Pennsburg,PA,3915,False
Cedarville,OH,3915,False
Meiners Oaks,CA,3914,False
Camden,DE,3914,False
Fairbury,NE,3913,False
Gentry,AR,3912,False
Forestdale,MA,3912,False
Oakhurst,NJ,3912,False
Smithton,IL,3909,False
Whitmore Village,HI,3909,False
Williamstown,KY,3909,False
Weston Lakes,TX,3907,False
Manhasset Hills,NY,3904,False
Elim,PA,3903,False
Bayport,MN,3902,False
Cisco,TX,3901,False
Baxter Springs,KS,3901,False
Penrose,CO,3900,False
Heron Bay,GA,3899,False
Cresco,IA,3899,False
Delmar,MD,3897,False
Colonial Beach,VA,3895,False
Palmer Heights,PA,3894,False
Schnecksville,PA,3893,False
Caseyville,IL,3893,False
Highland Acres,DE,3892,False
Mabank,TX,3892,False
Saugerties,NY,3892,False
Northumberland,PA,3892,False
Baden,PA,3891,False
Barrington Hills,IL,3890,False
Lewisburg,WV,3890,False
Parkesburg,PA,3889,False
Carrollton,KY,3889,False
Chinle,AZ,3888,False
Surf City,NC,3888,False
Waikapu,HI,3887,False
Warminster Heights,PA,3884,False
Falmouth,MA,3883,False
Hamilton,NY,3882,False
Pine Level,AL,3881,False
White Bluff,TN,3879,False
Hawaiian Beaches,HI,3879,False
Irwin,PA,3878,False
Kiel,WI,3878,False
Bellaire,OH,3878,False
Florence,CO,3874,False
Sewickley,PA,3873,False
Dawsonville,GA,3871,False
Emerald Isle,NC,3870,False
Woodbridge,CA,3870,False
Tangerine,FL,3870,False
Zelienople,PA,3870,False
Hephzibah,GA,3869,False
Clifton,AZ,3869,False
Prestonsburg,KY,3868,False
Mojave,CA,3865,False
Rosemont,IL,3864,False
Manning,SC,3862,False
Woodlawn,OH,3862,False
Rosemont,PA,3861,False
Frackville,PA,3861,False
Pulaski,WI,3861,False
French Camp,CA,3860,False
Thompsonville,PA,3859,False
South Blooming Grove,NY,3858,False
Southern Shops,SC,3856,False
Forsyth,IL,3856,False
Skippack,PA,3854,False
Nichols Hills,OK,3854,False
Ravenswood,WV,3853,False
Norwood Young America,MN,3852,False
Deephaven,MN,3852,False
Loch Lomond,VA,3851,False
Nash,TX,3851,False
Rocky Ford,CO,3850,False
Lordship,CT,3850,False
Avenue B and C,AZ,3850,False
Clyde,TX,3850,False
Shrewsbury,PA,3849,False
Richwood,LA,3847,False
Knox,IN,3847,False
Conway,NH,3847,False
Auburn Lake Trails,CA,3846,False
Emigsville,PA,3846,False
Grayson,KY,3841,False
Wilbraham,MA,3839,False
Turners Falls,MA,3838,False
Mogadore,OH,3838,False
Roebuck,SC,3837,False
Kirtland AFB,NM,3837,False
North Hudson,WI,3837,False
Pomona,NY,3837,False
Wonder Lake,IL,3833,False
Ainaloa,HI,3832,False
North Cape May,NJ,3832,False
Tiptonville,TN,3832,False
Pine Island,MN,3831,False
Catskill,NY,3830,False
Boardman,OR,3830,False
Kelseyville,CA,3828,False
Putnam Lake,NY,3826,False
Amberley,OH,3824,False
Boyne City,MI,3821,False
West Liberty,IA,3821,False
Bunker Hill Village,TX,3820,False
Copperopolis,CA,3819,False
Booneville,AR,3819,False
Juno Beach,FL,3818,False
Waukon,IA,3818,False
Loyola,CA,3818,False
Lawrence Park,PA,3818,False
Laureles,TX,3818,False
Marshall,WI,3818,False
Baldwin,GA,3817,False
Leisure Village West,NJ,3817,False
Portland,MI,3816,False
Basalt,CO,3815,False
Lansing,NY,3814,False
Pittsboro,IN,3814,False
Dwight,IL,3814,False
Goodland,KS,3813,False
McGehee,AR,3812,False
Anthony,TX,3811,False
Pixley,CA,3811,False
Fort Gibson,OK,3810,False
Tri-City,OR,3810,False
Williamston,MI,3810,False
Highland-on-the-Lake,NY,3809,False
Aledo,IL,3808,False
Freeland,PA,3807,False
Hardin,MT,3803,False
Unicoi,TN,3802,False
Bishop,CA,3802,False
San Diego,TX,3801,False
Merchantville,NJ,3800,False
Cockrell Hill,TX,3799,False
Oneida,TN,3799,False
Red Bud,IL,3798,False
Montgomery,NY,3797,False
Eldorado,IL,3797,False
Hahnville,LA,3795,False
Florida Gulf Coast University,FL,3793,False
Horicon,WI,3793,False
Malden,MO,3790,False
Denver,PA,3789,False
White House Station,NJ,3788,False
Rexland Acres,CA,3788,False
South Greeley,WY,3787,False
East Sandwich,MA,3787,False
Wills Point,TX,3786,False
Golf Manor,OH,3786,False
Wyboo,SC,3786,False
Boonsboro,MD,3785,False
Santa Venetia,CA,3785,False
Brentwood,MD,3782,False
Balmville,NY,3781,False
Hudson,NC,3780,False
Carter Lake,IA,3780,False
Montrose,MN,3779,False
Zumbrota,MN,3777,False
Rochester,WI,3776,False
Oasis,CA,3775,False
Stanley,WI,3772,False
Harrington,DE,3770,False
Westhampton,NY,3769,False
West Nyack,NY,3768,False
Watertown,CT,3765,False
Pea Ridge,FL,3765,False
Plainwell,MI,3763,False
Clearview,WA,3763,False
Benton Heights,MI,3763,False
Lindsborg,KS,3762,False
Three Rivers,OR,3762,False
Houston,MS,3762,False
Sloan,NY,3762,False
Swansboro,NC,3759,False
Lawrenceville,NJ,3759,False
Wildwood Lake,TN,3758,False
Loxley,AL,3757,False
Vicksburg,MI,3757,False
Marlboro Meadows,MD,3757,False
McLendon-Chisholm,TX,3755,False
Rochester,IL,3752,False
Mount Repose,OH,3752,False
Butte,AK,3752,False
Sidney,NY,3750,False
Collinsville,CT,3750,False
Georgetown,IN,3749,False
Alexandria,AL,3748,False
Village Green,NY,3747,False
Tarpey Village,CA,3746,False
Jamestown,CA,3742,False
Washington,GA,3742,False
Owego,NY,3740,False
Byron,IL,3739,False
Setauket,NY,3739,False
Yellow Springs,OH,3739,False
South Glens Falls,NY,3739,False
Oglesby,IL,3739,False
Umatilla,FL,3738,False
Ridgeland,SC,3737,False
North Richmond,CA,3734,False
Whitney,SC,3734,False
Hohenwald,TN,3734,False
Brookmont,MD,3732,False
Stilwell,OK,3732,False
McCall,ID,3731,False
Fairbury,IL,3731,False
Orange,MA,3731,False
St. Anthony,ID,3730,False
Montrose,NY,3728,False
Romeo,MI,3727,False
Maiden,NC,3727,False
Oliver Springs,TN,3727,False
Chandler,IN,3726,False
Empire,CA,3726,False
San Joaquin,CA,3725,False
Farmington,NH,3722,False
Highland Falls,NY,3720,False
Richfield,OH,3719,False
Walthourville,GA,3719,False
Independence,MN,3718,False
Rosita,TX,3717,False
Edgecliff Village,TX,3715,False
Desert Edge,CA,3715,False
Angels,CA,3714,False
Cotulla,TX,3714,False
Barnesville,OH,3713,False
Milton,VT,3712,False
East Dennis,MA,3711,False
Nome,AK,3710,False
Glen Raven,NC,3710,False
Gamewell,NC,3710,False
Tabor City,NC,3709,False
Farmersville,TX,3708,False
Echols County consolidated government,GA,3707,False
Albia,IA,3705,False
Russell,KY,3704,False
Greenhills,OH,3703,False
Shingle Springs,CA,3703,False
Hesston,KS,3703,False
Wheatland,CA,3702,False
Felton,CA,3701,False
Lake Sarasota,FL,3701,False
Berwyn,PA,3700,False
Northwoods,MO,3700,False
Imlay City,MI,3698,False
Hidden Meadows,CA,3698,False
Frazer,PA,3695,False
Deer Park,IL,3694,False
Glenwood Landing,NY,3694,False
Barron,WI,3693,False
Lowell,NC,3692,False
Morton,MS,3690,False
Kitty Hawk,NC,3690,False
Indian Rocks Beach,FL,3689,False
Troutman,NC,3689,False
Bethlehem,NC,3688,False
Columbus,TX,3686,False
South Eliot,ME,3686,False
High Point,FL,3685,False
La Center,WA,3685,False
Mora,MN,3685,False
Wynantskill,NY,3683,False
Reamstown,PA,3683,False
Harlem,GA,3682,False
Vandenberg AFB,CA,3681,False
North Great River,NY,3680,False
Woodstown,NJ,3680,False
Bloomer,WI,3679,False
Brices Creek,NC,3678,False
Jamestown,NC,3677,False
Sixteen Mile Stand,OH,3677,False
Taylor Lake Village,TX,3677,False
Southgate,KY,3677,False
Middlebury,IN,3677,False
Mount Pleasant,UT,3676,False
Riverview Park,PA,3675,False
Stepney,CT,3674,False
Wilkesboro,NC,3674,False
Whitesboro,NY,3673,False
Port Vue,PA,3673,False
Gooding,ID,3673,False
Hudson Bend,TX,3672,False
Carefree,AZ,3671,False
Emmetsburg,IA,3671,False
Rutherfordton,NC,3671,False
Spencerport,NY,3670,False
Camden,TN,3670,False
Arcadia,WI,3669,False
Norton,VA,3668,False
Scissors,TX,3667,False
Holt,AL,3665,False
Hanover,IN,3665,False
Landis,NC,3663,False
Harrisburg,OR,3663,False
South Toms River,NJ,3662,False
Honea Path,SC,3662,False
Groesbeck,TX,3661,False
Long Prairie,MN,3661,False
North Brooksville,FL,3661,False
Austin,AR,3659,False
Manila,AR,3659,False
Eastover,NC,3659,False
Buckner,KY,3658,False
Richwood,NJ,3656,False
Thomasville,AL,3656,False
Santa Rita Ranch,TX,3655,False
Stanford,KY,3654,False
Lake Holm,WA,3653,False
Minoa,NY,3652,False
Wallace,FL,3652,False
Vineyards,FL,3649,False
Leo-Cedarville,IN,3649,False
Brown Station,MD,3648,False
Hemlock Farms,PA,3647,False
Gouverneur,NY,3646,False
Mountain Green,UT,3646,False
East Basin,UT,3646,False
Cedar Springs,MI,3646,False
Chipley,FL,3644,False
Plain City,OH,3644,False
Camden,ME,3644,False
Fox Island,WA,3644,False
Paw Paw Lake,MI,3643,False
West Columbia,TX,3641,False
St. Davids,PA,3640,False
Heyburn,ID,3640,False
York Harbor,ME,3640,False
North Wildwood,NJ,3639,False
Bunk Foss,WA,3639,False
Frontenac,MO,3639,False
Omro,WI,3639,False
Lake California,CA,3639,False
Lincoln,ID,3638,False
Bonanza,GA,3638,False
Paulding,OH,3638,False
Navy,VA,3638,False
Compo,CT,3638,False
Franklinton,LA,3638,False
Gatlinburg,TN,3636,False
Delta,UT,3636,False
North Lakeville,MA,3635,False
Ballville,OH,3635,False
Marlboro,NY,3635,False
Elkins,AR,3635,False
Wilder,VT,3634,False
Granger,WA,3632,False
Forestville,CA,3632,False
Hannahs Mill,GA,3632,False
Valley Springs,CA,3630,False
Dana,NC,3629,False
Mountain View,HI,3627,False
Eastland,TX,3627,False
Central Gardens,TX,3627,False
North Baltimore,OH,3624,False
Calcium,NY,3622,False
Two Harbors,MN,3620,False
Landmark,AR,3620,False
Combined Locks,WI,3620,False
Stowe,PA,3620,False
Mono Vista,CA,3620,False
Kensington Park,FL,3620,False
Mill Bay,AK,3617,False
Andrews,SC,3617,False
Gibson City,IL,3615,False
Etowah,TN,3614,False
Palmyra,MO,3613,False
Old Stine,CA,3612,False
Manchester,GA,3612,False
Locust Valley,NY,3611,False
Lake View,AL,3611,False
Piggott,AR,3610,False
Centre,AL,3609,False
Flagler Estates,FL,3608,False
Grand Bay,AL,3607,False
Melrose,MN,3606,False
Kane,PA,3605,False
Johnson,AR,3605,False
Sweeny,TX,3602,False
Hazlehurst,MS,3601,False
Esparto,CA,3600,False
Skippers Corner,NC,3599,False
Lyons,KS,3596,False
Austin,IN,3596,False
Lyons,NY,3594,False
Hauula,HI,3593,False
Jasper,TN,3592,False
Point Baker,FL,3591,False
Holden Lakes,FL,3591,False
Osage,IA,3590,False
Watergate,FL,3589,False
Meadow Vista,CA,3589,False
Eagle Grove,IA,3589,False
Buies Creek,NC,3589,False
North Shore,VA,3588,False
Ballinger,TX,3587,False
Beaver,UT,3587,False
Hawaiian Ocean View,HI,3587,False
Park Hill,OK,3587,False
Hidden Springs,ID,3584,False
East Camden,SC,3584,False
O'Neill,NE,3584,False
Boiling Springs,PA,3584,False
Cornville,AZ,3582,False
Weaverville,CA,3582,False
Brownstown,PA,3582,False
Tuckerton,NJ,3582,False
Shady Spring,WV,3581,False
Ponderosa Park,CO,3577,False
Stonybrook,PA,3577,False
Wheatland,WY,3575,False
Marianna,AR,3575,False
Delshire,OH,3575,False
Crockett,CA,3574,False
West DeLand,FL,3574,False
Bullard,TX,3573,False
Greensboro,GA,3573,False
Hebron,IN,3573,False
Lloyd Harbor,NY,3572,False
Three Lakes,WA,3571,False
Emerald Mountain,AL,3569,False
Rockfish,NC,3569,False
Islandia,NY,3568,False
Mission Hills,KS,3567,False
Lowesville,NC,3567,False
Tolono,IL,3567,False
Gravette,AR,3565,False
Mingo Junction,OH,3565,False
Blennerhassett,WV,3564,False
High Bridge,NJ,3564,False
Fort Branch,IN,3561,False
Priceville,AL,3561,False
Elm Creek,TX,3559,False
Laguna Vista,TX,3555,False
Indianola,WA,3553,False
Sunnyslope,WA,3553,False
Kaunakakai,HI,3553,False
Howe,TX,3553,False
Lake Clarke Shores,FL,3553,False
Cambrian Park,CA,3551,False
Oakwood village (Cuyahoga County),OH,3551,False
Seacliff,CA,3550,False
Toledo,OR,3549,False
Northern Cambria,PA,3548,False
Mahanoy City,PA,3548,False
Canyon Creek,WA,3548,False
Lely,FL,3548,False
Pocono Woodland Lakes,PA,3548,False
Manor,PA,3547,False
Hainesville,IL,3547,False
Ozark,AR,3546,False
Northfield,OH,3546,False
Shavano Park,TX,3544,False
Nowata,OK,3543,False
Pleasant Gap,PA,3542,False
Lake Providence,LA,3542,False
Greentown,OH,3541,False
Clifton Forge,VA,3541,False
Bluffton,OH,3540,False
Eastlawn Gardens,PA,3536,False
Six Mile Run,NJ,3535,False
San Manuel,AZ,3535,False
Beaver Dam,KY,3535,False
Lowville,NY,3534,False
Seymour,WI,3534,False
Port St. Joe,FL,3533,False
Stanhope,NJ,3533,False
Perry,NY,3533,False
El Dorado Springs,MO,3531,False
Silt,CO,3529,False
Fort Defiance,AZ,3528,False
Riverton,IL,3525,False
Perham,MN,3524,False
Blackshear,GA,3521,False
St. Augusta,MN,3520,False
Fulton,IL,3519,False
Carey,OH,3518,False
Dahlgren,VA,3517,False
Gunnison,UT,3516,False
Centerville,TN,3515,False
Gibson,AR,3515,False
Dry Ridge,OH,3514,False
Lake Isabella,CA,3514,False
Shadyside,OH,3514,False
Gloucester Courthouse,VA,3513,False
Fairview,NC,3512,False
Cleveland,GA,3512,False
Union City,IN,3511,False
Waterloo,WI,3511,False
Pen Argyl,PA,3511,False
Four Bridges,OH,3511,False
Tiger Point,FL,3511,False
Broken Bow,NE,3510,False
West Point,GA,3508,False
Pine Hills,CA,3508,False
Avondale Estates,GA,3507,False
River Road,NC,3507,False
Milbank,SD,3506,False
Sauk City,WI,3506,False
Mattawa,WA,3506,False
Lake Lakengren,OH,3504,False
Bardonia,NY,3503,False
Moscow Mills,MO,3502,False
Cloverdale,VA,3501,False
Pelham,GA,3501,False
Haviland,NY,3500,False
Midway,FL,3500,False
Eveleth,MN,3500,False
Muttontown,NY,3499,False
Pendleton,SC,3498,False
Benton City,WA,3498,False
Elgin,OK,3498,False
Lockland,OH,3497,False
Josephine,TX,3497,False
Niantic,CT,3497,False
Evergreen,AL,3497,False
Elroy,NC,3495,False
Durand,MI,3495,False
Planada,CA,3494,False
St. James City,FL,3494,False
Windsor,NC,3494,False
Mariemont,OH,3493,False
Idyllwild-Pine Cove,CA,3491,False
Capitol View,SC,3491,False
Ketchum,ID,3490,False
Hatfield,PA,3490,False
Huntington,TX,3489,False
Black River Falls,WI,3488,False
Barrett,TX,3488,False
Myrtle Creek,OR,3488,False
Oakland,FL,3488,False
Clifton,TX,3487,False
Oxford,MI,3487,False
Spring City,PA,3486,False
Frederick,OK,3486,False
Hawaiian Acres,HI,3484,False
Netcong,NJ,3484,False
Flat Rock,NC,3483,False
Rollingwood,CA,3483,False
Shenandoah,TX,3481,False
West Point,NE,3481,False
Pleasant Valley,WV,3480,False
Westway,TX,3480,False
Mifflinburg,PA,3479,False
Holden Heights,FL,3479,False
Plainview,MN,3477,False
Goulding,FL,3476,False
Lake Delton,WI,3475,False
Welch,WV,3475,False
Manti,UT,3474,False
New Hampton,IA,3473,False
Park City,TN,3471,False
Wrightsville,GA,3471,False
Gibbstown,NJ,3471,False
Blanchard,LA,3471,False
Lisbon,ME,3470,False
Westville,IL,3470,False
Durham,CT,3469,False
Campo,CA,3468,False
Beechwood,MS,3468,False
Hillsboro,MO,3467,False
Kenedy,TX,3467,False
Hot Springs,SD,3465,False
Leesburg,GA,3465,False
Sheridan,IN,3464,False
Horace,ND,3464,False
Elba,AL,3463,False
Gothenburg,NE,3463,False
Merton,WI,3463,False
Alturas,FL,3460,False
Rochester,PA,3460,False
Tyro,NC,3460,False
Wellsboro,PA,3459,False
Nokomis,FL,3458,False
Mission Hills,CA,3458,False
Cascade Valley,WA,3457,False
Mountain View Acres,CA,3457,False
Crane,TX,3456,False
Hanover,MN,3454,False
Carrollton,MO,3454,False
South Berwick,ME,3453,False
Benson,MN,3453,False
Sleepy Eye,MN,3452,False
Reno city (Lamar County),TX,3449,False
Wadsworth,IL,3448,False
Goldendale,WA,3448,False
Melody Hill,IN,3448,False
Enochville,NC,3446,False
Welcome,NC,3444,False
West Orange,TX,3444,False
New Baden,IL,3444,False
Monte Sereno,CA,3444,False
Alexander,AR,3444,False
Yuma,CO,3443,False
Wallace,NC,3443,False
Eagle Lake,TX,3443,False
Grand Mound,WA,3442,False
Port Ewen,NY,3441,False
Avalon,CA,3441,False
Newcomerstown,OH,3441,False
Moreland Hills,OH,3440,False
Princess Anne,MD,3440,False
Heflin,AL,3440,False
Melwood,MD,3438,False
Maple Heights-Lake Desire,WA,3436,False
Loyalhanna,PA,3436,False
Elma Center,NY,3434,False
Auburn,NE,3434,False
South Alamo,TX,3433,False
Alma,GA,3433,False
Provincetown,MA,3433,False
Germantown Hills,IL,3433,False
Orange,OH,3432,False
Winnsboro,TX,3431,False
Dunean,SC,3427,False
Hubbard,OR,3427,False
Elma,WA,3426,False
Lake of the Woods,AZ,3426,False
Redwood,TX,3423,False
Wyncote,PA,3420,False
St. Johns,AZ,3419,False
Marin City,CA,3419,False
Upper Greenwood Lake,NJ,3418,False
Ringgold,GA,3418,False
Madison,OH,3417,False
Dalzell,SC,3417,False
Del Monte Forest,CA,3416,False
Central Park,WA,3416,False
North Wales,PA,3415,False
Summersville,WV,3415,False
Jewett City,CT,3415,False
Gray,GA,3415,False
Marysville,KS,3414,False
Peshtigo,WI,3414,False
Etna,PA,3413,False
Mount Angel,OR,3413,False
Tomahawk,WI,3413,False
Teague,TX,3409,False
Meadowbrook,CA,3409,False
South Duxbury,MA,3409,False
Roland,OK,3409,False
Pottsgrove,PA,3409,False
Brookhaven,NY,3408,False
Sherwood,OH,3408,False
Tashua,CT,3404,False
Clearwater,SC,3403,False
West Menlo Park,CA,3401,False
Montura,FL,3400,False
Abingdon,IL,3399,False
Ticonderoga,NY,3399,False
Carthage,NY,3399,False
Crystal River,FL,3398,False
Yountville,CA,3397,False
Dublin,TX,3397,False
West Point,VA,3396,False
Palo Cedro,CA,3396,False
Cleves,OH,3395,False
State Line,PA,3395,False
Moulton,AL,3392,False
Coleytown,CT,3390,False
North River Shores,FL,3390,False
Breckenridge,MN,3390,False
Coplay,PA,3390,False
Malvern,PA,3389,False
Avon,NY,3388,False
Morongo Valley,CA,3387,False
Fordyce,AR,3386,False
Kilauea,HI,3386,False
Holton,KS,3386,False
Hobart,OK,3386,False
Rio Dell,CA,3386,False
Vado,NM,3386,False
Pine Grove,CA,3386,False
Old Mystic,CT,3385,False
Somerville,TN,3385,False
Frontenac,KS,3384,False
Loxahatchee Groves,FL,3384,False
Water Valley,MS,3383,False
Burbank,WA,3383,False
Vandalia,MO,3382,False
Ebensburg,PA,3382,False
Newcastle,WY,3380,False
Forks,WA,3380,False
Belville,NC,3380,False
Dewey,OK,3379,False
Peralta,NM,3379,False
Millvale,PA,3377,False
Johnston City,IL,3377,False
Rural Hall,NC,3376,False
Waldron,AR,3375,False
Llano,TX,3374,False
Pickens,SC,3374,False
Dannemora,NY,3373,False
Springdale,PA,3373,False
Essexville,MI,3372,False
Farmerville,LA,3371,False
Altavista,VA,3370,False
Hurley,NY,3370,False
Grangeville,ID,3369,False
Slippery Rock,PA,3367,False
Clare,MI,3367,False
North Plains,OR,3365,False
Level Park-Oak Park,MI,3364,False
Claryville,KY,3364,False
Ponce Inlet,FL,3364,False
Rio Grande,NJ,3364,False
Saddle River,NJ,3363,False
New Haven,MO,3363,False
Blackstone,VA,3362,False
Bunkie,LA,3362,False
Hahira,GA,3361,False
West Lake Hills,TX,3360,False
Freedom,CA,3360,False
Key Center,WA,3359,False
Lake Royale,NC,3358,False
Madera Ranchos,CA,3357,False
Parker,AZ,3357,False
Red Oak,NC,3357,False
Mount Oliver,PA,3357,False
Robins,IA,3356,False
Bunnell,FL,3355,False
Ahtanum,WA,3353,False
Story City,IA,3352,False
Annandale,MN,3351,False
Ingram,PA,3351,False
Dandridge,TN,3351,False
Newburgh,IN,3350,False
Milton,DE,3349,False
Woodbourne,PA,3348,False
Mount Morris,NY,3347,False
Blanding,UT,3345,False
Ohioville,PA,3344,False
Mayfield,OH,3344,False
Rayville,LA,3343,False
Lake Park,NC,3342,False
Dilley,TX,3342,False
Haworth,NJ,3342,False
Union Springs,AL,3341,False
Nesquehoning,PA,3341,False
Hartford,SD,3340,False
Lake Cherokee,TX,3340,False
Ossian,IN,3339,False
Lewes,DE,3339,False
Ocilla,GA,3338,False
Avery Creek,NC,3338,False
SUNY Oswego,NY,3338,False
Johnson Creek,WI,3337,False
Gallipolis,OH,3337,False
Welsh,LA,3336,False
Nahant,MA,3336,False
Groveville,NJ,3335,False
Salem Heights CDP (Hamilton County),OH,3335,False
Morada,CA,3335,False
Harvey,MI,3335,False
Helemano,HI,3334,False
Grasonville,MD,3332,False
Williamsburg,IA,3332,False
Wellford,SC,3330,False
Liberty,SC,3329,False
East Rockingham,NC,3328,False
Lordstown,OH,3327,False
Hominy,OK,3327,False
Palmyra,NY,3326,False
Montgomery,MN,3326,False
La Blanca,TX,3326,False
Port Hadlock-Irondale,WA,3326,False
Jefferson,OR,3324,False
Ellsworth,WI,3323,False
Mountain View,NC,3323,False
West End-Cobb Town,AL,3322,False
Newbern,TN,3321,False
Jefferson,OH,3319,False
Buffalo,MO,3319,False
Val Verde Park,TX,3319,False
Knoxville,IL,3318,False
Paw Paw,MI,3318,False
Hartville,OH,3318,False
Bandon,OR,3317,False
Petersburg,AK,3317,False
Halfway House,PA,3317,False
Dillonvale,OH,3316,False
Plymouth,NC,3315,False
Vinton,LA,3314,False
Berwyn Heights,MD,3312,False
Weaver,AL,3312,False
Cutten,CA,3309,False
Chandler,TX,3308,False
Cordes Lakes,AZ,3308,False
Warrensburg,NY,3307,False
Marietta-Alderwood,WA,3304,False
Elizabethtown,NC,3304,False
West Sand Lake,NY,3304,False
Chincoteague,VA,3303,False
Jackson,MN,3301,False
Aurora,IN,3301,False
Venice Gardens,FL,3301,False
Dennis Port,MA,3300,False
Bennett,CO,3299,False
Presidio,TX,3299,False
Hopkinton,MA,3298,False
Iowa,LA,3297,False
Livingston,AL,3297,False
Blountstown,FL,3297,False
Spencer,NC,3296,False
Beaver Dam Lake,NY,3296,False
Putney,GA,3295,False
Milford,IA,3295,False
Muldrow,OK,3294,False
San Antonio Heights,CA,3294,False
Brillion,WI,3294,False
Shannondale,WV,3294,False
Macon,MS,3293,False
Val Verde,CA,3292,False
Pistakee Highlands,IL,3292,False
Kincheloe,MI,3290,False
Feather Sound,FL,3289,False
Linwood,PA,3287,False
Greenwood,PA,3287,False
South Jacksonville,IL,3286,False
Paoli,IN,3286,False
East Richmond Heights,CA,3285,False
Holiday Shores,IL,3285,False
Barnegat,NJ,3284,False
Golden Grove,SC,3282,False
Lake Erie Beach,NY,3282,False
Moose Lake,MN,3282,False
Zephyrhills North,FL,3280,False
Thiensville,WI,3279,False
North Fork,CA,3279,False
Waterford,CT,3276,False
Boscobel,WI,3275,False
Williams,AZ,3275,False
Mannford,OK,3275,False
Redwood,OR,3275,False
Desert View Highlands,CA,3275,False
Hamburg,NJ,3274,False
Chattahoochee Hills,GA,3273,False
Humboldt Hill,CA,3273,False
Athens,PA,3270,False
Carrollton,OH,3270,False
West Wyomissing,PA,3267,False
Abernathy,TX,3266,False
Ely,MN,3265,False
Blountville,TN,3265,False
Clarence Center,NY,3264,False
Algona,WA,3264,False
Fairview CDP (Westchester County),NY,3263,False
Pleasant Hill,PA,3263,False
Masontown,PA,3263,False
Dover Base Housing,DE,3262,False
Tusculum,TN,3261,False
North Hartsville,SC,3261,False
Ravena,NY,3259,False
Waller,TX,3257,False
Penbrook,PA,3255,False
Hilltop,SC,3253,False
Day Valley,CA,3252,False
Carlyle,IL,3252,False
Orofino,ID,3251,False
Macungie,PA,3249,False
Louisiana,MO,3249,False
West Liberty,KY,3247,False
Sugar Creek,MO,3247,False
Dover,FL,3247,False
Geneva,FL,3247,False
Hiawatha,KS,3246,False
Minerva,OH,3246,False
Hansville,WA,3246,False
Cashmere,WA,3244,False
Centerville borough (Washington County),PA,3244,False
El Cerro,NM,3244,False
Magnolia,MS,3243,False
Hodgenville,KY,3243,False
Ridgewood,IL,3242,False
Morganfield,KY,3242,False
Havana,IL,3242,False
Yorkville,WI,3241,False
Howards Grove,WI,3241,False
Hogansville,GA,3240,False
Winnsboro,SC,3239,False
Escatawpa,MS,3239,False
Carmel-by-the-Sea,CA,3239,False
Rush City,MN,3239,False
Trafford,PA,3237,False
Coronita,CA,3235,False
Robbinsville Center,NJ,3235,False
Mount Shasta,CA,3235,False
Washoe Valley,NV,3235,False
Barton Creek,TX,3234,False
Newfane,NY,3234,False
Tallapoosa,GA,3232,False
Willcox,AZ,3232,False
Rockwood,MI,3232,False
Big Lake,AK,3232,False
Springtown,TX,3232,False
Gleed,WA,3231,False
Eagle Lake,MN,3229,False
Emerald Lakes,PA,3228,False
Hayfork,CA,3227,False
Algoma,WI,3227,False
Hoosick Falls,NY,3225,False
Oak Trail Shores,TX,3224,False
Sherwood,WI,3224,False
Dundee,OR,3224,False
Chenango Bridge,NY,3224,False
Le Roy,IL,3223,False
Mount Penn,PA,3222,False
Brodhead,WI,3221,False
Garnett,KS,3219,False
Perkins,OK,3218,False
Vine Hill,CA,3217,False
Hanceville,AL,3216,False
Blairsville,PA,3215,False
Shorewood Forest,IN,3215,False
East Brewton,AL,3215,False
Brackenridge,PA,3214,False
Blissfield,MI,3214,False
Paris,AR,3214,False
Stanton,KY,3214,False
Melbourne Beach,FL,3214,False
Cleveland,OK,3213,False
Pemberwick,CT,3212,False
Hideaway,TX,3212,False
Crestview Hills,KY,3212,False
Gowanda,NY,3211,False
Leisuretowne,NJ,3211,False
Cottondale,AL,3211,False
Red Bay,AL,3210,False
Wesleyville,PA,3209,False
Glasgow,MT,3208,False
Oakridge,OR,3208,False
Virden,IL,3208,False
Burgaw,NC,3207,False
Warrior,AL,3206,False
Lake Nacimiento,CA,3205,False
Pine City,MN,3205,False
Sleepy Hollow,IL,3205,False
Sandia Heights,NM,3205,False
Kingstree,SC,3202,False
Corning,AR,3202,False
Northwest Harwinton,CT,3202,False
Hardwick,GA,3202,False
Nyssa,OR,3202,False
Village Shires,PA,3201,False
Monmouth Beach,NJ,3199,False
Lodi,WI,3196,False
Buckhorn,CA,3196,False
Wrightstown,WI,3196,False
Barbourville,KY,3195,False
Paloma Creek,TX,3194,False
Cassville,MO,3193,False
Gillespie,IL,3193,False
San Castle,FL,3192,False
Ladysmith,WI,3192,False
Ferriday,LA,3192,False
Newton,MS,3191,False
Country Club,MO,3191,False
Marienville,PA,3191,False
Reliez Valley,CA,3190,False
Sharpsburg,PA,3189,False
Fort Edward,NY,3189,False
Big Coppitt Key,FL,3188,False
Indian Hills,TX,3188,False
Burney,CA,3186,False
Mineral Springs,NC,3185,False
Mountain Home AFB,ID,3184,False
West Burlington,IA,3184,False
Fairchild AFB,WA,3184,False
Burlington,CO,3184,False
Blue Earth,MN,3181,False
Brightwaters,NY,3181,False
Alamo,GA,3180,False
Crest,CA,3179,False
Lake Land'Or,VA,3179,False
Baldwyn,MS,3178,False
Monroe City,MO,3176,False
Grantville,GA,3175,False
Moosup,CT,3175,False
Lanai City,HI,3174,False
Cuba,MO,3173,False
Port Monmouth,NJ,3173,False
Moundville,AL,3173,False
Red Rock CDP (Pinal County),AZ,3173,False
Tipton,CA,3170,False
Homer,NY,3170,False
Fairfield University,CT,3169,False
Port Washington North,NY,3169,False
Daleville,VA,3169,False
Kelly Ridge,CA,3168,False
Larned,KS,3167,False
Valley View CDP (York County),PA,3165,False
Moss Beach,CA,3165,False
Williston Highlands,FL,3164,False
Acushnet Center,MA,3164,False
Bishop,TX,3162,False
Agua Dulce,CA,3161,False
McDonald,OH,3160,False
Atoka,OK,3160,False
Park Hills,KY,3159,False
Millersburg,OH,3158,False
North Middletown,NJ,3158,False
Wanakah,NY,3158,False
East Dundee,IL,3157,False
Eden,NY,3157,False
Denmark,SC,3156,False
Warm Beach,WA,3156,False
Byrnes Mill,MO,3155,False
Nags Head,NC,3153,False
Corydon,IN,3153,False
Zillah,WA,3153,False
Wilder,KY,3152,False
Carrabelle,FL,3151,False
Orchard City,CO,3150,False
East Greenville,PA,3150,False
St. Paul,MO,3149,False
Kekaha,HI,3149,False
Greenwood,LA,3149,False
Strasburg,CO,3149,False
Pittsfield,ME,3148,False
Delhi,NY,3148,False
Salmon,ID,3147,False
Wayne Heights,PA,3147,False
Mount Morris,MI,3147,False
Brimfield,OH,3146,False
Oracle,AZ,3146,False
Georgetown,IL,3144,False
Nevada City,CA,3142,False
Pottsville,AR,3141,False
New Holstein,WI,3141,False
Combes,TX,3141,False
Minden,NV,3140,False
Lincoln Heights,OH,3140,False
Lebanon,VA,3139,False
Stirling,NJ,3138,False
Grand Saline,TX,3137,False
Mount Healthy Heights,OH,3135,False
South Hempstead,NY,3135,False
Lakewood,SC,3135,False
Maybrook,NY,3135,False
Bath,MI,3133,False
Sewell,NJ,3132,False
Port Richey,FL,3132,False
Mobridge,SD,3130,False
Tipton,IA,3130,False
Ashland,NE,3130,False
Ocean Grove,NJ,3129,False
Woodlawn Beach,FL,3128,False
Marion,AL,3128,False
Churchill,PA,3127,False
Tybee Island,GA,3126,False
Beach City,TX,3126,False
Saluda,SC,3124,False
Wewoka,OK,3124,False
Erda,UT,3124,False
Soda Springs,ID,3124,False
Hollywood Park,TX,3123,False
Lake Wilderness,VA,3122,False
Arlington Heights,WA,3122,False
San Saba,TX,3122,False
South Beach,FL,3120,False
North Barrington,IL,3119,False
Bermuda Run,NC,3118,False
Red Springs,NC,3118,False
Iuka,MS,3117,False
Menlo Park Terrace,NJ,3117,False
Summit Hill,PA,3117,False
Early,TX,3116,False
Henrietta,TX,3115,False
Lakeshore,LA,3114,False
Lutcher,LA,3114,False
Hicksville,OH,3114,False
Triana,AL,3114,False
Lesslie,SC,3114,False
Salunga,PA,3114,False
Karnes City,TX,3114,False
Piney Point Village,TX,3114,False
Proctor,MN,3113,False
Clinton,CT,3113,False
Bethany,MO,3113,False
Glenville,CT,3112,False
Eagle Lake,FL,3111,False
Green Level,NC,3111,False
Gambrills,MD,3111,False
Tishomingo,OK,3110,False
Hortonville,WI,3110,False
Cuthbert,GA,3109,False
Wellsville,OH,3109,False
Clyde Hill,WA,3108,False
Yerington,NV,3108,False
Rainbow Lakes Estates,FL,3108,False
Wyoming,PA,3107,False
Myerstown,PA,3107,False
Edgewood,PA,3104,False
Wildwood Crest,NJ,3104,False
Konterra,MD,3104,False
Ingalls Park,IL,3102,False
South Dennis,MA,3101,False
Fairport Harbor,OH,3100,False
Andrews AFB,MD,3099,False
Gloverville,SC,3099,False
Smithville-Sanders,IN,3099,False
Louisburg,NC,3099,False
Minden,NE,3099,False
Hoschton,GA,3099,False
Biscayne Park,FL,3098,False
Southern Shores,NC,3098,False
Mount Pocono,PA,3098,False
Strasburg,PA,3097,False
Port Ludlow,WA,3096,False
Moonachie,NJ,3093,False
Santa Rosa,TX,3093,False
Raymond,WA,3092,False
Woodbury Heights,NJ,3092,False
Mount Hope,NJ,3092,False
Kotzebue,AK,3088,False
McSherrystown,PA,3087,False
Vivian,LA,3086,False
Lucerne,CA,3085,False
Orchard Park,NY,3084,False
Pitcairn,PA,3084,False
Shady Cove,OR,3084,False
Ripley,WV,3084,False
New York Mills,NY,3084,False
Beloit,KS,3083,False
Holualoa,HI,3083,False
Hartsdale,NY,3082,False
Ellsworth,KS,3081,False
Woodville,TX,3081,False
Bushnell,FL,3081,False
Wallburg,NC,3081,False
Syracuse,IN,3081,False
Prescott,AR,3079,False
Upland,PA,3078,False
Needville,TX,3078,False
Okemah,OK,3078,False
Calais,ME,3078,False
Annetta,TX,3077,False
Underwood-Petersville,AL,3077,False
Snowmass Village,CO,3076,False
Holmes Beach,FL,3076,False
Chico,WA,3076,False
South Vacherie,LA,3075,False
Bamberg,SC,3074,False
Natalbany,LA,3074,False
Eagle Crest,OR,3074,False
Cadiz,OH,3074,False
Tama,IA,3073,False
Unadilla,GA,3073,False
Walsenburg,CO,3072,False
Arbuckle,CA,3072,False
Port Aransas,TX,3072,False
Tuxedo,NY,3072,False
Eielson AFB,AK,3071,False
South Pittsburg,TN,3068,False
Attica,IN,3066,False
Bayshore,NC,3066,False
Bethel Acres,OK,3066,False
Gladwin,MI,3066,False
Oostburg,WI,3066,False
Sale Creek,TN,3065,False
East Syracuse,NY,3065,False
Garner,IA,3065,False
Beulah,ND,3063,False
Dadeville,AL,3062,False
Nicholls,GA,3062,False
Cut Bank,MT,3061,False
Wormleysburg,PA,3060,False
Canton,SD,3060,False
Lawnside,NJ,3059,False
Keowee Key,SC,3059,False
Las Lomas,CA,3059,False
DeQuincy,LA,3058,False
Shelby,MT,3058,False
Kachina Village,AZ,3057,False
Corunna,MI,3057,False
Sherrill,NY,3057,False
Cactus,TX,3055,False
West Fork,AR,3054,False
Wolfdale,PA,3054,False
Waialua,HI,3053,False
Burnettown,SC,3052,False
Valhalla,NY,3052,False
Kingman,KS,3051,False
Greens Farms,CT,3050,False
Onalaska,TX,3050,False
Doylestown,OH,3049,False
Checotah,OK,3048,False
Amesti,CA,3048,False
Cornwall-on-Hudson,NY,3044,False
Dixon Lane-MeadowCreek,CA,3043,False
Windermere,FL,3043,False
Wind Gap,PA,3042,False
Minster,OH,3042,False
Montezuma,GA,3040,False
El Lago,TX,3039,False
Covington,IN,3039,False
Sloatsburg,NY,3039,False
Double Oak,TX,3039,False
Pine Mountain Lake,CA,3038,False
Chaffee,MO,3037,False
Parowan,UT,3036,False
Jaffrey,NH,3036,False
Potterville,MI,3036,False
Bal Harbour,FL,3035,False
DeCordova,TX,3035,False
Williamson,WV,3035,False
Port Angeles East,WA,3035,False
Tilton Northfield,NH,3035,False
Central City,NE,3035,False
Reno city (Parker and Tarrant Counties),TX,3034,False
El Verano,CA,3034,False
Pines Lake,NJ,3034,False
Somerset,WI,3034,False
Commercial Point,OH,3033,False
Rancho Santa Fe,CA,3033,False
Momence,IL,3033,False
Marshall,VA,3033,False
Green Forest,AR,3033,False
Oak Ridge North,TX,3033,False
Valley,NE,3032,False
Auberry,CA,3032,False
Milaca,MN,3031,False
Crown Heights,NY,3030,False
Deer Lodge,MT,3030,False
Ocala Estates,FL,3029,False
Goffstown,NH,3028,False
National Park,NJ,3028,False
Smithsburg,MD,3028,False
Greenwood Lake,NY,3027,False
Nocona,TX,3027,False
Tonkawa,OK,3027,False
Bad Axe,MI,3025,False
Nashville,IL,3025,False
Monument Beach,MA,3024,False
Mansfield,PA,3024,False
Walbridge,OH,3023,False
Green Acres,CA,3023,False
Richville,OH,3023,False
Ridgemark,CA,3022,False
Country Squire Lakes,IN,3021,False
Eunice,NM,3020,False
Ridgecrest,FL,3020,False
Huguley,AL,3020,False
Shenandoah,VA,3020,False
Solon,IA,3020,False
Cedar Grove,FL,3019,False
Little Flock,AR,3019,False
Kenova,WV,3019,False
Lake Lotawana,MO,3017,False
Dixmoor,IL,3017,False
DeWitt,AR,3017,False
Indialantic,FL,3016,False
Olney,TX,3016,False
Brownstown,IN,3015,False
Fairbanks Ranch,CA,3014,False
Vassar College,NY,3012,False
Heavener,OK,3012,False
Shark River Hills,NJ,3010,False
Hill 'n Dale,FL,3010,False
Pawhuska,OK,3009,False
Cliffwood Beach,NJ,3008,False
Jacksonville,OR,3008,False
Lake Shastina,CA,3008,False
Roselawn,IN,3007,False
Inverness Highlands North,FL,3007,False
Arthurtown,SC,3007,False
Sunset,LA,3006,False
Noroton Heights,CT,3006,False
Rineyville,KY,3006,False
Henderson,GA,3005,False
Winnebago,IL,3003,False
Odell,OR,3003,False
Shrub Oak,NY,3002,False
Windsor,MO,3002,False
Mountville,PA,3002,False
North Browning,MT,3001,False
Lake Wissota,WI,3001,False
Orwigsburg,PA,3001,False
David City,NE,3000,False
South Point,OH,3000,False
Saugatuck,CT,2999,False
Kingston,WA,2999,False
Egypt,PA,2998,False
Verona Walk,FL,2998,False
Gluckstadt,MS,2998,False
Watkinsville,GA,2998,False
Palermo,NJ,2998,False
Kingwood,WV,2997,False
Pine Ridge,PA,2995,False
Grenelefe,FL,2995,False
Iron River,MI,2995,False
Meadowdale,WA,2995,False
Brent,AL,2994,False
Castroville,TX,2994,False
Blue Ridge,VA,2994,False
Lead,SD,2993,False
Buzzards Bay,MA,2993,False
Strathmore,CA,2993,False
West Union,OH,2993,False
Galena,IL,2992,False
Sisters,OR,2992,False
Liberty City,TX,2991,False
Canterwood,WA,2991,False
Girard,PA,2991,False
Turnersville,NJ,2989,False
Ester,AK,2989,False
Spearman,TX,2989,False
The Homesteads,TX,2988,False
Granite Quarry,NC,2988,False
Brookville,NY,2988,False
Inman,SC,2987,False
Alva,FL,2986,False
Lakewood,NY,2986,False
Bishopville,SC,2986,False
Delphi,IN,2985,False
Kenhorst,PA,2984,False
Oaklawn-Sunview,KS,2984,False
North Sioux City,SD,2984,False
Brighton,AL,2983,False
New Hope,MS,2983,False
Dresden,TN,2983,False
Long Neck,DE,2983,False
Malabar,FL,2982,False
Williamstown,WV,2980,False
Monrovia,MD,2980,False
Williston,FL,2980,False
Cold Spring Harbor,NY,2979,False
Drum Point,MD,2979,False
Chickamauga,GA,2978,False
Lake Junaluska,NC,2977,False
Big Lake,TX,2977,False
Simpsonville,KY,2976,False
Genoa City,WI,2975,False
Lake Wynonah,PA,2975,False
Chattahoochee,FL,2975,False
Hilliard,FL,2975,False
Winfield,WV,2975,False
Union,NJ,2974,False
Cache,OK,2974,False
Millen,GA,2973,False
Huntsville,AR,2973,False
Sisco Heights,WA,2972,False
East Gaffney,SC,2972,False
Villa Ridge,MO,2971,False
Yadkinville,NC,2971,False
Kalaeloa,HI,2971,False
Emma,NC,2969,False
East Prairie,MO,2969,False
Ayer,MA,2969,False
Baltimore,OH,2968,False
Green Island,NY,2968,False
Paddock Lake,WI,2966,False
Timberville,VA,2966,False
Bowmansville,PA,2965,False
Millersburg,OR,2964,False
Bean Station,TN,2963,False
Wise,VA,2962,False
Strawberry Plains,TN,2960,False
Everson,WA,2960,False
Hokendauqua,PA,2960,False
Ferrysburg,MI,2959,False
Oconto Falls,WI,2959,False
Amery,WI,2959,False
Fairview,PA,2959,False
Dade City North,FL,2959,False
Newton,IL,2957,False
Fobes Hill,WA,2957,False
Wilkshire Hills,OH,2957,False
North Catasauqua,PA,2956,False
Haskell,TX,2956,False
Harriman,NY,2955,False
Youngwood,PA,2955,False
Chimayo,NM,2955,False
Flemingsburg,KY,2955,False
Kalama,WA,2952,False
Afton,MN,2951,False
Fowlerville,MI,2951,False
Cherry Valley,IL,2951,False
Summerset,SD,2950,False
Kechi,KS,2949,False
Sandwich,MA,2948,False
Elkton,VA,2948,False
Lakeview,OR,2947,False
Williams Bay,WI,2947,False
Bucksport,ME,2947,False
Borrego Springs,CA,2946,False
Frostproof,FL,2946,False
Bar Nunn,WY,2945,False
Versailles,OH,2945,False
Sublimity,OR,2945,False
Riverside,NY,2945,False
Vienna,GA,2944,False
East Hampton,CT,2944,False
Buckner,MO,2941,False
Millington,NJ,2940,False
Castle Point,MO,2940,False
Long Lake,IL,2939,False
Wilton,IA,2939,False
Florida,NY,2937,False
Polkton,NC,2937,False
Warsaw,NY,2937,False
Union City,PA,2937,False
Meadowood,PA,2936,False
San Andreas,CA,2936,False
Great Neck Estates,NY,2936,False
Whitehall,MI,2935,False
Lakemore,OH,2935,False
Ava,MO,2933,False
Bloomingdale,GA,2933,False
Sierra Ridge,CO,2933,False
Belle Meade,TN,2933,False
Crewe,VA,2931,False
Madison,FL,2930,False
Blackhawk,SD,2930,False
Clinton,MI,2929,False
Lake Delta,NY,2929,False
Roslyn,NY,2928,False
Lakeland,GA,2928,False
Mount Gilead,OH,2927,False
Clever,MO,2926,False
Richmond,UT,2926,False
Delavan Lake,WI,2926,False
Homedale,ID,2926,False
Shallowater,TX,2926,False
Jones,OK,2925,False
Lake City,PA,2925,False
Medina,WA,2923,False
Mohnton,PA,2923,False
Sewanee,TN,2922,False
Columbus,KS,2922,False
Ajo,AZ,2922,False
Troy,NC,2921,False
Pine Ridge,SD,2921,False
Philippi,WV,2920,False
Citrus City,TX,2920,False
Gramercy,LA,2920,False
Mamou,LA,2918,False
Portageville,MO,2918,False
Platteville,CO,2917,False
Turley,OK,2917,False
Winchester,CA,2917,False
Lake City,GA,2916,False
Lake Orion,MI,2915,False
Lucedale,MS,2914,False
River Bend,NC,2914,False
Cumberland Center,ME,2913,False
Riverview,MO,2912,False
Dogtown,CA,2912,False
Akron,NY,2911,False
Hopelawn,NJ,2910,False
Greenfield,MN,2909,False
Meadow Oaks,FL,2909,False
Swift Trail Junction,AZ,2907,False
Selbyville,DE,2907,False
Westminster,LA,2907,False
Norwood,NC,2906,False
Marion,KY,2905,False
Beechwood Trails,OH,2905,False
Soperton,GA,2905,False
Homestead,PA,2905,False
Coalfield,TN,2905,False
Winner,SD,2905,False
Woodlynne,NJ,2904,False
Grottoes,VA,2904,False
Seven Fields,PA,2903,False
Lawai,HI,2902,False
Culloden,WV,2902,False
Jay,OK,2900,False
New Orleans Station,LA,2900,False
Wendell,ID,2900,False
Frisco,CO,2900,False
McChord AFB,WA,2899,False
Baiting Hollow,NY,2899,False
Nixon,TX,2898,False
Loudonville,OH,2898,False
Hamilton,TX,2898,False
Chester Heights,PA,2897,False
Kurtistown,HI,2896,False
Lake Arrowhead,ME,2896,False
Gosnell,AR,2896,False
Brandenburg,KY,2896,False
Calera,OK,2896,False
Haw River,NC,2894,False
Bridgetown,MS,2893,False
Indian Hills,KY,2891,False
Taylor,AL,2891,False
Aspinwall,PA,2890,False
Fayetteville,WV,2890,False
Waverly,VA,2890,False
Eutaw,AL,2890,False
East Dublin,GA,2889,False
Harbor Bluffs,FL,2889,False
West Monroe,MI,2888,False
Buena Vista,CO,2887,False
Chandler,OK,2886,False
Cordaville,MA,2884,False
Womelsdorf,PA,2883,False
Providence,KY,2883,False
Elgin,SC,2882,False
Vails Gate,NY,2881,False
Wales,WI,2880,False
Skidway Lake,MI,2880,False
Lula,GA,2880,False
Madison,WV,2880,False
Poteet,TX,2879,False
Stamford,TX,2879,False
Chevy Chase,MD,2879,False
Brighton,TN,2878,False
South Rosemary,NC,2877,False
Williston,SC,2877,False
Victor,ID,2876,False
Onawa,IA,2876,False
Gibsonia,PA,2876,False
Pearisburg,VA,2876,False
Brazoria,TX,2875,False
New Hope,AL,2875,False
La Salle,CO,2874,False
Woodstock,NY,2873,False
Keokea,HI,2872,False
La Villa,TX,2872,False
High Bridge,WA,2871,False
Littleton Common,MA,2870,False
Clarksville,TX,2868,False
Mountain View,AR,2868,False
Valley Green,PA,2867,False
Lake Belvedere Estates,FL,2867,False
Fairfield,TX,2867,False
Greenwich CDP (Warren County),NJ,2866,False
Rogers City,MI,2866,False
Atkins,AR,2865,False
Lindsay,OK,2863,False
Glenrock,WY,2863,False
Hackberry,TX,2862,False
Mountain Iron,MN,2862,False
Diamond,IL,2861,False
Freemansburg,PA,2861,False
Haverhill,FL,2859,False
Bakerstown,PA,2859,False
Bonny Doon,CA,2858,False
George West,TX,2858,False
Wimberley,TX,2858,False
Braddock Heights,MD,2857,False
Libby,MT,2857,False
Dakota City,NE,2857,False
Hillsville,VA,2856,False
Old Hill,CT,2856,False
Bedford,PA,2855,False
El Paso,IL,2855,False
Osage City,KS,2854,False
Albany,IN,2854,False
Mount Morris,IL,2853,False
Bayfield,CO,2853,False
Anahola,HI,2853,False
Sonora,TX,2852,False
Bushnell,IL,2850,False
Zellwood,FL,2850,False
Ford City,PA,2850,False
Colwyn,PA,2849,False
Juniper Canyon,OR,2849,False
Norco,LA,2848,False
Sutter,CA,2848,False
Wrightsville Beach,NC,2848,False
Pima,AZ,2847,False
Arcadia,SC,2846,False
Moorefield,WV,2846,False
New Britain,PA,2846,False
Springfield,KY,2846,False
New Bremen,OH,2846,False
Weed,CA,2845,False
Eatonville,WA,2845,False
Graymoor-Devondale,KY,2845,False
Cherryvale,SC,2843,False
Mars Hill,NC,2843,False
Croom,MD,2842,False
Fords Prairie,WA,2842,False
Ithaca,MI,2840,False
Voorheesville,NY,2840,False
Taft,TX,2838,False
Manistique,MI,2838,False
Saylorville,IA,2837,False
Lake Helen,FL,2836,False
Dover-Foxcroft,ME,2836,False
Warren AFB,WY,2836,False
Albion,IN,2835,False
Park View,IA,2835,False
Stockton University,NJ,2834,False
K. I. Sawyer,MI,2833,False
Quarryville,PA,2833,False
Norway,MI,2832,False
Pembroke,NC,2832,False
Caledonia,MN,2832,False
Mondovi,WI,2832,False
Dodge Center,MN,2831,False
New Palestine,IN,2831,False
Inwood,WV,2831,False
Lakeside Park,KY,2830,False
Sibley,IA,2830,False
Edneyville,NC,2829,False
East Norwich,NY,2829,False
Statham,GA,2829,False
Wilburton,OK,2828,False
Huntingtown,MD,2827,False
Fiskdale,MA,2827,False
Almont,MI,2826,False
Lake Success,NY,2825,False
Clayton,NM,2825,False
Big Sky,MT,2825,False
Donalsonville,GA,2824,False
Bellows Falls,VT,2824,False
Greenville,DE,2824,False
Crownpoint,NM,2823,False
Ross,OH,2823,False
Petersburg,WV,2822,False
St. Helen,MI,2822,False
Davis,OK,2821,False
Marietta,OK,2820,False
South Hutchinson,KS,2820,False
Kewaunee,WI,2819,False
Uvalde Estates,TX,2819,False
Emmitsburg,MD,2818,False
Bicknell,IN,2818,False
Sage,CA,2818,False
Federalsburg,MD,2818,False
White Mountain Lake,AZ,2817,False
West Brattleboro,VT,2817,False
Montgomery City,MO,2817,False
Fairfield Harbour,NC,2816,False
North Pole,AK,2816,False
Cape May,NJ,2815,False
Moline Acres,MO,2815,False
Rancho Viejo,TX,2814,False
Bath,PA,2814,False
Fairfax,IA,2814,False
Poplarville,MS,2814,False
Wolfeboro,NH,2813,False
Delta,OH,2813,False
Marengo,IA,2812,False
Chappaqua,NY,2812,False
Sharpes,FL,2812,False
Follansbee,WV,2812,False
Walton,NY,2811,False
Quail Ridge,FL,2811,False
Shady Shores,TX,2811,False
Towanda,PA,2811,False
Lena,IL,2811,False
Premont,TX,2810,False
Burley,WA,2808,False
Hartley,CA,2807,False
Longtown,OK,2807,False
La Paloma,TX,2806,False
Narragansett Pier,RI,2805,False
Tupper Lake,NY,2804,False
Beechwood,MI,2803,False
Reed Creek,GA,2803,False
Cottonwood CDP (Kern County),CA,2802,False
Manchester,PA,2802,False
Naples,UT,2801,False
Holly Hills,CO,2801,False
Verona,MS,2800,False
Owensville,MO,2800,False
Topsfield,MA,2799,False
Colfax,WA,2799,False
Clarion,IA,2799,False
Kingston Springs,TN,2798,False
Goldstream,AK,2798,False
Newmanstown,PA,2796,False
West Simsbury,CT,2796,False
Albany,MN,2795,False
Paramount-Long Meadow,MD,2795,False
McLeansboro,IL,2794,False
Knob Noster,MO,2793,False
Harveys Lake,PA,2793,False
Hamburg,AR,2792,False
Munsey Park,NY,2792,False
Turner,OR,2792,False
Grundy Center,IA,2792,False
Cutchogue,NY,2792,False
Bon Secour,AL,2791,False
Fayette,MO,2790,False
Arcanum,OH,2790,False
Tainter Lake,WI,2789,False
Weedpatch,CA,2788,False
Spring Lake,NJ,2788,False
Seymour,TX,2786,False
North Yelm,WA,2785,False
Irvine,KY,2785,False
Osceola,WI,2785,False
Ferris,TX,2785,False
West Grove,PA,2784,False
Licking,MO,2784,False
Madrid,IA,2784,False
Savanna,IL,2783,False
Eddyville,KY,2783,False
Lagrange,IN,2783,False
Philipsburg,PA,2782,False
Lake Cassidy,WA,2782,False
Centreville,AL,2782,False
Pennington,NJ,2780,False
Burlington,OH,2780,False
Greensboro,MD,2780,False
Union,MS,2780,False
Hurlburt Field,FL,2780,False
New Tazewell,TN,2780,False
Lincoln Beach,OR,2779,False
Carthage,NC,2779,False
One Loudoun,VA,2779,False
Sleepy Hollow,CA,2778,False
Walworth,WI,2778,False
Choccolocco,AL,2776,False
Pemberton Heights,NJ,2776,False
Eufaula,OK,2776,False
Jacksboro,TN,2775,False
Clinton,NJ,2775,False
Mangum,OK,2775,False
Summit,MS,2774,False
Honeoye Falls,NY,2774,False
Milton,WV,2773,False
Barnesville,MN,2773,False
Inverness,CO,2772,False
Pine Lawn,MO,2772,False
Seagraves,TX,2772,False
Rossmoor,NJ,2772,False
Cokato,MN,2771,False
Weimar,TX,2771,False
Keego Harbor,MI,2771,False
Maugansville,MD,2770,False
Heritage Lake,IN,2770,False
Marietta,PA,2769,False
New Cordell,OK,2769,False
Hallam,PA,2769,False
Wernersville,PA,2768,False
Seward,AK,2768,False
Rothsville,PA,2767,False
Plainsboro Center,NJ,2766,False
Coxsackie,NY,2766,False
Stepping Stone,CO,2766,False
Polk City,FL,2766,False
White River Junction,VT,2766,False
Filer,ID,2766,False
Cazenovia,NY,2765,False
Windsor,VA,2765,False
St. Clair,PA,2765,False
Honaunau-Napoopoo,HI,2764,False
Lodi,OH,2764,False
Riverton,NJ,2764,False
Galena,KS,2764,False
Dayton,WA,2763,False
New Madrid,MO,2761,False
Lockport,LA,2761,False
Bonifay,FL,2760,False
McCormick,SC,2760,False
Centerville,IN,2760,False
Morton,PA,2759,False
Erwinville,LA,2759,False
Eglin AFB,FL,2759,False
Kulpmont,PA,2758,False
Chatfield,MN,2758,False
Meredith,NH,2758,False
Riverdale,CA,2756,False
San Miguel CDP (San Luis Obispo County),CA,2756,False
Rising Sun,MD,2756,False
Evansville,WY,2755,False
Lincoln,AR,2754,False
Edcouch,TX,2754,False
Epping,NH,2754,False
Middlefield,OH,2754,False
Springfield,GA,2753,False
Olga,FL,2753,False
Abbeville,GA,2752,False
North Crossett,AR,2751,False
Monterey,TN,2751,False
Thomaston,NY,2750,False
Ridgeway,AK,2749,False
North Kingsville,OH,2749,False
Stroud,OK,2748,False
Pleasant Valley,MO,2748,False
Eagle Point,AL,2746,False
Santa Claus,IN,2746,False
Butler,IN,2746,False
Iona,ID,2746,False
Fennimore,WI,2746,False
South Nyack,NY,2745,False
Keasbey,NJ,2745,False
De Leon Springs,FL,2745,False
Fayetteville,PA,2745,False
University Park,NM,2744,False
Goldsby,OK,2744,False
Aromas,CA,2744,False
Hillsboro,KS,2744,False
Brogden,NC,2744,False
Panhandle,TX,2743,False
Belmont,PA,2743,False
Warsaw,NC,2743,False
Hamilton,IL,2743,False
Jefferson,MD,2742,False
Pepperdine University,CA,2741,False
Santa Rosa,NM,2741,False
Henniker,NH,2741,False
Paden City,WV,2740,False
Piedmont,MO,2739,False
Homer,LA,2739,False
Hawthorne,NV,2739,False
Denver,NC,2739,False
Romoland,CA,2738,False
Tipton,MO,2738,False
Imperial,PA,2736,False
Burns,OR,2735,False
Morgantown,KY,2734,False
Lineville,AL,2733,False
Canton,MO,2733,False
New Richmond,OH,2733,False
West Dennis,MA,2732,False
Roseau,MN,2731,False
Lake Heritage,PA,2731,False
Forsyth,MO,2731,False
Angwin,CA,2731,False
Highlands,CA,2730,False
Hallettsville,TX,2729,False
Balcones Heights,TX,2729,False
Norton,KS,2729,False
Refugio,TX,2728,False
Luverne,AL,2728,False
Lake Kiowa,TX,2728,False
Townsend,DE,2728,False
North Seekonk,MA,2726,False
Madawaska,ME,2726,False
Arcola,IL,2726,False
Pageland,SC,2726,False
Hampton,SC,2725,False
Arcadia,LA,2725,False
Essex Village,CT,2725,False
Heyworth,IL,2725,False
The Plains,OH,2724,False
Whetstone,AZ,2724,False
Mohave Valley,AZ,2724,False
Venetian Village,IL,2723,False
Hypoluxo,FL,2723,False
Pajaro,CA,2723,False
Victor,NY,2722,False
Thermopolis,WY,2722,False
Merrimac,VA,2719,False
Bayview CDP (Humboldt County),CA,2719,False
Frazier Park,CA,2719,False
Luzerne,PA,2718,False
Rose Hills,CA,2718,False
East Newark,NJ,2718,False
Vassar,MI,2718,False
Dora,AL,2718,False
Graceville,FL,2717,False
Sunray,TX,2717,False
Bay Pines,FL,2717,False
Montana City,MT,2716,False
Cajah's Mountain,NC,2715,False
Peaceful Valley,WA,2715,False
Mascot,TN,2715,False
New Town,ND,2714,False
Boxford,MA,2714,False
Lakeview Estates,GA,2714,False
Desert Aire,WA,2714,False
Westfield,NY,2714,False
Cumberland,WI,2714,False
Russell Springs,KY,2713,False
Sacaton,AZ,2713,False
West Ishpeming,MI,2713,False
Belleville,WI,2712,False
Casa Conejo,CA,2711,False
Van,TX,2711,False
Springdale,SC,2711,False
Sandusky,MI,2711,False
Westmoreland,TN,2711,False
Concordia,NJ,2710,False
Waynesville,OH,2709,False
Highspire,PA,2709,False
Channel Islands Beach,CA,2708,False
White Sulphur Springs,WV,2707,False
Horseheads North,NY,2707,False
Cave City,KY,2707,False
Rainier,WA,2707,False
Swedesboro,NJ,2706,False
Eminence,KY,2705,False
Louisville,GA,2704,False
Woodbury,TN,2704,False
East Lansdowne,PA,2703,False
Aberdeen Proving Ground,MD,2703,False
Wisconsin Dells,WI,2703,False
Perezville,TX,2703,False
Fairview,OK,2703,False
Overton,TX,2703,False
Avilla,IN,2702,False
Sands Point,NY,2702,False
Allendale,SC,2702,False
Harrisburg,AR,2700,False
Graysville,AL,2700,False
La Fayette,AL,2700,False
Deep River Center,CT,2700,False
Tompkinsville,KY,2699,False
Elm Springs,AR,2699,False
Norway,ME,2698,False
Glen Rose,TX,2698,False
Hickman,NE,2697,False
Davis Junction,IL,2697,False
Sorgho,KY,2696,False
Foley,MN,2695,False
Oakbrook Terrace,IL,2695,False
Sewaren,NJ,2695,False
Tilton,IL,2694,False
Dallas,PA,2694,False
Edwards AFB,CA,2694,False
Sheridan,IL,2694,False
Fulton,KY,2693,False
Brinkley,AR,2693,False
Rhinebeck,NY,2693,False
Vinton,TX,2692,False
Missouri Valley,IA,2692,False
Ocean Grove,MA,2691,False
Newtown,OH,2691,False
Herald Harbor,MD,2690,False
Plumsteadville,PA,2689,False
Edgewood,FL,2689,False
Myrtle Point,OR,2689,False
Green Park,MO,2688,False
Angola,NY,2688,False
Pioneer Village,KY,2687,False
Round Lake Heights,IL,2687,False
Bloomfield,IA,2687,False
Bel-Ridge,MO,2687,False
Pine Ridge,SC,2687,False
Stigler,OK,2687,False
Luxemburg,WI,2686,False
Alderton,WA,2686,False
Palmer,TX,2685,False
Timberline-Fernwood,AZ,2685,False
Trenton,IL,2684,False
Cecil-Bishop,PA,2684,False
Cohasset,MN,2683,False
Alturas,CA,2683,False
Cannon AFB,NM,2682,False
Slippery Rock University,PA,2682,False
Lake Wazeecha,WI,2682,False
Plainfield Village,CT,2681,False
Agua Dulce,TX,2681,False
Munsons Corners,NY,2680,False
Sissonville,WV,2680,False
Schulenburg,TX,2679,False
Lochsloy,WA,2679,False
Island Walk,FL,2679,False
Madison,IL,2677,False
Jarrettsville,MD,2677,False
South Bloomfield,OH,2677,False
Dayton,OR,2677,False
East Tawas,MI,2677,False
Grifton,NC,2676,False
Hoisington,KS,2675,False
Bells,TN,2675,False
St. Henry,OH,2675,False
Lomira,WI,2674,False
Freer,TX,2674,False
Pine Ridge at Crestwood,NJ,2674,False
Dublin,VA,2673,False
Hawarden,IA,2673,False
Hartford,KY,2672,False
Marquette Heights,IL,2672,False
Jemison,AL,2671,False
Weatogue,CT,2671,False
Floydada,TX,2670,False
Hennessey,OK,2669,False
Pleasureville,PA,2669,False
Devola,OH,2669,False
Westport Village,CT,2668,False
Decherd,TN,2667,False
Colonial Heights,TN,2667,False
Stanton,TX,2667,False
Liberty,NC,2666,False
North Lakeport,CA,2666,False
Lovettsville,VA,2666,False
Biggs,CA,2665,False
East Sonora,CA,2664,False
Wentworth,NC,2664,False
Evendale,OH,2663,False
Red Hill,PA,2663,False
LaGrange,OH,2662,False
Washington Park,IL,2661,False
St. Marys,KS,2661,False
Ravensworth,VA,2661,False
Bagdad,AZ,2661,False
Ocean View,DE,2660,False
Hartford,AL,2660,False
Sutter Creek,CA,2659,False
Midland,PA,2658,False
Portage,PA,2658,False
Dennison,OH,2657,False
Watertown,FL,2657,False
Vamo,FL,2656,False
Dermott,AR,2655,False
Carleton,MI,2655,False
Bawcomville,LA,2654,False
Wareham Center,MA,2654,False
Rugby,ND,2654,False
Franklin,MI,2653,False
Garden View,PA,2653,False
Postville,IA,2653,False
Lakehurst,NJ,2653,False
Woodside,PA,2653,False
Louisa,KY,2652,False
West Newton,PA,2652,False
Lake Caroline,VA,2652,False
Marysville,PA,2651,False
Watonga,OK,2651,False
Desert Hills,AZ,2651,False
Heber-Overgaard,AZ,2651,False
Cape Carteret,NC,2651,False
Hampton Beach,NH,2650,False
Montara,CA,2649,False
Montpelier,ID,2649,False
Walnut Hill,TN,2648,False
Belchertown,MA,2648,False
Fairfield,ME,2647,False
Friday Harbor,WA,2647,False
Merkel,TX,2646,False
North Beach,MD,2646,False
Eldora,IA,2645,False
Mattapoisett Center,MA,2645,False
Lima,PA,2644,False
Navy Yard City,WA,2643,False
Fredericktown,OH,2642,False
Palmer Lake,CO,2642,False
Kennesaw State University,GA,2642,False
Janesville,CA,2641,False
Forest Heights,MD,2641,False
Conrad,MT,2640,False
Bushland,TX,2640,False
West Wyoming,PA,2640,False
Kemmerer,WY,2640,False
Okanogan,WA,2640,False
La Grange,NC,2640,False
Abita Springs,LA,2639,False
Girard,KS,2639,False
Superior,AZ,2639,False
Bethel,OH,2638,False
Kalona,IA,2637,False
Spruce Pine,NC,2637,False
Juneau,WI,2636,False
Guin,AL,2636,False
Derry,PA,2636,False
Ruidoso Downs,NM,2635,False
Yorkville,NY,2635,False
Wolf Point,MT,2634,False
Jonesville,NC,2634,False
Osseo,MN,2634,False
North Zanesville,OH,2633,False
Ruleville,MS,2633,False
Valle Vista,AZ,2633,False
Goshen,AR,2632,False
Rock Rapids,IA,2631,False
Delhi,LA,2630,False
East Williston,NY,2630,False
Verona,PA,2629,False
Dillsburg,PA,2629,False
Colorado City,AZ,2628,False
Glenwood,MN,2628,False
Lake Ozark,MO,2628,False
Acres Green,CO,2627,False
Pocasset,MA,2627,False
Northeast Ithaca,NY,2627,False
Carlisle,KY,2627,False
Moriches,NY,2626,False
Bolivar Peninsula,TX,2626,False
Pawnee,IL,2626,False
Kimberling City,MO,2625,False
Rockledge,PA,2624,False
Eastpoint,FL,2624,False
New Hope,PA,2624,False
Charleston,MS,2624,False
Castle Rock,WA,2624,False
Hoxie,AR,2623,False
Silver Creek,NY,2623,False
Brush Prairie,WA,2623,False
Blue Mound,TX,2622,False
Leisure Knoll,NJ,2622,False
Telluride,CO,2622,False
Leadville,CO,2622,False
West Lafayette,OH,2622,False
Clifton,TN,2622,False
Valentine,NE,2621,False
Delmont,PA,2621,False
Silver Lake,OH,2621,False
Magnolia,TX,2620,False
Grissom AFB,IN,2619,False
Hopewell,TN,2619,False
Leavenworth,WA,2619,False
Brookville,IN,2619,False
Sylvania,GA,2618,False
Cadiz,KY,2618,False
Lake Arthur,LA,2617,False
Lavonia,GA,2617,False
Burlington,KS,2617,False
Croswell,MI,2617,False
Marthasville,MO,2616,False
Laurel Park,NC,2615,False
Lido Beach,NY,2615,False
Lithonia,GA,2614,False
Landisville,PA,2613,False
Murfreesboro,NC,2612,False
Ashley,PA,2612,False
Aberdeen,ID,2611,False
Village of Grosse Pointe Shores,MI,2610,False
North Shore,CA,2610,False
Rushville,IL,2610,False
University Park,MD,2610,False
Pleasant Ridge,MI,2609,False
Combine,TX,2609,False
Maine,WI,2608,False
Fort Hall,ID,2608,False
Clarkson Valley,MO,2608,False
Sabina,OH,2606,False
Alden,NY,2606,False
Belmont,MS,2606,False
Batavia,OH,2606,False
Breezy Point,MN,2605,False
Loma Rica,CA,2605,False
Gervais,OR,2605,False
West Wareham,MA,2605,False
Arcola,TX,2604,False
Clearbrook,NJ,2604,False
Lennox,SD,2603,False
Weldon,CA,2602,False
Tobaccoville,NC,2602,False
Sylva,NC,2601,False
Woodland Beach,MI,2598,False
Oronogo,MO,2597,False
Okolona,MS,2597,False
Palmhurst,TX,2597,False
Westworth Village,TX,2597,False
Upton,MA,2596,False
Fairmont,IL,2595,False
Biscoe,NC,2595,False
New Concord,OH,2593,False
Mendenhall,MS,2593,False
Silver Springs,FL,2593,False
Monticello,GA,2593,False
Pagedale,MO,2592,False
Garrettsville,OH,2591,False
Yardley,PA,2591,False
Bridgeville,DE,2590,False
Bowdon,GA,2590,False
Tularosa,NM,2590,False
Osceola,IN,2589,False
Kings Beach,CA,2589,False
Monticello,FL,2589,False
Arkwright,SC,2589,False
Pelican Rapids,MN,2589,False
Chesterfield,IN,2588,False
Jamestown West,NY,2587,False
Sag Harbor,NY,2587,False
Lexington Hills,CA,2587,False
Preston Heights,IL,2586,False
Brusly,LA,2585,False
Poynette,WI,2585,False
Charleston,AR,2585,False
Salado,TX,2585,False
Pearl River,LA,2584,False
McAdoo,PA,2583,False
Williamsburg,OH,2583,False
Fairmount,IN,2582,False
Lisbon,OH,2582,False
Fearrington Village,NC,2582,False
Gold Key Lake,PA,2582,False
Strasburg,OH,2581,False
Wilson's Mills,NC,2581,False
Springdale,SC,2580,False
Norton Center,MA,2580,False
Garland,UT,2579,False
Ninety Six,SC,2579,False
Escobares,TX,2578,False
Canadian Lakes,MI,2578,False
Camden,NY,2578,False
Experiment,GA,2578,False
Richlands,NC,2577,False
West,TX,2577,False
Bethlehem,WV,2577,False
Harlem,FL,2576,False
Center Point,NM,2576,False
Yanceyville,NC,2576,False
Morrisville,VT,2576,False
Tokeneke,CT,2575,False
Gastonville,PA,2575,False
Mohawk,NY,2574,False
North Sarasota,FL,2573,False
Claxton,GA,2573,False
Gray Summit,MO,2573,False
Belgium,WI,2573,False
Poland,OH,2573,False
Astatula,FL,2573,False
Center Point,IA,2573,False
Gibsonburg,OH,2572,False
New Boston,OH,2572,False
Fillmore,UT,2572,False
Cedaredge,CO,2572,False
Ravenel,SC,2572,False
Rutgers University-Livingston Campus,NJ,2571,False
Palisade,CO,2571,False
Strafford,MO,2570,False
Calabash,NC,2570,False
Muncy,PA,2570,False
Hazen,ND,2569,False
Corinth,NY,2569,False
Alburtis,PA,2569,False
Mineral Point,WI,2569,False
Greenport,NY,2569,False
West Berlin,NJ,2568,False
Talty,TX,2568,False
Brewster Hill,NY,2568,False
Owens Cross Roads,AL,2567,False
Loogootee,IN,2567,False
Richwood,WV,2567,False
Spring Mount,PA,2566,False
Many,LA,2566,False
Sandstone,MN,2566,False
Shawnee Hills,OH,2566,False
Mattawan,MI,2566,False
Marshville,NC,2565,False
Hartford,MI,2565,False
Seneca,IL,2565,False
Sisseton,SD,2564,False
Lakeside,MT,2564,False
Shelter Island,NY,2564,False
Kalkaska,MI,2563,False
East Douglas,MA,2562,False
England,AR,2562,False
Farm Loop,AK,2561,False
Covington,OH,2561,False
Vergennes,VT,2561,False
Peapack and Gladstone,NJ,2561,False
Anderson,MO,2561,False
Williamson,NY,2560,False
Sully Square,VA,2560,False
Carthage,IL,2560,False
Wabasha,MN,2560,False
Potosi,MO,2559,False
Henagar,AL,2559,False
Curwensville,PA,2559,False
Bonners Ferry,ID,2558,False
Hallowell,ME,2558,False
Mountain View,MO,2558,False
Hernando Beach,FL,2558,False
Hudson,IA,2557,False
Remlap,AL,2555,False
North Boston,NY,2554,False
Bellevue,ID,2554,False
Thunderbolt,GA,2552,False
Thorsby,AL,2552,False
Gillette,NJ,2552,False
Blasdell,NY,2551,False
Southern Gateway,VA,2551,False
Reynoldsville,PA,2551,False
Marionville,MO,2551,False
Versailles,MO,2549,False
Monroe Manor,NJ,2549,False
Mineralwells,WV,2549,False
Bald Knob,AR,2548,False
Falmouth,KY,2548,False
Driggs,ID,2548,False
Carrollton,IL,2546,False
Winthrop,ME,2546,False
Homestead Valley,CA,2546,False
Lathrop,MO,2546,False
Millersburg,PA,2546,False
Georgetown,CA,2546,False
Ossun,LA,2545,False
Keeseville,NY,2545,False
Clearwater,KS,2544,False
Dupont,PA,2544,False
Weatherly,PA,2544,False
Cabool,MO,2543,False
Winamac,IN,2543,False
Pembroke,GA,2542,False
Nicoma Park,OK,2542,False
Lewiston,NY,2541,False
Pikeville,TN,2541,False
Guilford Center,CT,2541,False
West Portsmouth,OH,2540,False
Hewitt,NJ,2540,False
Lyford,TX,2540,False
Willowbrook,IL,2539,False
Skaneateles,NY,2539,False
Chamberlain,SD,2538,False
Reidsville,GA,2538,False
Rockville,IN,2537,False
Kenilworth,IL,2537,False
Ross,CA,2537,False
Pottsboro,TX,2536,False
Lake Crystal,MN,2535,False
Farmington,MS,2534,False
Grand Point,LA,2533,False
Gold Beach,OR,2533,False
Oak Grove,VA,2533,False
Belvidere,NJ,2532,False
Seaville,NJ,2532,False
Ball Pond,CT,2531,False
New London,OH,2531,False
Mauriceville,TX,2531,False
Monroe,UT,2530,False
Milford,NE,2530,False
Spring Lake,MI,2530,False
Rouses Point,NY,2530,False
Raoul,GA,2529,False
North Rock Springs,WY,2529,False
Pantego,TX,2529,False
Bayview CDP (Contra Costa County),CA,2529,False
Kenly,NC,2527,False
Ball Ground,GA,2527,False
Avoca,PA,2527,False
Mount Vernon,TX,2527,False
White Pine,TN,2527,False
Berkeley Lake,GA,2527,False
Sand Hill,PA,2526,False
Hayward,WI,2526,False
Piketon,OH,2525,False
Calvert City,KY,2524,False
Silver Lake,FL,2524,False
Emsworth,PA,2524,False
Ranger,TX,2524,False
Clarence,NY,2523,False
Agua Fria,NM,2523,False
Holly Lake Ranch,TX,2523,False
Geistown,PA,2522,False
Fort Pierre,SD,2522,False
Lincoln,ME,2521,False
Oak Harbor,OH,2521,False
Polo,IL,2520,False
Shelby,MI,2520,False
Winneconne,WI,2520,False
Crosby,MN,2519,False
Oakland,ME,2519,False
Brinckerhoff,NY,2519,False
Fairmont,NC,2519,False
Buckeye Lake,OH,2517,False
Jean Lafitte,LA,2517,False
Lapel,IN,2517,False
Kennedy,CA,2516,False
Sumiton,AL,2516,False
Carnation,WA,2515,False
Fort Kent,ME,2515,False
Montague,MI,2514,False
Deatsville,AL,2514,False
Loris,SC,2513,False
Panorama Village,TX,2513,False
Lakeland,NY,2513,False
Poydras,LA,2513,False
Dover,MA,2512,False
Belmond,IA,2512,False
Roaring Spring,PA,2512,False
Spring Valley,MN,2512,False
Hughesville,PA,2511,False
Chauvin,LA,2511,False
Trinity,AL,2510,False
Dalton Gardens,ID,2510,False
Enon,OH,2509,False
Tutwiler,MS,2509,False
Clinton,AR,2508,False
New Ellenton,SC,2508,False
Santa Rosa Valley,CA,2508,False
Chewelah,WA,2508,False
Piermont,NY,2507,False
Cordova,AK,2507,False
Sterling,KS,2507,False
Christopher,IL,2507,False
Lake Mack-Forest Hills,FL,2506,False
Brewster,NY,2506,False
Mitchellville,IA,2506,False
White Salmon,WA,2505,False
The Hills,TX,2505,False
Apalachicola,FL,2504,False
Lake Meade,PA,2504,False
Landrum,SC,2504,False
Edgefield,SC,2504,False
West Branch,IA,2503,False
Daingerfield,TX,2502,False
Le Center,MN,2502,False
Good Hope,AL,2502,False
Jesup,IA,2502,False
Beverly,NJ,2502,False
Muse,PA,2501,False
Salina,UT,2500,False
Meeker,CO,2500,False
Parksdale,CA,2500,False
Circle D-KC Estates,TX,2500,False
Mission Canyon,CA,2500,False
Meridian Village,CO,2499,False
Penndel,PA,2498,False
Penn Farms,PA,2498,False
Dyer,TN,2498,False
Westport,WA,2498,False
Whitesboro,NJ,2497,False
Bono,AR,2497,False
Three Rivers,CA,2496,False
Blaine,TN,2496,False
Casselton,ND,2496,False
Junction,TX,2494,False
Ashland,PA,2493,False
Myersville,MD,2493,False
Trinity,TX,2493,False
Marlborough,MO,2492,False
Mosheim,TN,2492,False
Prince Frederick,MD,2491,False
Cricket,NC,2491,False
Star Valley,AZ,2490,False
Hoopa,CA,2489,False
Nekoosa,WI,2489,False
Wakarusa,IN,2488,False
Bryant,WA,2486,False
Calwa,CA,2486,False
Eatonville,FL,2486,False
Cross City,FL,2485,False
Mar-Mac,NC,2485,False
Bladenboro,NC,2485,False
Hebron,OH,2485,False
North Prairie,WI,2485,False
Bowling Green,FL,2484,False
Chuluota,FL,2484,False
Warden,WA,2483,False
La Pine,OR,2483,False
Whidbey Island Station,WA,2482,False
Helper,UT,2482,False
Scottsville,NY,2482,False
Reed City,MI,2481,False
Hudson,MI,2480,False
Elmendorf,TX,2479,False
Lawson Heights,PA,2477,False
Franklinton,NC,2477,False
Hardinsburg,KY,2476,False
Belleair Bluffs,FL,2476,False
Ashford,AL,2476,False
Berkshire Lakes,FL,2476,False
Salem,AR,2476,False
Oakwood Hills,IL,2475,False
Charlevoix,MI,2474,False
Lewisville,WA,2474,False
Galva,IL,2473,False
Fritch,TX,2472,False
Henry,IL,2471,False
New London,IA,2471,False
Boron,CA,2469,False
Pretty Bayou,FL,2469,False
West Union,IA,2468,False
Leonard,TX,2468,False
Lavaca,AR,2467,False
Cleveland,FL,2466,False
Gassville,AR,2466,False
Hayti,PA,2465,False
Graniteville,SC,2465,False
Stormstown,PA,2464,False
Swepsonville,NC,2464,False
Cape Neddick,ME,2462,False
Darlington,WI,2462,False
Pleasantdale,NJ,2462,False
Wray,CO,2461,False
Adamstown,PA,2460,False
Cedar Crest,MA,2460,False
Presidential Lakes Estates,NJ,2460,False
Mayer,MN,2460,False
Sparks,GA,2459,False
Milton,LA,2459,False
Newaygo,MI,2458,False
Marshfield Hills,MA,2458,False
Crosslake,MN,2457,False
Vista Center,NJ,2457,False
La Mesilla,NM,2456,False
Maynardville,TN,2455,False
Holley,FL,2455,False
Janesville,MN,2455,False
Easton,CA,2454,False
Lauderdale,MN,2454,False
Carthage,TN,2454,False
Warm Springs,OR,2453,False
Midway,GA,2453,False
Fort Montgomery,NY,2453,False
Council Grove,KS,2452,False
Linden,AZ,2452,False
Parsons,TN,2452,False
Argentine,MI,2451,False
Elysburg,PA,2451,False
Chesaning,MI,2450,False
Kings Bay Base,GA,2449,False
Lexington,MN,2448,False
Pierre Part,LA,2447,False
Fruitland,NC,2447,False
Wellton,AZ,2447,False
McKinley,PA,2446,False
Fredonia,WI,2446,False
Rockdale,IL,2446,False
Crisfield,MD,2445,False
Callender,CA,2444,False
Edgemont Park,MI,2444,False
Terre du Lac,MO,2443,False
Sparta,MO,2442,False
Phoenix,NY,2440,False
Brighton,IL,2440,False
Columbia,CA,2439,False
Tahoka,TX,2439,False
Grandy,NC,2438,False
Wailua,HI,2438,False
Mayodan,NC,2438,False
Ashville,AL,2438,False
Arcola,VA,2437,False
Troy,TX,2437,False
Dalworthington Gardens,TX,2437,False
North Brookfield,MA,2437,False
Fairview,NC,2436,False
Inez,TX,2435,False
Nanty-Glo,PA,2434,False
Rockwell,NC,2434,False
New Stanton,PA,2433,False
Cedar Grove,WI,2433,False
Bennington,NE,2432,False
Paynesville,MN,2432,False
Coal Creek,CO,2431,False
Cranbury,NJ,2430,False
West Bishop,CA,2430,False
Oak Hills,PA,2430,False
Melbourne,AR,2430,False
Holyoke,CO,2430,False
Lawson,MO,2429,False
Oxoboxo River,CT,2429,False
Stonewood,WV,2428,False
Butler,AL,2428,False
Creola,AL,2428,False
Ferdinand,IN,2428,False
Swanton,VT,2428,False
Arlington,MN,2428,False
Portola,CA,2427,False
St. Leo,FL,2426,False
Petersburg,IL,2426,False
McCleary,WA,2426,False
Ben Bolt,TX,2424,False
York,AL,2423,False
Horseshoe Bend,AR,2423,False
Whittingham,NJ,2423,False
Granite Falls,MN,2423,False
Weatherby Lake,MO,2422,False
Brownsville,PA,2422,False
Fair Haven,VT,2422,False
Sells,AZ,2422,False
Delcambre,LA,2422,False
Rio Verde,AZ,2422,False
Youngsville,NC,2421,False
Ponder,TX,2421,False
Oakland City,IN,2421,False
Belle Plaine,IA,2421,False
Las Animas,CO,2421,False
Brookwood,AL,2420,False
Anahuac,TX,2420,False
Rising Sun,IN,2420,False
Anchorage,KY,2419,False
Beresford,SD,2419,False
Virginia Gardens,FL,2419,False
Midway South,TX,2419,False
Villa Grove,IL,2418,False
Greensboro,AL,2417,False
Valley Hill,NC,2417,False
Bridgeport,WA,2416,False
Halesite,NY,2416,False
Houston,MO,2416,False
Winnie,TX,2416,False
Piney Mountain,VA,2415,False
Bohners Lake,WI,2415,False
Amboy,IL,2413,False
New Miami,OH,2411,False
Kamas,UT,2411,False
Sumner,IL,2411,False
Sheldon,TX,2410,False
Spring Arbor,MI,2410,False
West Hammond,NM,2410,False
St. Maries,ID,2410,False
Varnell,GA,2410,False
Bentleyville,PA,2409,False
Riverside,AL,2409,False
Burns Harbor,IN,2409,False
St. Paul,NE,2408,False
Black Canyon City,AZ,2408,False
Woodworth,LA,2406,False
Alamo,TN,2405,False
Arlington,NY,2405,False
Guyton,GA,2405,False
Westover,AL,2404,False
Ingalls,IN,2404,False
Perryman,MD,2403,False
Pine Beach,NJ,2402,False
Lithopolis,OH,2400,False
Hooks,TX,2400,False
Fairlawn,VA,2400,False
Denmark,WI,2400,False
Orchidlands Estates,HI,2400,False
East Berwick,PA,2400,False
East Quincy,CA,2399,False
Athens,IL,2398,False
Delmar,DE,2398,False
Fox Lake Hills,IL,2398,False
Sugarcreek,OH,2398,False
Matamoras,PA,2396,False
Stallion Springs,CA,2396,False
Mountain City,TN,2396,False
Hudson Oaks,TX,2396,False
Jonestown,TX,2395,False
Holcomb,KS,2395,False
Adamstown,MD,2394,False
White Castle,LA,2394,False
Monticello,UT,2393,False
Bay,AR,2392,False
Stapleton,AL,2392,False
Cambridge,NY,2390,False
Concordia,MO,2390,False
Cumberland,KY,2390,False
Lipscomb,AL,2390,False
Meadow Glade,WA,2390,False
Thorofare,NJ,2389,False
Nice,CA,2389,False
Lake City,AR,2389,False
Park Falls,WI,2389,False
Woodcreek,TX,2389,False
Trion,GA,2389,False
Rockwell City,IA,2389,False
Thruston,KY,2388,False
Trucksville,PA,2388,False
Park Center,CO,2387,False
South Padre Island,TX,2386,False
Winters,TX,2386,False
Benton,LA,2386,False
Caledonia,NY,2385,False
China Lake Acres,CA,2385,False
Rock Hill,NY,2384,False
Coudersport,PA,2384,False
Danville,AR,2384,False
Rangely,CO,2382,False
South Pottstown,PA,2381,False
East Oakdale,CA,2381,False
Cheney,KS,2380,False
Burnsville,NC,2380,False
Central Heights-Midland City,AZ,2380,False
Flora,MS,2380,False
Oakboro,NC,2379,False
Prairie Creek,AR,2379,False
Waynesboro,TN,2379,False
Bridgman,MI,2378,False
Cetronia,PA,2377,False
Owings,MD,2376,False
Ridgetop,TN,2376,False
Spirit Lake,ID,2375,False
Johnston,SC,2375,False
Milan,NM,2375,False
Lincoln Park,NY,2375,False
North York,PA,2374,False
Little River-Academy,TX,2374,False
Matoaca,VA,2374,False
Hermann,MO,2374,False
Bartonsville,MD,2373,False
McQueeney,TX,2371,False
Tangelo Park,FL,2371,False
Chilhowie,VA,2371,False
Hollandale,MS,2371,False
South Taft,CA,2370,False
Granville,NY,2370,False
Bluewell,WV,2369,False
Massanutten,VA,2368,False
Frankfort,NY,2367,False
Hayti,MO,2367,False
Vineyard Haven,MA,2367,False
Bridgeport,AL,2366,False
Carlin,NV,2366,False
Malakoff,TX,2364,False
Glen Rock,PA,2364,False
Macopin,NJ,2363,False
Antlers,OK,2361,False
Rheems,PA,2361,False
Thoreau,NM,2361,False
Cayucos,CA,2361,False
Healdton,OK,2361,False
New Glarus,WI,2360,False
Point of Rocks,MD,2360,False
Snow Hill,MD,2359,False
Holiday Island,AR,2358,False
Olivia,MN,2358,False
Plainview,TN,2357,False
Lake Katrine,NY,2357,False
Apalachin,NY,2356,False
Tool,TX,2356,False
Greenbriar,FL,2356,False
Connelly Springs,NC,2355,False
Webster County unified government,GA,2354,False
Basile,LA,2353,False
Barnum Island,NY,2353,False
Horse Cave,KY,2353,False
Madelia,MN,2352,False
Centreville,MS,2352,False
Lake of the Woods,IL,2350,False
Lusby,MD,2350,False
Piperton,TN,2350,False
Sabetha,KS,2349,False
Carson,WA,2349,False
Lake Placid,FL,2349,False
Center,CO,2349,False
Tioga Terrace,NY,2348,False
Shawneeland,VA,2347,False
La Porte City,IA,2347,False
Lafourche Crossing,LA,2347,False
Colonial Pine Hills,SD,2346,False
Laurel Lake,NJ,2346,False
South Creek,WA,2346,False
Mount Zion,GA,2346,False
Flora Vista,NM,2346,False
Westhampton Beach,NY,2344,False
Jamestown,KY,2343,False
Aviston,IL,2342,False
Mount Vernon,KY,2342,False
Orchard Lake Village,MI,2342,False
Reinholds,PA,2341,False
Indian Springs Village,AL,2341,False
Tylertown,MS,2341,False
Kirbyville,TX,2340,False
Des Allemands,LA,2340,False
Hull,IA,2340,False
Carlton,OR,2339,False
Chase City,VA,2339,False
Morrow,OH,2338,False
Gold Bar,WA,2338,False
Dunnellon,FL,2337,False
Bloomfield,IN,2337,False
Pojoaque,NM,2336,False
Whitney,TX,2336,False
Leonardo,NJ,2336,False
Haslet,TX,2336,False
Cabana Colony,FL,2334,False
Adamsville,TN,2334,False
Stonewall,LA,2334,False
Coopersburg,PA,2332,False
Goose Creek Village,VA,2332,False
Hyde Park,PA,2332,False
Liverpool,NY,2331,False
Canadian,TX,2330,False
Warsaw,VA,2330,False
Hooverson Heights,WV,2329,False
Italy,TX,2329,False
Carlisle,AR,2329,False
Shinnston,WV,2328,False
Colstrip,MT,2327,False
Lakeview,CA,2327,False
Kearny,AZ,2327,False
Belvedere,CA,2327,False
Warsaw,MO,2326,False
Decatur,MS,2325,False
Mount Holly Springs,PA,2325,False
Pymatuning Central,PA,2325,False
Wild Peach Village,TX,2325,False
Aliceville,AL,2325,False
Gap,PA,2324,False
Coats,NC,2324,False
San Rafael,NM,2322,False
Roosevelt Gardens,FL,2322,False
Tullytown,PA,2321,False
Marked Tree,AR,2321,False
Woodsfield,OH,2321,False
Red Lodge,MT,2321,False
Hedwig Village,TX,2320,False
Bodfish,CA,2320,False
La Selva Beach,CA,2320,False
Vienna,IL,2319,False
Ganado,TX,2318,False
Shepherd,TX,2318,False
Westby,WI,2318,False
North Falmouth,MA,2318,False
Pine Air,FL,2318,False
Sullivan's Island,SC,2317,False
Mullens,WV,2317,False
Westbrook Center,CT,2317,False
Riverside,PA,2316,False
Surgoinsville,TN,2316,False
Leith-Hatfield,PA,2315,False
Elwood,IL,2315,False
Shadybrook,TX,2315,False
Mabton,WA,2314,False
Coaldale borough (Schuylkill County),PA,2314,False
Kure Beach,NC,2313,False
Ranchos de Taos,NM,2313,False
Elmwood Place,OH,2312,False
Cascade,IA,2312,False
Neillsville,WI,2311,False
Harrison,MI,2311,False
Crooksville,OH,2311,False
Kershaw,SC,2311,False
Brundidge,AL,2309,False
Como,WI,2309,False
Abbeville,AL,2309,False
Water Mill,NY,2308,False
Richland,MO,2307,False
Sky Valley,CA,2307,False
Greensburg,KY,2307,False
Ozona,TX,2306,False
Royston,GA,2305,False
Pelican Marsh,FL,2304,False
Jonesville,MI,2304,False
Bedford Hills,NY,2304,False
McColl,SC,2304,False
Afton,WY,2303,False
Helmetta,NJ,2302,False
Middlebush,NJ,2302,False
Commerce,OK,2302,False
Quitman,TX,2301,False
Forsgate,NJ,2300,False
Maxton,NC,2300,False
Bellevue,IL,2300,False
Staples,MN,2299,False
Amherst,VA,2299,False
Star City,AR,2299,False
Hughesville,MD,2299,False
Greenfield,TN,2297,False
Cambridge Springs,PA,2297,False
Berlin,PA,2297,False
Duquesne,MO,2297,False
Atkins,IA,2296,False
Elk Creek,KY,2295,False
Rio Hondo,TX,2295,False
Spring City,TN,2294,False
Casey,IL,2294,False
Kellogg,ID,2294,False
Demorest,GA,2293,False
Texanna,OK,2293,False
Fairdale,PA,2293,False
Johnsonburg,PA,2293,False
Siena College,NY,2292,False
South Oroville,CA,2291,False
Fairfield Bay,AR,2291,False
Vilano Beach,FL,2291,False
Horse Pasture,VA,2291,False
Anthony,KS,2290,False
New Llano,LA,2290,False
Marcus Hook,PA,2290,False
Honokaa,HI,2290,False
Essex Fells,NJ,2290,False
Willamina,OR,2287,False
Haynesville,LA,2287,False
Jackson,KY,2286,False
Mechanic Falls,ME,2286,False
Wesson,MS,2286,False
Olmos Park,TX,2286,False
Baldwinville,MA,2286,False
Vernonia,OR,2285,False
Drumright,OK,2285,False
South Fulton,TN,2285,False
Lamoni,IA,2284,False
Plattsburg,MO,2284,False
Kiefer,OK,2284,False
Hurlock,MD,2284,False
Oliver,PA,2283,False
South Greensburg,PA,2282,False
Day Heights,OH,2282,False
Perry,MI,2281,False
Koloa,HI,2281,False
Walters,OK,2281,False
St. Marys,WV,2281,False
Lake Placid,NY,2280,False
Gunter,TX,2279,False
Eupora,MS,2279,False
Guntown,MS,2279,False
West Belmar,NJ,2279,False
Burnt Store Marina,FL,2278,False
Gibbsboro,NJ,2278,False
Wells,MN,2278,False
Topton,PA,2277,False
Dunkirk,MD,2277,False
Clayton,GA,2277,False
Toftrees,PA,2275,False
Clio,MI,2275,False
Tchula,MS,2274,False
Granby,MO,2274,False
Cass City,MI,2274,False
Boutte,LA,2274,False
Kahuku,HI,2274,False
Zion,PA,2273,False
Briarcliff,TX,2273,False
Morris,AL,2273,False
Buchanan,NY,2272,False
Rockville,MN,2271,False
Chester,CA,2271,False
Collins,MS,2270,False
Milford,ME,2270,False
Riverview,DE,2270,False
Four Oaks,NC,2269,False
Vista Santa Rosa,CA,2269,False
St. Croix Falls,WI,2268,False
Big Lake,WA,2267,False
Wofford Heights,CA,2267,False
Richmond,IL,2266,False
Chetek,WI,2264,False
Woodlawn CDP (Carroll County),VA,2264,False
Farmingdale,ME,2264,False
Albany,KY,2264,False
Woodbine,NJ,2264,False
McDonald,PA,2263,False
Campbell,FL,2262,False
Lytle,TX,2262,False
St. Pauls,NC,2261,False
Manchester,MI,2261,False
Bluff City,TN,2261,False
Tavernier,FL,2261,False
Dulce,NM,2261,False
Maple Lake,MN,2260,False
Mason City,IL,2260,False
Anchor Point,AK,2260,False
Lancaster,NH,2260,False
Independence,LA,2258,False
Pennville,PA,2258,False
Jal,NM,2258,False
Byesville,OH,2258,False
Excelsior,MN,2257,False
Tropical Park,FL,2257,False
Marion,MS,2257,False
Port Allegany,PA,2257,False
Waretown,NJ,2257,False
St. Hedwig,TX,2256,False
South Congaree,SC,2256,False
Schofield,WI,2256,False
Eleele,HI,2255,False
Cosmopolis,WA,2255,False
Kinsey,AL,2254,False
Pennington Gap,VA,2254,False
Redfield,SD,2253,False
Harwich Port,MA,2252,False
Temple,PA,2251,False
Nedrow,NY,2251,False
Mount Vernon,GA,2251,False
Cambridge,IL,2251,False
North Beach Haven,NJ,2250,False
Allyn,WA,2249,False
Glade Spring,VA,2249,False
Shingletown,CA,2248,False
Oakwood,PA,2248,False
Brooklyn,IN,2248,False
Peterborough,NH,2247,False
Newton,TX,2246,False
Messiah College,PA,2246,False
Flandreau,SD,2246,False
Stewart Manor,NY,2244,False
Lima,NY,2243,False
Halstead,KS,2243,False
Ramapo College of New Jersey,NJ,2243,False
East Uniontown,PA,2243,False
Hanapepe,HI,2242,False
Solomons,MD,2242,False
Brewster,WA,2241,False
Kensington,MD,2241,False
Ten Mile Run,NJ,2241,False
Spencer,IN,2240,False
Eureka,KS,2239,False
Cudjoe Key,FL,2238,False
Pinehurst,TX,2237,False
Tremont,IL,2237,False
Neodesha,KS,2236,False
River Heights,UT,2236,False
Eagleview,PA,2235,False
Effort,PA,2235,False
St. Ignace,MI,2233,False
Lake Holiday,VA,2233,False
Laporte,CO,2233,False
Carlisle-Rockledge,AL,2232,False
West Hill,OH,2232,False
Pimlico,SC,2232,False
Seminole Manor,FL,2232,False
Star Valley Ranch,WY,2231,False
Erath,LA,2231,False
Altamont,IL,2231,False
Somers,CT,2231,False
Clayton,AL,2230,False
Estill,SC,2230,False
Colfax,CA,2230,False
Coventry Lake,CT,2230,False
Greenport West,NY,2230,False
Bokeelia,FL,2230,False
Nicholson,MS,2229,False
Orleans,IN,2228,False
Dry Ridge,KY,2227,False
El Cenizo,TX,2226,False
Edgewood,PA,2225,False
Ellinwood,KS,2225,False
Drew,MS,2225,False
Hudson,IL,2225,False
Hillsboro Beach,FL,2225,False
Wayne,IL,2225,False
Blue Hills,CT,2224,False
Bay City,OR,2224,False
Saugerties South,NY,2224,False
White Island Shores,MA,2223,False
Alpha,NJ,2223,False
Sturbridge,MA,2222,False
Richwood,OH,2222,False
Bertsch-Oceanview,CA,2222,False
West Rutland,VT,2222,False
Bressler,PA,2220,False
Malad City,ID,2219,False
Wheeler AFB,HI,2219,False
Kouts,IN,2219,False
Lewiston,CA,2218,False
East Bernard,TX,2218,False
Springfield,SD,2216,False
Maurice,LA,2215,False
Ogdensburg,NJ,2215,False
Unionville,GA,2215,False
Bayou La Batre,AL,2215,False
Westminster,SC,2215,False
Leipsic,OH,2215,False
Mediapolis,IA,2214,False
Constantine,MI,2214,False
Clifton Gardens,NY,2213,False
Logan,WV,2213,False
Wenonah,NJ,2213,False
Masury,OH,2212,False
Phelps,NY,2212,False
Weyers Cave,VA,2212,False
Gumlog,GA,2212,False
Jamestown,OH,2211,False
Crompond,NY,2211,False
Paia,HI,2211,False
Detroit Beach,MI,2211,False
Idalou,TX,2211,False
Union,OR,2209,False
Hope Valley,RI,2209,False
South Paris,ME,2208,False
Fowler,IN,2207,False
Deerfield,WI,2207,False
Alta,IA,2207,False
Tazewell,TN,2207,False
Imperial,NE,2207,False
Sun Valley,PA,2206,False
Dublin,PA,2206,False
Pittsville,MD,2205,False
San Ysidro,NM,2205,False
Pepperell,MA,2205,False
Judsonia,AR,2204,False
Phillipsburg,KS,2204,False
Patrick Springs,VA,2204,False
Wrightsville,PA,2204,False
Centerville CDP (Shasta County),CA,2204,False
Adams,WI,2204,False
Mulino,OR,2203,False
Nokomis,IL,2203,False
Coaling,AL,2203,False
Cloverdale,IN,2201,False
Middletown,IN,2201,False
Wellington,TX,2201,False
Slater-Marietta,SC,2199,False
Cedar Point,NC,2198,False
West Branch,MI,2198,False
Taylorsville,NC,2198,False
McConnelsville,OH,2197,False
Manahawkin,NJ,2197,False
Cabin John,MD,2196,False
Davisboro,GA,2196,False
Southmont,PA,2196,False
Montalvin Manor,CA,2195,False
Pine Mountain Club,CA,2195,False
Manchester,KY,2195,False
Maggie Valley,NC,2195,False
Jerome,IL,2194,False
Hide-A-Way Lake,MS,2194,False
Sumrall,MS,2194,False
Mont Clare,PA,2194,False
Liberty borough (Allegheny County),PA,2194,False
Falconer,NY,2193,False
Windy Hills,KY,2193,False
Brockway,PA,2192,False
Privateer,SC,2191,False
Hamilton City,CA,2191,False
Green Meadows,OH,2191,False
Wilberforce,OH,2190,False
Marceline,MO,2190,False
Stanley,ND,2189,False
Bear Creek Ranch,TX,2189,False
Kealakekua,HI,2188,False
Trenton,GA,2188,False
Ridgebury,CT,2187,False
Colfax,IA,2186,False
Abbotsford,WI,2186,False
Chinchilla,PA,2186,False
Madison,NC,2185,False
Lewiston,UT,2185,False
Penngrove,CA,2184,False
Salmon Brook,CT,2184,False
Yorktown,TX,2183,False
Brownville,NJ,2183,False
Rockport,IN,2183,False
Piru,CA,2182,False
Caryville,TN,2181,False
Port Barre,LA,2181,False
Preston,TX,2181,False
Lewisport,KY,2180,False
Choctaw Lake,OH,2180,False
Wellsburg,WV,2180,False
Dolgeville,NY,2180,False
Warsaw,KY,2180,False
Georgetown-Quitman County unified government,GA,2180,False
Putnamville,IN,2180,False
Questa,NM,2179,False
Mart,TX,2179,False
Lovell,WY,2178,False
Mount Sterling,IL,2177,False
Elk Point,SD,2177,False
Fishkill,NY,2177,False
Townsend,MT,2176,False
White Hall,IL,2176,False
Neuse Forest,NC,2176,False
Knightstown,IN,2175,False
Masonville,KY,2175,False
Dillingham,AK,2175,False
Elida,OH,2174,False
Cowarts,AL,2174,False
Hart,MI,2173,False
Varnville,SC,2173,False
Culver,OR,2173,False
Louisa,VA,2173,False
Mayflower,AR,2172,False
Bloomfield,MO,2172,False
Rolling Fork,MS,2172,False
Pelican Bay,TX,2172,False
Enterprise,OR,2172,False
Esko,MN,2172,False
Eddystone,PA,2170,False
Fremont,IN,2170,False
Priest River,ID,2170,False
Newtown,PA,2169,False
Thornton,IL,2169,False
Sardis,MS,2168,False
Hinton,WV,2167,False
Star City,WV,2167,False
Hudson,CO,2167,False
Pegram,TN,2167,False
Whitehall,NY,2166,False
Junction City,KY,2166,False
Mountain View,CA,2166,False
Shelbina,MO,2165,False
Nambe,NM,2165,False
Winterville,GA,2165,False
Liberty,KY,2164,False
New Eagle,PA,2164,False
Las Lomas,TX,2164,False
Cuba City,WI,2163,False
Fritz Creek,AK,2163,False
New Carlisle,IN,2162,False
Malone,FL,2162,False
New Market,VA,2162,False
Carrington,ND,2161,False
Eudora,AR,2161,False
Ben Avon,SC,2161,False
Lisbon,ND,2159,False
Elmwood,IL,2159,False
Mason,TX,2158,False
Gates Mills,OH,2158,False
New Wilmington,PA,2157,False
Appomattox,VA,2157,False
Kualapuu,HI,2157,False
Kiln,MS,2156,False
Rosebud,SD,2155,False
Glendale,OH,2154,False
Hinckley,IL,2154,False
Moriarty,NM,2154,False
Corralitos,CA,2154,False
Bar Harbor,ME,2154,False
Leslie,MI,2154,False
Twain Harte,CA,2154,False
Everett,PA,2154,False
Aitkin,MN,2153,False
Marmora,NJ,2153,False
Trowbridge Park,MI,2153,False
Whitesburg,KY,2153,False
Merriam Woods,MO,2153,False
Pine Grove,PA,2153,False
Seville,OH,2153,False
Somerset,TX,2152,False
Bayard,NM,2152,False
Pumpkin Center,NC,2151,False
Jacobus,PA,2150,False
Falling Waters,WV,2150,False
Terrace Park,OH,2150,False
Lunenburg,MA,2149,False
Robesonia,PA,2149,False
Kimball,NE,2149,False
Camden,AL,2149,False
Troup,TX,2148,False
Blanco,TX,2147,False
Yorktown Heights,NY,2147,False
Deenwood,GA,2146,False
East Cleveland,TN,2146,False
Sumner,IA,2145,False
Greybull,WY,2145,False
Weston,NJ,2144,False
Meadowlakes,TX,2144,False
Mount Olive,IL,2144,False
Upper Nyack,NY,2142,False
Kohler,WI,2142,False
English Creek,NJ,2142,False
Northwood,IA,2142,False
West End,NY,2142,False
Marfa,TX,2141,False
Pecatonica,IL,2141,False
Palmview South,TX,2141,False
Spring Grove,PA,2141,False
Quartzsite,AZ,2141,False
Regency at Monroe,NJ,2140,False
Walton Hills,OH,2140,False
Sneads Ferry,NC,2140,False
Elberta,AL,2140,False
Meyers,CA,2140,False
Leesport,PA,2139,False
St. Paris,OH,2138,False
Windsor,VT,2138,False
Leechburg,PA,2138,False
Doniphan,MO,2138,False
Ludowici,GA,2137,False
Isle of Hope,GA,2137,False
Boles Acres,NM,2137,False
Electra,TX,2137,False
Waterloo,IN,2136,False
Newport,WA,2136,False
Albion,IL,2136,False
Eastport,NY,2136,False
Presquille,LA,2136,False
East Ithaca,NY,2135,False
Pequot Lakes,MN,2135,False
Bellerose Terrace,NY,2135,False
Attica,NY,2135,False
Shinnecock Hills,NY,2135,False
Kahoka,MO,2134,False
Chester,WV,2134,False
Glasco,NY,2134,False
Wrangell city and,AK,2134,False
Whitesboro,AL,2134,False
Durant,MS,2133,False
Leachville,AR,2132,False
Bellevue,IA,2132,False
Colby,WI,2132,False
Jarrell,TX,2132,False
Colquitt,GA,2131,False
Memphis,TX,2130,False
Mount Union,PA,2130,False
Kiawah Island,SC,2130,False
Englishtown,NJ,2129,False
Lake Odessa,MI,2129,False
Flora,IN,2128,False
Lookout Mountain,TN,2128,False
Blackwater,AZ,2128,False
Stanfield,OR,2128,False
Havana,FL,2127,False
Spencerville,OH,2127,False
Petersburg,IN,2126,False
Marbury,AL,2126,False
Jamestown,TN,2126,False
Fairmont City,IL,2125,False
Oakes,ND,2125,False
Willow Springs,MO,2125,False
Copper Canyon,TX,2125,False
Kent Acres,DE,2124,False
Tigerville,SC,2122,False
Ontario,NY,2122,False
Beacon Hill,WA,2122,False
Heceta Beach,OR,2122,False
Lake Mary Jane,FL,2122,False
Fredonia,KS,2121,False
South Roxana,IL,2121,False
Ord,NE,2121,False
Hunter,TN,2121,False
Malta,MT,2121,False
Marist College,NY,2120,False
Pink,OK,2119,False
Timmonsville,SC,2119,False
Landover Hills,MD,2118,False
Meyersdale,PA,2118,False
Ellis,KS,2117,False
Mountain Lake Park,MD,2117,False
Cle Elum,WA,2116,False
Pine Level,NC,2116,False
Shadow Lake,WA,2115,False
Churchill,OH,2115,False
Lake Summerset,IL,2115,False
Blacksburg,SC,2115,False
Lordsburg,NM,2114,False
Idaho Springs,CO,2113,False
Kodiak Station,AK,2113,False
Waterford,NY,2113,False
Grand Forks AFB,ND,2113,False
New Chicago,IN,2111,False
Thayer,MO,2111,False
Collings Lakes,NJ,2111,False
Swartzville,PA,2111,False
Blooming Prairie,MN,2110,False
Manchester,OH,2110,False
Caldwell,OH,2110,False
Lexington,IL,2108,False
Garyville,LA,2108,False
De Leon,TX,2108,False
Warson Woods,MO,2107,False
Gordon,GA,2107,False
Oak Hill,FL,2107,False
Stephens City,VA,2107,False
Hidden Hills,CA,2107,False
East Missoula,MT,2105,False
Conway,PA,2105,False
North Newton,KS,2105,False
Cathcart,WA,2105,False
Collierville,CA,2104,False
Bottineau,ND,2104,False
Cherryvale,KS,2104,False
Bethlehem Village,CT,2103,False
Bunker Hill,OR,2103,False
Mayville,ND,2102,False
Thomaston,ME,2101,False
Wabasso Beach,FL,2101,False
Prestbury,IL,2100,False
Evansburg,PA,2100,False
North Judson,IN,2100,False
Madison,ME,2100,False
Dousman,WI,2099,False
Madison,NE,2098,False
Geneva,NE,2097,False
Susquehanna Trails,PA,2097,False
Farmington,IL,2097,False
Palmyra,WI,2097,False
Tunica Resorts,MS,2096,False
Belleville,KS,2096,False
Houserville,PA,2096,False
Geneva,WA,2096,False
Spiro,OK,2095,False
Arcade,NY,2095,False
Hoyt Lakes,MN,2095,False
Remsen,IA,2095,False
Bristol,NH,2095,False
Shiner,TX,2095,False
Canisteo,NY,2094,False
Sterlington,LA,2093,False
St. Bonaventure,NY,2093,False
Cridersville,OH,2093,False
Brewster,OH,2093,False
Snow Hill,NC,2092,False
Shadeland,IN,2092,False
Pine Canyon,CA,2092,False
Catlin,IL,2091,False
Pulaski,NY,2090,False
Lebanon Junction,KY,2090,False
Eyota,MN,2090,False
Springfield,MN,2090,False
Audubon,IA,2089,False
Rivanna,VA,2088,False
Southport,IN,2088,False
Steep Falls,ME,2087,False
Hanson,MA,2087,False
Thomaston,CT,2087,False
Cologne,MN,2086,False
Andrews,NC,2086,False
Willow Grove,TX,2085,False
Seneca Knolls,NY,2085,False
Liberty,IN,2085,False
Lemont,PA,2085,False
Saltville,VA,2085,False
Shorewood Hills,WI,2085,False
Plantsville,CT,2084,False
Lake Village,AR,2084,False
Sour Lake,TX,2083,False
Mercersburg,PA,2083,False
Mountain Lodge Park,NY,2083,False
Lebanon South,PA,2083,False
Pine Crest,TN,2082,False
Gaylord,MN,2082,False
Ortonville,MN,2081,False
Dundee,NY,2080,False
Crystal Lake,CT,2080,False
Enfield,NH,2079,False
Central Square,NY,2079,False
Huntington,UT,2079,False
North Conway,NH,2079,False
Redington Shores,FL,2078,False
Gregory,TX,2077,False
Roman Forest,TX,2077,False
Manatee Road,FL,2077,False
Jefferson,TX,2077,False
Indian River,MI,2076,False
Warroad,MN,2076,False
Badin,NC,2075,False
Van Horn,TX,2075,False
Leetonia,OH,2075,False
Fort Polk North,LA,2075,False
Granby,CO,2074,False
Herington,KS,2074,False
Montz,LA,2074,False
East McKeesport,PA,2074,False
Clearlake Oaks,CA,2074,False
Battle Ground,IN,2073,False
Parkwood,CA,2073,False
Creston,OH,2072,False
Stevenson,AL,2071,False
Crooked Lake Park,FL,2071,False
Navajo,NM,2071,False
Chouteau,OK,2071,False
Jermyn,PA,2070,False
Jemez Pueblo,NM,2070,False
Linden,AL,2070,False
Brooks,KY,2069,False
The Hideout,PA,2069,False
Galesburg,MI,2069,False
Rawls Springs,MS,2069,False
Bangor,MI,2068,False
Maunawili,HI,2067,False
Nicholson,GA,2067,False
Bells,TX,2067,False
Lakin,KS,2066,False
Hamlin,TX,2066,False
Depoe Bay,OR,2066,False
Bear Creek,FL,2066,False
Llano Grande,TX,2065,False
Raven,VA,2065,False
Minneapolis,KS,2065,False
Baldwin,LA,2065,False
Hawley,MN,2065,False
Elgin,SC,2065,False
West Terre Haute,IN,2064,False
Crosby,TX,2064,False
Ixonia,WI,2064,False
Lame Deer,MT,2064,False
Oakley,KS,2063,False
Encantada-Ranchito-El Calaboz,TX,2063,False
La Plata,NM,2063,False
Hampton,IL,2063,False
Wrens,GA,2063,False
Seabrook Island,SC,2062,False
Romney,WV,2062,False
Spooner,WI,2062,False
Royal City,WA,2060,False
Gearhart,OR,2060,False
Butler,GA,2059,False
Deltana,AK,2059,False
Summitview,WA,2059,False
Rainbow Park,FL,2059,False
Joseph City,AZ,2058,False
Hayden,CO,2057,False
Maineville,OH,2057,False
Spencer,WV,2057,False
Lakesite,TN,2056,False
Window Rock,AZ,2056,False
Sugar City,ID,2055,False
Santa Nella,CA,2055,False
Dover,PA,2054,False
Kitsap Lake,WA,2054,False
Middleport,OH,2053,False
Golden Meadow,LA,2053,False
Roseville,OH,2053,False
Slayton,MN,2053,False
Coushatta,LA,2053,False
Eureka Springs,AR,2053,False
Millville,DE,2052,False
Bedford,NY,2052,False
Parkside,PA,2052,False
Craigsville,WV,2051,False
Paulina,LA,2051,False
East Brooklyn,CT,2051,False
Caddo Mills,TX,2051,False
Eagle,WI,2050,False
Wedgefield,SC,2050,False
Charlestown,MD,2050,False
Berwick,ME,2050,False
Laurel Hollow,NY,2050,False
Yale,MI,2050,False
Wadley,GA,2049,False
Pierce,NE,2049,False
Splendora,TX,2049,False
Holiday Heights,NJ,2049,False
Homerville,GA,2049,False
Marcellus,NY,2048,False
Coal Grove,OH,2047,False
Sea Isle City,NJ,2047,False
Banks,OR,2047,False
Toledo,IA,2047,False
Long Valley,NJ,2046,False
Redgranite,WI,2045,False
Seneca,KS,2045,False
Hertford,NC,2045,False
Kenilworth,PA,2045,False
Tenino,WA,2045,False
Ely,IA,2045,False
Kent Estates,IA,2044,False
Kensett,AR,2044,False
Crossville,AL,2043,False
Gorham,NH,2043,False
Volga,SD,2043,False
Custer,SD,2043,False
Worthington Hills,KY,2042,False
Valley Forge,TN,2042,False
Kountze,TX,2042,False
Burns Flat,OK,2042,False
Clifton Springs,NY,2042,False
Marriott-Slaterville,UT,2041,False
Parchment,MI,2041,False
Manchaca,TX,2041,False
Riverbend,WA,2041,False
Crescent City,FL,2040,False
Coupeville,WA,2040,False
Terra Alta,WV,2040,False
Bayou L'Ourse,LA,2039,False
Harmony Grove,CA,2039,False
Armada,MI,2039,False
Genoa,OH,2039,False
Lattingtown,NY,2039,False
Stevensville,MT,2038,False
Cave City,AR,2038,False
Lofall,WA,2038,False
Howey-in-the-Hills,FL,2038,False
Kerhonkson,NY,2038,False
Lexington,OK,2037,False
Vale,OR,2037,False
Groton,NY,2036,False
Collinsville,AL,2036,False
Lavallette,NJ,2036,False
Greentown,IN,2035,False
Franklinville,NY,2035,False
Fairfax,SC,2035,False
Georgetown CDP (Luzerne County),PA,2034,False
East Lexington,VA,2034,False
Cooperstown,NY,2034,False
Blackville,SC,2034,False
Queensland,MD,2034,False
Toquerville,UT,2034,False
Moore Haven,FL,2034,False
Gladeville,TN,2034,False
King Arthur Park,MT,2033,False
Oxford,GA,2033,False
South Rockwood,MI,2032,False
McConnell AFB,KS,2032,False
Odem,TX,2032,False
Lake Hamilton,AR,2031,False
Peebles,OH,2031,False
Sea Girt,NJ,2031,False
Belle Rose,LA,2030,False
Bridgeport,IL,2030,False
Columbus Junction,IA,2029,False
Glenmoor,OH,2029,False
Walnut Cove,NC,2028,False
Seaside Heights,NJ,2027,False
Dawson Springs,KY,2026,False
Shell Point,SC,2026,False
Itasca,TX,2025,False
Utica,OH,2024,False
Krugerville,TX,2024,False
Falling Water,TN,2022,False
Falmouth Foreside,ME,2022,False
Quanah,TX,2022,False
Wellsville,KS,2022,False
Murphys,CA,2022,False
Estill Springs,TN,2022,False
Princeton Junction,NJ,2022,False
Walkerton,IN,2022,False
Berrien Springs,MI,2022,False
Santo Domingo Pueblo,NM,2021,False
Pawling,NY,2021,False
Adrian,MO,2021,False
St. Charles,MI,2020,False
Baraga,MI,2020,False
Fall City,WA,2018,False
Trail Creek,IN,2018,False
Corrigan,TX,2018,False
Crimora,VA,2017,False
Middlebranch,OH,2017,False
Old Saybrook Center,CT,2017,False
Naval Academy,MD,2016,False
Rural Hill,TN,2016,False
Homosassa,FL,2016,False
Chiefland,FL,2016,False
Grill,PA,2015,False
Belington,WV,2015,False
Garfield,TX,2015,False
Fort Plain,NY,2015,False
Raceland,KY,2015,False
Hammond,WI,2015,False
Coalville,UT,2014,False
Merrionette Park,IL,2014,False
Governors Village,NC,2014,False
Rosemount,OH,2013,False
Beaver Dam,AZ,2013,False
Watts Mills,SC,2013,False
Broad Creek,NC,2013,False
Valencia CDP (Valencia County),NM,2012,False
Carbon Cliff,IL,2012,False
Southwest Greensburg,PA,2012,False
Roanoke,IL,2011,False
Oakhurst,OK,2010,False
Bourg,LA,2010,False
Randolph,VT,2010,False
Westmorland,CA,2010,False
Cleary,MS,2010,False
Riverview,SC,2010,False
Rainier,OR,2010,False
Edgerton,OH,2009,False
Tracy City,TN,2008,False
Bolindale,OH,2008,False
Livingston,LA,2008,False
Princeville,HI,2007,False
Springerville,AZ,2006,False
Tracy,MN,2006,False
Bayou Vista,TX,2006,False
Wanchese,NC,2005,False
Honey Brook,PA,2005,False
Seneca,MO,2005,False
Laurel Springs,NJ,2004,False
Lorenz Park,NY,2003,False
Wautoma,WI,2003,False
Harbor,OR,2003,False
Ingram,TX,2003,False
Parkston,SD,2003,False
Munising,MI,2003,False
Leadville North,CO,2003,False
Woodside East,DE,2002,False
Camino,CA,2002,False
Pleak,TX,2001,False
Evans City,PA,2001,False
Amelia,LA,2000,False
Gambier,OH,2000,False
Anson,TX,2000,False
Shamrock,TX,2000,False
Lenox,MA,1999,False
Hurstbourne Acres,KY,1999,False
East Pepperell,MA,1999,False
Wilsonville,AL,1998,False
Morenci,MI,1998,False
Cedar Heights,MD,1997,False
Charlotte,TN,1997,False
Melrose Park,NY,1997,False
Rogue River,OR,1997,False
Dudley,NC,1996,False
Atlanta,IL,1996,False
Fallsburg,NY,1996,False
Lampeter,PA,1995,False
Grove Hill,AL,1995,False
Augusta,AR,1995,False
Bellville,OH,1995,False
Oakland,MD,1995,False
Krebs,OK,1994,False
Hallsville,MO,1993,False
Bethel Island,CA,1993,False
Pinehurst,ID,1993,False
Westernport,MD,1993,False
Arthur,IL,1992,False
Bronson,MI,1992,False
Great River,NY,1992,False
Goodrich,MI,1991,False
Gaston,SC,1991,False
Narrows,VA,1990,False
Byhalia,MS,1990,False
Cedar Glen West,NJ,1990,False
Milan,MO,1989,False
Emporium,PA,1988,False
Aristocrat Ranchettes,CO,1987,False
Boring,OR,1987,False
Mount Cobb,PA,1987,False
Slater,MO,1987,False
Prudhoe Bay,AK,1986,False
Manhattan,MT,1986,False
Dover,TN,1985,False
Lincoln University,PA,1984,False
Icard,NC,1984,False
Stewartstown,PA,1984,False
Indian Springs,GA,1983,False
Epworth,IA,1982,False
Lake Ripley,WI,1982,False
Milan,IN,1981,False
Tres Arroyos,NM,1980,False
Mulberry,NC,1980,False
Jasonville,IN,1979,False
Jonestown,PA,1979,False
Lake Kerr,FL,1978,False
Grandview,TX,1978,False
Reynolds Heights,PA,1977,False
Camden,OH,1977,False
Winchester,MO,1977,False
Navassa,NC,1976,False
San Juan Bautista,CA,1976,False
Port Dickinson,NY,1976,False
Washburn,WI,1975,False
Clatskanie,OR,1975,False
Smackover,AR,1975,False
Elsberry,MO,1975,False
Feasterville,PA,1975,False
Raymond,MS,1974,False
Kapaau,HI,1972,False
Middleport,NY,1972,False
Soulsbyville,CA,1972,False
Logansport,LA,1972,False
Sylvania,AL,1971,False
North Eastham,MA,1971,False
Cordova,AL,1971,False
Clancy,MT,1970,False
Pacolet,SC,1970,False
Ida Grove,IA,1969,False
Byram Center,NJ,1969,False
Edgewood,IN,1969,False
Roberts,WI,1969,False
Franklin Park,FL,1969,False
Enfield,NC,1967,False
Wilber,NE,1967,False
Prairie Grove,IL,1967,False
Orion,IL,1966,False
Minonk,IL,1966,False
Spinnerstown,PA,1966,False
Crow Agency,MT,1965,False
Billington Heights,NY,1965,False
Lake Mills,IA,1965,False
Youngstown,NY,1965,False
Prince George,VA,1964,False
Buena Vista,GA,1964,False
Hyde Park,NY,1963,False
Winsted,MN,1962,False
Owingsville,KY,1960,False
Stowell,TX,1960,False
Cade,LA,1960,False
Anza,CA,1959,False
Newtown,CT,1959,False
Winlock,WA,1958,False
Ben Wheeler,TX,1958,False
Glen Lyon,PA,1958,False
Montrose,MI,1958,False
Princeville,IL,1957,False
Roaming Shores,OH,1957,False
Bartonville,TX,1957,False
St. Bonifacius,MN,1956,False
Beattyville,KY,1956,False
Bristol,VT,1956,False
North Corbin,KY,1955,False
Clyde,NY,1955,False
Fort Recovery,OH,1955,False
South Deerfield,MA,1953,False
Elkton,KY,1953,False
Southworth,WA,1953,False
Abram,TX,1952,False
Willow,AK,1952,False
Century,FL,1952,False
Town Line,NY,1951,False
Carterville,MO,1951,False
Sebewaing,MI,1951,False
Waimea CDP (Kauai County),HI,1951,False
New Athens,IL,1951,False
Honey Grove,TX,1950,False
Lynchburg,MS,1950,False
Waldport,OR,1950,False
Caruthers,CA,1950,False
Pinckney,MI,1950,False
Mangonia Park,FL,1950,False
Roseto,PA,1950,False
Granger,IA,1950,False
Mercer,PA,1950,False
Stratford Downtown,CT,1949,False
Canyonville,OR,1949,False
Veedersburg,IN,1948,False
Moweaqua,IL,1947,False
Belzoni,MS,1947,False
Victoria,VA,1946,False
Gordonsville,VA,1946,False
Fern Prairie,WA,1946,False
Lillian,AL,1946,False
Hamilton,GA,1946,False
Crab Orchard,WV,1946,False
Pinedale,WY,1946,False
Crump,TN,1946,False
Saranac,MI,1946,False
Cabazon,CA,1946,False
Brice Prairie,WI,1945,False
Kemah,TX,1945,False
Camanche Village,CA,1945,False
Sparta,GA,1944,False
Mickleton,NJ,1943,False
Unionville,TN,1943,False
Tyler Run,PA,1943,False
Mackinaw,IL,1942,False
Oyster Bay Cove,NY,1942,False
Central,TN,1942,False
L'Anse,MI,1942,False
Sardis City,AL,1941,False
Humboldt,KS,1941,False
Troy,TN,1941,False
Beech Mountain Lakes,PA,1940,False
Calhoun Falls,SC,1939,False
Lewistown,IL,1938,False
Clinton,WI,1938,False
South Fallsburg,NY,1938,False
Parma,ID,1937,False
Aquebogue,NY,1937,False
Orchard Grass Hills,KY,1937,False
Eldorado,TX,1936,False
Jones Creek,TX,1936,False
West Buechel,KY,1936,False
Hampden-Sydney,VA,1936,False
Lyons,CO,1936,False
Uhland,TX,1936,False
Belford,NJ,1935,False
Kinder,LA,1934,False
San Pasqual,CA,1934,False
Ware Shoals,SC,1934,False
Charlack,MO,1933,False
Conneaut Lakeshore,PA,1933,False
Mason Neck,VA,1932,False
Campbellsport,WI,1932,False
St. Matthews,SC,1932,False
Colorado City,CO,1932,False
Seymour,MO,1932,False
Delaware City,DE,1932,False
Stockton,MO,1932,False
Hagerstown,IN,1932,False
Columbus,MT,1932,False
Kentwood,LA,1932,False
Kerens,TX,1931,False
Little Cypress,TX,1931,False
Brownlee Park,MI,1931,False
Mitchell,NE,1930,False
Millwood,WA,1930,False
Noel,MO,1930,False
Pawnee,OK,1929,False
Clinton,NY,1928,False
Columbine Valley,CO,1928,False
South Floral Park,NY,1928,False
Malvern,AL,1926,False
Cardington,OH,1925,False
Mayo,SC,1925,False
Mexico,NY,1925,False
Conesus Lake,NY,1925,False
Hemby Bridge,NC,1924,False
East Bronson,FL,1924,False
Woodlands,CA,1924,False
Shippensburg University,PA,1924,False
Adams,NY,1923,False
Sewall's Point,FL,1922,False
North Warren,PA,1922,False
Denver,IA,1921,False
Seth Ward,TX,1921,False
Auburn,MI,1921,False
Britt,IA,1921,False
Capac,MI,1920,False
Sharon,MS,1920,False
Kingsbury,NV,1920,False
Orchard Hills,PA,1920,False
Spring Park,MN,1919,False
Wilkinson Heights,SC,1919,False
Halls,TN,1919,False
Tappahannock,VA,1919,False
Sorrento,LA,1919,False
Walnutport,PA,1918,False
Lynnwood-Pricedale,PA,1918,False
Sussex,NJ,1918,False
Poplar-Cotton Center,CA,1918,False
Melville,RI,1918,False
Byron,CA,1918,False
Lester Prairie,MN,1918,False
Sodus,NY,1917,False
Biltmore,TN,1917,False
Woodworth,OH,1917,False
Canajoharie,NY,1916,False
Bernie,MO,1916,False
Dayton,VA,1915,False
Williamsport,MD,1915,False
Monteagle,TN,1915,False
Taylorsville,MS,1915,False
Chelsea,OK,1914,False
Grand Canyon Village,AZ,1914,False
Sandy Valley,NV,1914,False
Reform,AL,1913,False
West Hamburg,PA,1913,False
Wellston,MO,1913,False
Woodville,OH,1912,False
Valley View,OH,1912,False
Boonville,NY,1912,False
West Glendive,MT,1912,False
Washington Mills,NY,1910,False
Gate City,VA,1910,False
Cave Junction,OR,1910,False
Cooper,TX,1910,False
Sesser,IL,1909,False
New California,OH,1909,False
Harlan,KY,1908,False
Buna,TX,1908,False
Ocean Park,WA,1906,False
Hamilton College,NY,1906,False
Butler,WI,1906,False
Beverly Hills,TX,1905,False
Superior,NE,1905,False
Port Byron,IL,1904,False
Stagecoach,NV,1904,False
Edisto,SC,1904,False
El Portal,FL,1904,False
Sterling,GA,1903,False
Mowbray Mountain,TN,1902,False
Hope,IN,1902,False
Baden,MD,1902,False
Claremont,NC,1902,False
Durant,IA,1902,False
Olathe,CO,1901,False
St. George,SC,1901,False
Mountain Lake,MN,1900,False
Stone Ridge,NY,1900,False
Sterling Ranch,CO,1900,False
Rice,MN,1900,False
South Park,WY,1899,False
Edmonton,KY,1898,False
Dennis,MA,1898,False
Lakeside town (Tarrant County),TX,1898,False
Pahala,HI,1897,False
Franklin Furnace,OH,1896,False
Rehobeth,AL,1896,False
Glen Alpine,NC,1896,False
Ahwahnee,CA,1896,False
Stacy,MN,1895,False
Greenock,PA,1895,False
Three Forks,MT,1895,False
Edgerton,KS,1894,False
Selmont-West Selmont,AL,1894,False
Freeland,WA,1894,False
Brooklawn,NJ,1894,False
Minerva Park,OH,1894,False
Katonah,NY,1893,False
Newkirk,OK,1892,False
Frewsburg,NY,1891,False
New Hartford,NY,1891,False
Haubstadt,IN,1891,False
Mount Sterling,OH,1890,False
Great Barrington,MA,1890,False
Devon,PA,1890,False
Plainville,KS,1889,False
Level Plains,AL,1889,False
Monroe,IA,1889,False
Vevay,IN,1889,False
Eureka Mill,SC,1889,False
Huntsville,TN,1889,False
Wyoming,DE,1888,False
Patton,PA,1888,False
Churchville,NY,1887,False
Suffield Depot,CT,1886,False
Coalgate,OK,1886,False
Decatur,MI,1886,False
Prague,OK,1886,False
Lowry Crossing,TX,1885,False
Trexlertown,PA,1885,False
Chevy Chase Village,MD,1885,False
Clarkesville,GA,1885,False
Twin Lake,MI,1885,False
Boronda,CA,1885,False
South Connellsville,PA,1884,False
Angustura,NM,1884,False
Hickman,KY,1884,False
Watervliet,MI,1883,False
Duchesne,UT,1883,False
Shenorock,NY,1883,False
Jackson,SC,1882,False
Keno,OR,1881,False
Monroe North,WA,1880,False
Essex,MA,1880,False
Upper Brookville,NY,1880,False
Salyersville,KY,1880,False
Judson,SC,1879,False
Inola,OK,1879,False
Merritt Park,NY,1879,False
Hamilton,MO,1879,False
Ben Avon,PA,1878,False
Tecumseh,NE,1878,False
West Unity,OH,1878,False
Ogden,IA,1878,False
Ramseur,NC,1877,False
Syracuse,NE,1876,False
Lincolnton,GA,1876,False
Fennville,MI,1876,False
Palm Valley,TX,1876,False
Warm Springs,CA,1876,False
East Jordan,MI,1876,False
South Zanesville,OH,1876,False
Stony Point,MI,1875,False
St. George,MO,1875,False
Centerburg,OH,1875,False
Hoback,WY,1874,False
Ordway,CO,1874,False
Kingstown,MD,1874,False
Gordo,AL,1874,False
South Temple,PA,1874,False
Lisbon,IA,1874,False
Garrett,WA,1873,False
Salem,WV,1873,False
Blue Grass,IA,1873,False
Jefferson,NC,1872,False
Wilderness Rim,WA,1872,False
Doe Valley,KY,1871,False
Ko Olina,HI,1871,False
Rosedale,MS,1871,False
Pelahatchie,MS,1871,False
West Pasco,WA,1870,False
Veazie,ME,1869,False
Enetai,WA,1869,False
Irrigon,OR,1869,False
Lawton,MI,1869,False
Ronan,MT,1868,False
Irwin,SC,1868,False
Navarre,OH,1868,False
Allegany,NY,1867,False
Arnold,CA,1866,False
East Pittsburgh,PA,1866,False
Arkoma,OK,1866,False
Hale Center,TX,1866,False
Laughlin AFB,TX,1865,False
Huachuca City,AZ,1865,False
Coleraine,MN,1865,False
Lebanon,NJ,1864,False
Berry Hill,TN,1863,False
Jenkins,KY,1862,False
Memphis,MO,1862,False
Bristol,IN,1862,False
Cowpens,SC,1862,False
Scotland Neck,NC,1861,False
Wapello,IA,1861,False
Farmer City,IL,1861,False
Mechanicsburg,OH,1860,False
Durham,OR,1860,False
Zwolle,LA,1860,False
Slocomb,AL,1860,False
Wallkill,NY,1859,False
South Bend,WA,1859,False
Albany,MO,1859,False
Crest View Heights,NY,1858,False
La Luz,NM,1858,False
Brandon,VT,1858,False
Arroyo Seco,NM,1858,False
Weedsport,NY,1858,False
Weyauwega,WI,1857,False
Bonneauville,PA,1857,False
Vinita Park,MO,1857,False
Governors Club,NC,1856,False
Milan,OH,1855,False
Westlake,FL,1855,False
Salt Creek Commons,IN,1854,False
Marble Hill,MO,1854,False
Moundridge,KS,1854,False
Bradford,OH,1854,False
Horse Shoe,NC,1854,False
Walcott,IA,1854,False
Annandale,NJ,1853,False
Calhoun City,MS,1853,False
Howard Lake,MN,1852,False
Roanoke,IN,1852,False
Peosta,IA,1852,False
Davenport,WA,1850,False
Derwood,MD,1850,False
Cheltenham Village,PA,1849,False
Frankton,IN,1849,False
Twin City,GA,1849,False
Grapeland,TX,1849,False
Lucasville,OH,1849,False
Pleasant Valley,NY,1848,False
Crystal Lawns,IL,1848,False
Freeport,ME,1848,False
Warrenton,GA,1847,False
Williamsport,IN,1847,False
Tekamah,NE,1847,False
Stonebridge,NJ,1847,False
Lopezville,TX,1845,False
San Augustine,TX,1845,False
Rocky Top,TN,1845,False
Linden,CA,1845,False
Bellport,NY,1844,False
New Johnsonville,TN,1844,False
Erma,NJ,1844,False
Cold Spring,NY,1844,False
Hildebran,NC,1843,False
Trenton,FL,1843,False
Lake Butler,FL,1842,False
Old River-Winfree,TX,1841,False
West Tawakoni,TX,1841,False
Addison,NY,1841,False
Lewisburg,OH,1841,False
Mill Plain,CT,1841,False
Scenic,AZ,1840,False
Decatur,TN,1840,False
Holden,MO,1840,False
Pleasantville,IA,1840,False
Mooreville,MS,1839,False
Buffalo,TX,1838,False
Moscow,PA,1838,False
Rhome,TX,1838,False
Dryden,NY,1838,False
Lakeside,OR,1838,False
Earlville,IL,1838,False
Mount Ayr,IA,1838,False
Henryville,IN,1837,False
Rankin,PA,1837,False
Blountsville,AL,1837,False
Fairview-Ferndale,PA,1837,False
Marion,KS,1837,False
Richgrove,CA,1837,False
Howard City,MI,1836,False
Milton CDP (Ulster County),NY,1835,False
Sigourney,IA,1835,False
Roseland,OH,1835,False
Blossburg,PA,1835,False
Richmond,ME,1835,False
Manchester Center,VT,1835,False
Mayfield,PA,1835,False
Old Brookville,NY,1834,False
Wilmerding,PA,1834,False
Jeffersonville,KY,1833,False
Mexico,ME,1833,False
Mount Jackson,VA,1833,False
Farley,IA,1833,False
Bertram,TX,1832,False
Brownsville,OR,1832,False
Morgan,GA,1832,False
Long Beach,WA,1831,False
Browns Lake,WI,1831,False
Woodville,CA,1830,False
Rainbow,CA,1830,False
Cimarron,KS,1830,False
Elizabeth,CO,1830,False
Raintree Plantation,MO,1830,False
Montour Falls,NY,1830,False
Newfield,NJ,1830,False
Northville,NY,1829,False
East Helena,MT,1829,False
Churubusco,IN,1829,False
Holley,NY,1829,False
Arcade,GA,1829,False
Westwood,KS,1829,False
Cataula,GA,1829,False
Shamokin Dam,PA,1829,False
Cleona,PA,1828,False
Ada,MN,1828,False
Millville,UT,1827,False
Cowan,TN,1827,False
Walla Walla East,WA,1826,False
Union City,MI,1826,False
Pearson,GA,1826,False
Old Orchard,PA,1826,False
Hopewell,NJ,1825,False
Sac City,IA,1825,False
Grove City,FL,1824,False
Haskell,OK,1824,False
Greenup,IL,1824,False
Waurika,OK,1824,False
Loveland Park,OH,1824,False
Roundup,MT,1824,False
Cross Plains,TN,1824,False
Midland City,AL,1823,False
Picacho Hills,NM,1822,False
Calico Rock,AR,1822,False
Eden,TX,1822,False
Gilbert,MN,1821,False
Athens,NY,1821,False
McEwen,TN,1820,False
Belleville,PA,1820,False
Kenyon,MN,1820,False
Greenwich,NY,1819,False
Port Edwards,WI,1818,False
César Chávez,TX,1817,False
Goldthwaite,TX,1817,False
Jonesboro,IL,1817,False
Allentown,NJ,1817,False
Goliad,TX,1816,False
McArthur,OH,1816,False
Red Hook,NY,1816,False
Benson,UT,1816,False
Rushford,MN,1816,False
Broadalbin,NY,1815,False
Garberville,CA,1815,False
Claycomo,MO,1815,False
Westlake Corner,VA,1815,False
Blue Jay,OH,1815,False
Ledbetter,KY,1815,False
South Amherst,OH,1814,False
Merlin,OR,1814,False
Braddock,PA,1814,False
Unionville,MO,1814,False
Shavertown,PA,1814,False
McMechen,WV,1812,False
Dobson,NC,1812,False
Teutopolis,IL,1811,False
Stanley,VA,1811,False
Loretto,TN,1811,False
Antwerp,OH,1811,False
Kentland,IN,1810,False
Comer,GA,1810,False
Stansberry Lake,WA,1810,False
Purvis,MS,1809,False
Caledonia,MI,1808,False
Quitman,MS,1808,False
Jellico,TN,1808,False
Manteo,NC,1808,False
Del Norte,CO,1808,False
Manitou Beach-Devils Lake,MI,1807,False
Peru,NY,1807,False
North Berwick,ME,1806,False
Terra Bella,CA,1806,False
Webster,SD,1805,False
Orwell,OH,1804,False
Mantachie,MS,1803,False
Center Point,TX,1803,False
Waverly,MN,1803,False
Tariffville,CT,1803,False
Walden,TN,1802,False
Cuba,NY,1802,False
Loop,PA,1801,False
Vernon,AL,1801,False
WaKeeney,KS,1801,False
Flatonia,TX,1801,False
Dover,AR,1800,False
Cameron,WI,1800,False
Seaside Park,NJ,1799,False
Pablo,MT,1799,False
Baldwin,FL,1798,False
Sebree,KY,1798,False
Ridgely,TN,1798,False
Voorhees,NJ,1798,False
Marlette,MI,1797,False
Somonauk,IL,1797,False
Big Beaver,PA,1796,False
Northwest Ithaca,NY,1796,False
Crothersville,IN,1796,False
Pineville,KY,1796,False
Las Maravillas,NM,1796,False
Charlotte Park,FL,1795,False
Sparta,NC,1795,False
Lincoln Park,PA,1794,False
Pardeeville,WI,1794,False
Lookout Mountain,GA,1793,False
West Falmouth,MA,1793,False
Dauphin Island,AL,1793,False
Ackerman,MS,1793,False
Rector,AR,1793,False
Watsontown,PA,1792,False
Avon-by-the-Sea,NJ,1792,False
Fox Lake,WI,1792,False
Kingsley,MI,1792,False
Dunkirk,IN,1792,False
Canton,PA,1791,False
Grandview Plaza,KS,1791,False
Oswego,KS,1791,False
South Charleston,OH,1791,False
North Spearfish,SD,1791,False
Eureka,MT,1790,False
Bull Shoals,AR,1790,False
Godley,TX,1789,False
Arnold Line,MS,1789,False
Bay Springs,MS,1789,False
Plymouth,OH,1788,False
Wacousta,MI,1788,False
Milford,UT,1786,False
New Market,TN,1786,False
London,CA,1785,False
Gibbon,NE,1785,False
North Industry,OH,1785,False
Southern View,IL,1784,False
Hanscom AFB,MA,1784,False
Channel Lake,IL,1784,False
Pittsfield,NH,1784,False
Reinbeck,IA,1784,False
Collinsville,MS,1783,False
Gila Bend,AZ,1783,False
Mechanicsville,MD,1783,False
Oologah,OK,1783,False
Mokuleia,HI,1782,False
Catlettsburg,KY,1782,False
Tillson,NY,1782,False
Bourne,MA,1782,False
Montverde,FL,1782,False
Arlington,VT,1781,False
Maroa,IL,1781,False
Fern Acres,HI,1781,False
Plentywood,MT,1781,False
Maple Plain,MN,1780,False
St. Lawrence,PA,1780,False
Kremmling,CO,1779,False
Pine Valley,CA,1778,False
Greenfield,IA,1778,False
Windham,OH,1777,False
Watkins Glen,NY,1777,False
Tonopah,NV,1777,False
Huntington Bay,NY,1776,False
Langley,SC,1776,False
Mount Pleasant,NC,1776,False
Fairfax,CA,1776,False
Aurora,MN,1775,False
Washington Park,FL,1775,False
Brightwood,VA,1775,False
Upper Pohatcong,NJ,1773,False
Columbia City,OR,1773,False
Crystal Falls,MI,1773,False
Belcourt,ND,1772,False
Houghton,NY,1771,False
Mundys Corner,PA,1771,False
St. Johnsville,NY,1771,False
Breckinridge Center,KY,1770,False
Dallas Center,IA,1770,False
Trempealeau,WI,1769,False
Pinetop Country Club,AZ,1769,False
North Lewisburg,OH,1768,False
Grand Marais,MN,1768,False
Bell Canyon,CA,1768,False
Lewiston,MN,1768,False
Drexel,NC,1768,False
Dunthorpe,OR,1767,False
Pacific City,OR,1767,False
Wynnewood,OK,1767,False
Pinebluff,NC,1767,False
East Atlantic Beach,NY,1767,False
Atlantis,FL,1767,False
Harvey,ND,1767,False
Celina,TN,1767,False
Saunders Lake,OR,1766,False
Monarch Mill,SC,1766,False
Livermore Falls,ME,1765,False
Mazomanie,WI,1765,False
Aragon,GA,1764,False
Amity,OR,1764,False
Monon,IN,1764,False
West Liberty,WV,1764,False
Elizabeth Lake,CA,1764,False
Devens,MA,1763,False
Brodheadsville,PA,1763,False
Knollwood,IL,1763,False
Chatham,NY,1763,False
Milford,IN,1762,False
Venice,IL,1762,False
Collinsville,TX,1762,False
Haines,AK,1762,False
Argos,IN,1762,False
Prairie City,IA,1762,False
Nettleton,MS,1761,False
Folsom,NJ,1761,False
Duxbury,MA,1761,False
New Haven,WV,1761,False
Long Beach,MD,1761,False
Romancoke,MD,1761,False
Victory Gardens,NJ,1761,False
Mill City,OR,1760,False
Newburgh Heights,OH,1760,False
Zolfo Springs,FL,1759,False
Royal Palm Estates,FL,1759,False
Liberty Corner,NJ,1759,False
Bourbon,MO,1759,False
Earle,AR,1759,False
Carrier Mills,IL,1759,False
Grayling,MI,1758,False
Steeleville,IL,1757,False
Seeley,CA,1756,False
Stillwater,NY,1756,False
Gurdon,AR,1756,False
Cornersville,TN,1756,False
Dunsmuir,CA,1756,False
Aberdeen,IN,1756,False
Lac du Flambeau,WI,1755,False
Three Way,TN,1755,False
Point Clear,AL,1755,False
Johnson City,TX,1755,False
Chepachet,RI,1755,False
Lost Hills,CA,1754,False
Uniontown,AL,1754,False
Rose Hill,NC,1754,False
Hartshorne,OK,1754,False
Ina,IL,1754,False
Oroville,WA,1753,False
Willard,UT,1753,False
Lacon,IL,1753,False
Thorp,WI,1753,False
French Lick,IN,1752,False
Allendale,CA,1752,False
Shiremanstown,PA,1751,False
Edmonston,MD,1751,False
Shelby,MS,1751,False
West Liberty,OH,1751,False
South Coatesville,PA,1751,False
Cassopolis,MI,1750,False
Ellijay,GA,1750,False
Lyndhurst,VA,1750,False
Arial,SC,1750,False
Clark Mills,NY,1749,False
Tawas City,MI,1749,False
Olton,TX,1749,False
Rossville,IN,1749,False
Midway,KY,1748,False
Waterville,NY,1748,False
Huntsville,MO,1748,False
Port Carbon,PA,1748,False
Middletown,CA,1748,False
Gallatin,MO,1747,False
West Homestead,PA,1747,False
Fairmount,TN,1747,False
Lagunitas-Forest Knolls,CA,1747,False
Bourbon,IN,1747,False
Village of the Branch,NY,1747,False
Munfordville,KY,1746,False
Aptos Hills-Larkin Valley,CA,1746,False
Shortsville,NY,1745,False
Meridian Hills,IN,1745,False
Florala,AL,1745,False
Lake City,IA,1745,False
Little Walnut Village,NM,1745,False
Altamont,NY,1745,False
Dexter,ME,1745,False
Harbor Beach,MI,1744,False
Sneads,FL,1744,False
Oakley,UT,1744,False
El Valle de Arroyo Seco,NM,1744,False
Santa Clara,NM,1744,False
Exmore,VA,1744,False
Weston,MO,1743,False
Hawkins,TX,1743,False
Munford,AL,1743,False
Baidland,PA,1742,False
Mona,UT,1742,False
North Vacherie,LA,1740,False
Rosepine,LA,1740,False
Brewster,MA,1739,False
Evart,MI,1739,False
Glenwood,AR,1739,False
Swedeland,PA,1739,False
Stateburg,SC,1739,False
Desoto Lakes,FL,1738,False
Parkersburg,IA,1738,False
McCrory,AR,1738,False
Clayton,NY,1738,False
Hopkins,SC,1738,False
Hazen,AR,1738,False
Yosemite Valley,CA,1737,False
Dillsboro,IN,1737,False
Carter,TX,1736,False
Atlantic Beach,NC,1736,False
Lyman,WY,1736,False
Painted Post,NY,1735,False
Durand,WI,1735,False
Baird,TX,1735,False
Cottonport,LA,1734,False
Fort Deposit,AL,1734,False
Reidville,SC,1734,False
Fort Valley,AZ,1734,False
Clearwater,MN,1734,False
Gouldtown,NJ,1733,False
Ritzville,WA,1733,False
Nisswa,MN,1733,False
Village of Four Seasons,MO,1732,False
Remsenburg-Speonk,NY,1732,False
Oriole Beach,FL,1731,False
Lamar,AR,1731,False
Clarendon,TX,1730,False
Sophia,WV,1730,False
Vonore,TN,1730,False
Estell Manor,NJ,1729,False
Chester Center,CT,1729,False
Sylvan Lake,MI,1729,False
Cranford,NJ,1728,False
New Union,TN,1728,False
Ridgely,MD,1727,False
Navesink,NJ,1727,False
Berry College,GA,1727,False
North Liberty,IN,1726,False
Stuart,IA,1726,False
Kingston,OK,1726,False
Barview,OR,1726,False
Duluth,WA,1725,False
Freeport,PA,1725,False
Stony Prairie,OH,1725,False
Edgewood,TX,1724,False
Pleasanton,KS,1724,False
St. Francisville,LA,1724,False
Fisher,IL,1722,False
Winfield,MO,1722,False
Dunstan,ME,1722,False
Worthington,KY,1722,False
Richland,PA,1721,False
Osseo,WI,1720,False
New Oxford,PA,1720,False
Lockney,TX,1720,False
Manito,IL,1719,False
West Sharyland,TX,1718,False
Manasota Key,FL,1718,False
Taylorsville,KY,1718,False
Gower,MO,1718,False
Manson,IA,1718,False
Kaibito,AZ,1718,False
Ferrum,VA,1717,False
Chenoweth,OR,1717,False
Langdon,ND,1717,False
Flying Hills,PA,1716,False
Keeler Farm,NM,1716,False
Searles Valley,CA,1716,False
Cross Roads,TX,1716,False
Dundas,MN,1716,False
Verandah,FL,1715,False
Saratoga,WY,1715,False
Montclair State University,NJ,1714,False
Boulevard Gardens,FL,1714,False
Hodgkins,IL,1714,False
Choteau,MT,1714,False
Ocean Ridge,FL,1712,False
Towamensing Trails,PA,1712,False
Long Lake,MN,1712,False
Perry Park,CO,1712,False
Port Norris,NJ,1711,False
Garden City,MO,1711,False
Worthington,IN,1710,False
Lake Como,NJ,1710,False
Dresden,OH,1709,False
Fairplains,NC,1709,False
Poth,TX,1709,False
Fall River,WI,1708,False
Bessemer,MI,1708,False
Delavan,IL,1708,False
Noank,CT,1708,False
Leon,IA,1707,False
Linden,TX,1707,False
Sonoma State University,CA,1707,False
Point MacKenzie,AK,1707,False
Lepanto,AR,1706,False
Osakis,MN,1706,False
Montgomery,WV,1706,False
East Washington,PA,1706,False
Lukachukai,AZ,1706,False
Pendergrass,GA,1705,False
Horton,KS,1704,False
Heidelberg,TX,1703,False
Murfreesboro,AR,1703,False
King,WI,1703,False
Erie,IL,1703,False
Silver Summit,UT,1703,False
Dalton,OH,1703,False
Chester,GA,1702,False
Big Timber,MT,1702,False
Charlestown,RI,1702,False
Burns,TN,1702,False
Panguitch,UT,1702,False
Hampton,PA,1701,False
Nutter Fort,WV,1700,False
Ballard,UT,1700,False
Biltmore Forest,NC,1700,False
Napavine,WA,1700,False
Ackley,IA,1699,False
Lake Brownwood,TX,1699,False
Shelburne Falls,MA,1699,False
Concord,AL,1698,False
South Carthage,TN,1698,False
Oak Hill,OH,1698,False
Gordon,NE,1697,False
Bangs,TX,1697,False
Inglis,FL,1697,False
Stevenson,WA,1697,False
Wayland,NY,1696,False
Dover Beaches North,NJ,1696,False
City View,SC,1696,False
Oronoco,MN,1696,False
Prophetstown,IL,1696,False
Trevorton,PA,1695,False
Serenada,TX,1695,False
Topaz Ranch Estates,NV,1695,False
Hillcrest,IL,1694,False
Harlem Heights,FL,1694,False
Wilson-Conococheague,MD,1694,False
Rock Creek,MN,1694,False
Black Earth,WI,1694,False
Hamilton,IN,1693,False
Higganum,CT,1693,False
Temelec,CA,1693,False
Sturgis,KY,1693,False
Camp Croft,SC,1693,False
Home,WA,1692,False
Toro Canyon,CA,1692,False
Meridian,TX,1691,False
Ruhenstroth,NV,1691,False
McCamey,TX,1691,False
Langston,OK,1691,False
Intercourse,PA,1691,False
Jarales,NM,1690,False
Rutland,MA,1690,False
Silver Bay,MN,1690,False
North Fork,AZ,1689,False
Rosharon,TX,1689,False
Wind Point,WI,1688,False
New Lisbon,WI,1688,False
Corydon,IA,1688,False
Groton,SD,1688,False
Eaton,IN,1687,False
Baywood Park,CA,1687,False
Linntown,PA,1687,False
Shoshone,ID,1687,False
Burnham,PA,1687,False
Powells Crossroads,TN,1686,False
Waterbury,VT,1686,False
Forest Ranch,CA,1686,False
Ringgold,LA,1686,False
Cleveland,WI,1686,False
Laymantown,VA,1685,False
Black Point-Green Point,CA,1684,False
De Soto,IL,1684,False
Oakfield,NY,1683,False
Hawthorne,FL,1683,False
Van Buren,ME,1682,False
Waskom,TX,1682,False
Ocean Gate,NJ,1682,False
Winnsboro Mills,SC,1682,False
Bellwood,PA,1681,False
Paxtang,PA,1681,False
Braham,MN,1680,False
Amboy,WA,1680,False
Shreve,OH,1680,False
Waterville,MN,1680,False
Tremont,PA,1679,False
Deshler,OH,1679,False
Vincent,AL,1679,False
Le Grand,CA,1679,False
Highfill,AR,1679,False
Oakland,IA,1678,False
Industry,PA,1678,False
Columbus Grove,OH,1678,False
Mannington,WV,1677,False
Bon Aqua Junction,TN,1677,False
Henderson,LA,1677,False
Oberlin,LA,1676,False
Lovelock,NV,1675,False
Akron,CO,1675,False
Ashland,AL,1674,False
Mapleton,MN,1674,False
Monson Center,MA,1673,False
Zilwaukee,MI,1673,False
Hatch,NM,1673,False
Elkland,PA,1673,False
Towanda,KS,1673,False
Stanton,NE,1673,False
Shannon,GA,1673,False
Westville,OK,1672,False
Wilder,ID,1672,False
Osgood,IN,1672,False
Cedar Bluff,AL,1672,False
Versailles,IN,1672,False
Graton,CA,1671,False
Ardmore,IN,1671,False
St. Regis Park,KY,1671,False
Bel Air,MD,1670,False
Keenesburg,CO,1669,False
Spencer,WI,1669,False
Stewartville,AL,1669,False
Great Falls,SC,1669,False
Laurium,MI,1669,False
Wewahitchka,FL,1668,False
Valatie,NY,1668,False
Macedon,NY,1668,False
Pilot Mountain,NC,1667,False
Guttenberg,IA,1667,False
Au Sable,MI,1667,False
Fannett,TX,1667,False
Grant,AL,1667,False
Oakland CDP (Cambria County),PA,1666,False
Vienna Bend,LA,1666,False
Nanawale Estates,HI,1666,False
Monte Alto,TX,1666,False
North Eagle Butte,SD,1666,False
Moodus,CT,1666,False
Maysville,GA,1665,False
Morrice,MI,1665,False
Orleans,MA,1665,False
Shell Lake,WI,1664,False
Homer,MI,1663,False
Shannon,MS,1663,False
Ashaway,RI,1662,False
Union Point,GA,1661,False
Fairfax,OH,1661,False
Kayak Point,WA,1661,False
China Grove,TX,1660,False
Fredericksburg CDP (Lebanon County),PA,1660,False
Black River,NY,1660,False
Hometown,PA,1660,False
Pine Bush,NY,1659,False
Homer,GA,1659,False
Marmet,WV,1658,False
Thompson Falls,MT,1658,False
Crosbyton,TX,1657,False
Radium Springs,NM,1657,False
Fairchance,PA,1657,False
Georgetown,CT,1656,False
Frisco City,AL,1656,False
Hillsboro,ND,1655,False
Woodland Park,NE,1655,False
Utica,SC,1654,False
South Browning,MT,1654,False
Harpersville,AL,1654,False
State Center,IA,1654,False
Tuckerman,AR,1654,False
Lone Star,TX,1653,False
Oak Leaf,TX,1653,False
Cienegas Terrace,TX,1653,False
Proctor,VT,1652,False
Five Points,OH,1652,False
Whitwell,TN,1652,False
Fort Denaud,FL,1652,False
Martinsburg,PA,1651,False
Eddington,PA,1651,False
Lorena,TX,1650,False
Cedar Ridge,CA,1650,False
Deerwood,TX,1649,False
Los Molinos,CA,1649,False
Warren,MN,1649,False
Genola,UT,1648,False
South Palm Beach,FL,1648,False
Interlachen,FL,1648,False
Runaway Bay,TX,1648,False
Mesilla,NM,1647,False
Smith Valley,NV,1646,False
Bowman,ND,1646,False
Vance,AL,1646,False
Knightsen,CA,1646,False
New Plymouth,ID,1645,False
Auburn,KY,1645,False
Patterson Tract,CA,1645,False
Englewood,TN,1645,False
Pittsford,NY,1644,False
Albany,TX,1644,False
Pagosa Springs,CO,1643,False
New Berlinville,PA,1643,False
St. John's University,MN,1643,False
Wilton Center,CT,1642,False
Rowley,MA,1642,False
Burton,OH,1642,False
Wolf Creek,UT,1642,False
South Lancaster,MA,1642,False
Courtland,VA,1642,False
Beverly,OH,1641,False
Brookston,IN,1641,False
Albion,NE,1641,False
Grant Park,IL,1641,False
De Pue,IL,1640,False
Moville,IA,1640,False
Angola on the Lake,NY,1640,False
Gotha,FL,1640,False
Fayette,MS,1640,False
Owenton,KY,1640,False
Pine Ridge CDP (Collier County),FL,1640,False
Schuylerville,NY,1640,False
Ironton,MO,1639,False
Lazy Mountain,AK,1639,False
Bruceville-Eddy,TX,1639,False
McCaysville,GA,1639,False
Frenchtown,NJ,1639,False
Morrisonville,NY,1639,False
Campbell,MO,1639,False
Cheswold,DE,1639,False
Homer City,PA,1639,False
Bakersfield Country Club,CA,1638,False
Cheswick,PA,1638,False
Taft Heights,CA,1638,False
Bryson City,NC,1638,False
Conyngham,PA,1637,False
Watertown,TN,1637,False
Chatham,VA,1637,False
Lakeland,MN,1637,False
Yorklyn,PA,1637,False
Ocklawaha,FL,1637,False
New Fairview,TX,1637,False
Trainer,PA,1637,False
Chatham,MA,1637,False
Kenvil,NJ,1636,False
Siesta Acres,TX,1636,False
Mount Pulaski,IL,1636,False
Sleepy Hollow Lake,NY,1636,False
Roodhouse,IL,1636,False
Richford,VT,1636,False
Maple Park,IL,1635,False
Wardsville,MO,1635,False
Byers,CO,1635,False
Harbor Hills,OH,1635,False
Tunkhannock,PA,1635,False
Comanche,OK,1635,False
East Dubuque,IL,1634,False
Jamesport,NY,1634,False
Church Hill,PA,1634,False
Ralls,TX,1634,False
Salem,NC,1634,False
Bremen,OH,1633,False
Oakland,MO,1633,False
West Chatham,MA,1633,False
Marks,MS,1633,False
West Carthage,NY,1632,False
Colfax,LA,1632,False
Lykens,PA,1631,False
Rockvale,TN,1631,False
Ucon,ID,1631,False
Justice,OK,1630,False
Princeville,NC,1630,False
Clarksville,VA,1629,False
Meadview,AZ,1629,False
Sea Bright,NJ,1629,False
Oberlin,KS,1629,False
Saticoy,CA,1628,False
Hico,TX,1627,False
Lakefield,MN,1626,False
Fairforest,SC,1626,False
Chapel Hill,TN,1626,False
Hartford,IL,1626,False
Pine Island Center,FL,1626,False
Fair Grove,MO,1625,False
Osburn,ID,1625,False
Braddock Hills,PA,1625,False
Anna,OH,1625,False
McCord,OK,1625,False
Zebulon,GA,1625,False
Freedom,PA,1625,False
Clermont,IN,1624,False
Neligh,NE,1624,False
Redwood Valley,CA,1623,False
Bingham Farms,MI,1623,False
Loch Sheldrake,NY,1623,False
Mound Bayou,MS,1623,False
North Pekin,IL,1622,False
Mancelona,MI,1622,False
Hughes Springs,TX,1621,False
Franklinville,NJ,1621,False
Avonia,PA,1621,False
Wagner,SD,1621,False
Canyon Day,AZ,1621,False
Anderson Island,WA,1621,False
Walnut Grove,GA,1620,False
Falmouth,ME,1620,False
Versailles,PA,1620,False
Harrisville,WV,1620,False
Montgomery,TX,1620,False
Siesta Shores,TX,1619,False
Dimondale,MI,1619,False
Woodmont,CT,1619,False
Ford Heights,IL,1618,False
Ash Grove,MO,1617,False
Bismarck,MO,1617,False
Lake Sherwood,CA,1617,False
Mulberry,AR,1616,False
Bell Acres,PA,1615,False
Morris,OK,1615,False
Shaw,MS,1615,False
Glen Dale,WV,1614,False
Pocahontas,IA,1614,False
Woodbranch,TX,1614,False
Dravosburg,PA,1614,False
Lake Hamilton,FL,1613,False
Arlington,OH,1613,False
Kaibab Estates West,AZ,1613,False
Pierz,MN,1613,False
Westport,IN,1613,False
Plum Grove,TX,1613,False
Harlan,IN,1613,False
Houston,AK,1613,False
Hanley Hills,MO,1612,False
Forest City,PA,1612,False
Shepherdstown,WV,1612,False
Wilson,OK,1611,False
Hopwood,PA,1611,False
Leilani Estates,HI,1611,False
High Rolls,NM,1611,False
Del Rey Oaks,CA,1611,False
Uintah,UT,1611,False
Glen Gardner,NJ,1610,False
Rustburg,VA,1610,False
De Kalb,TX,1610,False
Stockton,IL,1610,False
Ripley,OH,1609,False
Whitewright,TX,1609,False
Averill Park,NY,1608,False
Warren,OR,1608,False
West Hurley,NY,1608,False
Hines,OR,1608,False
The Galena Territory,IL,1606,False
Patrick AFB,FL,1606,False
Flomaton,AL,1606,False
Advance,NC,1605,False
Guthrie Center,IA,1605,False
Crystal Lakes,OH,1605,False
Pomeroy,OH,1605,False
Rome,IL,1605,False
Taft,FL,1604,False
Bethel,NC,1604,False
Duenweg,MO,1604,False
Cherokee,NC,1604,False
LaCoste,TX,1604,False
Bradley,WV,1603,False
Elgin,OR,1603,False
Remerton,GA,1602,False
Port Henry,NY,1602,False
Porterdale,GA,1602,False
Ault,CO,1601,False
Elmore,OH,1601,False
Honeyville,UT,1601,False
Sharon,WI,1601,False
New Paris,IN,1600,False
Brooklyn,IA,1600,False
Wilton,ME,1599,False
Clara City,MN,1599,False
Avila Beach,CA,1599,False
Augusta,KY,1599,False
Kettle Falls,WA,1598,False
Elwood,UT,1598,False
North Belle Vernon,PA,1598,False
St. Jacob,IL,1597,False
Senath,MO,1597,False
Arapahoe,WY,1596,False
Olivet,MI,1596,False
Heritage Lake,IL,1595,False
Thornville,OH,1595,False
Clarks Green,PA,1594,False
Navarre Beach,FL,1594,False
Emerson,GA,1594,False
Weweantic,MA,1593,False
Grayson,CA,1593,False
Port Sulphur,LA,1593,False
Hill City,KS,1593,False
Norris,TN,1592,False
Corning,IA,1592,False
Weber City,VA,1591,False
Helena West Side,MT,1591,False
Frazee,MN,1591,False
Estancia,NM,1591,False
Seeley Lake,MT,1590,False
Sneedville,TN,1590,False
Comfort,TX,1589,False
Lumberton,MS,1588,False
Foxfire,NC,1588,False
Douglass,KS,1587,False
Green Valley CDP (Solano County),CA,1586,False
Red Lick,TX,1586,False
Iraan,TX,1585,False
Chesapeake,WV,1585,False
Carnegie,OK,1585,False
Appalachia,VA,1585,False
Gruetli-Laager,TN,1585,False
South Gull Lake,MI,1585,False
McAlmont,AR,1584,False
Lauderdale Lakes,WI,1584,False
Lone Oak,TN,1584,False
Apple Mountain Lake,VA,1584,False
South River,NM,1584,False
Newport,PA,1584,False
Benton,TN,1584,False
Laingsburg,MI,1584,False
Wyoming,IL,1583,False
DeLisle,MS,1583,False
Hancock,MD,1583,False
Surrey,ND,1583,False
Galesville,WI,1582,False
Mountain Village,CO,1582,False
Freeman,SD,1580,False
Random Lake,WI,1580,False
Akron,IA,1580,False
Hayden,AL,1579,False
Perry,OH,1578,False
Old Miakka,FL,1578,False
Oakland,NE,1578,False
Phillips,WI,1578,False
Langhorne,PA,1578,False
Duncan Falls,OH,1577,False
Seadrift,TX,1577,False
Palm Shores,FL,1577,False
Constantia,NY,1577,False
Kalida,OH,1575,False
Lake Lure,NC,1575,False
Eagle River,WI,1575,False
Gruver,TX,1574,False
Glenmora,LA,1574,False
Greene,NY,1574,False
Monrovia,IN,1574,False
Warner,OK,1574,False
Eton,GA,1574,False
Francis,UT,1573,False
Elmore,AL,1573,False
East Berlin,PA,1573,False
Elephant Butte,NM,1573,False
Brocton,NY,1573,False
Fife Heights,WA,1573,False
Washington Heights,NY,1572,False
Morton,TX,1572,False
Haymarket,VA,1572,False
Banner Hill,TN,1571,False
Los Ranchos,CA,1571,False
Monona,IA,1571,False
Paonia,CO,1571,False
Roxana,IL,1570,False
Malaga,NJ,1570,False
Walnut Creek,NC,1570,False
Basin City,WA,1570,False
Como,MS,1570,False
Frenchtown,MT,1570,False
Cassville,WV,1570,False
Leona Valley,CA,1569,False
Oak Grove,MS,1569,False
Hebron,NE,1569,False
Ferndale,CA,1569,False
Elk Rapids,MI,1568,False
Hamshire,TX,1568,False
Espy,PA,1568,False
McComb,OH,1567,False
Clay City,KY,1567,False
Stockton,KS,1567,False
Stafford,OR,1567,False
Hillsborough,NH,1567,False
Fort Fairfield,ME,1566,False
Madison,MN,1566,False
Ferndale,PA,1566,False
Whitehall,WI,1565,False
Urbana,IA,1565,False
Lake Camelot,IL,1565,False
South Sumter,SC,1564,False
Nooksack,WA,1564,False
Hinckley,MN,1564,False
East Marion,NY,1564,False
Daniels,WV,1564,False
Ainsworth,NE,1563,False
Yacolt,WA,1563,False
Loganville,PA,1563,False
Big Pine,CA,1563,False
Langhorne Manor,PA,1563,False
Rossmoyne,OH,1562,False
Queens Gate,PA,1562,False
Mont Alto,PA,1562,False
Holland,OH,1561,False
Oxford,IN,1561,False
West Blocton,AL,1561,False
Teaticket,MA,1561,False
Hurley,NM,1561,False
Hooker,OK,1561,False
John Day,OR,1561,False
Mount Carroll,IL,1560,False
West Park,NJ,1560,False
Conway Springs,KS,1560,False
Holstein,IA,1560,False
Glouster,OH,1559,False
Talpa,NM,1559,False
Lamar,TX,1559,False
Philmont,NY,1559,False
Westwood CDP (Chester County),PA,1559,False
Middletown,VA,1558,False
Port Barrington,IL,1557,False
West Baraboo,WI,1557,False
Smethport,PA,1556,False
Golden's Bridge,NY,1556,False
Milroy,PA,1556,False
North Granby,CT,1556,False
Greenwood,DE,1556,False
Cherokee,OK,1556,False
Park River,ND,1556,False
Malvern,OH,1555,False
Parachute,CO,1555,False
Springfield,NE,1555,False
Enosburg Falls,VT,1554,False
Wright-Patterson AFB,OH,1554,False
Wakefield,MI,1554,False
Ransomville,NY,1554,False
Lanark,IL,1553,False
Waldoboro,ME,1553,False
Aurora,TX,1552,False
New Egypt,NJ,1552,False
Standish,MI,1552,False
Ragland,AL,1552,False
Hartington,NE,1552,False
Chenoa,IL,1552,False
Hollis,OK,1552,False
Bylas,AZ,1552,False
Crescent,OK,1552,False
Bridgeport,NY,1551,False
Weissport East,PA,1551,False
Conashaugh Lakes,PA,1550,False
Lake Isabella,MI,1550,False
Rutledge,TN,1550,False
Mabscott,WV,1550,False
Clinton,LA,1550,False
Murphy,NC,1549,False
Bear Creek,AL,1549,False
Archer City,TX,1549,False
Bement,IL,1549,False
Hereford,PA,1549,False
Ridgeville,SC,1548,False
Graysville,TN,1548,False
Chadbourn,NC,1548,False
Tornillo,TX,1548,False
Cedarville,AR,1548,False
Awendaw,SC,1548,False
Warren,IL,1548,False
South Willard,UT,1548,False
Redkey,IN,1547,False
Rocky Point,WA,1546,False
Labadieville,LA,1546,False
Three Rivers,TX,1546,False
Slater,IA,1546,False
Tieton,WA,1546,False
Greenville,FL,1546,False
Fontana-on-Geneva Lake,WI,1545,False
Christmas,FL,1545,False
Olive Hill,KY,1545,False
North Puyallup,WA,1544,False
White Pigeon,MI,1544,False
Fort Benton,MT,1544,False
Somerset,OH,1544,False
Caney,KS,1543,False
Chapin,SC,1543,False
Penn State Erie (Behrend),PA,1543,False
Susitna North,AK,1543,False
Parklawn,CA,1543,False
Elroy,WI,1543,False
Grayville,IL,1542,False
Elkhart,KS,1542,False
Shell Rock,IA,1542,False
Dysart,IA,1542,False
East Millinocket,ME,1541,False
Jonesboro,IN,1541,False
Terry,MS,1541,False
Winchester,IL,1541,False
Lakeview,WA,1540,False
Plantation Mobile Home Park,FL,1540,False
Vinco,PA,1540,False
Coburg,OR,1539,False
Smith Center,KS,1539,False
Spring Green,WI,1538,False
Whiting,WI,1538,False
Warsaw,IL,1538,False
Barton,NM,1538,False
Bowling Green,VA,1538,False
Perryopolis,PA,1537,False
Woodville,WI,1537,False
Laguna Park,TX,1536,False
Leoti,KS,1536,False
Milam,TX,1536,False
Hartley,IA,1536,False
Weldon,NC,1536,False
Sanborn,IA,1536,False
Madison Center,CT,1536,False
Sunnyside-Tahoe City,CA,1536,False
Bent Creek,NC,1536,False
Southside Place,TX,1535,False
Malta,IL,1535,False
Olivet,NJ,1535,False
New Market,MD,1534,False
Cane Savannah,SC,1534,False
Westwood Shores,TX,1534,False
Manchester,NY,1534,False
Stuart,VA,1533,False
Sea Breeze,NC,1533,False
Upper Fruitland,NM,1533,False
Coeburn,VA,1533,False
Pinewood Estates,TX,1533,False
Blawnox,PA,1532,False
Itta Bena,MS,1532,False
West Brookfield,MA,1532,False
Benld,IL,1531,False
Prosperity,WV,1531,False
Oak Grove,LA,1531,False
Sackets Harbor,NY,1531,False
Rural Retreat,VA,1531,False
Barry,IL,1531,False
Farwell,TX,1530,False
Gallitzin,PA,1530,False
Downs,IL,1530,False
River Hills,WI,1530,False
Gilman,IL,1530,False
Legend Lake,WI,1530,False
Cresson,PA,1529,False
Shawsville,VA,1529,False
Ogden,KS,1529,False
Newton,AL,1528,False
West Salem,OH,1528,False
Nashville,IN,1528,False
Union City,OH,1528,False
Brooklet,GA,1528,False
Kaloko,HI,1527,False
Morrisville,NY,1526,False
Galena,IN,1526,False
Pine,AZ,1526,False
Bellefonte,DE,1526,False
Livonia,NY,1525,False
Bull Run Mountain Estates,VA,1525,False
Parsons,WV,1524,False
Garrison,ND,1524,False
Beaver,OK,1524,False
Orfordville,WI,1523,False
St. Michaels,MD,1523,False
Glide,OR,1523,False
Palmer,TX,1523,False
Bruce,MS,1523,False
Nissequogue,NY,1523,False
Fifth Street,TX,1523,False
Arnaudville,LA,1522,False
Randolph,ME,1522,False
Tennille,GA,1522,False
Boyd,TX,1522,False
Sylvan Springs,AL,1521,False
Point Venture,TX,1521,False
North Charleroi,PA,1521,False
Youngsville,PA,1521,False
Oak Bluffs,MA,1521,False
Las Campanas,NM,1521,False
Island Heights,NJ,1521,False
Orange Blossom,CA,1520,False
Ashland,NH,1520,False
Edgeworth,PA,1520,False
Cohoe,AK,1520,False
Coal Run Village,KY,1519,False
Enterprise,UT,1519,False
Holliday,TX,1519,False
De Graff,OH,1519,False
Arlington,NE,1519,False
Crandon,WI,1519,False
Latta,SC,1519,False
Foxcliff Estates,IN,1518,False
Iota,LA,1518,False
Arcadia,IN,1517,False
Sunriver,OR,1516,False
Queen Anne,MD,1516,False
Colmar Manor,MD,1516,False
Tryon,NC,1516,False
West Conshohocken,PA,1516,False
Hoopers Creek,NC,1515,False
Harrisville,RI,1515,False
Holiday Valley,OH,1515,False
Southport,CT,1515,False
Steelville,MO,1515,False
Steele,AL,1515,False
Pewee Valley,KY,1514,False
Spring Valley,AZ,1514,False
Glendale,MS,1514,False
Rollingwood,TX,1514,False
Bridgton,ME,1514,False
Poetry,TX,1513,False
El Rancho,NM,1513,False
Samson,AL,1513,False
Marmaduke,AR,1513,False
Colwich,KS,1513,False
Dixfield,ME,1512,False
Moorhead,MS,1512,False
Scottville,MI,1512,False
Belleair Beach,FL,1512,False
Osborne,KS,1512,False
Congress,AZ,1512,False
Craig Beach,OH,1512,False
Home Garden,CA,1511,False
Lakemont,PA,1511,False
Syracuse,KS,1511,False
Robbins,NC,1511,False
Waterman,IL,1510,False
Ligonier,PA,1510,False
Cairo,IL,1510,False
Key Vista,FL,1510,False
Littlerock,CA,1509,False
Randolph,WI,1509,False
Wright,WY,1509,False
Cleora,OK,1508,False
Rosenhayn,NJ,1508,False
West Jefferson,NC,1508,False
Pine Grove Mills,PA,1508,False
Williamstown,VT,1508,False
Lee,MA,1507,False
Tano Road,NM,1506,False
Moody AFB,GA,1506,False
Camp Barrett,VA,1506,False
Wellington,UT,1506,False
Lusk,WY,1505,False
Heritage Pines,FL,1505,False
Sharpsburg,NC,1504,False
Smoke Rise,AL,1504,False
La Villita,NM,1504,False
Kyle,SD,1504,False
Emigration Canyon metro township,UT,1503,False
Fryeburg,ME,1503,False
Zeigler,IL,1503,False
Minco,OK,1502,False
Coldstream,OH,1502,False
Newcastle,CA,1501,False
Curtice,OH,1501,False
Shorewood-Tower Hills-Harbert,MI,1501,False
Head of the Harbor,NY,1501,False
Baker,MT,1500,False
Birchwood Lakes,PA,1500,False
Red Lake,AZ,1500,False
Brooklyn Heights,OH,1500,False
Bonneau Beach,SC,1500,False
Mill Hall,PA,1499,False
Wathena,KS,1499,False
Louisville,NE,1499,False
Sanborn,NY,1499,False
Wetumka,OK,1498,False
Kaumakani,HI,1498,False
Waverly,IL,1497,False
Cumings,TX,1497,False
Summerdale,AL,1497,False
Bartlett,TX,1495,False
Stony Point,NC,1494,False
Fort Loramie,OH,1494,False
Oolitic,IN,1494,False
Harristown,IL,1494,False
Plain View,NC,1494,False
Eleanor,WV,1493,False
Kirkland,IL,1493,False
Powhatan Point,OH,1493,False
Clintondale,NY,1493,False
Lincoln,MO,1493,False
Vernon Center,NJ,1493,False
Girard,IL,1492,False
Ashley,OH,1492,False
Ellaville,GA,1492,False
Sundown,TX,1491,False
Elizabethville,PA,1491,False
Rose Lodge,OR,1491,False
Decatur,AR,1491,False
Del Rey,CA,1491,False
Panora,IA,1490,False
Centennial Park,AZ,1490,False
Fairmount Heights,MD,1490,False
Southmayd,TX,1490,False
Virginia,IL,1490,False
Brownsboro,TX,1490,False
Fairbank,IA,1490,False
Gamerco,NM,1489,False
Yates Center,KS,1488,False
Lenox,IA,1488,False
Waterville,WA,1488,False
Chinook,MT,1488,False
Rosanky,TX,1487,False
Remington,IN,1486,False
Banks Springs,LA,1485,False
Forest Meadows,CA,1485,False
Wallace,LA,1485,False
Newport,ME,1485,False
Trumansburg,NY,1485,False
Greenville,IN,1484,False
Montague,CA,1484,False
Linn,MO,1484,False
Lake Dunlap,TX,1484,False
Canton Valley,CT,1484,False
Pine Knot,KY,1483,False
Pirtleville,AZ,1483,False
Salem,AR,1483,False
Nixon,PA,1483,False
Hubbard,TX,1483,False
Peach Springs,AZ,1482,False
Tsaile,AZ,1482,False
Forest Heights,TX,1482,False
Laguna Heights,TX,1482,False
Oxford,NY,1482,False
Cottonwood Shores,TX,1481,False
Loma,CO,1481,False
Vander,NC,1481,False
Stamps,AR,1481,False
Fort Washakie,WY,1481,False
West Lawn,PA,1481,False
Cannelton,IN,1481,False
Pheasant Run,OH,1481,False
Castleton-on-Hudson,NY,1480,False
Chester,NJ,1480,False
Wattsville,VA,1480,False
Bayou Gauche,LA,1480,False
Pelzer,SC,1480,False
Jordan,NY,1480,False
Westwood CDP (Cambria County),PA,1480,False
Central High,OK,1480,False
Stedman,NC,1479,False
Pandora,OH,1479,False
Limestone,IL,1479,False
Canby,MN,1479,False
Maysville,OK,1479,False
Limon,CO,1479,False
Leland Grove,IL,1478,False
Mountain View Ranches,AZ,1478,False
Baxter,TN,1477,False
Murphys Estates,SC,1477,False
Gardner,IL,1477,False
Buxton,NC,1477,False
South Dos Palos,CA,1476,False
Cambridge City,IN,1476,False
Browntown,PA,1476,False
Cadott,WI,1476,False
Mustang Ridge,TX,1475,False
Warren Park,IN,1475,False
Millers Creek,NC,1475,False
Mendon,UT,1475,False
Leadwood,MO,1475,False
Lake Mohawk,OH,1474,False
Dover Beaches South,NJ,1474,False
Pine Mountain,GA,1474,False
Edmore,MI,1474,False
Wellman,IA,1474,False
Granville,IL,1474,False
Byng,OK,1473,False
Rio Rancho Estates,NM,1473,False
Granite,OK,1473,False
Lockport Heights,LA,1473,False
Gorman,NC,1473,False
Fort Belknap Agency,MT,1473,False
Tarkio,MO,1473,False
Greenback,TN,1472,False
Centre Hall,PA,1472,False
Roland,IA,1472,False
Carbon Hill,AL,1472,False
Groton,MA,1472,False
Nashua,IA,1472,False
Cherryville,PA,1472,False
Ethete,WY,1471,False
Princeton,NC,1471,False
Brass Castle,NJ,1471,False
Robersonville,NC,1471,False
Montpelier,IN,1470,False
Quinlan,TX,1470,False
Crane,MO,1470,False
Gordonsville,TN,1469,False
Spencer,TN,1469,False
Tyhee,ID,1469,False
Inverness,CA,1469,False
Linden,TN,1469,False
Callahan,FL,1469,False
Astor,FL,1469,False
Mescal,AZ,1468,False
South Coventry,CT,1468,False
Williamsville,IL,1468,False
Taft Southwest,TX,1468,False
Van Meter,IA,1468,False
Morenci,AZ,1467,False
Greilickville,MI,1467,False
Mayo,FL,1466,False
Crugers,NY,1466,False
Roscoe,TX,1465,False
Durand,IL,1465,False
Sunman,IN,1465,False
East Palatka,FL,1465,False
Sedgwick,KS,1465,False
Peridot,AZ,1465,False
Danbury,TX,1465,False
Sarcoxie,MO,1464,False
Nora Springs,IA,1464,False
Caln,PA,1463,False
Haverford College,PA,1463,False
Riesel,TX,1463,False
Crooks,SD,1463,False
Mount Vernon,AL,1463,False
Niverville,NY,1463,False
Hudson,PA,1463,False
Stanleytown,VA,1463,False
Stanfield,NC,1463,False
Hackleburg,AL,1463,False
Washburn,ND,1463,False
Tonka Bay,MN,1462,False
Hansen,ID,1462,False
Great Falls Crossing,VA,1462,False
Roberta,GA,1462,False
Lake Waccamaw,NC,1462,False
Pepeekeo,HI,1462,False
Thunder Mountain,NM,1462,False
Coal City,WV,1461,False
Avilla,AR,1461,False
Springfield,NJ,1461,False
Cedar Glen Lakes,NJ,1461,False
Limestone Creek,FL,1460,False
Nottingham,PA,1460,False
Oblong,IL,1460,False
Centre Grove,NJ,1460,False
Erin,TN,1460,False
Cypress Quarters,FL,1460,False
Helena,OK,1459,False
Oakdale,PA,1459,False
Sulligent,AL,1459,False
Fall Creek,WI,1459,False
Avalon,NJ,1459,False
Timberlane,IL,1458,False
Big Sandy,TX,1458,False
Payne,OH,1458,False
Forsyth,MT,1458,False
Cavalero,WA,1457,False
Lakes East,CT,1457,False
New Baltimore,OH,1457,False
Eustace,TX,1457,False
Chrisman,IL,1457,False
Rock Hall,MD,1456,False
Hebron,IL,1456,False
Forest,OH,1455,False
Barneveld,WI,1454,False
First Mesa,AZ,1454,False
Wheeler,TX,1454,False
LeChee,AZ,1453,False
Kersey,CO,1453,False
Cedar Hill,MO,1453,False
Hughestown,PA,1453,False
Nokesville,VA,1452,False
Willacoochee,GA,1452,False
Holland,MA,1452,False
Yutan,NE,1451,False
Advance,MO,1451,False
Rolling Hills,CA,1451,False
Bridgeport,OH,1449,False
Weston,OH,1449,False
Mishicot,WI,1449,False
White Sands,NM,1449,False
Alpine,NJ,1449,False
Albers,IL,1448,False
Lake Dalecarlia,IN,1448,False
Flordell Hills,MO,1448,False
Seabrook Farms,NJ,1447,False
Odon,IN,1447,False
Silver Lake,KS,1446,False
Rock Creek,AL,1446,False
Westlake Village,IL,1446,False
Watson,LA,1445,False
Ovid,MI,1445,False
Indian Hills,CO,1445,False
Dickson,OK,1445,False
Kensington,NY,1445,False
Woodbury Center,CT,1445,False
Belle Plaine,KS,1445,False
Belle,WV,1445,False
Manning,IA,1444,False
Bushyhead,OK,1444,False
Rogers,TX,1444,False
Hagan,GA,1444,False
New Paris,OH,1443,False
New Middletown,OH,1443,False
Lynchburg,OH,1443,False
Cambridge,WI,1442,False
Harmony,RI,1442,False
Leonville,LA,1442,False
West Alexandria,OH,1442,False
East Carbon,UT,1441,False
Traer,IA,1441,False
Cienega Springs,AZ,1441,False
Duson,LA,1441,False
Spring Hope,NC,1441,False
Walker Valley,NY,1440,False
Lyman,MS,1440,False
Oglala,SD,1440,False
Baltic,SD,1440,False
Nashville,MI,1440,False
New Castle Northwest,PA,1440,False
Gettysburg,SD,1440,False
Catawba,SC,1439,False
Sullivan Gardens,TN,1439,False
Lincoln,DE,1439,False
Crainville,IL,1439,False
Beulaville,NC,1439,False
Hemphill,TX,1439,False
Kimball,TN,1438,False
Lake Bryan,TX,1438,False
Ravenna,MI,1437,False
Metlakatla,AK,1437,False
Logan,IA,1437,False
Clinton,ME,1436,False
Bayard,NE,1435,False
Red Lake,MN,1435,False
Arbury Hills,IL,1435,False
St. Vincent College,PA,1435,False
Jefferson Heights,NY,1435,False
Mathews,LA,1435,False
Cresson,TX,1435,False
Crested Butte,CO,1434,False
Adwolf,VA,1434,False
Onancock,VA,1434,False
Walford,IA,1434,False
Elizabeth,PA,1433,False
Silver Lake CDP (Cumberland County),NJ,1433,False
Parrish,AL,1433,False
Ilwaco,WA,1433,False
McConnellstown,PA,1432,False
Hinsdale,NH,1432,False
Otisville,NY,1431,False
Troy,PA,1431,False
Strodes Mills,PA,1431,False
Midway CDP (Seminole County),FL,1431,False
Casa Loma,CA,1431,False
Poplar Plains,CT,1431,False
Barrackville,WV,1430,False
Salisbury,MO,1430,False
San Felipe Pueblo,NM,1430,False
Minetto,NY,1430,False
Aurora,SD,1429,False
Columbus AFB,MS,1428,False
Alloway,NJ,1428,False
University of Pittsburgh Johnstown,PA,1428,False
South Wilton,CT,1428,False
Laflin,PA,1427,False
Bonduel,WI,1427,False
Ladera,CA,1427,False
La Cygne,KS,1427,False
Shoemakersville,PA,1427,False
Strawberry Point,IA,1427,False
Dale,IN,1427,False
Daleville,IN,1426,False
Ronceverte,WV,1426,False
Nescopeck,PA,1426,False
Atkinson,NE,1426,False
Dallesport,WA,1426,False
Millbourne,PA,1425,False
Descanso,CA,1425,False
Valley View CDP (Schuylkill County),PA,1425,False
Locust Grove,OK,1424,False
West Hills,PA,1424,False
Bronson,FL,1424,False
Chesterfield,SC,1424,False
Keshena,WI,1424,False
Clyde,NC,1424,False
Springmont,PA,1424,False
Greenland,AR,1424,False
Rainelle,WV,1424,False
Burkesville,KY,1423,False
Niagara,WI,1423,False
Nebo,NC,1423,False
Deadwood,SD,1423,False
Georgiana,AL,1423,False
Taos Pueblo,NM,1422,False
La Honda,CA,1422,False
Falkville,AL,1422,False
Lakeshire,MO,1422,False
Purdy,WA,1422,False
Bratenahl,OH,1422,False
Montgomery,PA,1421,False
William Paterson University of New Jersey,NJ,1421,False
New Rockford,ND,1421,False
Haven,KS,1421,False
Newark,AR,1421,False
North Bennington,VT,1420,False
Big Bass Lake,PA,1420,False
East Canton,OH,1420,False
Minneota,MN,1420,False
Alum Creek,WV,1420,False
Cibecue,AZ,1419,False
Harwich Center,MA,1419,False
Kemp,TX,1419,False
Halsey,OR,1419,False
Mountain Road,VA,1419,False
Hampton,TN,1419,False
Bridgehampton,NY,1418,False
South Woodstock,CT,1418,False
Glencoe,FL,1418,False
Dunlap,IA,1418,False
Cascade Locks,OR,1418,False
Mount Gay-Shamrock,WV,1418,False
Lake Riverside,CA,1417,False
Patton Village,TX,1417,False
Bracey,VA,1417,False
Dunlap,IL,1417,False
Inman,KS,1417,False
Hanna City,IL,1417,False
Bedford,IA,1416,False
Hayfield,MN,1416,False
Shell Knob,MO,1415,False
Thorndale,TX,1415,False
Broadway,NC,1415,False
Clio,AL,1415,False
Shepherd,MI,1415,False
Manly,IA,1415,False
Rock Spring,GA,1415,False
Guthrie,KY,1414,False
Ceresco,NE,1414,False
Omao,HI,1414,False
Pine Prairie,LA,1414,False
Breckenridge,MI,1413,False
Kenton,TN,1413,False
Beesleys Point,NJ,1413,False
Grace,ID,1413,False
Nederland,CO,1413,False
Loving,NM,1413,False
Twin Grove,IL,1412,False
Prudenville,MI,1412,False
South Windham,CT,1412,False
China Spring,TX,1412,False
Audubon Park,KY,1412,False
Fox Chase,PA,1411,False
Cerro Gordo,IL,1411,False
Boswell,PA,1411,False
Foscoe,NC,1411,False
Grand Ronde,OR,1410,False
Mount Ida,AR,1410,False
Charlotte Hall,MD,1410,False
Plattekill,NY,1410,False
Avon,MN,1410,False
Sandia Knolls,NM,1410,False
Seven Points,TX,1409,False
Milo,ME,1409,False
Schoolcraft,MI,1409,False
Benavides,TX,1409,False
Pomona Park,FL,1408,False
Ravenna,NE,1408,False
Brackettville,TX,1408,False
Redfield,AR,1408,False
Sturgeon,PA,1407,False
Big Bend,WI,1407,False
Brickerville,PA,1407,False
Joanna,SC,1406,False
Wagon Wheel,AZ,1406,False
Copeland,OK,1406,False
Hurley,WI,1405,False
Lakeside CDP (Kern County),CA,1405,False
Mount Olive,MS,1405,False
Montello,WI,1405,False
Northampton,NY,1405,False
Battle Creek,NE,1405,False
Wood River,NE,1405,False
Ecru,MS,1404,False
Natalia,TX,1404,False
Yalaha,FL,1404,False
St. Elmo,IL,1404,False
Omaha,TX,1403,False
Deposit,NY,1403,False
Russell,GA,1402,False
Norwood,OK,1402,False
Lake Ketchum,WA,1402,False
Stanaford,WV,1401,False
Avon,PA,1401,False
Gasport,NY,1400,False
Tennessee Ridge,TN,1400,False
Boaz,WV,1400,False
Des Arc,AR,1400,False
Camp Point,IL,1399,False
New Hope,OR,1399,False
Booker,TX,1398,False
Minorca,LA,1398,False
Keystone Heights,FL,1398,False
Grant,NE,1398,False
Marathon City,WI,1398,False
Moravia,NY,1398,False
Wickerham Manor-Fisher,PA,1398,False
Renville,MN,1397,False
Pomeroy,WA,1397,False
Sumas,WA,1397,False
Bainbridge,PA,1397,False
Sheridan,CA,1397,False
Diamond Ridge,AK,1397,False
Dolan Springs,AZ,1397,False
Gardendale,TX,1397,False
Lake Marcel-Stillwater,WA,1396,False
Nellysford,VA,1396,False
Eagle Butte,SD,1396,False
Erie,KS,1396,False
Corvallis,MT,1396,False
Montrose,PA,1396,False
Wauregan,CT,1396,False
Carbondale,KS,1396,False
Cornell,WI,1395,False
Webb,AL,1395,False
Church Rock,NM,1395,False
Choudrant,LA,1395,False
Susquehanna Depot,PA,1395,False
Moody,TX,1394,False
Central Garage,VA,1393,False
Fairview Park,IN,1393,False
Rockaway Beach,OR,1393,False
Gregory,SD,1393,False
Bunker Hill,IL,1393,False
Ama,LA,1392,False
Southmont,NC,1392,False
Woxall,PA,1392,False
Woodstock,AL,1391,False
Hurley,MS,1391,False
Kingsford Heights,IN,1391,False
Clay,PA,1391,False
Colon,MI,1391,False
Grandview,IL,1391,False
Pleasant Hill,OH,1390,False
Lily Lake,IL,1390,False
Poquonock Bridge,CT,1390,False
Penhook,VA,1390,False
Sleepy Hollow,WY,1390,False
Morgantown,PA,1389,False
Kenbridge,VA,1389,False
Woodacre,CA,1389,False
Wisner,NE,1389,False
Bay Park,NY,1389,False
Philo,IL,1389,False
Innovation,VA,1389,False
Hays,NC,1389,False
Naples,TX,1389,False
Stryker,OH,1388,False
Monroeville,OH,1388,False
Fruitport,MI,1388,False
Irvington,KY,1387,False
Hasson Heights,PA,1387,False
Airport,CA,1387,False
Catawissa,PA,1387,False
Nahunta,GA,1386,False
Walls,MS,1386,False
St. Stephen,SC,1386,False
Bedminster,NJ,1386,False
Manson,WA,1385,False
Grantsburg,WI,1385,False
Paris,MO,1385,False
Sublette,KS,1385,False
Rich Hill,MO,1384,False
Nevada,TX,1384,False
Bridgeport,NE,1384,False
Marshall,AR,1384,False
Granville,WV,1384,False
Elbridge,NY,1384,False
Holly Hill,SC,1384,False
Chesilhurst,NJ,1384,False
Sutton,NE,1384,False
Shenandoah Heights,PA,1383,False
Hawi,HI,1383,False
Sun Valley,ID,1383,False
Gnadenhutten,OH,1383,False
Okarche,OK,1383,False
Wrightsville,AR,1382,False
Kingsley,IA,1382,False
Millbrook,NY,1382,False
Hurleyville,NY,1381,False
Edgar,WI,1381,False
Sawyerwood,OH,1381,False
Capitan,NM,1381,False
Powers Lake,WI,1381,False
Clintwood,VA,1381,False
Hamlin,WV,1380,False
Tonto Basin,AZ,1380,False
Rapids,NY,1380,False
Kent City,MI,1379,False
Edina,MO,1379,False
Palestine,IL,1379,False
Theresa,WI,1379,False
Soap Lake,WA,1378,False
Hurt,VA,1378,False
Belhaven,NC,1378,False
Northlakes,NC,1378,False
Milford,PA,1378,False
Julian,CA,1377,False
Babbitt,MN,1377,False
Medicine Lodge,KS,1377,False
Fulda,MN,1377,False
Roseland,FL,1377,False
Colma,CA,1376,False
Tioga,ND,1376,False
Glasgow,VA,1376,False
Shasta,CA,1376,False
Mansura,LA,1376,False
San Antonio,FL,1375,False
Tubac,AZ,1375,False
La Grulla,TX,1375,False
Waldo,AR,1375,False
Avoca,IA,1375,False
Steele,MO,1375,False
Brooklyn,WI,1375,False
South Dennis,NJ,1375,False
Cecilia,LA,1375,False
South Shore,KY,1375,False
Ivanhoe,TX,1374,False
Grizzly Flats,CA,1374,False
Pinetops,NC,1374,False
Coldstream,KY,1374,False
Twin Lakes,VA,1374,False
Purdy,MO,1374,False
Emory,TX,1373,False
Gadsden,SC,1373,False
Pierce City,MO,1373,False
MacDonnell Heights,NY,1373,False
Martinsville,IL,1373,False
Rio,FL,1373,False
Mount Airy,GA,1373,False
Second Mesa,AZ,1372,False
Pahoa,HI,1372,False
Willow Creek,CA,1371,False
Avis,PA,1371,False
Kinsley,KS,1371,False
Wilson,NY,1371,False
Vian,OK,1371,False
Punta Rassa,FL,1370,False
Hudson Lake,IN,1370,False
Gwinn,MI,1370,False
McDade,TX,1369,False
Dawson,MN,1369,False
Winchester,NH,1369,False
Toulon,IL,1368,False
West Siloam Springs,OK,1368,False
Quincy,CA,1368,False
Ruch,OR,1368,False
Earlham,IA,1367,False
Ashton,ID,1367,False
Arp,TX,1367,False
Blue Ridge,GA,1366,False
Carbonville,UT,1366,False
Schwenksville,PA,1366,False
Clarendon,AR,1366,False
Sun Prairie,MT,1366,False
Oklahoma,PA,1366,False
Flippin,AR,1366,False
Cementon,PA,1365,False
Drexel,OH,1365,False
Plandome,NY,1365,False
Elverson,PA,1365,False
St. Peter,WI,1365,False
Luther,OK,1365,False
New Hartford Center,CT,1364,False
Boonville,NC,1364,False
Mikes,TX,1364,False
Stratford,WI,1364,False
Koontz Lake,IN,1364,False
Pine Bluffs,WY,1363,False
Arden on the Severn,MD,1363,False
Resaca,GA,1363,False
Sharon Center,OH,1363,False
Cole Camp,MO,1363,False
Capron,IL,1363,False
Pine Knoll Shores,NC,1363,False
Crownsville,MD,1363,False
Verona,NY,1363,False
MacArthur,WV,1362,False
New Buffalo,MI,1362,False
Bloomfield,NY,1362,False
Paraje,NM,1362,False
South Barre,VT,1362,False
Greenwich,OH,1361,False
Brodhead,KY,1361,False
Spring Grove,MN,1361,False
Double Springs,AL,1361,False
Beech Island,SC,1361,False
Morgandale,OH,1361,False
Duncannon,PA,1361,False
Kingston,IL,1361,False
Cavalier,ND,1360,False
Ferron,UT,1360,False
Harbor Isle,NY,1360,False
Pennsboro,WV,1359,False
Covelo,CA,1359,False
Stockdale,TX,1359,False
Newville,PA,1359,False
Tiltonsville,OH,1359,False
Shirley,MA,1359,False
Altoona,AL,1358,False
Lakes West,CT,1358,False
Tolar,TX,1358,False
Mio,MI,1358,False
Pemberville,OH,1358,False
Springfield,CO,1357,False
Smithville,OH,1357,False
Brookside Village,TX,1357,False
Cumberland Head,NY,1357,False
Rehoboth Beach,DE,1357,False
Menard,TX,1356,False
Seymour,WI,1356,False
Oakland CDP (Lawrence County),PA,1356,False
Amargosa Valley,NV,1355,False
Wallis,TX,1355,False
Litchfield,CT,1355,False
Mayville,NY,1355,False
Pinconning,MI,1354,False
Ardmore,TN,1354,False
Franklin,TX,1354,False
West Canton,NC,1354,False
Hampton,AR,1354,False
Cove Creek,NC,1354,False
Wakefield,NE,1354,False
Lake Luzerne,NY,1354,False
University Heights,IA,1353,False
Green Valley,SD,1353,False
Miami,AZ,1353,False
Mallory,WV,1353,False
Canaan,CT,1353,False
Fullerton,NE,1353,False
Cairo,NY,1353,False
Centerfield,UT,1353,False
Coats Bend,AL,1353,False
Lacoochee,FL,1353,False
Jackson Center,OH,1352,False
Stratford,OK,1352,False
Tok,AK,1352,False
Thermal,CA,1352,False
Parks,AZ,1352,False
Norris City,IL,1352,False
Kinderhook,NY,1351,False
Mansfield,MO,1351,False
Grandview,OH,1351,False
Lannon,WI,1351,False
Bristol,FL,1351,False
Oakwood,IL,1350,False
Roslyn Estates,NY,1350,False
Rogersville,AL,1350,False
Peach Lake,NY,1349,False
North Redington Beach,FL,1349,False
Wade,MS,1349,False
Raubsville,PA,1349,False
Ash Flat,AR,1349,False
Bel-Nor,MO,1349,False
Russiaville,IN,1349,False
Galveston,IN,1349,False
Meade,KS,1348,False
Mantua,UT,1348,False
Walnut,IL,1348,False
Meggett,SC,1348,False
Johnson,VT,1347,False
Castle Dale,UT,1347,False
Grant,MI,1347,False
Montegut,LA,1347,False
Red Boiling Springs,TN,1347,False
Monette,AR,1346,False
Appleton,MN,1346,False
Kempner,TX,1346,False
East Vineland,NJ,1346,False
Hallstead,PA,1345,False
Killian,LA,1345,False
East Brookfield,MA,1345,False
Doña Ana,NM,1344,False
Pierceton,IN,1344,False
Killen,AL,1344,False
Forest Lake,IL,1344,False
Irwindale,CA,1343,False
Millbury,OH,1343,False
Buhler,KS,1343,False
Moreland,ID,1343,False
Larimore,ND,1343,False
Lakewood Club,MI,1342,False
Russell,PA,1342,False
Wheaton,MN,1341,False
Basye,VA,1341,False
Rome City,IN,1341,False
East Hazel Crest,IL,1341,False
Glyndon,MN,1341,False
Dassel,MN,1341,False
New London,NH,1340,False
Rockwell Place,TX,1340,False
Orangeville,UT,1340,False
Cornwells Heights,PA,1339,False
Brandywine Bay,NC,1339,False
Webberville,MI,1338,False
Bovina,TX,1338,False
Pemberton,NJ,1338,False
Dagsboro,DE,1338,False
Encinal,TX,1338,False
Colbert,OK,1336,False
Muenster,TX,1336,False
Silver Grove,KY,1335,False
Wayne,WV,1335,False
Montezuma,IA,1335,False
Frazeysburg,OH,1335,False
Biola,CA,1335,False
Fountain Green,UT,1334,False
Coulee Dam,WA,1334,False
Paul,ID,1334,False
Pioneer,OH,1333,False
Athena,OR,1333,False
Morton,WA,1333,False
Wilton,NH,1333,False
Saxonburg,PA,1333,False
Shelton,NE,1333,False
Pierson,FL,1332,False
Whitefield,NH,1332,False
Hatfield,MA,1331,False
Machias,ME,1331,False
Wartburg,TN,1330,False
Appleton City,MO,1330,False
Windsor,PA,1330,False
Cana,VA,1330,False
Tower City,PA,1329,False
Paincourtville,LA,1329,False
Woodsville,NH,1329,False
Lexington,MI,1329,False
Middleburg,PA,1329,False
Richmond,MN,1329,False
New Hackensack,NY,1329,False
Olla,LA,1329,False
Woodland Hills,UT,1329,False
Alto,GA,1328,False
Cordry Sweetwater Lakes,IN,1328,False
Sardinia,OH,1328,False
Loyal,WI,1328,False
Lone Jack,MO,1328,False
Glenns Ferry,ID,1327,False
Maple Bluff,WI,1327,False
Dilkon,AZ,1326,False
Woodland Heights,PA,1326,False
Elkader,IA,1326,False
Union City,OK,1326,False
Farmingdale,NJ,1326,False
Plainview,NE,1326,False
Shoreacres,TX,1326,False
Mansfield,AR,1326,False
Lower Lake,CA,1326,False
Onset,MA,1326,False
Six Shooter Canyon,AZ,1325,False
Magnolia Springs,AL,1325,False
Waterflow,NM,1325,False
Surf City,NJ,1325,False
Charlotte,TX,1324,False
Republic,PA,1324,False
Gillett,WI,1324,False
Boyce,LA,1324,False
Coon Rapids,IA,1324,False
Sutton-Alpine,AK,1323,False
Sibley,LA,1323,False
Palmyra,IN,1323,False
Lone Pine,CA,1323,False
Snyder,OK,1322,False
Manton,MI,1322,False
Duboistown,PA,1322,False
Wolcott,NY,1322,False
Victory Lakes,NJ,1322,False
Pioneer,CA,1322,False
Nellieburg,MS,1321,False
Camp Hill,AL,1321,False
Atlantic Beach,NY,1321,False
Chevy Chase Heights,PA,1321,False
Edinburg,VA,1321,False
Falls City,OR,1321,False
Lenape Heights,PA,1321,False
Henning,TN,1320,False
Redington Beach,FL,1320,False
Sheldon,IL,1320,False
Halifax,VA,1320,False
Albion,PA,1320,False
Antrim,NH,1320,False
Cordova,NC,1320,False
Cashion,OK,1319,False
Alamosa East,CO,1319,False
Gloster,MS,1319,False
Tatum,TX,1319,False
Munday,TX,1319,False
Long Creek,IL,1318,False
Johnson City,KS,1318,False
Hillsboro,WI,1318,False
Kennebunkport,ME,1318,False
Heppner,OR,1318,False
Westminster,TX,1317,False
Bangor,WI,1317,False
Loretto,PA,1317,False
Robins AFB,GA,1316,False
Locust Fork,AL,1316,False
Camillus,NY,1316,False
Mogul,NV,1315,False
Mazon,IL,1315,False
Olivet,TN,1314,False
Plano,KY,1314,False
Avimor,ID,1314,False
Ladd,IL,1314,False
Burgettstown,PA,1314,False
Centreville,MI,1313,False
Vaughn,WA,1313,False
Colfax,WI,1313,False
Cressona,PA,1312,False
Westfield Center,OH,1312,False
Bard College,NY,1312,False
Kean University,NJ,1312,False
Martindale,TX,1311,False
Lake Catherine,IL,1311,False
Bruceton,TN,1311,False
Susan Moore,AL,1311,False
Clarksville,IA,1311,False
Celoron,NY,1310,False
Clear Lake,SD,1310,False
Pleasant Grove,OH,1310,False
Seville,FL,1310,False
Lapwai,ID,1310,False
Green Springs,OH,1309,False
Simmesport,LA,1308,False
Burlington,ND,1308,False
Hebron Estates,KY,1308,False
Denton,NC,1307,False
Plattsburgh West,NY,1307,False
New Beaver,PA,1307,False
Winfield,TN,1306,False
Sanford,CO,1306,False
Queen City,TX,1306,False
Newburg,WI,1306,False
Markle,IN,1305,False
West Van Lear,KY,1304,False
Ardmore,AL,1304,False
New Windsor,MD,1304,False
Rodney Village,DE,1304,False
Inkerman,PA,1304,False
St. Georges,DE,1304,False
Vanceburg,KY,1303,False
Wilson,WY,1303,False
Cashton,WI,1303,False
Quincy,MI,1303,False
Fowler,MI,1303,False
Omega,GA,1302,False
Beechwood Village,KY,1302,False
Cascade-Chipita Park,CO,1302,False
Palmdale,PA,1302,False
Ellington,MO,1302,False
Brookside,NJ,1302,False
Perryville,AR,1302,False
Walnut Creek,OH,1302,False
Branchville,SC,1301,False
Quail Creek,TX,1301,False
Laton,CA,1301,False
Lake Telemark,NJ,1301,False
Reese,MI,1300,False
Vernon,NY,1300,False
Fairlea,WV,1300,False
Westlake,TX,1300,False
St. David,AZ,1300,False
Lexington,TX,1300,False
Chadds Ford,PA,1300,False
Fosston,MN,1299,False
Tangent,OR,1299,False
Continental,OH,1299,False
Platte,SD,1299,False
Westhaven-Moonstone,CA,1298,False
Terrebonne,OR,1298,False
Aberdeen,OH,1298,False
Lightstreet,PA,1298,False
Fort Clark Springs,TX,1298,False
Cobb Island,MD,1298,False
Thomas,OK,1298,False
Farmland,IN,1298,False
Holland,TX,1297,False
Bonnetsville,NC,1297,False
Greenfield,IL,1297,False
Tuolumne City,CA,1297,False
Plymouth,CA,1297,False
Hiller,PA,1296,False
Chatsworth,IL,1296,False
Winthrop,MN,1296,False
Tuscarawas,OH,1296,False
Fort Dick,CA,1295,False
Contoocook,NH,1295,False
Reno,OH,1295,False
Calverton Park,MO,1295,False
Shokan,NY,1294,False
Salix,PA,1294,False
East Valley,NV,1294,False
Stanton,MI,1293,False
Clifton,IL,1293,False
Moyie Springs,ID,1293,False
Weidman,MI,1293,False
Morgantown,IN,1293,False
Emmonak,AK,1293,False
Milford Square,PA,1293,False
Miller,SD,1293,False
Archie,MO,1292,False
Wingdale,NY,1292,False
Markesan,WI,1292,False
Meeker,OK,1292,False
Robinhood,MS,1291,False
Mineral Springs,AR,1291,False
Warren,IN,1291,False
Ontonagon,MI,1290,False
Wolfhurst,OH,1290,False
Rio Vista,TX,1290,False
Livonia,LA,1290,False
Lubeck,WV,1290,False
Richland,GA,1290,False
Lake Holiday,IN,1290,False
Homewood,SC,1290,False
Keaau,HI,1290,False
Kingston,NJ,1289,False
Red Lake Falls,MN,1288,False
Millport,AL,1288,False
Fairview,UT,1288,False
Oakland,OR,1288,False
Onarga,IL,1288,False
Greenfield,MO,1288,False
Lookout Mountain,AL,1287,False
Alamance,NC,1287,False
Goodman,MS,1287,False
Wymore,NE,1287,False
Hoxie,KS,1287,False
Boyceville,WI,1286,False
Wakefield,VA,1286,False
Latta,OK,1286,False
Auxvasse,MO,1286,False
Woodbine,IA,1286,False
Lake LeAnn,MI,1285,False
Absecon Highlands,NJ,1285,False
Dewart,PA,1285,False
Elkhorn,CA,1285,False
Thomson,IL,1284,False
Spring Valley,WI,1284,False
Kilmarnock,VA,1284,False
Jewell Junction,IA,1284,False
Elton,LA,1284,False
Passapatanzy,VA,1284,False
Dalton,PA,1283,False
Alton,IA,1283,False
North Ballston Spa,NY,1283,False
Bear Creek,AK,1283,False
Bolivar,WV,1283,False
Griggsville,IL,1283,False
Riverside,UT,1283,False
New Brockton,AL,1282,False
Egypt,AL,1282,False
Frankston,TX,1282,False
Tower Lakes,IL,1282,False
Blue Ridge,AL,1282,False
Norwood,NY,1282,False
Geneva,IN,1282,False
Mulberry,IN,1282,False
Bonner-West Riverside,MT,1281,False
Kittitas,WA,1281,False
Columbus,NM,1281,False
Arma,KS,1281,False
Bellevue,MI,1281,False
Monument Hills,CA,1281,False
Cherry Branch,NC,1281,False
Mansfield Center,CT,1281,False
North Grosvenor Dale,CT,1281,False
Yarrow Point,WA,1280,False
Bolinas,CA,1280,False
Atoka,NM,1280,False
Cologne,NJ,1280,False
Herlong,CA,1280,False
Union Springs,NY,1280,False
Grover,WY,1279,False
Kenwood,OK,1279,False
Melcher-Dallas,IA,1278,False
Panama,OK,1278,False
Coal Fork,WV,1278,False
Phoenix,IL,1278,False
Shelburn,IN,1278,False
Monticello,MS,1277,False
Spencerville,MD,1277,False
Lyndon,KS,1276,False
St. John Fisher College,NY,1276,False
Vass,NC,1276,False
Sebastian,TX,1276,False
Point Marion,PA,1276,False
Gray,TN,1276,False
Bogart,GA,1276,False
Prince's Lakes,IN,1276,False
Payson,IL,1276,False
Ansted,WV,1276,False
Byrdstown,TN,1275,False
Avondale,PA,1275,False
Libertytown,MD,1275,False
Ruckersville,VA,1275,False
Taos,MO,1275,False
Bellemont,AZ,1275,False
Tellico Plains,TN,1275,False
Trabuco Canyon,CA,1275,False
Basin,WY,1275,False
Buchanan Dam,TX,1274,False
Rock Port,MO,1274,False
Seco Mines,TX,1274,False
La Huerta,NM,1274,False
Pine Lakes,FL,1274,False
Summerland,CA,1274,False
South Whitley,IN,1273,False
Pender,NE,1273,False
Buffalo,OK,1273,False
Paradise,PA,1272,False
New Milford,IL,1272,False
Fremont Hills,MO,1272,False
Pasadena Hills,MO,1272,False
Kotlik,AK,1272,False
Sparrow Bush,NY,1272,False
Bradford,VT,1272,False
Burt,MI,1271,False
Bayou Country Club,LA,1271,False
Pilot Rock,OR,1271,False
Ortonville,MI,1271,False
North Key Largo,FL,1271,False
Darien,WI,1271,False
Cannon Beach,OR,1271,False
Red Corral,CA,1271,False
Ruston,WA,1270,False
East Hampton,NY,1270,False
West Mayfield,PA,1270,False
Leesburg,OH,1270,False
Rotan,TX,1270,False
Mesita,NM,1270,False
Mashpee Neck,MA,1270,False
Westfield,WI,1270,False
Sacred Heart University,CT,1269,False
West Kennebunk,ME,1269,False
Starbuck,MN,1269,False
Grabill,IN,1268,False
Dutch Island,GA,1268,False
Elmer,NJ,1268,False
South Wenatchee,WA,1267,False
West Mountain,UT,1267,False
Damariscotta,ME,1267,False
Greene,IA,1267,False
Prospect,OH,1267,False
Independence,WI,1267,False
Webster,FL,1267,False
Salina,OK,1266,False
Plains,KS,1266,False
Centerville,TX,1266,False
Prineville Lake Acres,OR,1266,False
Flemington,PA,1265,False
Edwardsburg,MI,1265,False
La Plata,MO,1265,False
Rush Springs,OK,1265,False
Princeton,MO,1264,False
Pasatiempo,CA,1264,False
Hiram,OH,1264,False
Malvern,IA,1264,False
Marine,IL,1264,False
Oak Grove Heights,AR,1263,False
Neoga,IL,1263,False
Lake Winnebago,MO,1263,False
Okawville,IL,1263,False
Fairmead,CA,1263,False
Quinnesec,MI,1262,False
Shattuck,OK,1262,False
Brewster Heights,NY,1262,False
Stanberry,MO,1261,False
Darmstadt,IN,1261,False
Lone Tree,IA,1261,False
Sistersville,WV,1261,False
McGraw,NY,1261,False
Blossom,TX,1261,False
Gold Hill,OR,1261,False
Midtown,TN,1260,False
Girardville,PA,1260,False
Machias,WA,1260,False
West Leechburg,PA,1260,False
Garretson,SD,1259,False
Kaaawa,HI,1259,False
Black Rock,NM,1259,False
Peabody,KS,1259,False
Jonesville,VA,1259,False
Moroni,UT,1259,False
Rock Island,WA,1259,False
Weston Mills,NY,1259,False
Stockbridge,MI,1259,False
Valley Mills,TX,1259,False
Tri-Lakes,IN,1258,False
Westfield,PA,1258,False
Eatons Neck,NY,1258,False
Medford,MN,1258,False
Pine Island,TX,1258,False
Sweet Springs,MO,1258,False
Diablo Grande,CA,1257,False
Ignacio,CO,1257,False
Redway,CA,1257,False
Edgerton,MN,1256,False
Newfoundland,NJ,1256,False
Hillside Lake,NY,1256,False
Mission,SD,1256,False
Humansville,MO,1256,False
Carpendale,WV,1256,False
Ceredo,WV,1255,False
Whitmire,SC,1255,False
Brookfield Center,OH,1255,False
Augusta,WI,1254,False
Velda City,MO,1254,False
Heidelberg,PA,1254,False
Molino,FL,1253,False
Herscher,IL,1253,False
Darien,GA,1253,False
Enhaut,PA,1252,False
Kenwood Estates,FL,1252,False
Jonesville,LA,1252,False
Cleveland,AL,1252,False
Claypool,AZ,1252,False
Belmont,NH,1252,False
Santa Anna,TX,1251,False
Powderly,TX,1251,False
Benwood,WV,1251,False
Enigma,GA,1251,False
Stratford,TX,1251,False
West Fairview,PA,1250,False
Poultney,VT,1250,False
Berino,NM,1250,False
North Bend,NE,1250,False
Fairfield Beach,OH,1250,False
Point Roberts,WA,1249,False
Oxford,NJ,1249,False
Haskins,OH,1249,False
Belle,MO,1249,False
Bull Valley,IL,1248,False
Apollo,PA,1247,False
Hardwick,VT,1247,False
Ellicott,CO,1247,False
New Berlin,IL,1247,False
Mineville,NY,1246,False
Lake Secession,SC,1246,False
Toluca,IL,1246,False
Somerville,TX,1246,False
Ponderosa Pine,NM,1246,False
Milford,IL,1246,False
Juno Ridge,FL,1245,False
Winnebago,MN,1245,False
Victoria,MS,1245,False
Franklinville,NC,1245,False
Carey,ID,1244,False
Milford,NJ,1244,False
Cottonwood,AL,1244,False
Seis Lagos,TX,1244,False
Waterford,PA,1244,False
Cleveland,NC,1244,False
Marsing,ID,1244,False
Ness City,KS,1243,False
West Kittanning,PA,1243,False
Arrowhead Beach,NC,1243,False
Cottonwood,ID,1243,False
Boston Heights,OH,1242,False
Green Village,NJ,1242,False
Winchester,OH,1242,False
Homestead Base,FL,1242,False
Discovery Harbour,HI,1241,False
Fulton,TX,1241,False
Creighton,NE,1241,False
Conehatta,MS,1240,False
Richfield Springs,NY,1240,False
Sargent,TX,1240,False
Woodsboro,MD,1240,False
Dike,IA,1240,False
Russells Point,OH,1240,False
North Apollo,PA,1239,False
Blue River,CO,1238,False
Manawa,WI,1238,False
Buchanan,GA,1238,False
Gorman,TX,1238,False
Atwood,KS,1238,False
Cactus Flats,AZ,1238,False
St. John,KS,1238,False
Wetherington,OH,1237,False
Bethesda,OH,1237,False
Richlandtown,PA,1237,False
Coldwater,MS,1237,False
Robie Creek,ID,1237,False
Belfast,PA,1237,False
Roseland,LA,1237,False
Hasley Canyon,CA,1236,False
Bradford Woods,PA,1235,False
Lake Shore,UT,1235,False
Buckeystown,MD,1235,False
Whitehorn Cove,OK,1234,False
Banner Elk,NC,1234,False
Fairland,OK,1234,False
Fairplay,GA,1234,False
Conrad,IA,1234,False
Chelsea Cove,NY,1233,False
Dollar Point,CA,1233,False
DeLand Southwest,FL,1233,False
Rafter J Ranch,WY,1233,False
Darrington,WA,1233,False
Apple Valley,UT,1233,False
Brunswick,NC,1233,False
Clear Lake Shores,TX,1232,False
Whitaker,PA,1232,False
Oceana,WV,1232,False
Newark,TX,1232,False
Carrizo Hill,TX,1232,False
Fyffe,AL,1232,False
Indian Lake,TX,1231,False
Cambria,IL,1231,False
Saybrook Manor,CT,1231,False
Frankfort,OH,1231,False
Culver,IN,1230,False
Harmony,PA,1230,False
Ventress,LA,1230,False
Goodhue,MN,1230,False
St. Francis,KS,1230,False
Atwood,TN,1229,False
Nazareth College,NY,1229,False
Edison,GA,1229,False
Redby,MN,1228,False
Woodburn,IN,1228,False
Dellwood,MN,1228,False
Conestoga,PA,1228,False
Marshallton CDP (Northumberland County),PA,1228,False
Energy,IL,1227,False
Kaanapali,HI,1227,False
Snead,AL,1227,False
Bethany,IL,1227,False
Woodsboro,TX,1227,False
Sam Rayburn,TX,1227,False
Gretna,VA,1227,False
Midway,AR,1226,False
Waymart,PA,1226,False
Arrington,VA,1226,False
Olympia,SC,1226,False
Galesville,MD,1226,False
Hemlock,MI,1226,False
Almedia,PA,1225,False
Brookneal,VA,1225,False
Luna Pier,MI,1225,False
Stearns,KY,1224,False
Collinwood,TN,1224,False
Chico,TX,1224,False
Farmersburg,IN,1224,False
Sea Ranch,CA,1224,False
Edmundson,MO,1224,False
New Pekin,IN,1224,False
Greenville,VA,1224,False
Factoryville,PA,1224,False
Russellton,PA,1224,False
Laurens,IA,1223,False
Pleasureville,KY,1223,False
Dunes City,OR,1223,False
Logan Elm Village,OH,1223,False
Sycamore,GA,1223,False
Lake Park,IA,1223,False
Markham,TX,1222,False
Grass Lake,MI,1222,False
Fayetteville,AL,1222,False
Preston,MN,1222,False
Muldraugh,KY,1221,False
Big Rock,IL,1221,False
Mason,TN,1221,False
Rutherford,TN,1221,False
Coldspring,TX,1221,False
North DeLand,FL,1220,False
Gueydan,LA,1220,False
Yeagertown,PA,1220,False
Fraser,CO,1220,False
Orient,NY,1220,False
Claypool Hill,VA,1219,False
Earlington,KY,1219,False
Fruitdale,CA,1219,False
Wolfe City,TX,1219,False
Ogden Dunes,IN,1219,False
Marion,NY,1219,False
Taylors Falls,MN,1219,False
Marion,MT,1219,False
Urania,LA,1219,False
Menahga,MN,1218,False
Pocono Ranch Lands,PA,1218,False
Holland,NY,1218,False
Claude,TX,1218,False
Niagara University,NY,1218,False
Cando,ND,1218,False
Wurtsboro,NY,1218,False
Crocker,WA,1218,False
Huntland,TN,1218,False
Clarkson,KY,1218,False
Oakfield,WI,1218,False
Dryden,MI,1218,False
Shullsburg,WI,1218,False
Blair,WI,1218,False
Highland Park,PA,1218,False
New Deal,TX,1217,False
Gridley,IL,1217,False
Lamar,SC,1217,False
Maricopa,CA,1217,False
Palm Beach Shores,FL,1217,False
Lincolndale,NY,1217,False
Parshall,ND,1217,False
Bellefonte,KY,1216,False
South Uniontown,PA,1216,False
Truman,MN,1216,False
East Spencer,NC,1216,False
Nashotah,WI,1216,False
Liberty,UT,1216,False
Callaway,MD,1216,False
Ashland Heights,SD,1215,False
Lake Don Pedro,CA,1215,False
Boswell's Corner,VA,1215,False
Jackpot,NV,1215,False
St. Martins,MO,1214,False
Sunrise Lake,PA,1214,False
Harper,TX,1214,False
Third Lake,IL,1214,False
Boulder,MT,1214,False
North Enid,OK,1214,False
Foreman,AR,1214,False
Luck,WI,1214,False
Fairmount,GA,1213,False
Dunnstown,PA,1213,False
Fort Hancock,TX,1213,False
Barbourmeade,KY,1213,False
Honaker,VA,1213,False
Biglerville,PA,1213,False
Conestee,SC,1212,False
Elkhart,TX,1212,False
Butler,OH,1212,False
Middleburgh,NY,1211,False
Lowell,OR,1211,False
Eastport,ME,1211,False
Toast,NC,1210,False
Kamiah,ID,1210,False
Stinnett,TX,1210,False
Auburn,KS,1210,False
Cedar Bluff,VA,1210,False
Pleasant Hills,OH,1210,False
Atwater,MN,1210,False
Oyster Creek,TX,1210,False
Parkers Prairie,MN,1209,False
Sheffield,IA,1209,False
Adrian,MN,1209,False
Genesee,ID,1209,False
Bayboro,NC,1209,False
Gretna,FL,1208,False
Great Bend,NY,1208,False
Star,NC,1208,False
Ponderay,ID,1208,False
Glenwood City,WI,1207,False
Tripoli,IA,1207,False
Wiscasset,ME,1207,False
Saddle Rock,NY,1207,False
Three Oaks,MI,1207,False
Goodman,MO,1207,False
Berlin,OH,1207,False
Reading,MI,1207,False
Western Lake,TX,1207,False
East Griffin,GA,1206,False
Clark,SD,1206,False
Bernice,LA,1206,False
Fort Sumner,NM,1206,False
Galena,OH,1205,False
Enlow,PA,1205,False
Magnet Cove,AR,1205,False
Rosedale,LA,1205,False
Shenandoah Junction,WV,1205,False
Timpson,TX,1204,False
North Collins,NY,1204,False
Mifflinville,PA,1204,False
Houston,PA,1204,False
Warrensburg,IL,1203,False
Marcellus,MI,1203,False
Williamsburg,PA,1202,False
Fort Covington,NY,1202,False
Flemington,GA,1202,False
Runge,TX,1201,False
Oriskany,NY,1201,False
LaBarque Creek,MO,1201,False
Country Club Hills,MO,1201,False
Weeping Water,NE,1201,False
Paducah,TX,1201,False
Perry,LA,1201,False
West Swanzey,NH,1200,False
Saxapahaw,NC,1200,False
Tuckahoe,NY,1200,False
Friedens,PA,1200,False
Scotts Hill,TN,1200,False
Marcus,IA,1200,False
Marissa,IL,1200,False
Saucier,MS,1199,False
Lawrenceville,VA,1199,False
Germantown,IL,1199,False
Hagerman,ID,1198,False
Swifton,AR,1198,False
Piedmont,SD,1198,False
Rossville,IL,1198,False
Cascade,ID,1197,False
White Cloud,MI,1197,False
Belview,VA,1197,False
Gerald,MO,1197,False
Indian Hills,NM,1197,False
Miles,TX,1197,False
Caledonia,MS,1196,False
Tiki Island,TX,1196,False
Rapid City,MI,1196,False
Gleason,TN,1196,False
Mount Wolf,PA,1196,False
West Crossett,AR,1196,False
Valmeyer,IL,1196,False
Salineville,OH,1195,False
Black Diamond,FL,1195,False
Otterbein,IN,1195,False
Randolph AFB,TX,1195,False
Junction City,CA,1195,False
Keewatin,MN,1195,False
Litchfield,MI,1195,False
Muscoda,WI,1194,False
McMillin,WA,1194,False
Bagley,MN,1194,False
Aetna Estates,CO,1194,False
Whitewater,CA,1194,False
Black Creek,WI,1194,False
Mesa del Caballo,AZ,1194,False
Strum,WI,1194,False
Beaverton,MI,1194,False
Wortham,TX,1193,False
New London,MN,1193,False
McClellan Park,CA,1193,False
Valley Falls,KS,1192,False
Asotin,WA,1192,False
Belmont Estates,VA,1192,False
Pineland,TX,1192,False
Geronimo,OK,1191,False
Allardt,TN,1191,False
Eaton Estates,OH,1191,False
Spicer,MN,1190,False
St. George,KS,1190,False
Grass Valley,NV,1190,False
Divernon,IL,1190,False
Madison Lake,MN,1190,False
Groveland,ID,1190,False
Rolla,ND,1190,False
Wanamingo,MN,1189,False
Salamatof,AK,1189,False
Naco,AZ,1189,False
Dotsero,CO,1189,False
Bloomington,TX,1189,False
Skyline Acres,OH,1189,False
Santee,SC,1189,False
Bradford,RI,1189,False
Annville,KY,1189,False
Captains Cove,VA,1189,False
Penn Valley,CA,1188,False
Rainbow Lakes,NJ,1187,False
Crivitz,WI,1187,False
Rose Valley,PA,1187,False
Marbleton,WY,1187,False
Fairhope,PA,1187,False
Julesburg,CO,1187,False
Parker City,IN,1187,False
South Henderson,NC,1187,False
Eddyville,IA,1187,False
Sherburne,NY,1186,False
Stottville,NY,1186,False
Woodall,OK,1186,False
Highland,AR,1186,False
Towaoc,CO,1186,False
Bodega Bay,CA,1186,False
Rice Tracts,TX,1185,False
Enterprise,WV,1185,False
Champlain,NY,1185,False
Talahi Island,GA,1185,False
Man,WV,1185,False
Adair Village,OR,1185,False
Rossville,TN,1185,False
Cloverport,KY,1185,False
Gilbert,IA,1185,False
Yamhill,OR,1184,False
Dollar Bay,MI,1184,False
Long Beach,IN,1184,False
Golden Valley,NV,1184,False
Sutherland,NE,1184,False
Bloomfield,PA,1183,False
Cape Charles,VA,1183,False
Shawneetown,IL,1183,False
Shell Valley,ND,1183,False
Louisville,IL,1183,False
Lake Linden,MI,1183,False
New Sharon,IA,1183,False
Jimmerson Lake,IN,1183,False
Indian Shores,FL,1182,False
Earlysville,VA,1182,False
Jennerstown,PA,1182,False
Toledo,IL,1181,False
Plains,MT,1181,False
Candlewood Lake,OH,1181,False
Ballplay,AL,1181,False
Bevil Oaks,TX,1181,False
Maxwell,CA,1181,False
Birch Run,MI,1180,False
Royalton,MN,1179,False
Fayette,IA,1179,False
Skagway,AK,1179,False
Wabasso,FL,1179,False
Leupp,AZ,1179,False
La Harpe,IL,1179,False
Yale,OK,1179,False
Scotland,PA,1179,False
Claysburg,PA,1178,False
Sand Lake,MI,1178,False
Ak-Chin Village,AZ,1178,False
Foresthill,CA,1178,False
Pen Mar,PA,1177,False
Darien Downtown,CT,1177,False
Fayette,OH,1177,False
Wellsville,MO,1177,False
Concord,MI,1177,False
Stillman Valley,IL,1177,False
Gratton,VA,1176,False
Granby,MA,1176,False
Elm Creek,NE,1176,False
New London,TX,1176,False
Morgan Hill,PA,1176,False
Osceola Mills,PA,1176,False
Independence,VA,1176,False
Muhlenberg Park,PA,1176,False
Lyons,WI,1175,False
Cool Valley,MO,1175,False
Lyons,OR,1175,False
Delevan,NY,1175,False
Briggs,OK,1175,False
March ARB,CA,1175,False
Mount Hermon,CA,1174,False
Fort Ashby,WV,1174,False
Spencerville,NM,1174,False
East Camden,AR,1174,False
Atglen,PA,1174,False
Green Harbor,MA,1174,False
Caraway,AR,1174,False
Williams,OR,1173,False
Clinton,KY,1173,False
Ohkay Owingeh,NM,1173,False
Woodland,ME,1173,False
Keedysville,MD,1172,False
Fairfax,OK,1172,False
Glenville,WV,1172,False
Magnolia,OH,1172,False
Clinton,OH,1171,False
Ashland,IL,1171,False
Coloma,MI,1171,False
Shoal Creek,AL,1171,False
Tahoe Vista,CA,1171,False
McClure,PA,1171,False
Norlina,NC,1170,False
Fincastle,TN,1170,False
Elkhart Lake,WI,1170,False
Ipswich,SD,1170,False
Cambridge,NE,1170,False
Mars,PA,1169,False
Perry,KS,1169,False
Berryville,TX,1169,False
Nassau,NY,1169,False
Konawa,OK,1169,False
Andale,KS,1169,False
Fairfax,MN,1169,False
Wakeman,OH,1169,False
Cortland West,NY,1168,False
Tunnel Hill,GA,1168,False
Leming,TX,1168,False
Candor,NC,1168,False
Sharon,TN,1168,False
Skidmore,TX,1168,False
Granville South,OH,1168,False
Summer Set,MO,1168,False
West Brow,GA,1167,False
Bradner,OH,1167,False
Mayville,MI,1167,False
Central City,IA,1166,False
Lake Shore,MN,1166,False
Potomac Heights,MD,1166,False
New York Mills,MN,1166,False
Vandiver,AL,1166,False
Reedsville,WI,1166,False
Sunday Lake,WA,1166,False
Jericho,VT,1166,False
Port Gibson,MS,1165,False
Carolina,RI,1165,False
Limestone,ME,1165,False
Clinton,WA,1165,False
Flovilla,GA,1165,False
Clinton,PA,1164,False
Pomona,KS,1164,False
Greenvale,NY,1164,False
Duncansville,PA,1164,False
Chesapeake,OH,1163,False
Tignall,GA,1163,False
Wendover,UT,1163,False
Oakland,OK,1163,False
Salem,SD,1163,False
Williamstown,PA,1162,False
Palo,IA,1162,False
La Crosse,KS,1162,False
South Waverly,PA,1162,False
Willards,MD,1161,False
Springville,IA,1160,False
Alexandria,TN,1160,False
Kings Mills,OH,1159,False
Afton,NY,1159,False
Lost Creek,TX,1159,False
Buffalo,SC,1159,False
Yellville,AR,1159,False
Cayuga,IN,1158,False
Plummer,ID,1158,False
Dixon,MO,1158,False
Brookside,AL,1157,False
Riddle,OR,1157,False
Urbancrest,OH,1157,False
Elm City,NC,1157,False
Benns Church,VA,1157,False
Fort Thompson,SD,1157,False
Clear Lake CDP (Pierce County),WA,1157,False
Ellerbe,NC,1156,False
Toppers,OK,1156,False
Poseyville,IN,1156,False
Hagaman,NY,1156,False
Newark,IL,1156,False
Ten Mile Creek,MD,1156,False
Leland,IL,1156,False
Dunlap,OH,1155,False
Homeland,GA,1155,False
Wooster,AR,1155,False
Washington,WV,1155,False
West Pelzer,SC,1155,False
Stamford,NY,1155,False
Dover Plains,NY,1154,False
Edgard,LA,1154,False
Lexington,MS,1154,False
Matamoras,OH,1154,False
Central City,IL,1154,False
Fort Calhoun,NE,1154,False
North Hornell,NY,1152,False
Kootenai,ID,1152,False
Panacea,FL,1152,False
Mapleton,ND,1151,False
Donald,OR,1151,False
Buffalo,WV,1151,False
Fair Haven,NY,1151,False
Shongopovi,AZ,1151,False
Cottonwood,MN,1150,False
Oran,MO,1150,False
Memphis,MI,1150,False
Brush Fork,WV,1150,False
Richton,MS,1150,False
Baltic,CT,1150,False
George,IA,1149,False
Ladoga,IN,1149,False
Fort Lawn,SC,1149,False
Edmund,SC,1149,False
Petersburg,MI,1148,False
Whitley City,KY,1148,False
Iola,WI,1148,False
Wayland,IA,1148,False
Lake Camelot,WI,1148,False
Milledgeville,IL,1148,False
Buttonwillow,CA,1148,False
Milesburg,PA,1148,False
Due West,SC,1148,False
Fletcher,OK,1148,False
Baxter Estates,NY,1148,False
West Park,CA,1148,False
West Yellowstone,MT,1147,False
Onsted,MI,1147,False
Flagtown,NJ,1147,False
Fifth Ward,LA,1147,False
Simpson,PA,1147,False
Robert Lee,TX,1146,False
North Bonneville,WA,1146,False
Goreville,IL,1146,False
Athens,WV,1146,False
Del Rio,CA,1146,False
Verona,KY,1146,False
Kincaid,IL,1146,False
West Easton,PA,1146,False
Brilliant,AL,1145,False
Newport,DE,1145,False
Cottageville,SC,1144,False
East Earl,PA,1144,False
Sunflower,MS,1144,False
Dorothy,NJ,1144,False
Monroeville,IN,1144,False
Moose Wilson Road,WY,1143,False
Glasgow,MO,1143,False
Lyndonville,VT,1143,False
Mound City,MO,1143,False
Cross Plains,TX,1143,False
Lake Lorelei,OH,1143,False
Seaman,OH,1142,False
Balfour,NC,1142,False
Newfield,NY,1142,False
Trezevant,TN,1142,False
Arlington,GA,1141,False
Crandon Lakes,NJ,1141,False
Kibler,AR,1141,False
Highlands,NC,1140,False
La Vernia,TX,1140,False
Lakeview,OH,1140,False
Bowmanstown,PA,1140,False
New Sarpy,LA,1140,False
Nunda,NY,1140,False
Beloit,OH,1140,False
Boise City,OK,1140,False
Hiawassee,GA,1140,False
Albany,LA,1140,False
St. Ansgar,IA,1140,False
Wolcottville,IN,1140,False
Black Hammock,FL,1140,False
Forreston,IL,1140,False
Chapman,KS,1140,False
Great Neck Gardens,NY,1139,False
Prosperity,SC,1139,False
Marlinton,WV,1139,False
Fellsburg,PA,1139,False
Oskaloosa,KS,1138,False
Wiggins,CO,1138,False
Alakanuk,AK,1138,False
Newberry,MI,1138,False
Maud,TX,1137,False
Casa Blanca,AZ,1137,False
Castanea,PA,1137,False
Douglas,MI,1136,False
Fivepointville,PA,1136,False
Clarence,IA,1136,False
East Barre,VT,1136,False
Felton,DE,1136,False
Wanatah,IN,1136,False
North Utica,IL,1136,False
Five Points,NC,1136,False
Clay City,IN,1135,False
Ashley,IN,1135,False
Owensville,IN,1135,False
Sterling City,TX,1135,False
Monticello,WI,1135,False
Harper,KS,1134,False
Siletz,OR,1134,False
Dunnavant,AL,1134,False
Verdi,NV,1134,False
Dixon,KY,1134,False
La Croft,OH,1133,False
Poca,WV,1133,False
Fredericksburg,IA,1133,False
Wurtland,KY,1133,False
Bradford,TN,1132,False
Skyline-Ganipa,NM,1132,False
Santa Susana,CA,1132,False
Topeka,IN,1132,False
Kissee Mills,MO,1132,False
Townsend,MA,1131,False
Lakeshore Gardens-Hidden Acres,TX,1131,False
Alexandria Bay,NY,1131,False
Mendon,IL,1131,False
Brown City,MI,1131,False
Oley,PA,1131,False
Hillburn,NY,1131,False
Alma,NE,1131,False
Edinburg,IL,1130,False
St. Paul,VA,1129,False
Whitehall,MT,1129,False
Baudette,MN,1129,False
Newell,WV,1129,False
Gore,OK,1129,False
Center Hill,FL,1129,False
Smithfield,PA,1128,False
Mexico,IN,1128,False
Kraemer,LA,1128,False
Brookdale,CA,1128,False
Grapeview,WA,1128,False
Hydro,OK,1128,False
Lumber City,GA,1127,False
Washburn,IL,1127,False
Hector,MN,1127,False
Fruitland,IA,1127,False
Hebron,MD,1127,False
Silver Springs Shores East,FL,1126,False
Delta Junction,AK,1126,False
Stevensville,MI,1126,False
Howland,ME,1126,False
Astoria,IL,1126,False
Beggs,OK,1126,False
Marion,PA,1126,False
Swisher,IA,1126,False
Bethany,WV,1125,False
Elbow Lake,MN,1125,False
Sparkill,NY,1125,False
Van Buren,MO,1125,False
Leetsdale,PA,1125,False
McAdenville,NC,1125,False
Bergen,NY,1125,False
Neola,IA,1125,False
Rougemont,NC,1125,False
Bainbridge,NY,1125,False
Southwest Sandhill,TX,1124,False
Necedah,WI,1124,False
Alvord,TX,1124,False
Woodville,MS,1124,False
Batesville,TX,1124,False
Chevy Chase View,MD,1123,False
Hanover,OH,1123,False
Tesuque,NM,1123,False
Roscommon,MI,1123,False
Dauphin,PA,1123,False
Vaiden,MS,1122,False
Paint,PA,1122,False
Castlewood,VA,1122,False
Geraldine,AL,1122,False
Pomeroy,PA,1121,False
Bally,PA,1121,False
New Cumberland,WV,1121,False
Clear Lake CDP (Skagit County),WA,1121,False
Springdale,NC,1121,False
Norman Park,GA,1121,False
Mancos,CO,1121,False
Clay,CA,1121,False
Colchester,IL,1120,False
Republic,WA,1120,False
Lynn,IN,1120,False
Rutherford College,NC,1119,False
Sulphur Springs,AR,1119,False
Iyanbito,NM,1119,False
Thorntown,IN,1119,False
Rice,TX,1119,False
Lemmon,SD,1118,False
Woodway,WA,1118,False
Goodwater,AL,1117,False
Elgin,MN,1117,False
Friend,NE,1117,False
Summitville,IN,1117,False
Utica,NE,1117,False
Concord,VA,1117,False
Westwood,CA,1116,False
Windsor,IL,1116,False
Whitney Point,NY,1116,False
Leavittsburg,OH,1116,False
Mount Tabor,NJ,1116,False
Mahinahina,HI,1116,False
Cornish,ME,1115,False
Fowler,CO,1115,False
Cottage City,MD,1115,False
Bryn Athyn,PA,1115,False
Mountain View,WY,1114,False
Laurel Park,VA,1114,False
Skyline,AL,1114,False
Fanning Springs,FL,1114,False
Gales Ferry,CT,1113,False
Andrews,IN,1113,False
El Duende,NM,1113,False
London,AR,1113,False
North Randall,OH,1113,False
Glenburn,PA,1112,False
Saybrook-on-the-Lake,OH,1112,False
White Sulphur Springs,MT,1112,False
Palmona Park,FL,1112,False
Maria Stein,OH,1112,False
Penryn,CA,1112,False
Pioche,NV,1111,False
Sand Ridge,NY,1111,False
Mahnomen,MN,1111,False
Cattaraugus,NY,1111,False
Shafer,MN,1111,False
Parker,SD,1111,False
Morse,LA,1111,False
Gallant,AL,1111,False
Marion,WI,1110,False
Hawley,PA,1110,False
Farmersville,PA,1110,False
Tilden,NE,1110,False
Point Lookout,NY,1110,False
Clymer,PA,1109,False
Elwood,KS,1109,False
Heritage Creek,KY,1109,False
Johnsonville,SC,1108,False
Britton,SD,1108,False
Spring City,UT,1108,False
Boley,OK,1108,False
Eclectic,AL,1108,False
Hilbert,WI,1108,False
Rosebud,TX,1108,False
Sardis,GA,1108,False
Castalia,OH,1108,False
Ames Lake,WA,1108,False
Boston,GA,1108,False
King Cove,AK,1108,False
Mill Neck,NY,1108,False
Buchanan,VA,1108,False
Sweetser,IN,1107,False
Forest Home,NY,1107,False
Poquott,NY,1107,False
Morocco,IN,1107,False
Beale AFB,CA,1107,False
Lake St. Croix Beach,MN,1106,False
Highland,KS,1106,False
Princeton,WI,1106,False
Northfield,KY,1106,False
Camanche North Shore,CA,1106,False
Altamont,KS,1105,False
Afton,IA,1105,False
Crosby,ND,1105,False
Georgetown,CO,1104,False
Dane,WI,1104,False
Yoncalla,OR,1104,False
Frankfort,MI,1104,False
Barbee,IN,1104,False
Harkers Island,NC,1104,False
Athens,MI,1103,False
Diaz,AR,1103,False
Lake Waynoka,OH,1103,False
Jamaica Beach,TX,1103,False
Douglas City,CA,1103,False
Belwood,NC,1103,False
Griggstown,NJ,1102,False
Lowellville,OH,1102,False
Bowling Green,MD,1102,False
St. Paul,TX,1102,False
New Waverly,TX,1102,False
Sundance,WY,1102,False
North Lima,OH,1102,False
Franklin Grove,IL,1102,False
Faxon,PA,1101,False
New London,MO,1101,False
Cohocton,NY,1101,False
Alto,TX,1101,False
Frederic,WI,1101,False
English,IN,1101,False
Calumet,PA,1101,False
Albany,WI,1101,False
Pigeon,MI,1100,False
Winterport,ME,1100,False
Colebrook,NH,1100,False
Oxford,ME,1100,False
Granger,TX,1100,False
Blue Mountain,MS,1100,False
Marvell,AR,1100,False
Russell Gardens,NY,1100,False
Ivyland,PA,1100,False
Rancho Alegre,TX,1099,False
Trafalgar,IN,1099,False
Mounds,OK,1099,False
Norridgewock,ME,1099,False
Dayton,IN,1099,False
Hilshire Village,TX,1099,False
Moodys,OK,1099,False
Bennet,NE,1098,False
West Middlesex,PA,1097,False
Friendsville,TN,1097,False
Stiles,PA,1097,False
Millington,MI,1097,False
Chester,VT,1097,False
Dale,PA,1097,False
Browns Point,WA,1097,False
Lakeport,TX,1097,False
Faith,NC,1096,False
Von Ormy,TX,1096,False
Hettinger,ND,1096,False
Pickens,MS,1096,False
Papaikou,HI,1096,False
Bay Head,NJ,1096,False
Greensburg,LA,1096,False
Yoe,PA,1096,False
Sodus Point,NY,1096,False
Ridgeway,VA,1095,False
Cookson,OK,1095,False
New Market,AL,1095,False
Twisp,WA,1095,False
Hays,MT,1095,False
Chilton,TX,1095,False
Clarkton,MO,1094,False
Anton,TX,1094,False
Mathews,VA,1094,False
Hazelton,ID,1094,False
Hustisford,WI,1094,False
Ridgway,CO,1093,False
Cripple Creek,CO,1093,False
Rupert,WV,1093,False
Dibble,OK,1093,False
Neffs,OH,1093,False
Lovington,IL,1093,False
Oil City,LA,1093,False
Clermont,GA,1092,False
Lindsay,TX,1092,False
Swede Heaven,WA,1092,False
Keuka Park,NY,1092,False
Elk Mound,WI,1092,False
Elliston,VA,1092,False
Luckey,OH,1092,False
Harbor Springs,MI,1091,False
Lakeside City,TX,1091,False
West Brownsville,PA,1091,False
Tye,TX,1091,False
Tenaha,TX,1091,False
Harleigh,PA,1091,False
Waynesburg,OH,1091,False
Nashwauk,MN,1091,False
Johnstonville,CA,1090,False
Riverside,IA,1090,False
La Pryor,TX,1090,False
Mount Gilead,NC,1090,False
Apple Creek,OH,1089,False
Gholson,TX,1088,False
Sperry,OK,1088,False
Greenville,GA,1088,False
Coosada,AL,1088,False
East Bangor,PA,1088,False
Hamburg,IA,1087,False
Seabrook,SC,1087,False
Waukomis,OK,1087,False
Columbus,NC,1087,False
North Edwards,CA,1086,False
Sandy,PA,1086,False
Six Mile,SC,1086,False
Hopedale,OH,1086,False
Gainesboro,TN,1086,False
Kellyville,OK,1086,False
Wolcott,IN,1085,False
Jeffersonville,OH,1085,False
Geneva-on-the-Lake,OH,1085,False
Poipu,HI,1085,False
Lewisburg,KY,1084,False
Oglethorpe,GA,1084,False
South Lebanon,OR,1084,False
Tioga,TX,1084,False
Vernon Valley,NJ,1084,False
Church Hill,MD,1084,False
Gerber,CA,1084,False
Friars Point,MS,1083,False
Deville,LA,1083,False
Wallace,ID,1083,False
Somis,CA,1083,False
Rossville,KS,1083,False
Jolivue,VA,1083,False
Morristown,IN,1083,False
Hotchkiss,CO,1083,False
Gayle Mill,SC,1082,False
Lawtey,FL,1082,False
Tyrone,OK,1082,False
Cairo,NE,1082,False
Broxton,GA,1082,False
Gilcrest,CO,1082,False
Inglenook,CT,1082,False
Alamo,NM,1081,False
Churchill,MT,1081,False
Windsor,NY,1081,False
Renovo,PA,1081,False
Burnside,KY,1081,False
Neah Bay,WA,1081,False
Schoeneck,PA,1080,False
Hebron,PA,1080,False
Waldo,FL,1080,False
Macon,IL,1080,False
Newark Valley,NY,1080,False
Solomon,KS,1079,False
Metcalfe,MS,1079,False
Quinhagak,AK,1079,False
St. Leon,IN,1079,False
Clay,KY,1079,False
Avonmore,PA,1079,False
University of California-Merced,CA,1079,False
Wayne,OH,1078,False
Sturgeon,MO,1078,False
Forest View,IL,1078,False
Rimersburg,PA,1078,False
Saylorsburg,PA,1077,False
Ellport,PA,1077,False
Haliimaile,HI,1077,False
Hildale,UT,1076,False
Oreana,IL,1076,False
Newhall,IA,1076,False
Blue Rapids,KS,1076,False
Langley,WA,1076,False
Percy,IL,1076,False
Enchanted Hills,IN,1076,False
Wallenpaupack Lake Estates,PA,1075,False
Shady Point,OK,1075,False
Geronimo,TX,1075,False
Underwood,IN,1074,False
Lambert,MS,1074,False
Chisholm,ME,1074,False
Rhodhiss,NC,1074,False
Riverside,ID,1074,False
Wye,MT,1074,False
West Point,KY,1073,False
Ransom Canyon,TX,1073,False
Blue Ridge,AZ,1073,False
Pamplico,SC,1073,False
Craig,AK,1073,False
Funny River,AK,1072,False
Occoquan,VA,1072,False
East Brady,PA,1072,False
Hadley,NY,1072,False
Galva,KS,1072,False
Union Hall,VA,1071,False
Squirrel Mountain Valley,CA,1071,False
Osceola,MO,1071,False
Helena Flats,MT,1071,False
Alcorn State University,MS,1071,False
Hegins,PA,1071,False
Stem,NC,1071,False
Lonaconing,MD,1071,False
Mountainair,NM,1071,False
Villisca,IA,1071,False
Treynor,IA,1071,False
Tahoma,CA,1071,False
Babson Park,FL,1071,False
Paisley,FL,1071,False
Newport CDP (Washington County),OH,1071,False
Hart,TX,1070,False
Spring Glen,UT,1070,False
Bonnie Brae,IL,1070,False
Weleetka,OK,1070,False
Livingston Wheeler,NM,1070,False
Greene,RI,1070,False
Dawson,TX,1070,False
Hillsdale,MO,1070,False
Lakewood Park,TN,1070,False
Chester Gap,VA,1069,False
Rutledge,GA,1069,False
Birchwood Village,MN,1069,False
Foster Brook,PA,1069,False
Rankin,TX,1069,False
Garrett,TX,1069,False
White Haven,PA,1068,False
Bogata,TX,1068,False
Dexter,OR,1068,False
Greenup,KY,1068,False
Germantown,NY,1068,False
Brilliant,OH,1068,False
Orange Grove,TX,1067,False
Atkinson,IL,1067,False
Tatamy,PA,1067,False
Royalton,IL,1067,False
Anacoco,LA,1066,False
Flat Rock,NC,1066,False
Obion,TN,1066,False
Hewlett Harbor,NY,1066,False
Crowley Lake,CA,1066,False
Plains,TX,1066,False
Hideout,UT,1066,False
Young Harris,GA,1066,False
Apache,OK,1065,False
Collinsburg,PA,1065,False
Andalusia,IL,1065,False
Bannockburn,IL,1065,False
Lasara,TX,1065,False
Auburn,NJ,1064,False
Bethany Beach,DE,1064,False
Hampton,NJ,1064,False
Lamont,MI,1064,False
McGaheysville,VA,1064,False
Chatmoss,VA,1064,False
Moenkopi,AZ,1064,False
Wildwood,TN,1064,False
Minier,IL,1063,False
Algodones,NM,1063,False
Winfield,IA,1063,False
Womens Bay,AK,1063,False
Knox,PA,1063,False
Lincoln Center,KS,1063,False
Keys,OK,1063,False
Montgomery,IN,1063,False
Dasher,GA,1063,False
Silver Ridge,NJ,1063,False
Janesville,IA,1063,False
Solana,FL,1062,False
Jamestown,IN,1062,False
Tunica,MS,1062,False
Akron,IN,1062,False
Chokoloskee,FL,1061,False
Beach Haven,NJ,1061,False
Waelder,TX,1061,False
Occidental,CA,1061,False
Leroy,AL,1061,False
Racine,OH,1061,False
Greenville,NH,1061,False
Millers Falls,MA,1061,False
Fordoche,LA,1060,False
Homer,IL,1060,False
Hydesville,CA,1060,False
Ivey,GA,1060,False
Mariposa,CA,1060,False
Arenas Valley,NM,1060,False
Lyles,TN,1060,False
Waddington,NY,1060,False
Fort Loudon,PA,1059,False
Goodwell,OK,1059,False
Garden Plain,KS,1059,False
Deckerville,MI,1059,False
Dunbar,SC,1059,False
Lake Bosworth,WA,1059,False
Daisetta,TX,1059,False
Chocowinity,NC,1059,False
Lucama,NC,1058,False
Amador Pines,CA,1058,False
Las Quintas Fronterizas,TX,1058,False
Gosport,IN,1057,False
New Franklin,MO,1057,False
Wells,NV,1057,False
Aspermont,TX,1057,False
Yorkshire,NY,1057,False
Bear Rocks,PA,1057,False
Puget Island,WA,1057,False
Griswold,IA,1056,False
McConnellsburg,PA,1056,False
Shelter Island Heights,NY,1056,False
Harvard,NE,1056,False
Pelion,SC,1056,False
Orlinda,TN,1056,False
Thatcher,UT,1056,False
Aurora,OR,1055,False
Maury,NC,1055,False
Bird Island,MN,1055,False
Slaughter,LA,1055,False
Knippa,TX,1055,False
Drain,OR,1055,False
Suffield,OH,1055,False
Algonquin,MD,1055,False
New Vienna,OH,1054,False
Sudan,TX,1054,False
Mexico Beach,FL,1054,False
Island City,OR,1054,False
Pisgah,AL,1053,False
Stronghurst,IL,1053,False
Woodville,AL,1053,False
Searsport,ME,1053,False
Lansing,IA,1053,False
Thompson,ND,1052,False
Monongah,WV,1052,False
Emory,VA,1052,False
Cypress Landing,NC,1052,False
Stoneville,NC,1052,False
New Philadelphia,PA,1052,False
Hughes,AR,1051,False
Lake Roesiger,WA,1051,False
Hastings,PA,1051,False
Osino,NV,1051,False
Charenton,LA,1051,False
Sloan,IA,1051,False
Brownsville,KY,1050,False
Velva,ND,1050,False
Herald,CA,1050,False
Bolivar,NY,1050,False
Dixon,NM,1049,False
Deans,NJ,1049,False
South Ashburnham,MA,1049,False
Port Byron,NY,1049,False
Van Vleck,TX,1049,False
Sand Point,AK,1048,False
Hyde,PA,1048,False
Clear Lake,WI,1048,False
Joseph,OR,1048,False
Autaugaville,AL,1047,False
Tyndall,SD,1047,False
Plum Creek,VA,1047,False
Wenona,IL,1047,False
Far Hills,NJ,1047,False
Scanlon,MN,1047,False
Tombstone,AZ,1046,False
Riverdale,VA,1046,False
Chebanse,IL,1046,False
Florence,MT,1046,False
McBee,SC,1046,False
Campbellsburg,KY,1045,False
Caddo,OK,1045,False
Central City,PA,1045,False
Dunnigan,CA,1045,False
Okeene,OK,1044,False
Boling,TX,1044,False
Holgate,OH,1044,False
Colony Park,PA,1044,False
Burgin,KY,1044,False
Talkeetna,AK,1044,False
Hawesville,KY,1043,False
Woodbine,GA,1043,False
Maywood Park,OR,1043,False
Greenwood,WI,1043,False
Carrollton,AL,1043,False
Ray City,GA,1043,False
Cochranton,PA,1043,False
Catahoula,LA,1042,False
Fort Totten,ND,1042,False
Beckemeyer,IL,1042,False
Milmay,NJ,1042,False
Tyler,MN,1042,False
Dexter,GA,1042,False
Claverack-Red Mills,NY,1042,False
Shell Ridge,CA,1041,False
Arkport,NY,1041,False
Flint Hill,MO,1041,False
Olcott,NY,1041,False
Dooms,VA,1040,False
Franklin Springs,GA,1040,False
Town Creek,AL,1040,False
Thornport,OH,1040,False
Highlandville,MO,1039,False
San Felipe,TX,1039,False
Panaca,NV,1039,False
Mi Ranchito Estate,TX,1039,False
Danvers,IL,1039,False
Blue Ridge Summit,PA,1039,False
Delft Colony,CA,1038,False
Teviston,CA,1038,False
Entiat,WA,1038,False
Roosevelt,NJ,1037,False
Falcon Lake Estates,TX,1037,False
Ellerslie,GA,1037,False
Somers,MT,1037,False
Mammoth Spring,AR,1037,False
Goshen,KY,1037,False
Falls Creek,PA,1037,False
Marathon,NY,1036,False
Baxter,IA,1036,False
Sand Springs,TX,1036,False
La Puebla,NM,1036,False
Bidwell,OH,1036,False
Winthrop,IA,1035,False
Fort Gaines,GA,1035,False
Laverne,OK,1035,False
Garden Grove,FL,1035,False
Vega,TX,1035,False
Morningside,MD,1035,False
Sherburn,MN,1035,False
Loami,IL,1035,False
Fredericksburg CDP (Crawford County),PA,1035,False
Wyanet,IL,1035,False
Carrizozo,NM,1035,False
Stratford,CA,1034,False
Northville,NY,1034,False
Shawnee,OH,1034,False
Randolph,NE,1034,False
Lemont Furnace,PA,1034,False
Grand Coulee,WA,1034,False
Harriston,VA,1033,False
Viola,IL,1033,False
Woodstock,VT,1033,False
Marianne,PA,1033,False
Penryn,PA,1033,False
Piney Point,MD,1033,False
Grand Rapids,OH,1033,False
Mountainhome,PA,1033,False
Farwell,MI,1033,False
Penn,PA,1033,False
Mount Hope,WV,1032,False
Milford,TX,1032,False
Seven Mile,AZ,1032,False
Cannonsburg,KY,1032,False
Lakes of the North,MI,1031,False
Shandon,CA,1031,False
Audubon Park,NJ,1031,False
Highfield-Cascade,MD,1031,False
Talmage,CA,1031,False
Terre Hill,PA,1030,False
Enderlin,ND,1030,False
Lesage,WV,1030,False
Iva,SC,1030,False
Baldwin,MI,1030,False
Wagener,SC,1030,False
Allentown,FL,1030,False
St. Anne,IL,1030,False
La Monte,MO,1029,False
Tornado,WV,1029,False
Atkins,VA,1028,False
Mooreland,OK,1028,False
Somerset,MD,1028,False
Buckhead Ridge,FL,1028,False
Americus,KS,1028,False
Big River,CA,1028,False
Buhl,MN,1028,False
Glandorf,OH,1028,False
East Gull Lake,MN,1027,False
Victoria,KS,1027,False
Lakeview,MI,1027,False
Clayton,IN,1027,False
Spiceland,IN,1027,False
Shirley,IN,1027,False
Cinnamon Lake,OH,1027,False
Wilson,AR,1027,False
New Preston,CT,1026,False
Chevy Chase Section Three,MD,1026,False
Bouse,AZ,1026,False
Calvert Beach,MD,1026,False
Dubach,LA,1026,False
Little Round Lake,WI,1026,False
Hopland,CA,1025,False
Hazel Green,WI,1025,False
Marion,TX,1025,False
Dexter,NM,1025,False
White Hall,WV,1025,False
Maben,MS,1024,False
Eden Valley,MN,1024,False
Bray,OK,1024,False
Avery,TX,1024,False
Mission,OR,1024,False
Assumption,IL,1024,False
McLouth,KS,1023,False
Silverdale,PA,1023,False
Thomasboro,IL,1023,False
Rutledge,PA,1023,False
Fostoria,MI,1023,False
Cobden,IL,1023,False
Wainaku,HI,1023,False
New Knoxville,OH,1023,False
Moravian Falls,NC,1023,False
Chetopa,KS,1022,False
Farmersville,OH,1022,False
Five Points,FL,1022,False
Adams Center,NY,1022,False
Sully,IA,1022,False
China,TX,1022,False
Speers,PA,1022,False
Park City,MT,1022,False
Lake Waukomis,MO,1021,False
Porcupine,SD,1021,False
Lynnville,IN,1021,False
Lawton,IA,1021,False
Kittredge,CO,1021,False
Raymond,IL,1021,False
Los Olivos,CA,1020,False
New Richland,MN,1020,False
Old Field,NY,1020,False
Folly Beach,SC,1020,False
Raleigh,MS,1020,False
Barnsdall,OK,1019,False
Trappe,MD,1019,False
Crawford,GA,1019,False
Maurertown,VA,1019,False
Alamo,NV,1019,False
St. Ignatius,MT,1019,False
Forrest,IL,1019,False
Camargo,KY,1018,False
Dieterich,IL,1018,False
Pinon,AZ,1018,False
Andover,NY,1018,False
Olinda,HI,1018,False
Pierce,CO,1018,False
Harmony,MN,1018,False
Medley,FL,1018,False
Bass Lake,IN,1018,False
Colfax,IL,1017,False
Springville,VA,1017,False
Pray,MT,1017,False
Florence,TX,1017,False
McCammon,ID,1017,False
Washington,KS,1017,False
Kittery Point,ME,1017,False
Point,TX,1017,False
Arlington Heights,OH,1017,False
Wheatland,MT,1017,False
Lincoln,NH,1017,False
Copperton metro township,UT,1017,False
Kenmare,ND,1016,False
Amherst,TX,1015,False
Blairs,VA,1015,False
Hanson,KY,1015,False
Athens,WI,1015,False
Marshallville,GA,1014,False
Lazy Acres,CO,1014,False
Mammoth,AZ,1014,False
Prices Fork,VA,1014,False
Genoa,NV,1013,False
Elkhorn City,KY,1013,False
El Macero,CA,1013,False
Bloomfield,KY,1013,False
Tome,NM,1013,False
South Canal,OH,1013,False
Grandview,OK,1012,False
Los Indios,TX,1012,False
Coleman,MI,1012,False
Bigfoot,TX,1012,False
Owyhee,NV,1012,False
Ehrenberg,AZ,1012,False
Mount Royal,NJ,1012,False
Silverado Resort,CA,1012,False
Little Rock,MN,1011,False
Rushville,NE,1011,False
Drayton,SC,1011,False
Bunnlevel,NC,1011,False
Powder Horn,WY,1010,False
Castle Hill,CA,1010,False
Mi-Wuk Village,CA,1010,False
Clint,TX,1010,False
Graettinger,IA,1010,False
Little Valley,NY,1010,False
Wilhoit,AZ,1009,False
Lyons,MI,1009,False
White Plains,KY,1009,False
Clarksville City,TX,1009,False
Fredonia,AZ,1009,False
Marble Cliff,OH,1009,False
Attica,MI,1009,False
Route 7 Gateway,CT,1009,False
Plainfield,WI,1008,False
Renova,MS,1008,False
Altus,AR,1008,False
Eden,MD,1008,False
Spearville,KS,1008,False
Bunkerville,NV,1008,False
Daniel,UT,1007,False
Lawrence,MI,1007,False
Bolivar,OH,1007,False
Maysville,MO,1007,False
Tidmore Bend,AL,1007,False
Ouray,CO,1007,False
Caldwell,KS,1007,False
Carson City,MI,1006,False
Coker,AL,1006,False
Aspen Park,CO,1006,False
Tres Pinos,CA,1006,False
Berry Creek,CA,1006,False
North Bend,OH,1006,False
Rosendale,WI,1006,False
Santa Ana Pueblo,NM,1006,False
Pembroke,VA,1005,False
Norvelt,PA,1005,False
Preston,IA,1005,False
Sultana,CA,1005,False
Hilltop,MN,1005,False
Harlem,MT,1005,False
Lincoln,MT,1005,False
Rockwell,IA,1004,False
Luxora,AR,1004,False
Cotter,AR,1004,False
Grant City,MO,1004,False
Rouse,CA,1003,False
Rowland,NC,1003,False
South Pekin,IL,1003,False
Cut and Shoot,TX,1003,False
Lawrence,PA,1003,False
Genoa,AR,1003,False
Strawberry,AZ,1003,False
Rocksprings,TX,1002,False
Elmo,TX,1002,False
Frederica,DE,1001,False
Porter Heights,TX,1001,False
Kidron,OH,1001,False
Puxico,MO,1001,False
Rolling Hills,KY,1001,False
Douglas,AL,1001,False
Elsie,MI,1000,False
Green Lake,WI,1000,False
Indian Lake,MO,1000,False
La Conner,WA,1000,False
Millville,PA,1000,False
Harlowton,MT,999,False
Roland,AR,999,False
Bellerose,NY,999,False
Botkins,OH,999,False
Earth,TX,999,False
North Branch,MI,999,False
Eagle,NE,999,False
Black Lick,PA,999,False
Empire,LA,999,False
Rock Springs,NM,999,False
Embreeville,TN,998,False
Doyle,CA,998,False
Lincoln,PA,998,False
Layton,NJ,998,False
Maypearl,TX,998,False
Glen Ellen,CA,998,False
Iron Ridge,WI,998,False
Martin,SD,998,False
Rio,WI,998,False
Piedmont,WV,997,False
Holden Beach,NC,997,False
Palouse,WA,997,False
Ellendale,ND,997,False
Loyalton,CA,997,False
Mantorville,MN,997,False
Tabor,IA,997,False
White Lake,NC,997,False
Lawtell,LA,997,False
Volcano Golf Course,HI,996,False
Calvert,TX,996,False
Garland,NC,996,False
Bow Mar,CO,996,False
East Sparta,OH,996,False
Ruby,NY,996,False
Painted Hills,IN,996,False
Buffalo,IA,995,False
Lilbourn,MO,995,False
Boonville,CA,995,False
Ship Bottom,NJ,995,False
Greenleaf,ID,995,False
Lake Koshkonong,WI,995,False
Keystone,CO,995,False
Forkland,AL,995,False
Wakefield,KS,995,False
Pine Plains,NY,994,False
Lake Quivira,KS,994,False
Sprague,WV,994,False
Larchwood,IA,993,False
Masaryktown,FL,993,False
Martin's Additions,MD,993,False
Oppelo,AR,993,False
Elloree,SC,993,False
St. Mary's,AK,992,False
Rochelle,GA,992,False
Telford,TN,992,False
Woods Hole,MA,992,False
Mountain City,GA,991,False
Marlborough,NH,991,False
New Salem,PA,991,False
Redstone Arsenal,AL,991,False
Laurie,MO,991,False
Groveton,TX,991,False
North Hills,WV,991,False
Goodland,IN,991,False
La France,SC,991,False
Lavalette,WV,991,False
Chumuckla,FL,991,False
Sedan,KS,991,False
Watkins,CO,991,False
De Smet,SD,990,False
Walnut,IA,990,False
Bronte,TX,989,False
Ninnekah,OK,989,False
Redwater,TX,989,False
Gordon,PA,989,False
Aynor,SC,989,False
Powell,AL,989,False
Arnolds Park,IA,989,False
Dresser,WI,988,False
Hackberry,LA,988,False
Southwest City,MO,988,False
Amherst,WI,988,False
Ansonia,OH,988,False
Ohatchee,AL,988,False
Pickett,OK,988,False
Pala,CA,988,False
Knights Landing,CA,987,False
Pughtown,PA,987,False
Taft Mosswood,CA,987,False
Ames,TX,987,False
Garrison,TX,987,False
Woodward,IA,987,False
St. Paul,TX,986,False
Loma Linda,MO,986,False
Rockford,OH,986,False
Prentiss,MS,985,False
Tully,NY,985,False
Guernsey,WY,985,False
Housatonic,MA,985,False
Roslyn Harbor,NY,984,False
Rapids City,IL,984,False
Roan Mountain,TN,984,False
Cañoncito,NM,984,False
Beasley,TX,984,False
Coffeeville,MS,984,False
Fall Branch,TN,984,False
Despard,WV,983,False
Richmondville,NY,983,False
Underwood,IA,983,False
Story,WY,983,False
Berry,AL,983,False
Drexel,MO,983,False
Belmont,WI,983,False
Orleans,VT,983,False
Foots Creek,OR,983,False
Clendenin,WV,982,False
Boothbay Harbor,ME,982,False
Baileyton,AL,982,False
Blue Ridge,TX,982,False
Diamond,MO,982,False
Eagleville,TN,982,False
Sandoval,IL,982,False
Cave Spring,GA,982,False
Madisonville,LA,981,False
Honalo,HI,981,False
Liberty Center,OH,981,False
French Settlement,LA,981,False
Accomac,VA,981,False
Higginson,AR,981,False
Paw Paw,IL,981,False
Yermo,CA,981,False
Sidney,IL,980,False
Bayside Gardens,OR,980,False
McNary,AZ,980,False
Hooper,NE,980,False
Allison,IA,980,False
Lake Kathryn,FL,980,False
Pond Creek,OK,980,False
Marion Center,MA,980,False
Clarkfield,MN,980,False
Laurel,NY,980,False
Port Republic,NJ,980,False
Lake Park,GA,980,False
Loup City,NE,980,False
New Market,PA,979,False
Richland,MI,979,False
Atwood,IL,979,False
Fairview,MT,979,False
Royalton,PA,979,False
Hobson City,AL,978,False
Wink,TX,978,False
Hide-A-Way Hills,OH,978,False
Minturn,CO,978,False
Barker Heights,NC,978,False
Utica,MS,977,False
Potomac Park,MD,976,False
Arapahoe,NE,976,False
Worthing,SD,976,False
Ottoville,OH,976,False
Howard,CO,976,False
Lydia,LA,976,False
South Wallins,KY,976,False
Naples,NY,976,False
Convoy,OH,976,False
Dortches,NC,976,False
Rosiclare,IL,975,False
El Rito,NM,975,False
Kekoskee,WI,975,False
Vaughn,MT,975,False
Alice Acres,TX,975,False
Clarksburg,TN,975,False
Pleasant Hill,TX,975,False
Yemassee,SC,974,False
Cavetown,MD,974,False
Campbell,TX,974,False
Celeste,TX,974,False
Millersport,OH,974,False
Anita,IA,974,False
Harrison,IL,974,False
Crystal Springs,FL,973,False
Wayne City,IL,973,False
Sweet Home,AR,973,False
Pocono Mountain Lake Estates,PA,973,False
Sentinel,OK,973,False
Cateechee,SC,973,False
Brushy,OK,973,False
Alcester,SD,973,False
Vardaman,MS,972,False
Owen,WI,972,False
Greenville,ME,972,False
Agency Village,SD,972,False
Farmington,PA,971,False
Upper Exeter,PA,971,False
Earlston,PA,971,False
Philpot,KY,970,False
Spring Hill,PA,970,False
St. George Island,FL,970,False
Camp Wood,TX,970,False
Castle Hayne,NC,970,False
Stromsburg,NE,970,False
Rio,VA,969,False
Emerald Bay,TX,969,False
Gladbrook,IA,969,False
Jones Valley,CA,969,False
Flint Creek,OK,969,False
Dilworthtown,PA,969,False
Alderson,WV,969,False
Magazine,AR,969,False
Jeffersonville,GA,968,False
Oriental,NC,968,False
Chicora,PA,968,False
Flushing,OH,967,False
Riceboro,GA,967,False
Saegertown,PA,967,False
Hollywood,AL,967,False
Overbrook,KS,967,False
Ranchester,WY,967,False
West Wood,UT,967,False
Converse,IN,967,False
Dakota City,IA,966,False
Dunbar,PA,966,False
South Corning,NY,966,False
Randolph,UT,966,False
Mannsville,OK,966,False
Notasulga,AL,966,False
Cottondale,FL,965,False
Oshkosh,NE,965,False
Minor,AL,965,False
Spaulding,IL,965,False
Gila Crossing,AZ,965,False
Riceville,TN,964,False
Wittenberg,WI,964,False
Ripley,NY,964,False
Glidden,IA,964,False
Galatia,IL,964,False
Oklahoma,PA,964,False
Baconton,GA,964,False
Ninilchik,AK,964,False
Bude,MS,964,False
Silver Lake,IN,963,False
Middlesex,NC,963,False
Clark Fork,ID,963,False
Valley Springs,SD,963,False
Angel Fire,NM,963,False
Whitewater,KS,963,False
Riverpoint,WA,963,False
Hillsboro,MS,962,False
Brady,WA,962,False
Bloomingburg,NY,962,False
Marblehead,OH,962,False
Sunnyside,GA,962,False
Riceville,IA,962,False
Clifton,SC,962,False
North Webster,IN,962,False
Crawford,NE,962,False
Campti,LA,961,False
Dublin,IN,961,False
Courtland,MS,961,False
Louise,TX,961,False
Bauxite,AR,961,False
Acalanes Ridge,CA,961,False
Savoy,TX,961,False
Brook,IN,960,False
Twinsburg Heights,OH,960,False
Lake Nebagamon,WI,960,False
Camden,NC,960,False
Lockwood,MO,960,False
Merrill,IA,960,False
Odin,IL,960,False
Blades,DE,960,False
Greeley Hill,CA,960,False
Buffalo Soapstone,AK,959,False
McCloud,CA,959,False
Chualar,CA,959,False
Mountain Park,GA,959,False
Yorkville,OH,959,False
McElhattan,PA,959,False
Miamitown,OH,959,False
Halaula,HI,959,False
Kendall,WA,959,False
Twin Lakes,NM,959,False
Jonestown,MS,959,False
Colfax,IN,958,False
Williamsport,OH,958,False
Etna,OH,958,False
New Madison,OH,958,False
Vanceboro,NC,958,False
Oakland,SC,958,False
Royal Hawaiian Estates,HI,958,False
Henderson,NE,958,False
Greenfields,PA,957,False
Henderson,MN,957,False
Santa Clara Pueblo,NM,957,False
Borden,IN,957,False
Arthurdale,WV,957,False
Beach,ND,957,False
Kindred,ND,957,False
Stephens,AR,957,False
Bethlehem,NH,957,False
Port Morris,NJ,957,False
Amity,AR,957,False
Dale,SC,957,False
Grantsville,MD,956,False
Bayshore,OR,956,False
Guilford Lake,OH,956,False
Bromley,KY,956,False
Inman Mills,SC,956,False
Boyce,VA,956,False
Christiana,PA,956,False
Laurel,NE,956,False
Schoharie,NY,956,False
Waitsburg,WA,956,False
Kettleman City,CA,956,False
Ashippun,WI,955,False
McCullom Lake,IL,955,False
Augusta,MI,955,False
Rennerdale,PA,955,False
Bellaire,MI,955,False
Carlton,MN,955,False
Essex,IL,955,False
Wister,OK,954,False
Inkom,ID,954,False
Norris Canyon,CA,954,False
Bloomingburg,OH,954,False
Upper Lake,CA,954,False
Eagle Lake,WI,954,False
Stover,MO,954,False
Marion,SD,954,False
Mars Hill,ME,954,False
Laupahoehoe,HI,954,False
Goochland,VA,953,False
Palo Alto,PA,953,False
Greenview,IL,953,False
Cluster Springs,VA,953,False
Danielsville,GA,953,False
Riner,VA,953,False
Grand Meadow,MN,953,False
Hulmeville,PA,953,False
Allgood,AL,953,False
Blue Ball,PA,952,False
Estelline,SD,952,False
Westphalia,MI,952,False
Hymera,IN,952,False
Ostrander,OH,952,False
Morrisville,PA,951,False
Sister Bay,WI,951,False
Wishek,ND,951,False
Blue Hill,ME,950,False
Wadley,AL,950,False
Faison,NC,950,False
Munds Park,AZ,950,False
Greene,ME,950,False
Lake Victoria,MI,950,False
Medora,IN,950,False
Lakeview,AR,949,False
Medford,OK,949,False
Lobelville,TN,949,False
Hamel,IL,948,False
Brookfield,MA,948,False
Danville,IA,948,False
Dovesville,SC,948,False
Welaka,FL,948,False
Coyne Center,IL,948,False
Cedar Flat,CA,948,False
Sidney,IA,948,False
Lanesville,IN,948,False
Highland Holiday,OH,947,False
Woodlawn,NC,947,False
Victor,IA,946,False
Newman Grove,NE,946,False
Quinebaug,CT,946,False
Crescent,LA,946,False
Palestine,IN,946,False
Prospect,PA,946,False
Rural Valley,PA,946,False
Linesville,PA,946,False
Jekyll Island,GA,946,False
Exeter,MO,946,False
Nelson,GA,946,False
Tuttletown,CA,946,False
Wagram,NC,946,False
Mountainaire,AZ,945,False
Unadilla,NY,945,False
Lake Andes,SD,945,False
Knappa,OR,945,False
Troy,ID,945,False
Horine,MO,945,False
Magnolia,NC,944,False
Bellemeade,KY,944,False
Sykesville,PA,944,False
Andrews,FL,944,False
Ellenboro,NC,944,False
Crosswicks,NJ,944,False
Pawnee City,NE,944,False
McLean,TX,943,False
Brooklyn,MI,943,False
Lake George,NY,943,False
Nemacolin,PA,943,False
Upton,WY,943,False
DeSales University,PA,942,False
Logan,NM,942,False
Wild Rose,WI,942,False
Stonington,CT,942,False
Mitchell,IL,942,False
Leesburg,IN,942,False
Turtle Lake,WI,942,False
Hesperia,MI,941,False
Hospers,IA,941,False
Aurelia,IA,941,False
Rand,WV,941,False
North Tunica,MS,941,False
Rocky Point,NC,940,False
Cedar Key,FL,940,False
Union Bridge,MD,939,False
New Salem,ND,939,False
Klondike Corner,NH,939,False
Toughkenamon,PA,939,False
Inverness,MS,939,False
Francesville,IN,939,False
Califon,NJ,939,False
Footville,WI,939,False
Fallon Station,NV,938,False
Stateline,NV,938,False
Briar Creek,PA,938,False
Plandome Heights,NY,938,False
Mayfield,NY,938,False
Burwell,NE,938,False
Franklin,GA,938,False
McKinley Heights,OH,938,False
Flanagan,IL,938,False
Linn Valley,KS,938,False
Walker,MN,937,False
Rocky Boy West,MT,937,False
Fairacres,NM,937,False
Round Hill Village,NV,936,False
Bigelow Corners,CT,936,False
Hinton,IA,936,False
Northwood,ND,936,False
Crescent Beach,FL,936,False
Mississippi Valley State University,MS,936,False
Killbuck,OH,936,False
Manassa,CO,936,False
Clarence,MO,936,False
West Bend,IA,936,False
Woodridge,NY,936,False
Bolton,MS,936,False
Fremont,NC,935,False
Hauser,ID,935,False
Van Buren,IN,935,False
Carnesville,GA,935,False
Morrisonville,IL,935,False
Witt,IL,935,False
Jarratt,VA,935,False
Offerman,GA,935,False
Meigs,GA,934,False
Blue Mound,IL,934,False
Charlestown,NH,934,False
St. Paul,IN,934,False
Pinopolis,SC,933,False
Centuria,WI,933,False
Trinidad,TX,933,False
Bingen,WA,933,False
Pound,VA,933,False
Schleswig,IA,933,False
Germania,NJ,933,False
Langdon Place,KY,933,False
Cammack Village,AR,933,False
Stephenson,MI,933,False
McLeansville,NC,933,False
Carlsborg,WA,932,False
Utica,IN,932,False
Cheyenne Wells,CO,932,False
Glenvar,VA,932,False
Cedar Hill,NM,931,False
Craigsville,VA,931,False
Waterloo,NE,931,False
Wilmington,NY,931,False
Oquawka,IL,930,False
Morgantown,MS,930,False
Allen,OK,930,False
Oak Grove,AL,930,False
Howard,SD,930,False
Au Gres,MI,930,False
Hugo,CO,929,False
Ore City,TX,929,False
Napoleon,MI,929,False
Fairton,NJ,929,False
Texhoma,OK,929,False
Kenansville,NC,929,False
Shellman,GA,928,False
Rutland,OH,928,False
Meadowview,VA,928,False
West Cape May,NJ,927,False
Springer,NM,927,False
Weeki Wachee Gardens,FL,927,False
Ridge Farm,IL,927,False
Highland,MD,927,False
Brantley,AL,927,False
New Hope,VA,927,False
Malott,WA,927,False
Allen,SD,926,False
Chase,PA,926,False
Hyndman,PA,926,False
Schroon Lake,NY,926,False
Oakland,IL,926,False
Sullivan,OH,926,False
Mesa Verde,CA,926,False
Reid Hope King,TX,926,False
Truesdale,MO,926,False
Roseville,IL,925,False
Palenville,NY,925,False
Buffalo Center,IA,925,False
De Soto,IA,925,False
Jonesville,SC,925,False
Fort Davis,TX,924,False
Harris,MN,924,False
Klamath,CA,924,False
Mechanicsville,IA,924,False
Grantwood Village,MO,924,False
Start,LA,924,False
Winding Cypress,FL,924,False
Trumbauersville,PA,924,False
New Hope,NC,924,False
Dash Point,WA,923,False
Cleveland,MO,923,False
Avoca,NY,923,False
Mapleton,IA,923,False
Castine,ME,923,False
Stebbins,CA,923,False
Meadow Vale,KY,922,False
Oregon,MO,922,False
Inyokern,CA,922,False
Oxford,AR,922,False
York Springs,PA,922,False
Springport,MI,921,False
Metolius,OR,921,False
Upper Bear Creek,CO,921,False
Ramsey,IL,921,False
Coalmont,TN,921,False
Swayzee,IN,921,False
Keosauqua,IA,921,False
New Hamburg,NY,921,False
Shoreham,MI,921,False
Buras,LA,921,False
Benkelman,NE,921,False
Richfield,NC,921,False
Lake View,IA,920,False
Minersville,UT,920,False
Ector,TX,920,False
Roy,WA,920,False
Mayer,AZ,920,False
Troy,NH,920,False
Sunol,CA,920,False
Glasgow,OR,920,False
Eden Roc,HI,920,False
Donnellson,IA,920,False
Elwood,NJ,919,False
Sanbornville,NH,919,False
Ulm,MT,919,False
Theresa,NY,919,False
Cedar Crest,NM,919,False
Meredosia,IL,919,False
Midway,PA,919,False
Ridgeside,TN,919,False
Merryville,LA,918,False
Liverpool,PA,918,False
Lake Michigan Beach,MI,918,False
Fabrica,TX,918,False
Beaver,WV,918,False
Shalimar,FL,918,False
Big Point,MS,918,False
East Mountain,TX,918,False
Oscoda,MI,918,False
Vineyard Lake,MI,918,False
Coleman,FL,918,False
Downsville,MD,918,False
Deerfield,MI,917,False
East Newnan,GA,917,False
Rison,AR,917,False
Haxtun,CO,917,False
Sugar Notch,PA,917,False
Luttrell,TN,917,False
Punaluu,HI,917,False
Madison,KS,917,False
Alhambra Valley,CA,917,False
Dyer,AR,917,False
Orangeville,IL,917,False
Addison (Webster Springs),WV,917,False
Red Cloud,NE,917,False
The Ponds,NJ,917,False
Amelia Court House,VA,916,False
West Marion,NC,916,False
Philadelphia,TN,916,False
North,SC,916,False
Glenmoore,PA,916,False
Decaturville,TN,916,False
Doniphan,NE,916,False
Philadelphia,NY,915,False
Stockton,UT,915,False
Krotz Springs,LA,915,False
Loreauville,LA,915,False
Reile's Acres,ND,914,False
White Deer,TX,914,False
Coon Valley,WI,914,False
Scottsmoor,FL,914,False
Toksook Bay,AK,914,False
Philipsburg,MT,914,False
North Haven,NY,913,False
Pleasant View Village,IN,913,False
Lebec,CA,913,False
West Point,IA,913,False
Morristown,MN,912,False
Grandfield,OK,912,False
Bessemer,PA,912,False
Kanawha,IA,912,False
La Vina,CA,912,False
Canon,GA,912,False
Tonasket,WA,912,False
Dickeyville,WI,911,False
Walthill,NE,911,False
Patoka,IN,911,False
Stockertown,PA,911,False
Mossyrock,WA,911,False
Bloomsdale,MO,911,False
Lompico,CA,911,False
Akutan,AK,911,False
Niederwald,TX,911,False
Seneca,PA,911,False
Gary,WV,910,False
South Lansing,NY,910,False
Eureka,SD,910,False
Otisville,MI,910,False
Walhalla,ND,910,False
Plantersville,MS,910,False
Mansfield,IL,910,False
Teton,ID,909,False
Benton,KS,909,False
New Holland,OH,909,False
Crystal,MI,909,False
New Bloomfield,MO,909,False
Odell,IL,909,False
Northfield,MA,908,False
Deer River,MN,908,False
Pleasant Hill,IL,908,False
Stamping Ground,KY,908,False
Archer,FL,908,False
Lynn,AL,908,False
Seelyville,IN,907,False
Butte des Morts,WI,907,False
Essex,IA,907,False
Bechtelsville,PA,907,False
Aplington,IA,907,False
Crofton,NE,907,False
Knoxville,PA,906,False
Goodfield,IL,906,False
East Butler,PA,906,False
East Conemaugh,PA,906,False
Seligman,MO,906,False
Hubbard Lake,MI,906,False
Wedowee,AL,906,False
Hot Sulphur Springs,CO,906,False
Teton Village,WY,906,False
Sunrise Beach Village,TX,905,False
Merrill,OR,905,False
Castleton,VT,905,False
Greers Ferry,AR,905,False
Pinesdale,MT,904,False
St. Jo,TX,904,False
Altamont,TN,904,False
Deer Trail,CO,904,False
Virginia City,NV,904,False
Lake Colorado City,TX,903,False
Rib Lake,WI,903,False
Grand Isle,LA,903,False
Mooresburg,TN,903,False
St. Charles,IA,903,False
Callender Lake,TX,903,False
Hartrandt,WY,903,False
Cuba,IL,903,False
Edwards,MS,903,False
Edon,OH,902,False
Central,UT,902,False
Hernandez,NM,902,False
Quinter,KS,902,False
Misericordia University,PA,901,False
Newton,UT,901,False
Arnold,NE,901,False
Rosendale,NY,901,False
Bethel Springs,TN,901,False
Mazeppa,MN,901,False
Benton,WI,901,False
Winfall,NC,900,False
North Gate,CA,900,False
Nickerson,KS,900,False
Argenta,IL,900,False
Falls City,TX,900,False
Pembroke,KY,900,False
Roseboro,NC,900,False
Blowing Rock,NC,900,False
New Washington,OH,900,False
Hayneville,AL,900,False
Bell Hill,WA,900,False
Montezuma,IN,900,False
Browerville,MN,899,False
Horatio,AR,899,False
Zia Pueblo,NM,899,False
McConnell,WV,899,False
Ocean View,NJ,898,False
Spring Ridge,PA,898,False
Aurora,UT,898,False
Oakman,AL,898,False
Seabeck,WA,898,False
Hastings,FL,898,False
Log Cabin,TX,898,False
Merrill,MI,898,False
Gibson,GA,898,False
Knox City,TX,898,False
Doerun,GA,897,False
Bath (Berkeley Springs),WV,897,False
Fowlkes,TN,897,False
Quinby,SC,897,False
La Fontaine,IN,897,False
Port Orford,OR,897,False
Wilroads Gardens,KS,897,False
Henry Fork,VA,897,False
New Waterford,OH,897,False
Scranton,SC,897,False
Schurz,NV,896,False
Baltic,OH,896,False
Newellton,LA,896,False
Cannon Ball,ND,896,False
Patagonia,AZ,896,False
Baroda,MI,896,False
Hoonah,AK,896,False
Rushmere,VA,896,False
Wamac,IL,896,False
Addyston,OH,896,False
Pineville,MO,895,False
Rockford,IA,895,False
Whiting,IA,894,False
Carlls Corner,NJ,894,False
Arcadia,IA,894,False
Mount Sidney,VA,894,False
East Tawakoni,TX,893,False
Bremond,TX,893,False
Maysville,NC,893,False
St. Wendel,IN,893,False
Whitecone,AZ,892,False
George,WA,892,False
Livermore,KY,892,False
Vader,WA,892,False
Newell,IA,892,False
Selma,OR,892,False
Hannawa Falls,NY,892,False
Lower Brule,SD,892,False
Houston,MN,892,False
Alpine,WY,891,False
Emerson,NE,891,False
Flat Top Mountain,TN,891,False
Mescalero,NM,891,False
Minatare,NE,891,False
Little Falls,ME,891,False
Hungry Horse,MT,891,False
Pleasant Ridge,KY,890,False
Cherokee,AL,890,False
Plantation,KY,890,False
Naalehu,HI,890,False
Clyde,KS,889,False
Jackson Heights,NC,889,False
Bowman,GA,889,False
Bridger,MT,889,False
Spring Valley CDP (Lake County),CA,889,False
Chappell,NE,889,False
Hills,IA,889,False
Diamond City,AR,888,False
Cottonwood Falls,KS,888,False
Pine Lake,GA,888,False
New Hope,TX,888,False
Garrison,KY,888,False
Ryland Heights,KY,888,False
JAARS,NC,887,False
Lenox,GA,887,False
Kykotsmovi Village,AZ,887,False
Davidsville,PA,887,False
Woodsburgh,NY,887,False
Stone Harbor,NJ,887,False
Central Lake,MI,887,False
Brooklyn,CT,886,False
Linton,ND,886,False
Shiocton,WI,886,False
Wisner,LA,886,False
Lakeville,CT,886,False
Cedar Grove,NM,886,False
Copan,OK,886,False
Mifflintown,PA,886,False
Elk Run Heights,IA,886,False
Gallatin Gateway,MT,886,False
Quinton,OK,886,False
Cambridge,IA,885,False
Mertzon,TX,885,False
Portville,NY,885,False
Victor,MT,885,False
Eden,UT,885,False
Glasford,IL,885,False
Pecos,NM,885,False
Mountain Village,AK,884,False
Teec Nos Pos,AZ,884,False
Troy,MT,884,False
Conway,NC,884,False
Rockport,AR,884,False
Edisto Beach,SC,884,False
Bradley,ME,884,False
Evadale,TX,883,False
Flat Lick,KY,883,False
Keota,IA,883,False
Milltown,IN,883,False
Hi-Nella,NJ,883,False
Clay City,IL,883,False
Waverly,MO,883,False
Blue Hill,NE,883,False
Golinda,TX,883,False
Vassar,KS,882,False
Dennis,TX,882,False
Chain O' Lakes,WI,882,False
Pittsville,WI,882,False
Auburndale,WI,882,False
Princeton,IA,882,False
Cissna Park,IL,882,False
Palmer,TN,882,False
Marrowstone,WA,882,False
Nortonville,KY,882,False
Martin Lake,MN,882,False
West Mansfield,OH,882,False
Stonewall,MS,881,False
Malin,OR,881,False
Lucerne Mines,PA,881,False
Lewisville,AR,881,False
Forest Park,OK,881,False
Shinglehouse,PA,880,False
Sherwood Shores,TX,880,False
Valders,WI,880,False
Sunbright,TN,880,False
Alpaugh,CA,880,False
Chadwicks,NY,880,False
New Castle,KY,880,False
Fairfax,VT,880,False
McGill,NV,879,False
Inwood,IA,879,False
Heritage Bay,FL,879,False
Arlington,WI,879,False
Potter Lake,WI,879,False
Salem,KY,879,False
Harleyville,SC,879,False
Duncan,AZ,879,False
Menno,SD,878,False
Cecilton,MD,878,False
Lorenzo,TX,878,False
Silverado,CA,878,False
Hoagland,IN,878,False
Hancock,NY,878,False
Curtisville,PA,877,False
Pringle,PA,877,False
Innsbrook,MO,877,False
Plattsville,CT,876,False
Russellville,MO,876,False
Montgomery,LA,876,False
Germanton,NC,876,False
Highpoint,OH,876,False
Humboldt,NE,876,False
Potlatch,ID,876,False
New Bedford,PA,875,False
Olin,IA,875,False
Worden,IL,875,False
Hayden,IN,875,False
Washburn,ME,875,False
Highland,WI,875,False
Whitewood,SD,875,False
Peggs,OK,875,False
Riley,KS,875,False
Cooleemee,NC,875,False
Chapmanville,WV,875,False
Bulls Gap,TN,875,False
Buckley,MI,874,False
Fort Hunter Liggett,CA,874,False
Brinnon,WA,874,False
Kinmundy,IL,874,False
Chauncey,OH,874,False
Evarts,KY,874,False
Lockesburg,AR,874,False
Nicollet,MN,873,False
West Concord,MN,873,False
Oxford,KS,873,False
Van Wyck,SC,873,False
Branford,FL,873,False
Walnut Grove,AL,873,False
May Creek,WA,873,False
Shipshewana,IN,873,False
Odebolt,IA,873,False
Sandy Springs,SC,873,False
Thornton,CA,873,False
Bear River,WY,873,False
Paullina,IA,873,False
Texico,NM,873,False
Williamsdale,OH,872,False
Maud,OK,872,False
Lisbon,NH,872,False
Woodbury,GA,872,False
Frisco,PA,872,False
Superior,MT,872,False
South New Castle,PA,872,False
Satanta,KS,872,False
Earlville,IA,871,False
Arcadia Lakes,SC,871,False
Liberty,MS,871,False
Browning,MT,871,False
Lake Tapawingo,MO,871,False
Dayton,WY,871,False
Whitelaw,WI,871,False
Primghar,IA,870,False
Talihina,OK,870,False
Morgan,MN,870,False
Lewiston,MI,869,False
New Vernon,NJ,869,False
Bloomville,OH,869,False
Winnebago,NE,869,False
Wickes,AR,869,False
Sharon Springs,KS,869,False
Norfolk,NY,869,False
Hometown,WV,869,False
Indian Springs,TX,869,False
La Union,NM,869,False
Mount Crested Butte,CO,869,False
Absarokee,MT,869,False
Laurel Hill,NC,869,False
Ola,AR,869,False
Moulton,TX,868,False
Brady Lake,OH,868,False
McKinney Acres,TX,868,False
Scranton,KS,868,False
Elberfeld,IN,868,False
Crab Orchard,TN,868,False
Midvale,OH,868,False
Warrenton,NC,867,False
Poncha Springs,CO,867,False
Sheridan,MI,867,False
Monroe City,IN,867,False
Lake Hughes,CA,867,False
Kearney Park,MS,867,False
Greenleaf,WI,867,False
Pleasant Hill,NC,867,False
Sheridan,MT,867,False
Mentone,IN,867,False
Campobello,SC,866,False
Jupiter Island,FL,866,False
Memphis,IN,866,False
Grayhawk,MO,866,False
Wheatland,IA,866,False
Lake Arrowhead,WI,866,False
Challenge-Brownsville,CA,866,False
Lake Panorama,IA,866,False
South Vinemont,AL,865,False
Tresckow,PA,865,False
Walworth,NY,865,False
Kirklin,IN,865,False
Harrisville,PA,865,False
Stony Creek Mills,PA,865,False
Healy,AK,865,False
Huntington,MA,865,False
Goshen,UT,865,False
Belmont,NY,865,False
South Fork,PA,864,False
Lecompton,KS,864,False
Breesport,NY,864,False
Blue Mounds,WI,864,False
Seabrook Beach,NH,864,False
Crenshaw,MS,864,False
Tumbling Shoals,AR,864,False
Harold,FL,863,False
Livingston Manor,NY,863,False
Beauxart Gardens,TX,863,False
Plymptonville,PA,863,False
Fleming-Neon,KY,862,False
East Tulare Villa,CA,862,False
Crocker,MO,862,False
Norwood,MO,862,False
Cloudcroft,NM,862,False
McKee,KY,862,False
Alanson,MI,862,False
Burlingame,KS,862,False
Millerton,NY,862,False
Harwick,PA,862,False
Oxford,NE,862,False
Roxie,MS,861,False
Nauvoo,IL,861,False
Funkstown,MD,861,False
Gillis,LA,860,False
Junction City,OH,860,False
Dunkerton,IA,860,False
Burneyville,OK,860,False
Scio,OR,860,False
Bloomsbury,NJ,860,False
Spring Valley,KY,859,False
Rocky Ridge,UT,859,False
Selma,IN,859,False
Sutton,WV,859,False
Candor,NY,859,False
Hoboken,GA,858,False
Dunseith,ND,858,False
Randolph,NY,858,False
Tickfaw,LA,857,False
Dufur,OR,857,False
Stockbridge,WI,857,False
Paragon Estates,CO,857,False
Jacumba,CA,857,False
St. Nazianz,WI,857,False
Beaumont,MS,857,False
Page Park,FL,856,False
Franklin,ID,856,False
Auxier,KY,856,False
Brunswick,MO,856,False
Floyd Hill,CO,856,False
Sylvan Beach,NY,856,False
Rio Grande,OH,856,False
Simonton,TX,856,False
Hingham,WI,855,False
Shawnee Hills,OH,855,False
Montezuma,KS,855,False
Ridgecrest,LA,855,False
New Columbia,PA,855,False
Patterson Springs,NC,854,False
Gowrie,IA,854,False
Billings,MO,854,False
Blue Ridge Manor,KY,854,False
Salem,NY,854,False
South Mount Vernon,OH,853,False
Cole,OK,853,False
Lime Ridge,PA,853,False
Waiahole-Waikane,HI,853,False
Geary,OK,853,False
Monroe,OR,853,False
McRae,AR,853,False
Ringling,OK,853,False
Beaver Creek,TX,853,False
Plain Dealing,LA,853,False
Wheatfield,IN,853,False
Nina,TX,852,False
Grawn,MI,852,False
Corfu,NY,852,False
North Perry,OH,852,False
Bassett,VA,852,False
Montandon,PA,852,False
Dorchester,WI,852,False
Ossineke,MI,852,False
Pocono Springs,PA,852,False
Hilldale,PA,852,False
Tribune,KS,852,False
Dolores,CO,852,False
Ponemah,MN,852,False
Crawford,TX,852,False
Gwinner,ND,852,False
Columbus,PA,851,False
Export,PA,851,False
Quapaw,OK,851,False
Clarence,PA,851,False
Moreauville,LA,850,False
Independence,CA,850,False
Russellville,TN,850,False
Abbottstown,PA,850,False
Alfred,ME,850,False
East Bernstadt,KY,850,False
Wheelwright,KY,850,False
Las Palmas II,TX,850,False
Lake Madison,SD,850,False
Port Gamble Tribal Community,WA,850,False
Coolidge,TX,850,False
Smith River,CA,849,False
Petaluma Center,CA,849,False
Velda Village Hills,MO,849,False
Cleveland,NY,849,False
Powderly,KY,849,False
Gaston,NC,849,False
Winfield,PA,849,False
Glenwillow,OH,849,False
Hanover,IL,849,False
Chilchinbito,AZ,849,False
Alleghenyville,PA,849,False
Sunset Lake,NJ,849,False
Rockford,TN,849,False
Nittany,PA,849,False
Benjamin,UT,848,False
Havre North,MT,848,False
Gulf Stream,FL,848,False
Bunker Hill,IN,848,False
Bloomfield,NE,847,False
Ossian,IA,847,False
Exira,IA,847,False
Hollister,NC,847,False
Evansville,IL,847,False
Centerville,SD,846,False
Arlington,SD,846,False
Redmond,UT,846,False
La Center,KY,846,False
Dallas City,IL,846,False
Pine Hill,AL,846,False
Belgrade,MN,846,False
Burrton,KS,846,False
Black Rock,AR,846,False
Lake St. Clair,MO,845,False
Rockford,AL,845,False
Keefton,OK,845,False
San Jose CDP (Rio Arriba County),NM,845,False
Pine River,MN,845,False
Otego,NY,845,False
New Bethlehem,PA,845,False
Union Grove,TX,844,False
Salem,NM,844,False
Galeton,PA,844,False
West Pittsburg,PA,844,False
Dulac,LA,844,False
Schaller,IA,844,False
Miner,MO,844,False
Albany,OH,844,False
Maury City,TN,844,False
Hewitt,WI,844,False
West Winfield,NY,843,False
Napanoch,NY,843,False
Canyon Creek,TX,843,False
Frankford,DE,842,False
Togiak,AK,842,False
Temple,OK,842,False
The Cliffs Valley,SC,842,False
Alliance,NC,842,False
Brandon,WI,842,False
McIntosh,MN,842,False
Orebank,TN,842,False
Chamita,NM,841,False
Lockport Heights,IL,841,False
Russia,OH,841,False
Blue Lake,CA,841,False
Mortons Gap,KY,841,False
Ponderosa Pines,MT,841,False
Nassau Lake,NY,840,False
Waterloo,CA,840,False
Reeds Spring,MO,840,False
Caliente,NV,840,False
Duck Hill,MS,840,False
Challis,ID,840,False
Groveton,NH,839,False
Alexandria,SD,839,False
Morehouse,MO,839,False
Spencer,NY,839,False
Norwich,VT,839,False
New Hope,TN,839,False
Tribes Hill,NY,838,False
Raleigh,FL,838,False
Smithers,WV,838,False
Funston,GA,838,False
Colo,IA,838,False
Colman,SD,838,False
Hargill,TX,838,False
St. Lucie Village,FL,838,False
Kerkhoven,MN,837,False
Anson,ME,837,False
Lakeview,LA,837,False
Hondah,AZ,837,False
Meyers Lake,OH,837,False
Beavertown,PA,837,False
Indian Springs,NV,837,False
Geyserville,CA,837,False
Bernville,PA,837,False
Matlacha,FL,837,False
Kernville,CA,836,False
Hackett,AR,836,False
Dover,MN,836,False
Remington,VA,836,False
Mackinac Island,MI,836,False
Eastview,TN,835,False
Allenton,WI,835,False
Gainesville,MO,835,False
Buffalo City,WI,835,False
Inez,KY,835,False
Deer Park,CA,835,False
Lone Rock,WI,834,False
Los Alamos,CA,834,False
Shellsburg,IA,834,False
Willow Lake,IL,834,False
Canyon City,OR,834,False
Algoma,MS,834,False
South Windham,ME,834,False
Penn State Berks,PA,834,False
Chesterfield,TN,834,False
Lebo,KS,834,False
Holiday Lakes,TX,834,False
Balsam Lake,WI,834,False
Jasper,MO,833,False
Calhoun,KY,833,False
Egan,LA,833,False
Houtzdale,PA,833,False
Greendale,MO,833,False
John Sevier,TN,833,False
Kilmichael,MS,833,False
Bearden,AR,833,False
Friendship,NY,833,False
Moscow,TN,832,False
Running Y Ranch,OR,832,False
Ringoes,NJ,832,False
Dorris,CA,832,False
West Union,WV,832,False
Green Valley CDP (Los Angeles County),CA,832,False
Welcome,LA,832,False
Westbrook,MN,832,False
Dillon,CO,831,False
Chums Corner,MI,831,False
Mounds,IL,831,False
Calmar,IA,831,False
Grand Coteau,LA,831,False
Amenia,NY,831,False
Watkins,MN,831,False
Battle Creek,IA,830,False
Hubbard,IA,830,False
Norwood Court,MO,830,False
La Veta,CO,830,False
Alden,IA,830,False
Paradise,UT,830,False
Pentwater,MI,830,False
Middlebourne,WV,830,False
Jefferson,SC,830,False
Varnamtown,NC,830,False
Argyle,WI,830,False
Wickliffe,OK,829,False
Lyndonville,NY,829,False
Lanesboro,MN,829,False
Hoffman,NC,829,False
Lamberton,MN,828,False
Alburnett,IA,828,False
East Stone Gap,VA,828,False
Section,AL,828,False
Ashkum,IL,828,False
Adair,IA,828,False
Nunapitchuk,AK,827,False
Colcord,OK,827,False
Glendale,OR,827,False
Roslyn,WA,827,False
Edgemont,SD,827,False
Ferguson,KY,827,False
Wayne Lakes,OH,827,False
Cedarville,MD,827,False
Petersburg,TX,827,False
Leadington,MO,827,False
Gifford,IL,827,False
Kenesaw,NE,826,False
Osmond,WY,826,False
Tilghman Island,MD,826,False
West Warren,MA,826,False
North English,IA,826,False
Reeseville,WI,826,False
Oceanville,NJ,826,False
Waverly,IN,826,False
Arena,WI,825,False
Efland,NC,825,False
New Harmony,IN,825,False
Anna Maria,FL,825,False
Troy,KS,825,False
Dollars Corner,WA,824,False
Dennisville,NJ,824,False
Belmont,WV,824,False
Hopewell Junction,NY,824,False
Dayton,IA,824,False
Tilden,IL,824,False
State Line,MS,824,False
Grand Ridge,FL,824,False
Fern Forest,HI,824,False
Blacklake,CA,824,False
Mount Vernon,MD,824,False
Welcome,MN,824,False
Gibbon,MN,824,False
Mankato,KS,824,False
North San Pedro,TX,824,False
Ryan,OK,824,False
Ubly,MI,824,False
Darbydale,OH,823,False
Savoonga,AK,823,False
Pepin,WI,823,False
Taholah,WA,823,False
Meadow,TX,823,False
Bartelso,IL,822,False
Round Lake,NY,822,False
Knik River,AK,822,False
Stratford,IA,822,False
Silver Lake,MN,822,False
Madrid,NY,822,False
Davis,WV,822,False
Clarkton,NC,822,False
Carrolltown,PA,822,False
Freeport,MN,822,False
Trout Lake,WA,822,False
Illiopolis,IL,822,False
Littleville,AL,821,False
Kinsman Center,OH,821,False
Potomac,IL,821,False
North Irwin,PA,820,False
Burr Oak,MI,820,False
Tuntutuliak,AK,820,False
Taylortown,NC,820,False
Puryear,TN,820,False
Ricardo,TX,819,False
Silver City,NC,819,False
Willow Valley,AZ,819,False
McClure,OH,819,False
White,GA,819,False
Waldron,IN,819,False
North Haverhill,NH,819,False
Derma,MS,819,False
Washington,LA,819,False
Mountain Gate,CA,819,False
Mason,WV,818,False
Turbotville,PA,818,False
Falcon Heights,OR,818,False
Mount Hope,KS,818,False
Elkville,IL,818,False
Golconda,IL,818,False
Dammeron Valley,UT,817,False
Hills,MN,817,False
Vista West,WY,817,False
Oxford,MD,817,False
Cheyenne,OK,817,False
Denali Park,AK,817,False
Gassaway,WV,817,False
Perryville,KY,817,False
Copake Lake,NY,817,False
Mina,SD,817,False
Point Blank,TX,816,False
Rockwood,PA,816,False
Milford Center,OH,816,False
Preston,MD,816,False
Royal Center,IN,816,False
Elizabeth,IL,816,False
Grove City,MN,816,False
Garrett Park,MD,816,False
Fertile,MN,816,False
Steele,ND,816,False
Cimarron,NM,816,False
Valle Vista,TX,816,False
Queenstown,MD,815,False
Elkton,SD,815,False
White Plains,AL,815,False
Bogue,NC,815,False
Lyons,NE,815,False
Fairchilds,TX,814,False
Sciotodale,OH,814,False
Walnut Grove,CA,814,False
Parker Strip,AZ,814,False
Naches,WA,814,False
Burnsville,MS,814,False
Midway,PA,814,False
Shueyville,IA,813,False
Madison,AR,813,False
Hedrick,IA,813,False
Onaway,MI,813,False
Dunkirk,OH,813,False
Dodson Branch,TN,812,False
Maplesville,AL,812,False
Svensen,OR,812,False
University of Pittsburgh Bradford,PA,812,False
Lenkerville,PA,812,False
Mer Rouge,LA,812,False
Mauna Loa Estates,HI,812,False
Drayton,ND,812,False
Falkner,MS,812,False
Sioux Rapids,IA,812,False
Beckville,TX,811,False
Philo,OH,811,False
New Union,AL,811,False
Stoddard,WI,811,False
Mendon,MI,811,False
Floyd,AR,811,False
Wayne,OK,811,False
Butte Valley,CA,811,False
Belle Terre,NY,811,False
Taylor Ferry,OK,811,False
Pigeon Creek,OH,811,False
Tulelake,CA,811,False
Winona,MO,810,False
East Bank,WV,810,False
Fremont,IA,810,False
Milstead,GA,810,False
Hickman,CA,810,False
Correctionville,IA,810,False
New England,ND,810,False
Redfield,IA,810,False
Pleasant Lake,IN,810,False
Valley Head,AL,810,False
Raymond,IA,810,False
Williamsburg,CO,810,False
Franklin,NE,809,False
Ocean Isle Beach,NC,809,False
Deltaville,VA,809,False
Milltown,WI,809,False
Eureka,UT,809,False
Gilbertown,AL,809,False
Ashton,IL,808,False
Log Lane Village,CO,808,False
Paradise Heights,FL,808,False
Mokelumne Hill,CA,808,False
Stewardson,IL,808,False
Millersburg,KY,808,False
Napoleon,ND,808,False
Ventura,NM,808,False
Pea Ridge,AL,807,False
Disputanta,VA,807,False
Center Point,LA,807,False
Watterson Park,KY,807,False
Mathiston,MS,807,False
Matinecock,NY,806,False
Valley Brook,OK,806,False
Seiling,OK,806,False
Iron Mountain Lake,MO,806,False
Downey,ID,806,False
Lexington,AL,806,False
Komatke,AZ,806,False
Oilton,OK,806,False
Mineral Springs,IN,806,False
Gilbert Creek,WV,805,False
McAlisterville,PA,805,False
Glasgow,WV,805,False
Darlington,IN,805,False
Columbia,AL,805,False
New Berlin,NY,805,False
Valley View,TX,805,False
Pocahontas,IL,804,False
Klawock,AK,804,False
Englewood,PA,804,False
Weir,KS,804,False
Howe,IN,803,False
Erlands Point,WA,803,False
Cooperstown,ND,803,False
Westover Hills,TX,803,False
Mabel,MN,803,False
Osceola,NE,803,False
Belle Vernon,PA,803,False
Tom Bean,TX,803,False
Pearlington,MS,803,False
Morrisdale,PA,803,False
Perrysville,OH,803,False
Wilbur,WA,802,False
Tidioute,PA,802,False
Plumerville,AR,802,False
Derby Center,VT,802,False
Limestone,OK,802,False
Fieldale,VA,802,False
Lyons,IN,802,False
Tivoli,NY,802,False
Ririe,ID,802,False
Hill Country Village,TX,802,False
Lyndon Station,WI,802,False
Woodsdale,OH,802,False
Ashland,KS,802,False
Chassell,MI,801,False
Hallock,MN,801,False
Hooper Bay,AK,801,False
Chesapeake City,MD,801,False
Chama,NM,801,False
Beaver Meadows,PA,801,False
Amanda,OH,801,False
Sheffield,IL,801,False
Heath Springs,SC,800,False
Cranesville,PA,800,False
Williamsburg,NM,800,False
Hunting Valley,OH,800,False
Courtland,MN,800,False
River Road,WA,800,False
Sadsburyville,PA,800,False
Brooksville,MS,799,False
Tecumseh,IN,799,False
Shelby,AL,799,False
Freeburg,PA,799,False
Parks,LA,798,False
Lakeport,MI,798,False
Mound City,IL,798,False
Leeds,UT,798,False
Odessa,WA,798,False
Avella,PA,798,False
Beech Mountain,NC,798,False
Big Sandy,MT,798,False
Marengo,IN,797,False
Kinston,AL,797,False
Brownsdale,MN,797,False
Weston,CT,797,False
Melrose,OR,797,False
Climax,MI,797,False
Thrall,TX,797,False
Chevy Chase Section Five,MD,796,False
New Kent,VA,796,False
Onamia,MN,796,False
Vienna,MO,796,False
Verplanck,NY,796,False
Crab Orchard,KY,796,False
Valle Vista,NM,796,False
Alma,KS,796,False
Riverdale Park,CA,795,False
Chester,MA,795,False
Wildwood,TX,795,False
Oak City,UT,795,False
Grimsley,TN,795,False
Polk,PA,795,False
Arapaho,OK,795,False
Oakley,ID,795,False
Lometa,TX,795,False
Ariton,AL,795,False
Deer Lake,PA,795,False
Joaquin,TX,794,False
Millville,CA,794,False
Liberal,MO,794,False
Olmito,TX,794,False
Horseshoe Bend,ID,794,False
Roseland,IN,794,False
Rocky Hill,NJ,794,False
Vandling,PA,794,False
Matherville,IL,794,False
Nortonville,KS,794,False
Penns Creek,PA,794,False
Le Roy,MN,794,False
Sawmill,AZ,794,False
Tatum,NM,794,False
Buffalo,OH,794,False
Wellston,OK,794,False
Mora,NM,793,False
Reynolds,GA,793,False
Peconic,NY,793,False
Rancho Tehama Reserve,CA,793,False
Walnut Springs,TX,793,False
Edgewater,AL,793,False
Port Sanilac,MI,792,False
Patton Village,CA,792,False
Vineland,MN,792,False
Concrete,WA,792,False
Riegelsville,PA,792,False
Luthersville,GA,792,False
Alpha,IL,792,False
East Herkimer,NY,792,False
Candlewood Shores,CT,792,False
Bluewater,AZ,791,False
Coal Hill,AR,791,False
Magdalena,NM,791,False
Marcy,NY,791,False
Tabernash,CO,791,False
Port O'Connor,TX,791,False
Keiser,AR,791,False
Kezar Falls,ME,791,False
Skyland Estates,VA,791,False
Scobey,MT,791,False
Coggon,IA,791,False
Bovey,MN,791,False
Doe Run,MO,790,False
Annawan,IL,790,False
Adelino,NM,790,False
Garnavillo,IA,790,False
Hinckley,UT,790,False
Hinesburg,VT,790,False
Pinewood,SC,790,False
Hankinson,ND,790,False
Athol,ID,790,False
Le Grand,IA,790,False
Salt Creek,CO,790,False
Windsor,IL,789,False
St. Clair,MN,789,False
Milo,IA,789,False
New Haven,KY,789,False
Greenevers,NC,789,False
Green Acres,ND,789,False
Lindsay,TX,789,False
East Sumter,SC,789,False
Mosses,AL,789,False
Elsinore,UT,788,False
Orrick,MO,788,False
Owensville,OH,788,False
Weir,MS,788,False
Shabbona,IL,788,False
Bridgewater,PA,788,False
Melbourne,IA,788,False
Dugger,IN,788,False
Green River,UT,788,False
Grand View Estates,CO,788,False
Quiogue,NY,787,False
Coleman,WI,787,False
Early,IA,787,False
Kachemak,AK,787,False
Rarity Bay,TN,787,False
Roulette,PA,787,False
Warrenville,SC,786,False
Curtis,NE,786,False
Roachdale,IN,786,False
Tranquillity,CA,786,False
St. Meinrad,IN,786,False
Wallingford,VT,786,False
Gray,ME,786,False
Sunlit Hills,NM,785,False
Kiowa,KS,785,False
Olympian Village,MO,785,False
Lyons,OH,785,False
Melbourne Village,FL,785,False
St. Joseph,TN,785,False
Alger,OH,784,False
Bayview,TX,784,False
Okoboji,IA,784,False
Arbon Valley,ID,784,False
Wiconsico,PA,784,False
Dumont,IA,784,False
San Perlita,TX,784,False
St. Mary of the Woods,IN,784,False
Danville,OH,784,False
La Belle,MO,784,False
Cokeburg,PA,784,False
Ashland,MT,783,False
Loch Lloyd,MO,783,False
Cedarville,CA,783,False
Chatham,LA,783,False
Chenequa,WI,783,False
Lumberport,WV,783,False
Benton,MO,783,False
Morning Sun,IA,783,False
East Prospect,PA,783,False
St. Stephen,MN,782,False
Blue Summit,MO,782,False
Lacona,NY,782,False
Fairplay,CO,782,False
Fish Lake,IN,782,False
Plains,GA,781,False
Gadsden,AZ,781,False
Ainsworth,IA,781,False
Chateaugay,NY,781,False
Axtell,NE,781,False
White Springs,FL,781,False
Wonderland Homes,SD,781,False
Kopperston,WV,780,False
Simsboro,LA,780,False
Pylesville,MD,780,False
Newman,IL,780,False
Ozark Acres,AR,780,False
Medaryville,IN,780,False
Enterprise,KS,780,False
Annetta South,TX,780,False
Clay Center,NE,780,False
Scotland,SD,780,False
Castleton Four Corners,VT,780,False
Cameron,AZ,780,False
Bobtown,PA,780,False
Ringwood,IL,779,False
Afton,OK,779,False
Volente,TX,779,False
Lilesville,NC,779,False
Macy,NE,779,False
Bear River City,UT,779,False
Scribner,NE,779,False
Mariaville Lake,NY,779,False
Levan,UT,779,False
Dubois,WY,778,False
Terramuggus,CT,778,False
Lee,FL,778,False
Gray Court,SC,778,False
Waynetown,IN,778,False
La Moille,IL,778,False
Spur,TX,778,False
Wilson,KS,777,False
Houck,AZ,777,False
Avalon,FL,777,False
McLean,IL,777,False
Lilly,PA,777,False
Grundy,VA,777,False
Corinne,UT,777,False
Fieldbrook,CA,777,False
Lake Tomahawk,OH,777,False
Pleasantville borough (Venango County),PA,777,False
Hollow Rock,TN,777,False
West Point,CA,777,False
Harveysburg,OH,777,False
Marshallville,OH,776,False
Longport,NJ,776,False
Maxwell,IA,776,False
Waco,GA,776,False
Ingleside on the Bay,TX,776,False
Buffalo,IN,776,False
Biron,WI,776,False
Woodlawn Park,KY,776,False
St. Joseph,LA,776,False
Lumpkin,GA,776,False
Moncure,NC,775,False
Dove Creek,CO,775,False
Village of Clarkston,MI,775,False
Mechanicsburg,IL,775,False
Desha,AR,775,False
Moorcroft,WY,775,False
Ponce de Leon,FL,775,False
Coolidge,GA,775,False
North Topsail Beach,NC,775,False
Sandy Lake,PA,775,False
Moapa Town,NV,775,False
Deshler,NE,774,False
Kingston,GA,774,False
Chester,MT,774,False
Franklin,KS,774,False
Hardin,IL,774,False
Wells,TX,774,False
Stoneboro,PA,774,False
Warsaw,MN,774,False
Elkview,WV,774,False
Brookfield,NJ,774,False
Corydon,KY,774,False
Columbiaville,MI,774,False
St. Michaels,AZ,774,False
Williamson,GA,774,False
Cleone,CA,774,False
Pilot Knob,MO,773,False
Deport,TX,773,False
West Lebanon,IN,773,False
Rocky Point,OK,773,False
Morrill,NE,773,False
Fountain City,IN,773,False
Jay,FL,773,False
Atlanta,IN,773,False
Hamlet,IN,773,False
Franklin,AL,773,False
Muniz,TX,772,False
Diablo,CA,772,False
Yachats,OR,772,False
Golden Shores,AZ,772,False
Gibraltar,PA,772,False
Middleton,TN,772,False
Green Valley,IL,772,False
Barataria,LA,772,False
Shepherd,MT,772,False
San Antonito CDP (Bernalillo County),NM,772,False
Rock Island,OK,772,False
Enterprise,UT,772,False
Holly,CO,771,False
Monte Rio,CA,771,False
Golden,IL,771,False
Casco,ME,771,False
Woodhull,IL,771,False
Henning,MN,771,False
Kansas,OK,770,False
Seligman,AZ,770,False
Livingston,IL,770,False
Viborg,SD,770,False
McClellanville,SC,770,False
Hayden Lake,ID,770,False
Pamelia Center,NY,770,False
Cardwell,MO,770,False
Gilbertville,IA,770,False
Crowell,TX,770,False
Walton,IN,770,False
Big Stone City,SD,769,False
Lost City,OK,769,False
Berlin,GA,769,False
Kivalina,AK,769,False
Hubbell,MI,769,False
Northwest,NC,769,False
West Salem,IL,769,False
Newtown,SC,769,False
Hurst,IL,769,False
King City,MO,769,False
Barker Ten Mile,NC,769,False
Hoytsville,UT,769,False
Courtland,AL,769,False
Colton,SD,769,False
Satsop,WA,768,False
Solon Springs,WI,768,False
Montreal,WI,768,False
Richardton,ND,768,False
Pleasantville,OH,768,False
Palestine,AR,768,False
Honeoye,NY,768,False
Ray,ND,768,False
New Chapel Hill,TX,768,False
Poulan,GA,768,False
Fripp Island,SC,767,False
Boswell,OK,767,False
Fillmore,IN,767,False
Damascus,VA,767,False
White Plains,NC,767,False
Mantua,OH,767,False
Bradbury,CA,767,False
Sherrard,IL,766,False
Bowdoinham,ME,766,False
Vienna,NJ,766,False
North Brentwood,MD,766,False
Annabella,UT,766,False
North Middletown,KY,766,False
Kingston,OH,766,False
Parkway,MO,766,False
Matheny,CA,766,False
Bardwell,KY,766,False
Thunderbird Bay,TX,766,False
Trego,MT,766,False
Hennepin,IL,766,False
Kapp Heights,PA,765,False
Wataga,IL,765,False
Adams,MN,765,False
Hopkins,MI,765,False
Brooksville,KY,764,False
Holcomb,MO,764,False
Blooming Grove,TX,764,False
New Berlin,TX,764,False
Waleska,GA,764,False
Bradford,IL,764,False
Biwabik,MN,764,False
Maple Rapids,MI,764,False
La Grange,MO,764,False
Parksley,VA,764,False
New Straitsville,OH,764,False
Highmore,SD,764,False
Ashmore,IL,764,False
Arroyo Colorado Estates,TX,764,False
Rosa,AL,763,False
Bailey's Prairie,TX,763,False
Dexter,NY,763,False
Lake Petersburg,IL,763,False
Hardy,AR,763,False
Caddo Valley,AR,763,False
Sewickley Heights,PA,762,False
Lookingglass,OR,762,False
Sherwood,OH,762,False
Greensboro,FL,762,False
York Haven,PA,762,False
Pomfret,MD,762,False
Birnamwood,WI,762,False
Motley,VA,762,False
Carson,IA,762,False
Interlaken,NJ,762,False
Winter Park,CO,762,False
Empire City,OK,761,False
Pastoria,VA,761,False
Genoa,NE,761,False
Holly Pond,AL,761,False
Canal Lewisville,OH,761,False
Johnson Park,CA,761,False
Durhamville,NY,761,False
Lilydale,MN,761,False
Alton,MO,761,False
Hamer,SC,760,False
Arendtsville,PA,760,False
Keysville,VA,760,False
Waynoka,OK,760,False
Upper Marlboro,MD,759,False
Bryson,TX,759,False
Island Pond,VT,759,False
Linn,TX,759,False
Harwood,ND,759,False
Coulterville,IL,759,False
Soda Bay,CA,759,False
Fairfield,MT,759,False
Pellston,MI,759,False
Menan,ID,759,False
Lake Carroll,IL,758,False
Riviera,TX,758,False
Red Butte,WY,758,False
Stewartsville,MO,758,False
New Hartford,IA,758,False
Black Creek,NC,758,False
Owaneco,IL,758,False
Sunray,OK,758,False
Poplar,MT,758,False
Readlyn,IA,758,False
Cedar Bluffs,NE,757,False
De Kalb,MS,757,False
Agency,MO,757,False
Frenchburg,KY,757,False
Sheffield,PA,757,False
Killdeer,ND,757,False
Georgetown,ID,757,False
Sanford,MI,757,False
Ingold,NC,757,False
Ogden,IL,756,False
Cumby,TX,756,False
Powers,OR,756,False
Springer,OK,756,False
Opal,VA,756,False
Modjeska,CA,756,False
Halifax,PA,756,False
Coahoma,TX,756,False
Leesburg,AL,756,False
Goshen,OH,756,False
Armstrong,IA,755,False
Lime Lake,NY,755,False
Pinedale,NM,755,False
Sarepta,LA,755,False
Bass Lake,OH,755,False
Oaktown,IN,755,False
Carthage,IN,754,False
Midway,AR,754,False
Poestenkill,NY,754,False
Hillside,NY,754,False
Sharptown,MD,754,False
Hebron,ND,754,False
Lake Santee,IN,754,False
Horseshoe Bend,TX,754,False
Willsboro,NY,753,False
Roche Harbor,WA,753,False
Malaga,CA,753,False
Shenandoah Shores,VA,753,False
Nicholson,PA,753,False
Johnson,OK,752,False
White Hall,AL,752,False
Howe,OK,752,False
Brookport,IL,752,False
Cashiers,NC,752,False
Saltsburg,PA,752,False
Bloomington,WI,751,False
Houston Acres,KY,751,False
Loretto,MN,751,False
Adair,OK,751,False
Nevada,OH,751,False
Saugatuck,MI,751,False
New Florence,MO,750,False
Cambria,WI,750,False
La Farge,WI,750,False
Van Horne,IA,750,False
Hightsville,NC,750,False
Foristell,MO,750,False
Cumberland,OK,749,False
Brownstown,IL,749,False
Retreat,TX,749,False
Pinnacle,NC,749,False
Lowden,IA,749,False
Bryant,SD,749,False
Fulton,CA,749,False
Arco,ID,749,False
Hokah,MN,749,False
Las Tusas,NM,749,False
Midway,LA,749,False
Santa Rosa,AZ,749,False
Peletier,NC,749,False
Landfall,MN,748,False
Lakewood,IN,748,False
Happy Valley,AK,748,False
Niantic,IL,748,False
McBain,MI,747,False
Belle Haven,VA,747,False
Andover,NJ,747,False
Raymond,MN,747,False
Pleasant Plains,IL,747,False
Hopedale,IL,747,False
Santa Fe Foothills,NM,747,False
Gibson,NC,747,False
Adairville,KY,747,False
Schaefferstown,PA,747,False
Matador,TX,747,False
Lakewood Village,TX,747,False
Beechmont,KY,747,False
Wallace Ridge,LA,747,False
Crystal Beach,NY,746,False
Washingtonville,OH,746,False
Ruthven,IA,746,False
Tiskilwa,IL,746,False
Ladonia,TX,746,False
Queen Valley,AZ,746,False
Heidelberg,MS,746,False
Red Creek,NY,746,False
Knoxville,AR,746,False
Tyndall AFB,FL,746,False
Rich Square,NC,746,False
New Site,AL,746,False
White Mills,PA,746,False
Elkton,MI,746,False
Greenville CDP (Greene County),NY,746,False
Conneautville,PA,745,False
Isleta,NM,745,False
Crossville,IL,745,False
Tampico,IL,745,False
Sligo,PA,745,False
Clinton,MT,745,False
Wolsey,SD,745,False
Elmwood,NE,744,False
Gardiner,MT,744,False
Bucksport,SC,744,False
Eleva,WI,744,False
Dixonville,PA,744,False
Antwerp,NY,744,False
Battle Lake,MN,744,False
Piper City,IL,744,False
Bradley Junction,FL,743,False
Unalakleet,AK,743,False
Bertrand,MO,743,False
Koppel,PA,743,False
Newland,NC,743,False
Almena,WI,742,False
Alma,WI,742,False
Ridgway,IL,742,False
Rule,TX,742,False
Cullen,LA,742,False
Atwater,OH,742,False
Imboden,AR,742,False
Nassawadox,VA,742,False
Greenwood,MN,742,False
East Bend,NC,741,False
Smithville,MS,741,False
Cinco Bayou,FL,741,False
Sonoita,AZ,741,False
Delano,TN,741,False
Isola,MS,740,False
Frost,TX,740,False
Lake Norden,SD,740,False
Finzel,MD,740,False
Mill Creek,WV,740,False
Logan,KS,740,False
Sanderson,TX,740,False
Windfall City,IN,740,False
Great Cacapon,WV,740,False
Lincoln Park,GA,739,False
Elgin,IA,739,False
Jeffersonville,VT,739,False
Round Valley,CA,739,False
Glenwood,GA,739,False
Yatesville,PA,739,False
Pettit,OK,739,False
Camp Douglas,WI,739,False
Dewar,OK,739,False
Swansea,SC,739,False
Keystone,IA,739,False
Bruce,WI,739,False
Glen Ullin,ND,739,False
New Seabury,MA,738,False
Clarks Grove,MN,738,False
Our Town,AL,738,False
Harmony,IN,737,False
Norris,SC,737,False
Kingsville,OH,737,False
El Refugio,TX,737,False
Linnell Camp,CA,737,False
Ohio City,OH,737,False
Estherwood,LA,737,False
Bradenton Beach,FL,737,False
Ganado,AZ,737,False
Homecroft,IN,737,False
Sterling,OK,737,False
Woods Bay,MT,737,False
Hilltop Lakes,TX,737,False
Walker,IA,737,False
Graford,TX,736,False
South Seaville,NJ,736,False
Laytonsville,MD,736,False
Ennis,MT,736,False
Oak Ridge town (Kaufman County),TX,736,False
South Webster,OH,736,False
Deerfield,KS,736,False
Blairsville,GA,736,False
Kirkwood,IL,735,False
Waterville,KS,735,False
Palmyra,NE,735,False
Triadelphia,WV,735,False
Silver Cliff,CO,735,False
Clifton,ID,735,False
Ironville,KY,735,False
Fountain City,WI,734,False
Normangee,TX,734,False
Castile,NY,734,False
Oretta,LA,734,False
Walnut Grove,MN,734,False
Sunshine,NM,734,False
Freelandville,IN,734,False
Leighton,AL,734,False
Grandview,IN,734,False
Clallam Bay,WA,734,False
Saybrook,IL,734,False
Continental Courts,PA,734,False
Hanna,WY,734,False
Sterrett,AL,733,False
Jennings,FL,733,False
Worcester,NY,733,False
Manilla,IA,733,False
White Earth,MN,733,False
Sycamore,OH,733,False
Pleasant View,PA,733,False
Braceville,IL,733,False
Eva,AL,733,False
Upper Santan Village,AZ,733,False
Millerstown,PA,732,False
Underwood,ND,732,False
Fort Braden,FL,732,False
Kansas,IL,732,False
Fieldsboro,NJ,732,False
Ringtown,PA,732,False
Electric City,WA,732,False
Oneida,IL,732,False
Sunsites,AZ,732,False
Uniontown,KY,732,False
Hana,HI,731,False
Los Luceros,NM,731,False
Cassville,WI,731,False
Duck Key,FL,731,False
Quasqueton,IA,731,False
Edenburg,PA,731,False
Warren,TX,731,False
Berlin Heights,OH,731,False
Mendocino,CA,731,False
Pasadena Park,MO,731,False
Beaver Springs,PA,730,False
Saltillo,TN,730,False
Hickory Flat,MS,730,False
Eldridge,CA,730,False
Quitman,AR,730,False
Hagerman,NM,730,False
Wellsburg,IA,730,False
Porum,OK,729,False
Oljato-Monument Valley,UT,729,False
Central City,AR,729,False
Patterson,GA,729,False
Cohutta,GA,729,False
Lake of the Woods,CA,729,False
Winslow,IN,729,False
Port Royal,PA,729,False
Hillman,MI,729,False
Tipton,OK,729,False
Melville,LA,729,False
Riverton,KS,729,False
Mound City,KS,729,False
Bakersville,NC,728,False
Lost Nation,IL,728,False
Norphlet,AR,728,False
Toomsuba,MS,728,False
Acomita Lake,NM,728,False
Elmore City,OK,728,False
Minden,IA,728,False
Smelterville,ID,728,False
Laurys Station,PA,728,False
Stonington,IL,728,False
Josephville,MO,728,False
Fouke,AR,728,False
Talbotton,GA,728,False
Colmesneil,TX,728,False
Wickliffe,KY,727,False
Mulberry Grove,IL,727,False
Grey Forest,TX,727,False
Peru,NE,727,False
Paris,ID,727,False
Hillcrest,TX,727,False
Miller,MO,727,False
Spring Gardens,TX,727,False
Wauzeka,WI,727,False
Stafford,KS,726,False
Alto Bonito Heights,TX,726,False
Millerton,CA,726,False
McRoberts,KY,726,False
Eden,WI,726,False
Pleasant Hope,MO,726,False
Cherry Tree,OK,726,False
Zena,NY,726,False
Mountain City,TX,726,False
Hartland,MI,725,False
La Tina Ranch,TX,725,False
Avoca,AR,725,False
North High Shoals,GA,725,False
Hancock,MN,725,False
What Cheer,IA,724,False
Sebeka,MN,724,False
Pinckard,AL,724,False
Wallowa,OR,724,False
Bird-in-Hand,PA,724,False
Lake Latonka,PA,724,False
Redland,TX,723,False
Cushing,TX,723,False
Jonesport,ME,723,False
Cartwright,OK,723,False
Stockton,MN,723,False
Oldenburg,IN,723,False
Dahlgren Center,VA,723,False
Copenhagen,NY,723,False
Catheys Valley,CA,723,False
Sugar Grove,VA,723,False
San Ildefonso Pueblo,NM,722,False
Qulin,MO,722,False
Humphrey,NE,722,False
Plain,WI,722,False
Hooversville,PA,722,False
Conway,MO,722,False
Stratton,CO,722,False
Sharpsburg,MD,722,False
Unionville CDP (Chester County),PA,722,False
Lake Eliza,IN,722,False
Driscoll,TX,722,False
Ruby,MI,721,False
Rock Creek,OH,721,False
Clyde,CA,721,False
Ballard,CA,721,False
Hardin,TX,721,False
Penney Farms,FL,721,False
Walnut Grove,MS,721,False
Alba,MO,721,False
Marine on St. Croix,MN,721,False
Stowe,VT,721,False
Middletown,MI,720,False
Boys Town,NE,720,False
Ridge Spring,SC,720,False
Dover,ID,720,False
Sand Rock,AL,720,False
Pearl City,IL,720,False
Mulga,AL,720,False
Valliant,OK,720,False
Van Dyne,WI,720,False
Chamberino,NM,720,False
Gouldsboro,PA,720,False
Calumet,MI,719,False
Boyden,IA,719,False
Meriden,KS,719,False
Brooks,GA,719,False
Cleveland,MN,719,False
McCool Junction,NE,718,False
Crowder,MS,718,False
Eldon,IA,718,False
Jerome,PA,718,False
Wingo,KY,718,False
McIntyre,GA,718,False
Unionville CDP (Butler County),PA,718,False
Lopatcong Overlook,NJ,718,False
Etna,CA,717,False
Moores Hill,IN,717,False
Scooba,MS,717,False
Phil Campbell,AL,717,False
Prairie City,OR,717,False
Morrison,TN,717,False
Vermontville,MI,717,False
Fuller Acres,CA,717,False
Indianola,CA,717,False
Chester Hill,PA,717,False
Mesa,WA,717,False
Brownsville,WI,717,False
Corriganville,MD,717,False
Wadsworth,NV,716,False
North Light Plant,NM,716,False
Tetherow,OR,716,False
Dongola,IL,716,False
Tyrone,NM,716,False
Goldsboro,PA,716,False
Brenda,AZ,716,False
Erick,OK,716,False
Walnut,MS,716,False
Farmersville,IL,716,False
Brantleyville,AL,716,False
Garibaldi,OR,716,False
Pavo,GA,715,False
Ravine,PA,715,False
Alexis,IL,715,False
Attica,OH,715,False
South Cle Elum,WA,715,False
New Kingstown,PA,715,False
Attapulgus,GA,715,False
Presque Isle Harbor,MI,715,False
Pavilion,NY,715,False
Ocracoke,NC,715,False
Wilson,LA,715,False
Snow Shoe,PA,714,False
Briaroaks,TX,714,False
Science Hill,KY,714,False
La Puerta,TX,714,False
Watauga,TN,714,False
Terrytown,NE,714,False
Montcalm,WV,714,False
Summerton,SC,714,False
Rushford Village,MN,714,False
Beaverdale,IA,714,False
Gideon,MO,714,False
Cotton Valley,LA,713,False
Greenwood,FL,713,False
Freeport,MI,713,False
Central Valley,UT,713,False
Cyril,OK,713,False
Buena Vista,CA,713,False
El Paso,AR,713,False
Santa Clara,TX,713,False
Ponca,NE,713,False
Lidgerwood,ND,713,False
Blanchardville,WI,712,False
Valier,IL,712,False
Holland,AR,712,False
New Hamilton,MS,712,False
Barker,NY,712,False
Fox River,AK,712,False
Glen St. Mary,FL,712,False
Nuangola,PA,712,False
Stillmore,GA,712,False
Eastborough,KS,712,False
Ludlow,VT,711,False
Bolton,OH,711,False
Brighton,IA,711,False
Haviland,KS,711,False
McKenzie,AL,711,False
Bendersville,PA,711,False
Reece City,AL,711,False
Rolla,KS,711,False
Silverhill,AL,711,False
North Pearsall,TX,711,False
Twin Valley,MN,711,False
Turbeville,SC,710,False
Timber Lakes,UT,710,False
Bowen,IL,710,False
Woonsocket,SD,710,False
Gustavus,AK,710,False
Bay View,OH,710,False
Congerville,IL,710,False
Siren,WI,710,False
Yah-ta-hey,NM,709,False
Belle Center,OH,709,False
Hosford,FL,709,False
Barboursville,VA,708,False
Henefer,UT,708,False
Peñasco,NM,708,False
Sandy Hook,KY,708,False
Hannibal,NY,708,False
Branchville,NJ,708,False
Queen City,MO,708,False
Salome,AZ,708,False
Tortugas,NM,708,False
Jetmore,KS,708,False
Piney View,WV,708,False
Andover,OH,708,False
Eldorado,OH,707,False
Rich Creek,VA,707,False
Murray,CT,707,False
Fleming,CO,707,False
Perry,MO,707,False
Minor Hill,TN,707,False
Avon,SD,707,False
Isle,MN,707,False
Smiths Grove,KY,707,False
Yates City,IL,707,False
Wonewoc,WI,706,False
Myrtle,MS,706,False
Hester,LA,706,False
La Rue,OH,706,False
Montrose,IA,706,False
Pickensville,AL,706,False
Overton,NE,706,False
Blairstown,IA,705,False
Blue Berry Hill,TX,705,False
Lecompte,LA,705,False
Wood Heights,MO,705,False
Niota,TN,705,False
Sugar City,CO,705,False
Robbinsville,NC,705,False
Gaston,IN,705,False
Greenville,CA,705,False
Desoto Acres,FL,705,False
Folsom,LA,705,False
Miracle Valley,AZ,704,False
Walden,CO,704,False
Bluffs,IL,704,False
Aulander,NC,704,False
Chippewa Lake,OH,704,False
Lashmeet,WV,704,False
Apple Canyon Lake,IL,704,False
Dighton,KS,703,False
Gratis,OH,703,False
Cherokee,KS,703,False
New Florence,PA,703,False
Refton,PA,703,False
Marquette,KS,703,False
Sharpsville,IN,703,False
Manchester,VT,703,False
Rockford,IN,703,False
Granite,UT,703,False
Lake View,SC,702,False
Oxford,IA,702,False
Welling,OK,702,False
Lake City,MI,702,False
Sunset Village,GA,702,False
Juniata,NE,702,False
Hollow Creek,KY,702,False
Cynthiana,IN,702,False
Chatom,AL,702,False
Loon Lake,WA,702,False
East Vandergrift,PA,701,False
Ducor,CA,701,False
Aquasco,MD,701,False
Antelope,SD,701,False
Rocky Fork Point,OH,701,False
Palatine Bridge,NY,701,False
Appling,GA,701,False
Diamondville,WY,700,False
Boyle,MS,700,False
Massieville,OH,700,False
Gilmer Park,IN,700,False
Tuxedo Park,NY,700,False
Park City,KY,700,False
Belfield,ND,700,False
Elizabeth,WV,700,False
Holiday Lakes,OH,700,False
Vici,OK,700,False
Barton,VT,700,False
Waverly Hall,GA,700,False
Doyline,LA,699,False
Iron River,WI,699,False
Morrison,OK,699,False
Midland,MD,699,False
Highland Hills,OH,699,False
Camden,MI,699,False
Oneida Castle,NY,699,False
White Haven,MT,699,False
Bentleyville,OH,699,False
Howells,NE,699,False
Jonesburg,MO,699,False
Varna,NY,699,False
Iron Station,NC,699,False
Belle Fontaine,AL,699,False
Clarks Hill,IN,698,False
Tonica,IL,698,False
Shelby,IA,698,False
Sterling,NE,698,False
Clear Lake,MN,698,False
Santa Margarita,CA,698,False
North City,IL,697,False
Tuscola,TX,697,False
Ramona,OK,697,False
Seven Mile Ford,VA,697,False
Shannon,IL,697,False
Howard,PA,697,False
Lake Tanglewood,TX,697,False
Condon,OR,697,False
Bantam,CT,697,False
Galena,MD,697,False
Findlay,IL,697,False
Holdingford,MN,697,False
Corbin City,NJ,697,False
Sewickley Hills,PA,697,False
DeBordieu Colony,SC,696,False
Magnolia,KY,696,False
Chiloquin,OR,696,False
Charlotte Court House,VA,696,False
Boswell,IN,696,False
Spivey's Corner,NC,696,False
Millwood,NY,696,False
Sanders,AZ,696,False
Remy,OK,696,False
Donovan Estates,AZ,696,False
Kimball,MN,696,False
Bella Villa,MO,695,False
Selby,SD,695,False
Roff,OK,695,False
Brimfield,IL,695,False
Minneola,KS,695,False
Parkin,AR,694,False
Latimer,IA,694,False
La Cueva CDP (Santa Fe County),NM,694,False
Klemme,IA,694,False
Maringouin,LA,694,False
Victory,NY,694,False
Pioneer Junction,MT,693,False
Washington Boro,PA,693,False
Coldwater,KS,693,False
Carlsbad,TX,693,False
Bancroft,WI,693,False
Foreston,MN,693,False
East Durham,NY,693,False
North Freedom,WI,693,False
Arlee,MT,693,False
North Philipsburg,PA,693,False
Many Farms,AZ,693,False
Nelliston,NY,693,False
Brent,OK,693,False
Gates,TN,693,False
Bettsville,OH,693,False
Hanover,KS,692,False
Aurora,NY,692,False
Helena,MS,692,False
Beemer,NE,692,False
Frankfort,KS,692,False
Derby Line,VT,692,False
Beech Creek,PA,692,False
Leawood,MO,692,False
Napakiak,AK,692,False
Mullan,ID,692,False
Corsica,SD,691,False
Braymer,MO,691,False
Renaissance at Monroe,NJ,691,False
Wall Lake,IA,691,False
Oconomowoc Lake,WI,691,False
Albany,IL,691,False
South Coffeyville,OK,691,False
Bowmans Addition,MD,690,False
South La Paloma,TX,690,False
Augusta,IL,690,False
Swea City,IA,690,False
Butte Creek Canyon,CA,690,False
Orleans,IA,690,False
Lakeville,IN,690,False
Goose Creek Lake,MO,690,False
Lewis Run,PA,690,False
Forest Junction,WI,690,False
Forest Hill,LA,690,False
Virgin,UT,690,False
Castlewood,SD,690,False
Meadville,MS,690,False
Swink,CO,689,False
Richmond,VT,689,False
Artemus,KY,689,False
Screven,GA,689,False
Prewitt,NM,689,False
Salcha,AK,689,False
Clearbrook,MN,689,False
Peña Blanca,NM,688,False
Vernon,FL,688,False
Solis,TX,688,False
Sonora,KY,688,False
Mount Morris,PA,688,False
Ivalee,AL,688,False
Arcadia,OH,688,False
Chaires,FL,687,False
Tumalo,OR,687,False
Kiowa,OK,687,False
Circle City,AZ,687,False
Francis Creek,WI,687,False
Batavia,MT,687,False
Lincoln Heights,OH,687,False
Farina,IL,687,False
Sedley,VA,687,False
Kasota,MN,687,False
Ida,MI,686,False
McDonald Chapel,AL,686,False
Chaumont,NY,686,False
Duck,NC,686,False
McGregor,IA,686,False
Patterson Heights,PA,686,False
Davenport,OK,686,False
Neopit,WI,685,False
Wilton,AL,685,False
Lacomb,OR,685,False
Tekonsha,MI,685,False
Cobb,CA,685,False
Campbell,NY,685,False
Seven Mile,OH,685,False
Burke,SD,685,False
Sheatown,PA,684,False
Rote,PA,684,False
Mandaree,ND,684,False
Pecan Hill,TX,684,False
Bucklin,KS,684,False
Leeton,MO,684,False
Tohatchi,NM,684,False
Hermitage,MO,684,False
Dryden,VA,684,False
Lynch,KY,684,False
Trimont,MN,684,False
Minkler,CA,683,False
Revloc,PA,683,False
Fairfield,PA,683,False
Pennville,IN,683,False
Woodmere,OH,683,False
Elmwood,WI,683,False
Rockvale,CO,683,False
Browns Crossing,IN,683,False
Danville,WV,682,False
Williams Acres,NM,682,False
Dalzell,IL,682,False
Amherst,NH,682,False
Nankin,OH,682,False
Huntington,OR,682,False
Mountain View,CO,682,False
Ivy,VA,682,False
White River,SD,681,False
Mignon,AL,681,False
Fisher Island,FL,681,False
North Chevy Chase,MD,681,False
New Tripoli,PA,681,False
Llewellyn Park,NJ,681,False
Murray,IA,681,False
Fairview,AL,681,False
Oak Creek,CO,681,False
Beverly,WV,681,False
Bertrand,NE,681,False
Fort Chiswell,VA,680,False
Hoffman,MN,680,False
Lizton,IN,680,False
Boissevain,VA,680,False
Newcastle,ME,680,False
Benzonia,MI,679,False
Clio,SC,679,False
Cheneyville,LA,679,False
Hamden,OH,679,False
Happy Camp,CA,679,False
Tigerton,WI,679,False
Taylor,AR,679,False
Darrtown,OH,679,False
Aroma Park,IL,679,False
Rivesville,WV,679,False
Center Ossipee,NH,679,False
Grangerland,TX,679,False
Pikeville,NC,679,False
Scalp Level,PA,678,False
Fall River Mills,CA,678,False
Pultneyville,NY,678,False
Osmond,NE,678,False
Coyote Acres,TX,678,False
Amagansett,NY,678,False
Edgeley,ND,678,False
Hotevilla-Bacavi,AZ,678,False
Kirtland Hills,OH,678,False
Dana,IN,678,False
Red Cross,NC,677,False
Claysville,PA,677,False
Grand River,OH,677,False
Starbrick,PA,677,False
Mount Jewett,PA,677,False
Valley City,OH,677,False
Malta,OH,677,False
New Salem,PA,677,False
Light Oak,NC,677,False
Greenbush,MN,677,False
New Milford,PA,677,False
Clarissa,MN,676,False
Cove,OR,676,False
Quentin,PA,676,False
Holiday Hills,IL,676,False
Mount Calvary,WI,675,False
High Shoals,NC,675,False
Wilton,ND,675,False
Millstone,KY,675,False
Blackduck,MN,675,False
Airport Drive,MO,675,False
Shelby,NE,675,False
Millersburg,IN,675,False
Roby,TX,675,False
Weiner,AR,675,False
Ashford,WA,675,False
Long Grove,IA,675,False
Hornbeck,LA,674,False
Adams,TN,674,False
LaMoure,ND,674,False
Nelsonville,NY,674,False
New London,NC,674,False
Calpella,CA,674,False
Dalton City,IL,674,False
Crooked Creek,GA,674,False
East Williston,FL,674,False
Stanton,IA,674,False
Caseville,MI,674,False
Winton,NC,674,False
Hamilton,VA,674,False
Peterstown,WV,673,False
Manns Harbor,NC,673,False
Red Rock,TX,673,False
Loghill Village,CO,673,False
Oak Run,IL,673,False
Wyocena,WI,673,False
Great Bend,PA,673,False
Idaho City,ID,673,False
Savona,NY,673,False
Foxfield,CO,673,False
Arcadia University,PA,672,False
Ochlocknee,GA,672,False
Indian Lake Estates,FL,672,False
New Berlin,PA,672,False
Friendship,TN,672,False
Faulkton,SD,672,False
Milroy,IN,672,False
Blythe,GA,672,False
Russellville,OH,672,False
Graham,GA,672,False
Black Eagle,MT,672,False
War,WV,672,False
Jackson,NC,671,False
Laddonia,MO,671,False
Conetoe,NC,671,False
Ansonville,NC,671,False
Pilot Grove,MO,671,False
Culbertson,MT,671,False
Valleyview,OH,671,False
Casper Mountain,WY,671,False
Mapleton,ME,671,False
Titusville,NJ,671,False
Somerville,AL,671,False
Canistota,SD,670,False
South Point,TX,670,False
Unionville,NY,670,False
Dexter,IA,670,False
Junction City,IL,670,False
Fallston,NC,670,False
Fultonville,NY,670,False
Kurten,TX,670,False
Mayesville,SC,670,False
Gibsland,LA,670,False
New Cuyama,CA,669,False
St. Francisville,IL,669,False
Rouzerville,PA,669,False
Doolittle,MO,669,False
Rockland,WI,669,False
Dawson,IL,669,False
La Jara,CO,669,False
Hazleton,IA,669,False
Walkerville,MT,668,False
New Summerfield,TX,668,False
Hershey,NE,668,False
Bardwell,TX,668,False
Mamers,NC,668,False
Shipman,IL,668,False
Hemlock,NY,668,False
Jacksonville,NY,668,False
Round Hill,VA,668,False
Newell,PA,668,False
Cowley,WY,668,False
Pateros,WA,668,False
Molena,GA,667,False
Fawn Lake Forest,PA,667,False
Pendleton,TX,667,False
Patoka,IL,667,False
Clarksburg,OH,667,False
Port Austin,MI,667,False
Taylorsville,IN,667,False
Monaville,WV,666,False
Kenefick,TX,666,False
Lakeside,IA,666,False
Albert City,IA,666,False
Long Lake,NY,666,False
Milnor,ND,666,False
Hoyt,KS,666,False
Dudley,GA,666,False
Smallwood,NY,666,False
Mertztown,PA,666,False
Wyalusing,PA,666,False
Ozawkie,KS,666,False
Blue Ridge Shores,VA,666,False
Bethel,VT,666,False
Campbellsburg,IN,666,False
Plandome Manor,NY,665,False
Wiley Ford,WV,665,False
Friedensburg,PA,665,False
Florien,LA,665,False
Webster,WI,665,False
Rolfe,IA,665,False
Meeteetse,WY,665,False
Addison,AL,665,False
Brookside,OH,665,False
Caneyville,KY,665,False
Polonia,WI,665,False
Gobles,MI,665,False
Goldfield,IA,665,False
Sullivan,WI,664,False
Garber,OK,664,False
Clarkrange,TN,664,False
Atlas,PA,664,False
Anderson,NJ,664,False
Clarktown,OH,664,False
Republic,OH,664,False
Gallaway,TN,664,False
Indian Creek,IL,664,False
Murrayville,IL,664,False
Round Top,NY,663,False
Ashland,ME,663,False
Taylor Springs,IL,663,False
Dierks,AR,663,False
Paragonah,UT,663,False
Clarkson,NE,663,False
Parma,MI,663,False
Arabi,GA,663,False
Navajo Mountain,UT,663,False
Manila,CA,663,False
Ashland,MS,663,False
Blende,CO,663,False
Lemannville,LA,662,False
Karlstad,MN,662,False
Dearing,GA,662,False
Kersey,PA,662,False
Clayton,OK,662,False
Waikoloa Beach Resort,HI,662,False
Wallace,SC,662,False
Betsy Layne,KY,662,False
Paoli,OK,662,False
Baywood,VA,661,False
Nichols,NY,661,False
Croghan,NY,661,False
Woodson,AR,661,False
Brownsville,MN,661,False
Wanblee,SD,661,False
Rossiter,PA,661,False
Muddy,MT,661,False
Prospect,OR,661,False
Parker,ID,661,False
Glen Park,NY,661,False
Point Arena,CA,661,False
Tekoa,WA,661,False
Walnut Grove CDP (Sumner County),TN,660,False
Parkdale,MI,660,False
Ettrick,WI,660,False
Parker,PA,660,False
Rising Star,TX,660,False
Maryland Park,MD,660,False
Maybee,MI,660,False
Frisco,NC,659,False
Washington,OK,659,False
Adena,OH,659,False
Stony Ridge,OH,659,False
Hardin,MO,659,False
Wessington Springs,SD,659,False
Alto,CA,659,False
Clarkston,UT,659,False
Prattsburgh,NY,659,False
Olustee,OK,659,False
Everson,PA,659,False
Newton Grove,NC,659,False
Whitesburg,GA,659,False
Riverside,TX,659,False
Evansville,MN,659,False
Johnson Siding,SD,658,False
Emily,MN,658,False
Lake Benton,MN,658,False
Beach City,OH,658,False
Arlington,OR,658,False
Fielding,UT,658,False
Manville,SC,658,False
Old Fort,NC,658,False
Riegelwood,NC,658,False
Norwalk,WI,658,False
North Powder,OR,658,False
Mangham,LA,657,False
Toomsboro,GA,657,False
West Milton,PA,657,False
Escalante,UT,657,False
Altona,NY,657,False
Hartford,IA,657,False
Hopkinton,IA,657,False
Mendon,OH,656,False
La Hacienda,NM,656,False
Grazierville,PA,656,False
Onley,VA,656,False
Norborne,MO,656,False
Hay Springs,NE,656,False
Margaretville,NY,656,False
Miranda,CA,656,False
Haileyville,OK,656,False
Sedillo,NM,656,False
Thayne,WY,656,False
Homeworth,OH,656,False
Pittsford,MI,656,False
Big Stone Gap East,VA,656,False
Wartrace,TN,656,False
Udall,KS,656,False
Oakville,WA,656,False
Mackinaw City,MI,655,False
Lakota,ND,655,False
Candlewood Orchards,CT,655,False
Juarez,TX,655,False
Oriskany Falls,NY,655,False
Timberlake,OH,655,False
Central City,CO,655,False
Saxton,PA,655,False
Shoals,IN,655,False
Zearing,IA,655,False
Council,ID,655,False
Laguna,NM,655,False
Belfast,NY,654,False
Loudon,NH,654,False
Courtland,CA,654,False
Idamay,WV,654,False
Pattison,TX,654,False
Stebbins,AK,654,False
Edgewood,IA,654,False
Marion Heights,PA,654,False
Pocono Pines,PA,654,False
Hummels Wharf,PA,654,False
Noorvik,AK,654,False
Marion,MI,653,False
Crescent,GA,653,False
Eighty Four,PA,653,False
Hilltop,OH,653,False
Sequoyah,OK,653,False
Elysian,MN,653,False
Bairdford,PA,653,False
Hillsboro,IN,653,False
Alta,CA,652,False
Hoffman,IL,652,False
Bowman,SC,652,False
Weedville,PA,652,False
Norfolk,CT,652,False
Lahoma,OK,652,False
Holton,IN,652,False
Delaware Water Gap,PA,652,False
Asharoken,NY,652,False
Taconic Shores,NY,652,False
Misenheimer,NC,652,False
Fillmore,NY,652,False
Arden,DE,652,False
Hartville,MO,652,False
Cordova,IL,651,False
Startup,WA,651,False
Paradis,LA,651,False
Crescent,IA,651,False
Pleasant View,IN,651,False
Town of Pines,IN,651,False
Thaxton,MS,651,False
Aaronsburg CDP (Centre County),PA,651,False
Vienna Center,OH,651,False
La Mesa,NM,650,False
Chippewa Park,OH,650,False
Jamestown,PA,650,False
Beaverdale,PA,650,False
Cascade,WI,650,False
The University of Virginia's College at Wise,VA,650,False
Wall,SD,650,False
Underhill Flats,VT,650,False
Key Colony Beach,FL,650,False
Piltzville,MT,650,False
Prospect,NC,650,False
Saluda,VA,650,False
Emlenton,PA,650,False
Ravenna,KY,650,False
Davenport,CA,650,False
Noble,IL,649,False
Sweetwater,NJ,649,False
Morley,MI,649,False
Star Lake,NY,649,False
Point Hope,AK,649,False
Rauchtown,PA,649,False
Rockaway Beach,MO,649,False
Chalfant,PA,649,False
Silverton,TX,649,False
Milan,GA,649,False
Launiupoko,HI,649,False
Elgin,ND,649,False
Road Runner,TX,648,False
Gumbranch,GA,648,False
Denmark,IA,648,False
Grenloch,NJ,648,False
Allison Gap,VA,647,False
Connoquenessing,PA,647,False
Thayer,IN,647,False
Choctaw,LA,647,False
Sunfield,MI,647,False
Hindman,KY,647,False
Collbran,CO,647,False
Parishville,NY,647,False
The Lakes,MN,647,False
Eagle Bend,MN,647,False
Motley,MN,647,False
Hydetown,PA,647,False
Delta,PA,647,False
Eads,CO,646,False
Vermont,IL,646,False
Fairfax,MO,646,False
Sherman,MS,646,False
Middle Point,OH,646,False
Kirby,AR,645,False
Asherton,TX,645,False
DeKalb Junction,NY,645,False
Onyx,CA,645,False
Cairo,OH,645,False
Midway,NM,645,False
Dobbins Heights,NC,645,False
Scotch Meadows,NC,645,False
Cross Keys,PA,645,False
Deal,NJ,645,False
Mermentau,LA,644,False
Low Mountain,AZ,644,False
Raysal,WV,644,False
Trail,OR,644,False
Mecca,IN,644,False
Buckland,AK,644,False
Skokomish,WA,644,False
Newborn,GA,643,False
Gordonville,PA,643,False
Deemston,PA,643,False
Beulah Valley,CO,643,False
Joliet,MT,643,False
Middleburg,VA,643,False
Secretary,MD,642,False
Armour,SD,642,False
Jeromesville,OH,642,False
Hopeland,PA,642,False
Hamersville,OH,642,False
Walnut Creek,AZ,642,False
Dale,WI,642,False
Hatton,ND,642,False
Peeples Valley,AZ,642,False
Saddle Rock Estates,NY,642,False
Rosman,NC,642,False
Suttons Bay,MI,642,False
Manderson-White Horse Creek,SD,641,False
Charleston,TN,641,False
Chattaroy,WV,641,False
Freedom Plains,NY,641,False
Westmoreland,KS,641,False
Lamar,PA,641,False
Lincolnville,SC,641,False
Junction City,AR,641,False
Dahlgren,IL,641,False
Hewlett Neck,NY,641,False
Lynnview,KY,641,False
Loretto,KY,640,False
Monroe,IN,640,False
West City,IL,640,False
Wibaux,MT,640,False
Quogue,NY,640,False
Shoshoni,WY,640,False
Pine Ridge,SC,640,False
Harrah,WA,640,False
Knightsville,IN,640,False
Graceville,MN,640,False
Lake Timberline,MO,639,False
Morris,IN,639,False
Gwynn,VA,639,False
Dillonvale,OH,639,False
Viburnum,MO,639,False
Friendship,WI,639,False
Fairland,IN,639,False
Ventura,IA,638,False
Britton,MI,638,False
Murdo,SD,638,False
Tangipahoa,LA,638,False
Heuvelton,NY,638,False
Pretty Prairie,KS,638,False
McDonald,TN,638,False
Superior,WI,638,False
Gardiner,NY,637,False
Redbird Smith,OK,637,False
St. Libory,IL,637,False
Schram City,IL,637,False
Zephyr Cove,NV,637,False
Glenwood,NE,637,False
Blandinsville,IL,636,False
Ulysses,PA,636,False
St. Florian,AL,636,False
Trenton,TX,636,False
Orderville,UT,636,False
Fremont,WI,636,False
Hickory,PA,636,False
Kellogg,IA,635,False
Bay View,WA,635,False
Woodlawn,IL,635,False
Wanamie,PA,635,False
Randall,MN,635,False
Pine Ridge,AL,635,False
Sabinal,TX,635,False
Jefferson,WV,635,False
Paris,PA,635,False
Ferrelview,MO,635,False
Nucla,CO,634,False
Fordland,MO,634,False
Robin Glen-Indiantown,MI,634,False
Gargatha,VA,634,False
Jewett,TX,634,False
Antonito,CO,634,False
Sulphur Rock,AR,634,False
Kevil,KY,634,False
Newcastle,TX,634,False
Meadow View Addition,SD,634,False
Pittsburg,IL,634,False
Bergman,AR,634,False
Saxtons River,VT,633,False
Takilma,OR,633,False
Duncan,NE,633,False
Lake Seneca,OH,633,False
Unity,SC,633,False
Cove City,NC,633,False
Notus,ID,633,False
Pennsbury Village,PA,633,False
Alex,OK,633,False
Grayson,LA,633,False
Bevier,MO,633,False
Cadwell,GA,633,False
Peninsula,OH,633,False
Burlington,IN,633,False
Alden,MN,633,False
Milton,KY,633,False
Stantonsburg,NC,632,False
Sprague,WA,632,False
Hatley,MS,632,False
Sharon Springs,NY,632,False
Winchester,WI,632,False
Addison,MI,632,False
Cosby,TN,632,False
Fairmount,IL,632,False
Stetsonville,WI,632,False
Holly Grove,AR,632,False
Dauberville,PA,631,False
Cañada de los Alamos,NM,631,False
Tioga,PA,631,False
Schaghticoke,NY,631,False
Watson,IL,631,False
Attica,KS,631,False
Jefferson,SD,631,False
Batavia,IA,631,False
Verona,OH,631,False
Fox Chase,KY,631,False
New Jerusalem,PA,630,False
Woodland,NC,630,False
Arizona Village,AZ,630,False
Mosier,OR,630,False
Lott,TX,630,False
Hill City,SD,630,False
Tovey,IL,630,False
Catawba,NC,630,False
Deerwood,MN,630,False
Whitfield CDP (Santa Rosa County),FL,629,False
Yankeetown,FL,629,False
Gun Club Estates,FL,629,False
Naselle,WA,629,False
South Hills,MT,629,False
Port Trevorton,PA,629,False
Elliott,MS,629,False
Hardin,KY,629,False
Pryor,MT,629,False
Greensburg,KS,629,False
Happy Valley,NM,629,False
Hayesville,NC,629,False
Fields Landing,CA,629,False
Elsah,IL,629,False
Manokotak,AK,629,False
Little Hocking,OH,629,False
Brooklyn,IL,629,False
Earlville,NY,629,False
Rawson,OH,628,False
Tivoli,TX,628,False
Wiscon,FL,628,False
Myrtle Springs,TX,628,False
Detroit,TX,628,False
Napi Headquarters,NM,628,False
Pennington,AL,628,False
Woodruff,WI,628,False
Franklin,IL,628,False
Waynesfield,OH,628,False
Neapolis,OH,627,False
Galena,AK,627,False
Mount Victory,OH,627,False
Timber Lake,SD,627,False
South Mills,NC,627,False
Beech Bottom,WV,627,False
Avon,IL,627,False
Cuyahoga Heights,OH,627,False
Camden,IN,627,False
Shippenville,PA,627,False
Dry Tavern,PA,627,False
Hailesboro,NY,627,False
Camptown,VA,627,False
Bloomdale,OH,626,False
Hessmer,LA,626,False
Sunset CDP (Montague County),TX,626,False
Ider,AL,626,False
Ridgeway,WI,626,False
St. Francis,SD,626,False
Carnuel,NM,626,False
Chief Lake,WI,626,False
Reedsville,PA,626,False
Lowry City,MO,626,False
Brevig Mission,AK,625,False
Taconite,MN,625,False
Angelica,NY,625,False
Sandyfield,NC,625,False
Happy,TX,625,False
Jamesport,MO,625,False
Altheimer,AR,625,False
Metamora,OH,625,False
Thompsontown,PA,625,False
Hartland,VT,625,False
Ideal,GA,625,False
Bingham,ME,625,False
Thomas,WV,624,False
Gratz,PA,624,False
South Wilmington,IL,624,False
O'Donnell,TX,624,False
Fonda,IA,624,False
Center City,MN,624,False
San Ardo,CA,624,False
Vernon,MI,624,False
Pleasant Valley,AK,623,False
Ellsworth,PA,623,False
Allenwood,NJ,623,False
Rough and Ready,CA,623,False
La Prairie,MN,623,False
Millington,MD,623,False
Ohio,IL,623,False
St. James,LA,622,False
Thorntonville,TX,622,False
Wabasso,MN,622,False
Parkway Village,KY,622,False
Shenandoah Retreat,VA,622,False
Middleville,NY,622,False
Alhambra,IL,622,False
Austin,PA,622,False
Allenspark,CO,622,False
Portal,GA,622,False
Netarts,OR,622,False
Barnes Lake,MI,622,False
Kuttawa,KY,622,False
Halstad,MN,622,False
Port Washington,OH,621,False
Culbertson,NE,621,False
Wainwright,AK,621,False
Perdido,AL,621,False
Fairmont,NE,621,False
Sabattus,ME,621,False
Fountain Lake,AR,621,False
Centerville,LA,621,False
Woodland Hills,KY,621,False
Sandy Level,VA,621,False
La Paloma-Lost Creek,TX,621,False
New Lothrop,MI,621,False
Bell Buckle,TN,621,False
Whigham,GA,621,False
Ruth,NC,621,False
Sycamore Hills,MO,621,False
Fincastle,VA,621,False
Cedarville,IL,621,False
Rio Lucio,NM,621,False
Kanosh,UT,621,False
Oak Grove,TX,620,False
Paa-Ko,NM,620,False
Garysburg,NC,620,False
Roosevelt Estates,AZ,620,False
Stoutsville,OH,620,False
Tyronza,AR,620,False
East Cathlamet,WA,620,False
Hemingford,NE,620,False
Bryantown,MD,620,False
Castalian Springs,TN,620,False
Bancroft,IA,620,False
Nocona Hills,TX,620,False
Baneberry,TN,620,False
Scotts Corners,NY,620,False
Flat,TX,620,False
Metamora,MI,619,False
Hutsonville,IL,619,False
Twin Oaks,MO,619,False
South Weldon,NC,619,False
Blucksberg Mountain,SD,619,False
Guy,AR,619,False
Sabin,MN,619,False
Bluetown,TX,619,False
Grindstone,PA,619,False
Cincinnati,AR,619,False
O'Brien,OR,619,False
Salisbury,PA,619,False
Bedford Park,IL,619,False
Humboldt,SD,619,False
Fort Jones,CA,618,False
Everly,IA,618,False
East Galesburg,IL,618,False
Jasper,AR,618,False
Onaga,KS,618,False
Kelso,MO,617,False
Surfside Beach,TX,617,False
Marion,UT,617,False
Hatfield,IN,617,False
Bayfield,WI,617,False
Saluda,NC,617,False
Roscoe,PA,617,False
Marco Shores-Hammock Bay,FL,617,False
Kiester,MN,617,False
Gaston,OR,617,False
Eastover,SC,616,False
Scurry,TX,616,False
Mott,ND,616,False
Welch,OK,616,False
Bluffview,WI,616,False
Marshall,NC,616,False
Stewartsville,NJ,616,False
Paul Smiths,NY,616,False
Myton,UT,616,False
Westminster,OH,616,False
Milner,GA,616,False
Jane Lew,WV,616,False
Stannards,NY,616,False
Stockport,OH,615,False
Island,KY,615,False
Silver Springs,NY,615,False
Wickett,TX,615,False
Maricopa Colony,AZ,615,False
Bainbridge,OH,615,False
Coolville,OH,615,False
Loyall,KY,614,False
San Jose,AZ,614,False
Reedsville,WV,614,False
Fairfield,WA,614,False
Garwin,IA,614,False
Mineral,VA,614,False
Ashley,ND,614,False
McLaughlin,SD,614,False
Adrian,GA,614,False
Reynolds,IN,614,False
Courtdale,PA,614,False
Enola,AR,614,False
Remington,OH,614,False
Marble,MN,614,False
Ripley,CA,614,False
Rocky Ripple,IN,614,False
San Jose,IL,614,False
Titusville,NY,613,False
South Boardman,MI,613,False
Sun River Terrace,IL,613,False
Ty Ty,GA,613,False
Payne Springs,TX,613,False
Moulton,IA,613,False
Keyesport,IL,613,False
Anguilla,MS,613,False
Silverton,CO,613,False
Point Place,LA,613,False
Hot Springs,MT,613,False
Port Leyden,NY,613,False
West Point,AL,613,False
Ferndale,FL,612,False
Golden City,MO,612,False
Georgetown CDP (Lancaster County),PA,612,False
Marion,LA,612,False
Holland,IN,612,False
Mocanaqua,PA,612,False
Hustonville,KY,612,False
Louisville,AL,612,False
Cold Springs CDP (El Dorado County),CA,612,False
St. John,WA,612,False
Ochelata,OK,612,False
Littlefork,MN,611,False
Caspian,MI,611,False
Hermansville,MI,611,False
Minong,WI,611,False
Chain-O-Lakes,IN,611,False
K-Bar Ranch,TX,611,False
Millville,OH,611,False
North Fairfield,OH,611,False
Markleville,IN,611,False
Upper Witter Gulch,CO,611,False
Reardan,WA,611,False
Valley Acres,CA,610,False
Hodge,LA,610,False
Coffeen,IL,610,False
White Cliffs,NM,610,False
Martin,LA,610,False
Elgin,NE,610,False
Argyle,MN,610,False
Lemon Grove,FL,610,False
Quilcene,WA,610,False
Yukon,PA,610,False
Darby,MT,610,False
Trimble,TN,610,False
Philadelphia,IN,610,False
Benham,KY,610,False
Edgartown,MA,610,False
Clarks,LA,609,False
Ellendale,DE,609,False
Cookstown,NJ,609,False
Pineview,GA,609,False
Gilmore City,IA,609,False
Pine Valley,NY,609,False
Kiowa,CO,609,False
Verdigre,NE,609,False
Mohall,ND,609,False
Kenwood,CA,609,False
Effingham,KS,609,False
Glenwood,UT,608,False
Moreland,GA,608,False
Kooskia,ID,608,False
Milano,TX,608,False
Minnesota Lake,MN,608,False
Victor,CA,608,False
Ivanhoe,VA,608,False
Volcano,HI,608,False
Lake Buckhorn,OH,608,False
Fontanelle,IA,608,False
Pleasant City,OH,608,False
Minto,ND,608,False
Hollis Crossroads,AL,607,False
Talco,TX,607,False
Ramblewood,PA,607,False
Grand Junction,IA,606,False
Hopkins Park,IL,606,False
Plankinton,SD,606,False
Portland,PA,606,False
Arivaca Junction,AZ,606,False
Zavalla,TX,606,False
Barton,MD,606,False
Gasburg,VA,606,False
South Dayton,NY,606,False
Foxworth,MS,606,False
Spring Valley,OH,606,False
St. Leonard,MD,605,False
Pardeesville,PA,605,False
Antioch,GA,605,False
Chandlerville,IL,605,False
Waldron,MI,605,False
Neosho,WI,605,False
Strattanville,PA,605,False
Rosedale,IN,605,False
North Granville,NY,605,False
Chalfant,CA,605,False
Downs,KS,605,False
Indio Hills,CA,605,False
Vanleer,TN,605,False
St. Paul,KS,604,False
Eau Claire,MI,604,False
Washington Grove,MD,604,False
Mallow,VA,604,False
Wausa,NE,604,False
Byron,MI,604,False
Mountain View,OK,604,False
Trimble,MO,604,False
Waterproof,LA,604,False
Taycheedah,WI,604,False
Hartland,ME,603,False
Seaboard,NC,603,False
Pettus,TX,603,False
Willsboro Point,NY,603,False
Chickasaw Point,SC,603,False
New Stuyahok,AK,603,False
San Luis,CO,603,False
Aguanga,CA,603,False
Noxen,PA,603,False
Chaplin,KY,603,False
Hilltop,WV,603,False
Palmyra,UT,602,False
Hendricks,MN,602,False
Lake Winola,PA,602,False
Leonardville,KS,602,False
Ranier,MN,602,False
Melba,ID,602,False
Lake Park,MN,602,False
Modoc,SC,602,False
Star Prairie,WI,602,False
Vicksburg,AZ,602,False
Bassett,NE,602,False
Niland,CA,602,False
Westley,CA,602,False
Poland,NY,602,False
Corn,OK,601,False
Kingfield,ME,601,False
Como,IL,601,False
Rollingstone,MN,601,False
Barnhill,OH,601,False
St. Bernice,IN,601,False
Syracuse,OH,601,False
Colbert,GA,601,False
Mettawa,IL,601,False
Upton,KY,600,False
Francisco,IN,600,False
Cherry Valley,AR,600,False
Coyle,OK,600,False
Westminster,VT,600,False
Heron Lake,MN,600,False
Hayesville,OH,599,False
Lawndale,NC,599,False
Rosalia,WA,599,False
Onalaska,WA,599,False
Sky Valley,GA,599,False
Rancho Mesa Verde,AZ,599,False
Tallula,IL,599,False
Sankertown,PA,599,False
Parker's Crossroads,TN,598,False
Rocky Mountain,OK,598,False
Millheim,PA,598,False
Shoal Creek Drive,MO,598,False
Juniata Gap,PA,598,False
Casco,WI,598,False
Garden City,AL,598,False
Bethlehem,GA,598,False
Collins,GA,598,False
Reno Beach,OH,598,False
Grover,NC,598,False
Shickshinny,PA,598,False
Masthope,PA,597,False
Orason,TX,597,False
Clara,MS,597,False
Marshallton CDP (Chester County),PA,597,False
Chesnee,SC,597,False
Sacred Heart,MN,597,False
Danville,MD,597,False
Mesquite,NM,597,False
Supreme,LA,597,False
Mountain Lakes,NH,597,False
Hartman,AR,597,False
Dakota,IL,597,False
St. Edward,NE,596,False
Lewis,IN,596,False
Umapine,OR,596,False
Melrose,WI,596,False
Beatty,NV,596,False
Confluence,PA,596,False
Accoville,WV,596,False
Green City,MO,596,False
Butterfield Park,NM,596,False
Mooringsport,LA,596,False
Reynolds,IL,596,False
Rainbow City,AZ,596,False
Lucerne,WY,596,False
Sinclairville,NY,595,False
Gouglersville,PA,595,False
Corder,MO,595,False
Elfin Forest,CA,595,False
Loa,UT,595,False
Big Thicket Lake Estates,TX,595,False
Finley,TN,595,False
Wade,NC,595,False
Arcadia,MO,595,False
Ivanhoe,MN,595,False
Unionville,MI,595,False
Mount Vernon,OR,595,False
Seabrook,MA,595,False
Polkville,MS,594,False
Riverside,NY,594,False
Ellendale,MN,594,False
Christiansburg,OH,594,False
San Miguel,NM,594,False
El Rancho Vela,TX,594,False
Lee Vining,CA,594,False
Washburn,IA,594,False
Canton,KS,594,False
Merrimac,WI,594,False
Pleasant Hill,LA,594,False
Barre,MA,594,False
Cumming,IA,594,False
Tamaroa,IL,594,False
Hackneyville,AL,594,False
Agra,OK,594,False
Washburn,MO,594,False
Lanesboro,PA,593,False
Plum City,WI,593,False
Union Valley,TX,593,False
Grand Ridge,IL,593,False
Albion,IA,593,False
Trout Valley,IL,593,False
Lily Lake,WI,593,False
Gresham,WI,593,False
Nisqually Indian Community,WA,593,False
Big Sandy,TN,593,False
Cedar Vale,KS,593,False
Alapaha,GA,592,False
Clearview,WV,592,False
Kanopolis,KS,592,False
Kress,TX,592,False
Haysi,VA,592,False
Stockton Bend,TX,592,False
Moravia,IA,592,False
Bainbridge,IN,592,False
Groveland,CA,591,False
East Freedom,PA,591,False
Shoreham,NY,591,False
Muir,MI,591,False
Poplar,WI,591,False
Elma,IA,591,False
Bismarck,IL,591,False
Everton,IN,591,False
Bristol,TX,591,False
Bay Port,MI,591,False
Hampton,MN,591,False
Wampsville,NY,590,False
Au Sable Forks,NY,590,False
Wilkerson,CA,590,False
Round Rock,AZ,590,False
Hooven,OH,590,False
Minford,OH,590,False
Jasper,MN,590,False
Mead,NE,590,False
San Ygnacio,TX,590,False
Lake of the Woods,IN,590,False
Pleasant Hill,TN,589,False
Scio,NY,589,False
Laura,OH,589,False
Cowen,WV,589,False
Huntington,VT,589,False
Crawfordville,GA,589,False
Canova,NM,589,False
Kwigillingok,AK,589,False
J-Six Ranchettes,AZ,588,False
Emmet,AR,588,False
Simla,CO,588,False
Fincastle,KY,588,False
Olanta,SC,588,False
North Rose,NY,588,False
Cactus Forest,AZ,588,False
Rose Hill CDP (Lee County),VA,588,False
Lakeside,OH,588,False
Fairview Crossroads,SC,588,False
Laurel,IN,588,False
Allenport,PA,587,False
Morven,GA,587,False
Mackay,ID,587,False
Kewanna,IN,587,False
Forman,ND,587,False
Vienna,LA,587,False
Petersburg,KY,587,False
Montfort,WI,587,False
Port Deposit,MD,587,False
Santa Maria,TX,587,False
Garfield,WA,586,False
Colesburg,IA,586,False
Onida,SD,586,False
Stanton,TN,586,False
Brownville,NY,586,False
Waynesville,GA,586,False
Hartford City,WV,586,False
Deer Creek,IL,586,False
Mimbres,NM,586,False
New Germany,MN,585,False
Rowlesburg,WV,585,False
Brimhall Nizhoni,NM,585,False
Valley Bend,WV,585,False
West Decatur,PA,585,False
Cedar Rapids,NE,585,False
Roxton,TX,585,False
Shindler,SD,585,False
Boothville,LA,585,False
Inglewood,NE,585,False
Carlock,IL,585,False
Curlew Lake,WA,585,False
Laurelville,OH,585,False
Wainscott,NY,585,False
Chillicothe,TX,585,False
Juliaetta,ID,585,False
Murray Hill,KY,585,False
Hudson,IN,585,False
Pangburn,AR,585,False
Malverne Park Oaks,NY,585,False
Centenary,SC,585,False
Coleridge,NE,584,False
North Troy,VT,584,False
Dayton,PA,584,False
Lattimer,PA,584,False
Harmony,NC,584,False
Monterey Park,NM,584,False
Winona,TX,584,False
Galena,MO,584,False
South Mansfield,LA,584,False
Gilman,IA,584,False
Moose Creek,AK,584,False
Millstone,NJ,584,False
Warwick,GA,583,False
Lawrenceville,PA,583,False
Merrillan,WI,583,False
Carlisle Barracks,PA,583,False
Park Crest,PA,583,False
Byromville,GA,583,False
Pittsford,VT,583,False
Paxton,FL,583,False
Foyil,OK,583,False
New Goshen,IN,583,False
Ailey,GA,583,False
Townsend,TN,583,False
Lafayette,VA,582,False
Institute,WV,582,False
Mount Savage,MD,582,False
Winside,NE,582,False
Benton,IN,582,False
Woolrich,PA,582,False
Napaskiak,AK,582,False
Rowe,NM,582,False
Rome,WI,582,False
Enfield,IL,582,False
Fort Garland,CO,582,False
Bonneau,SC,582,False
Custer City,OK,582,False
Van Buren,OH,581,False
Summertown,TN,581,False
Porter,OK,581,False
Brazos Country,TX,581,False
Flagler,CO,581,False
Sugar Grove,PA,581,False
Truro,IA,581,False
Bolton,NC,581,False
Alta,WY,581,False
Natural Steps,AR,580,False
Felton,PA,580,False
Max Meadows,VA,580,False
Gurley,AL,580,False
Coalville,IA,580,False
Trinity Village,CA,580,False
Dillwyn,VA,580,False
Buffalo Gap,TX,579,False
Troy,IN,579,False
Higbee,MO,579,False
Lake Village,IN,579,False
Whitsett,NC,579,False
Wright City,OK,579,False
Green Spring,KY,579,False
Epes,AL,579,False
Martensdale,IA,579,False
Doyle,TN,579,False
Denver,IN,579,False
Yarnell,AZ,579,False
New Boston,IL,579,False
Wakefield,PA,579,False
Iberia,MO,579,False
Jefferson borough (York County),PA,578,False
Kent Narrows,MD,578,False
Beverly Shores,IN,578,False
Chireno,TX,578,False
Olive Branch,IL,578,False
Middle Amana,IA,578,False
Picture Rocks,PA,578,False
Hookerton,NC,578,False
Machias,NY,578,False
Brooten,MN,578,False
Paxton,NE,577,False
Ocheyedan,IA,577,False
Alma Center,WI,577,False
Cedro,NM,577,False
Hamler,OH,577,False
Clark,PA,577,False
Caroga Lake,NY,577,False
Friendship,OH,577,False
Lakeville,NY,577,False
Groton,VT,576,False
Valier,MT,576,False
Argyle,IL,576,False
Cankton,LA,576,False
Ansley,NE,576,False
Atlanta,MI,576,False
Silverton,ID,576,False
Port Gibson,NY,576,False
Fort White,FL,576,False
Carolina Meadows,NC,576,False
Trenton,ND,575,False
Henry,TN,575,False
Doon,IA,575,False
Epworth,GA,575,False
Babbie,AL,575,False
Grayland,WA,575,False
Ellerslie,MD,575,False
Viola,WI,575,False
Teachey,NC,574,False
McCartys Village,NM,574,False
Sandersville,MS,574,False
Bennington,KS,574,False
Edmeston,NY,574,False
Jasper,OR,574,False
Gettysburg,OH,574,False
Savageville,VA,574,False
Glenview,KY,574,False
Fair Play,SC,574,False
Big Water,UT,574,False
Red Oak,OK,574,False
Brownstown,PA,574,False
New Underwood,SD,574,False
South Vienna,OH,573,False
Polvadera,NM,573,False
Bland,MO,573,False
Old Forge,NY,573,False
Glen Elder,KS,573,False
Rose City,MI,573,False
Post Oak Bend City,TX,573,False
Argusville,ND,573,False
Morningside,NM,573,False
Ridgeville,IN,573,False
Standing Pine,MS,573,False
Brandon,MN,573,False
Richburg,NY,573,False
Fort Green Springs,FL,573,False
Russell,MA,573,False
Rhine,GA,573,False
Ethridge,TN,572,False
Morley,MO,572,False
Cape Vincent,NY,572,False
Mountain Mesa,CA,572,False
Juniata Terrace,PA,572,False
Kipnuk,AK,572,False
Letha,ID,572,False
Lena,WI,572,False
Irwinton,GA,572,False
Leary,TX,572,False
Maple Hill,KS,572,False
Wausaukee,WI,572,False
Botsford,CT,571,False
Langley,OK,571,False
Mineral City,OH,571,False
Ranchos Penitas West,TX,571,False
Industry,IL,571,False
Wells,NY,571,False
Kaneville,IL,571,False
Potwin,KS,571,False
Scottsville,VA,571,False
Keithsburg,IL,570,False
Lyons Switch,OK,570,False
Grafton,IL,570,False
Briny Breezes,FL,570,False
Alexis,NC,570,False
Seneca Gardens,KY,570,False
Whitesville,KY,570,False
Floyd,VA,570,False
Scio,OH,570,False
Matthews,MO,569,False
Daufuskie Island,SC,569,False
Lakehead,CA,569,False
Cloverdale,MS,569,False
Morganza,LA,569,False
Arley,AL,569,False
Hammondsport,NY,569,False
Three Bridges,NJ,569,False
Cascade,MT,569,False
Pueblo Nuevo,TX,569,False
Pearcy,AR,569,False
Lind,WA,569,False
Woodland Mills,TN,569,False
Briarcliffe Acres,SC,568,False
Union,IL,568,False
Coward,SC,568,False
Woodland,AL,568,False
New Auburn,WI,568,False
New Springfield,OH,568,False
Herreid,SD,568,False
Stanwood,IA,568,False
La Crosse,IN,568,False
East Avon,NY,568,False
Salado,AR,568,False
Concorde Hills,OH,568,False
Adams,NE,568,False
Yonah,GA,568,False
New Market,IN,568,False
Shishmaref,AK,568,False
Potosi,WI,568,False
Buffalo Lake,MN,568,False
Rangeley,ME,568,False
Trenton,UT,567,False
Bull Creek,MO,567,False
Mellen,WI,567,False
Sandy Creek,NY,567,False
Randolph,MS,567,False
Warren,MA,567,False
Carlisle,OK,567,False
Rockleigh,NJ,567,False
Chapin,IL,567,False
Eulonia,GA,567,False
Sherman,NY,567,False
Annetta North,TX,566,False
Taylor Corners,CT,566,False
University Park,IA,566,False
Havana,AR,566,False
Sardis,AR,566,False
Michigantown,IN,566,False
Newtonville,NJ,566,False
Kimball,SD,565,False
Buffalo,KY,565,False
Bandera,TX,565,False
La Crosse,VA,565,False
Cobbtown,GA,565,False
Shiloh,GA,565,False
Boulder Canyon,SD,565,False
Fort Gay,WV,565,False
Argonia,KS,565,False
Merigold,MS,564,False
Belleville,IN,564,False
Yakutat,AK,564,False
Nuiqsut,AK,564,False
Radcliffe,IA,564,False
New Houlka,MS,564,False
Brushton,NY,564,False
Four Lakes,WA,564,False
Clayton,IL,564,False
Hawk Run,PA,564,False
Windsor Heights,WV,564,False
Parkerfield,KS,564,False
Bucoda,WA,564,False
Alda,NE,563,False
Clover,VA,563,False
Gilbert,SC,563,False
D'Hanis,TX,563,False
Linden,IN,563,False
Gallipolis Ferry,WV,563,False
Ridgewood,OH,563,False
Millry,AL,563,False
Altona,IL,562,False
Woodland,MN,562,False
West Goshen,CA,562,False
Asbury,MO,562,False
Cheriton,VA,562,False
Sunset Valley,TX,562,False
Glenville,MN,562,False
West Logan,OH,562,False
Scotland,TX,562,False
Portland,ND,562,False
Anmoore,WV,562,False
Lone Oak,TX,562,False
Wampum,PA,562,False
Delton,MI,562,False
Paukaa,HI,561,False
White Swan,WA,561,False
Greens Landing,PA,561,False
Kwethluk,AK,561,False
Bethel,ME,561,False
Lacey,AR,561,False
Oak Run,CA,561,False
Lyndon,IL,561,False
Hardwood Acres,MI,561,False
Central Bridge,NY,561,False
Como,TX,560,False
Dennehotso,AZ,560,False
Freeman,MO,560,False
Atlantic,VA,560,False
Irondale,MO,560,False
De Valls Bluff,AR,560,False
Boggstown,IN,560,False
Port Vincent,LA,560,False
Green Meadows,OR,560,False
Novinger,MO,560,False
West Farmington,OH,560,False
Bancroft,NE,560,False
Columbia,NC,560,False
Ossipee,NC,560,False
Kingman,IN,559,False
Martinsburg,MO,559,False
Holden,WV,559,False
Furman,SC,559,False
Ironton,MN,559,False
Epps,LA,559,False
Brecon,OH,559,False
Hillsboro,AL,559,False
McKenney,VA,559,False
Rebersburg,PA,559,False
Wildwood,GA,559,False
Port Matilda,PA,559,False
Stonewall,TX,559,False
Elliott,SC,558,False
Rivergrove,OR,558,False
Velma,OK,558,False
Lafitte,LA,558,False
Proctorville,OH,558,False
Joseph,UT,558,False
Downieville-Lawson-Dumont,CO,558,False
Norwood,CO,558,False
Chestertown,NY,558,False
Forestville,WI,558,False
Matewan,WV,558,False
Parma,MO,558,False
North Walpole,NH,558,False
Ursa,IL,558,False
Seymour,IA,558,False
Monroe,PA,558,False
Lattimore,NC,557,False
Ava,IL,557,False
Selawik,AK,557,False
Spencer,OH,557,False
Pin Oak Acres,OK,557,False
Lafayette,MN,557,False
Meridian Station,MS,557,False
Linden,WI,557,False
Petersburg,TN,556,False
Junction City,LA,556,False
Perrysville,IN,556,False
Pownal,VT,556,False
Kirkersville,OH,556,False
Amana,IA,556,False
Otis,CO,556,False
Corinna,ME,556,False
Atlasburg,PA,556,False
Kelly,NC,555,False
Richmond,OH,555,False
Bluford,IL,555,False
La Harpe,KS,555,False
Parish,NY,555,False
Summit,AR,555,False
Blair,OK,555,False
Millington,IL,555,False
Maceo,KY,554,False
Norfork,AR,554,False
Center,ND,554,False
Stagecoach,TX,554,False
Williamsfield,IL,554,False
Waite Hill,OH,554,False
Heart Butte,MT,554,False
Stewart,MN,554,False
McKenna,WA,554,False
Creston,IL,554,False
West Hamlin,WV,553,False
Bradford,AR,553,False
Leedey,OK,553,False
Brownsboro Farm,KY,553,False
Thayer,IL,553,False
Ellsworth,IA,553,False
Gibson,TN,553,False
Odessa,NY,553,False
Ephesus,GA,553,False
Startex,SC,553,False
Butler,KY,553,False
Elizabethtown,NY,553,False
Zeb,OK,553,False
Elkhart,IA,553,False
Peck,MI,553,False
Baker,CA,553,False
Sunfish Lake,MN,553,False
Boyd,WI,553,False
Convent,LA,552,False
Chadwick,IL,552,False
Stephen,MN,552,False
Hillsdale,IL,552,False
Pembina,ND,552,False
Walsh,CO,552,False
Claremont,MN,552,False
Atlantic Mine,MI,552,False
Laytonville,CA,552,False
East Randolph,NY,551,False
Godley,IL,551,False
Modena,PA,551,False
Cement City,MI,551,False
White Oak,MS,551,False
Aniak,AK,551,False
Renningers,PA,551,False
Fithian,IL,551,False
Morrisville,MO,550,False
Slatedale,PA,550,False
Encore at Monroe,NJ,550,False
South Cairo,NY,550,False
Carbonado,WA,550,False
Ireton,IA,550,False
Robards,KY,550,False
Lakewood Shores,IL,550,False
Foot of Ten,PA,550,False
Mountain Pine,AR,550,False
Boykins,VA,550,False
Fessenden,ND,550,False
Glorieta,NM,549,False
Fish Springs,NV,549,False
Tiger,GA,549,False
Byron,WY,549,False
Cadyville,NY,549,False
Hatley,WI,549,False
Gays Mills,WI,549,False
Fort Towson,OK,548,False
Paauilo,HI,548,False
Meadow Bridge,WV,548,False
Balaton,MN,548,False
Sabula,IA,548,False
Danforth,IL,548,False
Golden Beach,FL,548,False
Bishopville,MD,548,False
Lyerly,GA,548,False
Stanton,ND,548,False
Rifton,NY,548,False
Lake Preston,SD,548,False
Niangua,MO,548,False
Glenaire,MO,547,False
Cheshire,MA,547,False
Neotsu,OR,547,False
Hyden,KY,547,False
Rushville,NY,547,False
Cuba,NM,547,False
Soldiers Grove,WI,547,False
Bodega,CA,547,False
Melbourne,KY,547,False
Benoit,MS,547,False
Dorchester,NE,547,False
Parkers Settlement,IN,547,False
Dellwood,WI,547,False
Laona,WI,547,False
Ranburne,AL,547,False
Cathlamet,WA,546,False
Howard,KS,546,False
Atlanta,MO,546,False
Auburn,PA,546,False
Hammond,IL,546,False
Greentop,MO,546,False
Fordsville,KY,546,False
Kirtland,NM,546,False
Pineville,WV,546,False
Wauneta,NE,546,False
Purple Sage,WY,546,False
North Creek,NY,546,False
Golf,IL,546,False
South Philipsburg,PA,545,False
Tioga,WV,545,False
Seven Valleys,PA,545,False
Big Delta,AK,545,False
Cisne,IL,545,False
Calhoun,TN,545,False
Bonanza,OR,545,False
Watchtower,NY,545,False
Goessel,KS,545,False
Irvington,IL,545,False
Spanish Valley,UT,545,False
Dix,IL,544,False
Thompsonville,IL,544,False
Elk Horn,IA,544,False
Barlow,KY,544,False
Colver,PA,544,False
Elaine,AR,544,False
Mauricetown,NJ,544,False
Brownton,MN,544,False
Hytop,AL,544,False
Sierra Blanca,TX,544,False
Rolling Hills,WY,544,False
Trufant,MI,544,False
Mountainburg,AR,544,False
Knapp,WI,544,False
Cromwell,IN,543,False
Greenwood,NE,543,False
Mountain Lake,NJ,543,False
Buena,WA,543,False
Quantico,VA,543,False
Montrose,SD,543,False
Pippa Passes,KY,543,False
Gordon,TX,543,False
Hale,MO,543,False
Olde Stockdale,CA,543,False
Warm Springs,GA,543,False
Pinedale,AZ,543,False
Fairplay,MD,543,False
Center,MO,542,False
Lovilia,IA,542,False
Langeloth,PA,542,False
North Salem,IN,542,False
Richland,IN,542,False
Mechanicsville,CT,542,False
Nickerson,NE,542,False
East Millstone,NJ,541,False
Belleville,AR,541,False
Ashton,IA,541,False
Interlochen,MI,541,False
Wheaton,MO,541,False
Conejo,NM,541,False
Hickory Grove,SC,541,False
Paragon,IN,541,False
Muir,PA,541,False
Turner,ME,541,False
Franklin,MN,540,False
St. David,IL,540,False
Emlyn,KY,540,False
Wyoming,IA,540,False
Throckmorton,TX,540,False
Noxapater,MS,540,False
Smock,PA,540,False
D'Lo,MS,540,False
Villa Heights,VA,540,False
Oxford Junction,IA,540,False
Edwards,NY,540,False
Lake City,TX,540,False
Camargo,IL,540,False
Hecker,IL,540,False
Pleasant Groves,AL,539,False
Ramsey,IN,539,False
Bronson,KS,539,False
Guilford,ME,539,False
Summit,SC,539,False
Oakwood,TX,539,False
Kauneonga Lake,NY,539,False
Mulford,CO,539,False
Rolling Hills,CA,539,False
Lane,SC,539,False
De Soto,WI,539,False
El Centro Naval Air Facility,CA,539,False
Tijeras,NM,539,False
Avon,UT,539,False
Isleton,CA,538,False
Beersheba Springs,TN,538,False
Cattle Creek,CO,538,False
Manzanita,OR,538,False
Paradise Park,CA,538,False
Ullin,IL,538,False
Sun,LA,538,False
Bergholz,OH,538,False
Alba,TX,538,False
Gaylordsville,CT,538,False
Erin,NY,538,False
Lake Ivanhoe,WI,538,False
Jacksons' Gap,AL,537,False
Whittemore,IA,537,False
Bridgewater,NY,537,False
Boomer,WV,537,False
Potter Valley,CA,537,False
Hawk Point,MO,537,False
DISH,TX,537,False
Delbarton,WV,537,False
Sorrel,LA,537,False
Orchid,FL,537,False
Stevens,PA,536,False
Noatak,AK,536,False
La Paz,IN,536,False
Big Run,PA,536,False
Brewster,MN,536,False
Kreamer,PA,536,False
Corwin,OH,536,False
Stuart,NE,536,False
Evant,TX,536,False
Derby,OH,536,False
Palmyra,IL,536,False
Cement,OK,536,False
Vanndale,AR,535,False
Hanna,IN,535,False
Jane,MO,535,False
Loraine,TX,535,False
Jerry City,OH,535,False
Strasburg,IL,535,False
Saguache,CO,535,False
Tamms,IL,535,False
Ballico,CA,535,False
Miller,OH,535,False
Fairfield,OK,535,False
Oakland,PA,535,False
Green Ridge,MO,535,False
Brook Forest,CO,535,False
Dows,IA,535,False
East Rochester,PA,534,False
Ai,OH,534,False
Kensington,KS,534,False
West Pocomoke,MD,534,False
Mehama,OR,534,False
Atlantic,NC,534,False
Greens Fork,IN,534,False
Cosmos,MN,534,False
Carnelian Bay,CA,534,False
Medway,OH,534,False
Wheatley,AR,534,False
Kingstown,NC,533,False
Mercer,WI,533,False
Forestville,PA,533,False
Savanna,OK,533,False
Stamford,VT,533,False
Arnett,OK,533,False
Lemitar,NM,533,False
Bay Shore,MI,533,False
Alberton,MT,533,False
Tripp,SD,533,False
Gordonville,MO,533,False
Elmwood Park,WI,533,False
Ketchum,OK,533,False
Berlin,AL,532,False
Cross Timber,TX,532,False
LeRoy,KS,532,False
Bridgeton,NC,532,False
Buchanan Lake Village,TX,532,False
Gas,KS,532,False
Belt,MT,532,False
Cannondale,CT,532,False
Forestville,NY,532,False
Loleta,CA,532,False
Noblestown,PA,532,False
Republic,MI,532,False
Icehouse Canyon,AZ,532,False
Ringwood,OK,532,False
Russell,IA,532,False
North Woodstock,NH,532,False
Lake Medina Shores,TX,532,False
Altona,CO,531,False
Hartwick,NY,531,False
Stacey Street,FL,531,False
Cairnbrook,PA,531,False
Callery,PA,531,False
West Brule,SD,531,False
Altamont,PA,531,False
Mark,IL,531,False
Stanford,IL,531,False
Martin,MI,530,False
Williston,TN,530,False
Zanesville,IN,530,False
Buffalo Springs,TX,530,False
Morgan,TX,530,False
Neshanic,NJ,530,False
Dubois,ID,530,False
Ravenwood,MO,530,False
Dansville,MI,530,False
Garden City,UT,530,False
Comanche Creek,CO,530,False
Michie,TN,530,False
La Fargeville,NY,530,False
East Ellijay,GA,530,False
Kingsland,AR,529,False
Pope,MS,529,False
Lake Mystic,FL,529,False
Mardela Springs,MD,529,False
Pesotum,IL,529,False
Wylandville,PA,529,False
Lake Almanor Country Club,CA,529,False
Grimes,AL,529,False
Endeavor,WI,529,False
Walnut Grove,MO,529,False
Damiansville,IL,529,False
Dustin Acres,CA,529,False
Buda,IL,529,False
Sedalia,NC,529,False
Tryon,OK,529,False
McDermott,OH,529,False
Kahite,TN,529,False
Protection,KS,529,False
Hallsburg,TX,529,False
Crofton,KY,529,False
Newport,NJ,529,False
St. Rose,IL,529,False
Mount Auburn,IL,528,False
Waubeka,WI,528,False
Raymondville,MO,528,False
Elnora,IN,528,False
Oak Park,GA,528,False
San Marine,OR,528,False
Grantsboro,NC,528,False
Pettisville,OH,528,False
Lanare,CA,528,False
Weaubleau,MO,528,False
Pink Hill,NC,528,False
De Kalb,MO,528,False
Kennard,IN,528,False
Lytle Creek,CA,528,False
Verdunville,WV,528,False
Winfield,TX,528,False
West Nanticoke,PA,528,False
Etna Green,IN,527,False
Lynd,MN,527,False
St. Elizabeth,MO,527,False
Dodge City,AL,527,False
Lake Arthur,NM,527,False
Kosse,TX,527,False
Butterfield,MN,527,False
Weston,ID,527,False
Anthon,IA,527,False
Pomeroy,IA,527,False
Woodson,IL,527,False
Mayking,KY,527,False
Cedarville,NJ,526,False
Waverly,KS,526,False
Madison Place,OH,526,False
Sundance,NM,526,False
Gibbsville,WI,526,False
Cawood,KY,526,False
Vanderbilt,TX,526,False
Summerhill,PA,526,False
Wall,PA,526,False
Southwest Harbor,ME,526,False
Pine Valley,CO,526,False
Capon Bridge,WV,526,False
Tishomingo,MS,526,False
Carlisle,SC,526,False
Valley Grove,WV,526,False
Brunson,SC,525,False
Mole Lake,WI,525,False
Pleasant Plains,NJ,525,False
Leslie,GA,525,False
Shelbyville,MO,525,False
Wheeler,MS,525,False
Crawfordsville,OR,525,False
Mulliken,MI,525,False
Strathmoor Village,KY,525,False
Little Rock,SC,525,False
Bird City,KS,525,False
Keota,OK,525,False
Hayden,AZ,525,False
Lewisberry,PA,525,False
Littleton,NC,525,False
Altha,FL,525,False
Clay,WV,524,False
Mooers,NY,524,False
Broomes Island,MD,524,False
Winchester,OK,524,False
Coloma,WI,524,False
Tropic,UT,524,False
Marysvale,UT,524,False
Arivaca,AZ,524,False
Tacna,AZ,524,False
Exeter,NE,524,False
Dividing Creek,NJ,524,False
Strykersville,NY,523,False
Lorain,PA,523,False
Warrior Run,PA,523,False
Toledo,WA,523,False
Shiloh,OH,523,False
Buford,SC,523,False
Birmingham,IA,523,False
Sparkman,AR,523,False
Old Green,OK,522,False
Cross Hill,SC,522,False
Virgie,KY,522,False
Aurora,NC,522,False
Weekapaug,RI,522,False
Micanopy,FL,522,False
Scranton,IA,522,False
Cantua Creek,CA,522,False
Bonanza,AR,522,False
Hamburg,MN,522,False
Crown City,OH,522,False
Glennallen,AK,522,False
Timbercreek Canyon,TX,522,False
East Alto Bonito,TX,522,False
Cortland,NE,521,False
Portia,AR,521,False
Allendale,IL,521,False
Shady Grove CDP (Cherokee County),OK,521,False
Leola,AR,521,False
Bagtown,MD,521,False
Bellefonte,AR,521,False
Pine Brook Hill,CO,521,False
Rouseville,PA,521,False
Pittman Center,TN,520,False
New Haven CDP (Huron County),OH,520,False
Prairieton,IN,520,False
Canton,OK,520,False
Santa Cruz,TX,520,False
Burden,KS,520,False
Wapella,IL,520,False
Mount Blanchard,OH,519,False
Warsaw,OH,519,False
Pollock,LA,519,False
Ruma,IL,519,False
New Virginia,IA,519,False
Poplar Hills,KY,519,False
Butlertown,MD,519,False
Lloydsville,OH,519,False
Irvington,VA,519,False
Finklea,SC,519,False
Tipton,PA,519,False
Wilsonville,IL,519,False
Badger,IA,519,False
Pownal Center,VT,519,False
Hornersville,MO,519,False
Hot Springs,NC,519,False
Elwood,NE,519,False
Avoca,WI,519,False
White City,KS,518,False
Nezperce,ID,518,False
Cassadaga,NY,518,False
Sutherland,IA,518,False
Waverly,PA,518,False
Dante,VA,518,False
Green Mountain Falls,CO,518,False
Richland,NJ,518,False
Jewett,OH,518,False
Holden,UT,518,False
Falmouth,PA,518,False
Carney,OK,518,False
Hill City,MN,518,False
Callaway,NE,518,False
Groton Long Point,CT,517,False
Lyons,PA,517,False
Cedar Grove,WV,517,False
Dupont City,WV,517,False
Wadesville,IN,517,False
Indianola,NE,517,False
Perrinton,MI,517,False
Burt,IA,517,False
Elephant Head,AZ,517,False
Worthington,PA,517,False
Deweyville,TX,517,False
Spring Lake,UT,517,False
Dunlo,PA,517,False
Placedo,TX,516,False
McDowell,KY,516,False
Slovan,PA,516,False
Ridgeway,MO,516,False
Cherry Valley,NY,516,False
Firth,ID,516,False
Ronda,NC,516,False
Stanhope,IA,516,False
The Highlands,KS,516,False
Gisela,AZ,516,False
Rolling Fields,KY,516,False
Norway,IA,516,False
Seboyeta,NM,516,False
Lenox,TN,515,False
Prinsburg,MN,515,False
Allenhurst,GA,515,False
Centralhatchee,GA,515,False
Pennock,MN,515,False
Churdan,IA,515,False
Wilton,WI,515,False
Westwood,IN,515,False
Pueblo of Sandia Village,NM,515,False
Placitas CDP (Doña Ana County),NM,515,False
Riverlea,OH,515,False
West Dunbar,WV,515,False
Lake Bungee,CT,515,False
Rosslyn Farms,PA,515,False
Del Muerto,AZ,515,False
Pine Haven,WY,515,False
Smithton,MO,514,False
Redwater,MS,514,False
Richmond,KS,514,False
Snook,TX,514,False
Hartley,TX,514,False
Stewartsville,VA,514,False
Eckhart Mines,MD,514,False
Breckenridge,MO,514,False
Steinhatchee,FL,514,False
Enterprise,MS,514,False
Smiley,TX,514,False
Bellwood,NE,513,False
Springdale,WA,513,False
Boulder Flats,WY,513,False
Edgar,NE,513,False
Irene,SD,513,False
Gilt Edge,TN,513,False
Pe Ell,WA,513,False
Bloomingdale,MI,513,False
Spokane Creek,MT,513,False
Garza-Salinas II,TX,513,False
West Alton,MO,513,False
Valparaiso,NE,513,False
Agricola,MS,512,False
Red Jacket,WV,512,False
Greenwood,IL,512,False
Union Star,MO,512,False
Lake,MS,512,False
Red River,NM,512,False
Cuyamungue,NM,512,False
Sunnyland,IL,512,False
Vail,IA,512,False
De Witt,NE,512,False
Oglesby,TX,511,False
Meadville,MO,511,False
Oak Hill,MI,511,False
Seventh Mountain,OR,511,False
Withee,WI,511,False
Pinesburg,MD,511,False
Oxford,WI,511,False
Elk Park,NC,511,False
Rushsylvania,OH,511,False
Ducktown,TN,511,False
Hawkeye,IA,511,False
Butterfield,MO,511,False
Grannis,AR,511,False
Union,LA,511,False
Wellsboro,IN,511,False
Riley,IN,511,False
Trafford,AL,511,False
Fort Ann,NY,511,False
Blue River,WI,510,False
Royal,IA,510,False
Fort Johnson,NY,510,False
Humeston,IA,510,False
Moorland,KY,510,False
Brasher Falls,NY,510,False
Bokchito,OK,510,False
Arkansas City,AR,510,False
Schulter,OK,510,False
Lyons Falls,NY,510,False
Strasburg,ND,510,False
Lamont,IA,510,False
Scotia,CA,510,False
Hawk Cove,TX,510,False
Pennwyn,PA,510,False
Noonday,TX,510,False
Conneaut Lake,PA,510,False
North Adams,MI,510,False
Bell City,MO,509,False
Albion,WA,509,False
Portland,AR,509,False
Decatur,NE,509,False
Mount Crawford,VA,509,False
Cordova,MD,509,False
Burlington Junction,MO,509,False
Potrero,CA,509,False
Richmond,LA,509,False
South Range,MI,509,False
Leicester,NY,509,False
Fair Play,MO,509,False
Pleasant Valley,OR,509,False
Burnsville,WV,509,False
Pitts,GA,509,False
Rothsay,MN,509,False
Florence,KS,509,False
Richfield,ID,509,False
James Town,WY,508,False
Springville,CA,508,False
Star Harbor,TX,508,False
Fisk,MO,508,False
Simms,OK,508,False
Emerson,IA,508,False
Orient,OR,508,False
Huttig,AR,508,False
Drakes Branch,VA,508,False
Nenana,AK,508,False
Lake Hart,FL,507,False
Keezletown,VA,507,False
Amboy,MN,507,False
Alexander,NY,507,False
Alexandria,OH,507,False
West Jefferson,AL,507,False
Midway,AL,507,False
Gloucester,NC,506,False
Macksville,KS,506,False
Subiaco,AR,506,False
Wheatland,PA,506,False
Embarrass,WI,506,False
Farmington,IA,506,False
Wyandotte,OK,506,False
Hurtsboro,AL,506,False
Round Valley,AZ,506,False
Scammon Bay,AK,506,False
North Hodge,LA,506,False
Caldwell,AR,506,False
St. Joseph,WI,506,False
Prairie Farm,WI,506,False
Lowell,OH,506,False
Staley,NC,505,False
Helen,GA,505,False
Blanchard,PA,505,False
Mecosta,MI,505,False
Fairchild,WI,505,False
Winterstown,PA,505,False
Grand Tower,IL,505,False
West Alto Bonito,TX,505,False
Wyndmere,ND,505,False
Evaro,MT,505,False
Oak Valley,TX,505,False
Dayton,ID,505,False
Cass Lake,MN,505,False
Burnside,AZ,505,False
Burke,TX,505,False
Argyle,GA,504,False
Cross Roads,PA,504,False
Coatesville,IN,504,False
Warrens,WI,504,False
Cousins Island,ME,504,False
Newton,GA,504,False
Platte Woods,MO,503,False
Smoot,WY,503,False
Connecticut Farms,NJ,503,False
Newville,AL,503,False
Browns Valley,MN,503,False
Worden,MT,503,False
Turtle Lake,ND,503,False
Interlaken,NY,503,False
Evans Mills,NY,503,False
Coulee City,WA,503,False
Philip,SD,503,False
Sierra Brooks,CA,503,False
Westfield,IL,503,False
Lovelady,TX,503,False
Valencia,PA,502,False
McIntosh,NM,502,False
Benton,PA,502,False
Delta,MO,502,False
Roper,NC,502,False
Lohrville,WI,502,False
Wishram,WA,502,False
Chase Crossing,VA,502,False
Dozier,AL,502,False
Petros,TN,502,False
Hornbeak,TN,502,False
Vesper,WI,502,False
Felicity,OH,502,False
Fairgrove,MI,501,False
Hyde Park,PA,501,False
Clarksville,OH,501,False
Cleveland,UT,501,False
Sandy Hollow-Escondidas,TX,501,False
Haena,HI,501,False
Wellington,MO,501,False
Sangrey,MT,501,False
Stirling City,CA,501,False
Grand Mound,IA,501,False
West Milford,WV,501,False
Terry,MT,501,False
Deary,ID,501,False
Craigmont,ID,501,False
Fairgarden,TN,501,False
Sugarloaf,CO,501,False
Strawn,TX,501,False
Riverwood,KY,501,False
Shelter Cove,CA,500,False
Harrisville,MI,500,False
Bancroft,MI,500,False
Makanda,IL,500,False
Beauregard,MS,500,False
River Falls,AL,500,False
Polkville,NC,500,False
Cedar Valley,OK,500,False
Hartford,AR,500,False
Patrick,SC,500,False
Carlisle,IN,500,False
Verden,OK,500,False
Bradley,AR,500,False
Beaver City,NE,500,False
Akins,OK,499,False
Asher,OK,499,False
Walker,CA,499,False
Baileyton,TN,499,False
Rest Haven,IL,499,False
Hatfield,AR,499,False
Buckhorn,PA,499,False
Edgerton,MO,499,False
Lancaster,MO,499,False
Bancroft,KY,499,False
Fort Cobb,OK,499,False
East Frankfort,NY,499,False
Sigurd,UT,498,False
Clintonville,PA,498,False
Dayton,IL,498,False
Dearborn,MO,498,False
Dorrington,CA,498,False
Canute,OK,498,False
Sorento,IL,498,False
Declo,ID,498,False
Lemon Cove,CA,498,False
Clifton,WV,498,False
Summerville,PA,497,False
German Valley,IL,497,False
Webberville,TX,497,False
Sausal,NM,497,False
Jacksonville CDP (Indiana County),PA,497,False
Edison,OH,497,False
Lynnville,IA,497,False
Richland,IA,497,False
River Bluff,KY,496,False
Robinson,PA,496,False
Vaughn,NM,496,False
Chesapeake Landing,MD,496,False
Miami,TX,496,False
Cameron,WV,496,False
Silkworth,PA,496,False
Westwood,KY,496,False
Elkton,TN,496,False
Tecolotito,NM,496,False
Milton,IA,496,False
Crabtree,OR,496,False
Langford,SD,496,False
Labish Village,OR,496,False
Naylor,MO,495,False
West Valley,NY,495,False
Earlsboro,OK,495,False
Lindisfarne,MT,495,False
Cullom,IL,495,False
Hermanville,MS,495,False
Fonda,NY,495,False
Salyer,CA,495,False
Clearview Acres,WY,495,False
Dinosaur,CO,495,False
Vanderbilt,MI,495,False
Lockwood CDP (Amador County),CA,495,False
Gorst,WA,495,False
Beverly Beach,FL,495,False
Fairview,OR,495,False
Beacon,IA,495,False
Ellsworth,MN,494,False
Knollwood,TX,494,False
Coal Creek,CO,494,False
Roberts,IL,494,False
Mesquite Creek,AZ,494,False
Prairie du Rocher,IL,494,False
North Courtland,AL,494,False
Tolani Lake,AZ,494,False
Delhi,IA,494,False
Red Mesa,AZ,494,False
Amalga,UT,494,False
Dexter,KS,494,False
Livingston,WI,493,False
Newdale,ID,493,False
Cape Colony,NC,493,False
Sequatchie,TN,493,False
Rudd,IA,493,False
Thackerville,OK,493,False
Gardner,FL,493,False
Axtell,KS,492,False
Mexico,PA,492,False
Stanardsville,VA,492,False
Morris,NY,492,False
New Salisbury,IN,492,False
Hatton,WA,492,False
Emery,SD,492,False
Salesville,AR,492,False
Cowden,IL,492,False
Marion Center,PA,492,False
Sand Lake,MI,492,False
San Leanna,TX,492,False
Riverdale,IA,491,False
Manzanola,CO,491,False
Drakesboro,KY,491,False
Bell Arthur,NC,491,False
Wagon Mound,NM,491,False
Between,GA,491,False
Elba,NY,491,False
Gillett,AR,491,False
Barnum,MN,491,False
Pewamo,MI,490,False
Maple Ridge,OH,490,False
Huntington,AR,490,False
Galien,MI,490,False
Pinecroft,PA,490,False
Clermont,IA,490,False
Glenburn,ND,490,False
Adams,OR,490,False
Sidell,IL,490,False
Streetman,TX,490,False
Edison,CA,490,False
Iberia,OH,490,False
South Bethany,DE,490,False
Appleby,TX,490,False
Rankin,IL,490,False
Cherry Grove,OR,489,False
South Heart,ND,489,False
Sugar Mountain,NC,489,False
Plymouth,IL,489,False
Crescent City,IL,489,False
McNeil,AR,489,False
Davenport Center,NY,489,False
Newell,SD,489,False
Pioneer,LA,489,False
Torreon CDP (Sandoval County),NM,489,False
Norwood,IL,489,False
Caswell Beach,NC,489,False
Webb,MS,489,False
Rock Point,AZ,489,False
Crestview,KY,488,False
Cochranville,PA,488,False
Stacyville,IA,488,False
Empire,GA,488,False
Lyle,MN,488,False
Wimer,OR,488,False
Thurston,OH,488,False
Elkhart,IL,488,False
Elizabeth,LA,488,False
Ravia,OK,488,False
Baggs,WY,488,False
Schenevus,NY,487,False
Mather,PA,487,False
Graniteville,VT,487,False
Kaleva,MI,487,False
River Pines,CA,487,False
Chase,KS,487,False
Claflin,KS,487,False
Elmo,UT,487,False
New Church,VA,487,False
Elliott,IA,487,False
Arnoldsville,GA,486,False
Schall Circle,FL,486,False
Macdona,TX,486,False
Minnesott Beach,NC,486,False
Sautee-Nacoochee,GA,486,False
Union,WV,486,False
Deerfield,MA,486,False
Lewistown Heights,MT,486,False
Santo,TX,486,False
Sargent,NE,486,False
Chelsea,VT,486,False
Strathmoor Manor,KY,486,False
Cameron,SC,486,False
New Haven,IL,485,False
Hulbert,OK,485,False
Burkeville,VA,485,False
Texline,TX,485,False
Touchet,WA,485,False
Moran,KS,485,False
Grand View,ID,485,False
Fossil,OR,485,False
Bear Creek,TX,485,False
Turrell,AR,484,False
McCallsburg,IA,484,False
Deep Run,NC,484,False
Weston,PA,484,False
Helena,SC,484,False
Cochiti,NM,484,False
Maynard,IA,484,False
Glidden,TX,484,False
Spring Bay,IL,484,False
Panama,NY,484,False
Randolph,MN,484,False
Willisville,IL,484,False
Fountain,MN,484,False
Harrod,OH,484,False
Hermitage,AR,484,False
Circle,MT,483,False
Collins,IA,483,False
Rices Landing,PA,483,False
Mount Vernon,SD,483,False
Fort Jesup,LA,483,False
Leslie,AR,483,False
Rushford,NY,483,False
So-Hi,AZ,483,False
Weston,OR,483,False
East Middlebury,VT,483,False
Grampian,PA,482,False
High Falls,NY,482,False
Springfield,SC,482,False
Thorne Bay,AK,482,False
Maxeys,GA,482,False
Montmorenci,IN,482,False
Sterling,MI,482,False
Olpe,KS,482,False
Maxwell,NM,482,False
Laurel Heights,NJ,482,False
Hawley,TX,482,False
Waverly,WV,482,False
Wasco,OR,482,False
Timber Hills,PA,482,False
Granada,CO,482,False
Milbridge,ME,481,False
Pine Hollow,OR,481,False
Rosebud,MO,481,False
Orbisonia,PA,481,False
Paguate,NM,481,False
West Chazy,NY,481,False
Old Washington,OH,481,False
Coupland,TX,481,False
Millburg,MI,481,False
Mountain Plains,SD,481,False
Glencoe,OK,481,False
Tesuque Pueblo,NM,481,False
Jefferson City,MT,480,False
Hawthorn,PA,480,False
Huntsville,UT,480,False
Benton Ridge,OH,480,False
Fruitvale,TX,480,False
Tall Timbers,MD,480,False
Bonfield,IL,480,False
Oldtown,ID,480,False
Verndale,MN,480,False
Ualapue,HI,480,False
Vera,OK,480,False
Riverview,VA,479,False
West Baden Springs,IN,479,False
Solomon,AZ,479,False
West College Corner,IN,479,False
El Portal,CA,479,False
Lake Arthur Estates,PA,479,False
Big Springs,NE,479,False
Cygnet,OH,479,False
Fowler,KS,479,False
Hartford Village,VT,479,False
Green Isle,MN,479,False
Harvey Cedars,NJ,479,False
Naturita,CO,479,False
Park Ridge,WI,479,False
Southampton Meadows,VA,479,False
Millingport,NC,479,False
Woodland,MI,479,False
Sulphur Springs,AR,479,False
New Albin,IA,478,False
Darlington,MD,478,False
Dudleyville,AZ,478,False
Ottertail,MN,478,False
Echo,OR,478,False
Louin,MS,478,False
Bunn,NC,478,False
Binger,OK,478,False
South Van Horn,AK,478,False
White,SD,478,False
Wayland,MO,478,False
St. Johns,AZ,478,False
Crawfordsville,AR,478,False
Eudora,MS,478,False
Verona,MO,478,False
Olney Springs,CO,477,False
Romney,IN,477,False
Racine,MN,477,False
Hermon,NY,477,False
Brewer,MO,477,False
Buckley,IL,477,False
Joiner,AR,477,False
Ghent,NY,477,False
Eskridge,KS,477,False
Hayes,LA,477,False
Florence,WI,477,False
Micro,NC,477,False
Naplate,IL,477,False
Hopewell,IL,477,False
Sheppton,PA,477,False
Bertha,MN,477,False
De Land,IL,477,False
New Hebron,MS,477,False
Chefornak,AK,476,False
Nectar,AL,476,False
Liverpool,TX,476,False
Ewing,VA,476,False
Arnot,PA,476,False
Chazy,NY,476,False
Loch Lynn Heights,MD,476,False
Huntsville,OH,476,False
Brownville Junction,ME,476,False
Van Etten,NY,476,False
Red Level,AL,476,False
Bigler,PA,476,False
Fort Yukon,AK,476,False
Cove,UT,475,False
Washington Park,NC,475,False
Eek,AK,475,False
Rosholt,WI,475,False
Kismet,KS,475,False
Mattoon,WI,475,False
Twin Lakes,IA,475,False
Gem Lake,MN,475,False
Wrigley,TN,475,False
Arlington,KS,475,False
Ashley,MI,475,False
Cecil,WI,475,False
Fredonia,KY,475,False
Stockton,NJ,475,False
York,AZ,475,False
Irvona,PA,475,False
South Royalton,VT,475,False
Chalmers,IN,475,False
Thornton,TX,475,False
The Silos,MT,474,False
New Village,NJ,474,False
Eldorado,PA,474,False
Danforth,ME,474,False
Good Thunder,MN,474,False
Corning,OH,474,False
New England,GA,474,False
Mount Charleston,NV,474,False
Bruceville,IN,474,False
Walton,NE,474,False
Gorham,NY,474,False
Busby,MT,474,False
Hoyleton,IL,473,False
Bowerston,OH,473,False
Falls Village,CT,473,False
Melrose,NM,473,False
Lake McMurray,WA,473,False
Long Branch,PA,473,False
Peak Place,NM,473,False
Kake,AK,473,False
Polo,MO,473,False
Rose Creek,MN,473,False
Parkman,WY,473,False
Millerville,AL,473,False
Lucas,OH,473,False
Excel,AL,473,False
Powhatan,VA,473,False
Hampton,FL,472,False
Naytahwaush,MN,472,False
Veblen,SD,472,False
Fort Duchesne,UT,472,False
Austinburg,OH,472,False
Cragsmoor,NY,472,False
Soso,MS,472,False
Oceanside,OR,472,False
Clarksville,MO,472,False
Waldo,WI,472,False
Carlton,MT,471,False
St. Stephens,AL,471,False
Spokane,LA,471,False
Pecan Park,NM,471,False
Kandiyohi,MN,471,False
Gauley Bridge,WV,471,False
Woodland,UT,471,False
New Ross,IN,471,False
Eubank,KY,471,False
Lower Berkshire Valley,NJ,471,False
Topsail Beach,NC,471,False
Robinette,WV,471,False
De Beque,CO,470,False
Webster,NC,470,False
Branch,LA,470,False
Dupree,SD,470,False
Cream Ridge,NJ,470,False
Hickory,MS,470,False
Polk,OH,470,False
Bethel,MN,470,False
Stotonic Village,AZ,470,False
Danwood,SC,470,False
Neola,UT,470,False
Johnsonburg,NJ,470,False
Avinger,TX,470,False
Mamanasco Lake,CT,470,False
North Lynbrook,NY,470,False
North Santee,SC,470,False
Gilman,WI,469,False
Firth,NE,469,False
Bell,FL,469,False
Alma,TX,469,False
McKean,PA,469,False
Arlington,IN,469,False
Lake Milton,OH,469,False
Camden Point,MO,469,False
Bowersville,GA,469,False
Beverly Hills,MO,469,False
Lefors,TX,469,False
Wenden,AZ,469,False
Laurel Hill,FL,469,False
Sigel,IL,469,False
Cape Royale,TX,469,False
La Paz Valley,AZ,469,False
Leasburg,MO,469,False
Menlo,GA,469,False
Killington Village,VT,468,False
Charter Oak,IA,468,False
Silo,OK,468,False
Green Valley Farms,TX,468,False
Van Voorhis,PA,468,False
Mount Aetna,PA,468,False
Iuka,IL,468,False
Big Bay,MI,468,False
Freeville,NY,468,False
Grantfork,IL,468,False
Woodbourne,NY,468,False
New Auburn,MN,468,False
Whitefield,OK,468,False
Nazlini,AZ,468,False
Mud Lake,ID,468,False
St. Marys Point,MN,467,False
Waynesville,IL,467,False
Risingsun,OH,467,False
Vermillion,MN,467,False
Brooktondale,NY,467,False
Wrightstown,NJ,467,False
Pine Forest,TX,467,False
Marquette,IA,467,False
South Renovo,PA,467,False
Troutville,VA,467,False
Highland Haven,TX,467,False
Conesville,IA,467,False
Phillipsburg,GA,467,False
Rose Bud,AR,467,False
Candlewood Isle,CT,467,False
Kulm,ND,467,False
Turah,MT,466,False
Thornton,IA,466,False
New Baltimore,NY,466,False
Malcolm,NE,466,False
Sunrise Shores,TX,466,False
Cochiti Lake,NM,466,False
Hume,IL,466,False
Wassaic,NY,466,False
Ash Fork,AZ,466,False
Ray,AL,466,False
Thompson,IA,466,False
Tannersville,NY,466,False
Preston-Potter Hollow,NY,466,False
Allenport,PA,466,False
Biggers,AR,466,False
Bancroft,WV,466,False
Peachland,NC,465,False
Strong City,KS,465,False
Walpole,NH,465,False
Prentice,WI,465,False
West Stewartstown,NH,465,False
St. Helena,NC,465,False
Mantee,MS,465,False
Kelayres,PA,465,False
Lake City,CO,465,False
Carmichaels,PA,465,False
Marianna,PA,465,False
Quinton,NJ,464,False
Freeport,OH,464,False
Griffith Creek,TN,464,False
Newport,NY,464,False
Snydertown,PA,464,False
Walnuttown,PA,464,False
Leakey,TX,464,False
Springfield,LA,464,False
Symsonia,KY,464,False
Perdido Beach,AL,464,False
Norbourne Estates,KY,464,False
Ovid,NY,464,False
Fairfield,ID,463,False
Agency,IA,463,False
Wilkeson,WA,463,False
Giltner,NE,463,False
Beaver,OH,463,False
Dodgeville,MI,463,False
Willernie,MN,463,False
Belleplain,NJ,463,False
Howard,OH,463,False
New Washington,IN,463,False
Canton,MN,463,False
Beech Bluff,TN,463,False
Waresboro,GA,463,False
Sunrise Beach,MO,463,False
Minnetonka Beach,MN,463,False
Washington Crossing,NJ,463,False
Diagonal,IA,463,False
Pierron,IL,463,False
Pinecraft,FL,463,False
Norwich,KS,463,False
Tilghmanton,MD,463,False
Texhoma,TX,463,False
Billings,OK,463,False
Powellton,WV,463,False
Hudson,WY,463,False
Buckholts,TX,463,False
Paw Paw,WV,463,False
Westphalia,MO,462,False
Harbor Hills,NY,462,False
Balmorhea,TX,462,False
Eminence,MO,462,False
Reeltown,AL,462,False
Whitakers,NC,462,False
Broad Top City,PA,462,False
Adell,WI,462,False
Ooltewah,TN,462,False
Milford,NY,462,False
Ehrhardt,SC,462,False
North Anson,ME,462,False
Grover Hill,OH,461,False
Mowrystown,OH,461,False
North La Junta,CO,461,False
Roberts,ID,461,False
Hudson,SD,461,False
Jupiter Inlet Colony,FL,461,False
Nesco,NJ,461,False
Valley Falls,NY,461,False
Western Grove,AR,461,False
Monroe Center,IL,460,False
Eakly,OK,460,False
Pillager,MN,460,False
Crystal Lake Park,MO,460,False
Potters Hill,NC,460,False
Frankford,MO,460,False
Sportsmen Acres,OK,460,False
Fargo,GA,460,False
Cherry,IL,460,False
Finley Point,MT,460,False
Hull,IL,460,False
Lyons,TX,459,False
Nances Creek,AL,459,False
Lockhart,SC,459,False
East Dunseith,ND,459,False
Bailey,NC,459,False
Crawford,CO,459,False
Saltillo,PA,459,False
Lodge Grass,MT,459,False
Allensworth,CA,459,False
Murray,NE,459,False
Brockton,MT,459,False
Dushore,PA,459,False
El Nido,CA,459,False
Cook,MN,459,False
Plum Springs,KY,458,False
Wattsburg,PA,458,False
Hatteras,NC,458,False
Danube,MN,458,False
South Fork,CO,458,False
Point Comfort,TX,458,False
Bennetts Switch,IN,458,False
Kenvir,KY,458,False
Lewiston Woodville,NC,458,False
Alta Vista,KS,458,False
Butternut,WI,458,False
Morral,OH,458,False
Wheatfields,AZ,457,False
Ghent,MN,457,False
Livermore,IA,457,False
Warner,SD,457,False
Racine,WV,457,False
Turkey Creek,AZ,457,False
McKnightstown,PA,457,False
Jenkins,MN,457,False
Hartford,KS,457,False
Stanfield,AZ,457,False
Huxley,TX,457,False
Beckwourth,CA,457,False
Tolchester,MD,456,False
Tuluksak,AK,456,False
Lockridge,IA,456,False
Crystal Lakes,MO,456,False
Crescent Valley,NV,456,False
Bishop,GA,456,False
Totah Vista,NM,456,False
West Elizabeth,PA,456,False
Rolette,ND,456,False
Cherry Grove,WA,456,False
Sylvan Hills,PA,456,False
Esmont,VA,456,False
Kennedyville,MD,456,False
Towner,ND,456,False
Garfield,AR,456,False
Little Mountain,SC,456,False
Martinsville,OH,456,False
Hiltonia,GA,456,False
Aguilar,CO,456,False
Madison,CA,455,False
Vintondale,PA,455,False
Flat Rock,IL,455,False
Tampico,WA,455,False
Wardell,MO,455,False
Packwood,IA,455,False
Wilmot,AR,455,False
Hot Springs,VA,455,False
Lewis,IA,455,False
Berthold,ND,455,False
Selma,VA,455,False
Banquete,TX,455,False
Springdale,UT,454,False
Sulphur Springs,IN,454,False
Lake View,AR,454,False
Dodd City,TX,454,False
Hamilton Branch,CA,454,False
Thornburg,PA,454,False
Leon,KS,454,False
Bethune,SC,454,False
Mullen,NE,453,False
Dean,TX,453,False
Kimmell,IN,453,False
Oak Level,VA,453,False
Soudersburg,PA,453,False
Reddick,FL,453,False
West Waynesburg,PA,453,False
Horntown,VA,453,False
Lisman,AL,453,False
Gould,AR,453,False
Chelyan,WV,452,False
Quonochontaug,RI,452,False
Urbana,MO,452,False
Shakertowne,MO,452,False
Tees Toh,AZ,452,False
Ipava,IL,452,False
Copeland,KS,452,False
Villa Pancho,TX,452,False
Thompsonville,MI,452,False
Churchtown,PA,452,False
Bentley,KS,452,False
St. Ann Highlands,CO,452,False
Lewisville,ID,451,False
Indian Field,CT,451,False
Parkton,NC,451,False
Gates,OR,451,False
New Augusta,MS,451,False
Zayante,CA,451,False
Wilson,TX,451,False
Millers Lake,MI,451,False
Dutton,AL,451,False
Raft Island,WA,451,False
Tununak,AK,450,False
Harrington,WA,450,False
Williams Creek,IN,450,False
Big Piney,WY,450,False
Latham,IL,450,False
Cook,NE,450,False
Plainview,AR,450,False
Blaine,OH,450,False
Delmar,IA,450,False
Prichard,WV,450,False
Heidlersburg,PA,450,False
Equality,IL,450,False
Danville,VT,450,False
Fawn Grove,PA,450,False
Wapanucka,OK,450,False
Avon,AL,450,False
Carter Springs,NV,450,False
Trinidad,CA,449,False
Colt,AR,449,False
New Hampshire,OH,449,False
Laurel Run,PA,449,False
Bradenville,PA,449,False
San Pablo,NM,449,False
Senecaville,OH,449,False
Higgins,TX,449,False
Mapleton,OR,449,False
Branson West,MO,449,False
St. Cloud,WI,449,False
Sherwood,MI,448,False
Tuppers Plains,OH,448,False
Clifton,KS,448,False
Hazel,KY,448,False
Kimberton,PA,448,False
Rudolph,WI,448,False
Alma,MO,448,False
Lucas,KS,448,False
Windsor Place,MO,448,False
Deercroft,NC,448,False
Newfolden,MN,448,False
Rayland,OH,448,False
Farnhamville,IA,448,False
Dustin,OK,447,False
Chinook,WA,447,False
Holiday Pocono,PA,447,False
Indian Point,MO,447,False
Green Camp,OH,447,False
Gilberton,PA,447,False
North Springfield,VT,447,False
Bruni,TX,447,False
Adams Run,SC,447,False
Cushman,AR,447,False
Dunn Center,ND,447,False
Empire,CO,447,False
Goshen,AL,447,False
Clarkedale,AR,446,False
Melvin,IL,446,False
Salix,IA,446,False
McGregor,MN,446,False
Benson,IL,446,False
Nineveh,IN,446,False
Phelps,KY,446,False
Orland,IN,446,False
Lower Elochoman,WA,445,False
Lenzburg,IL,445,False
Bliss,NY,445,False
Converse,LA,445,False
Cowiche,WA,445,False
Arlington,IA,445,False
St. George,VT,445,False
Sturgeon Lake,MN,445,False
Mappsville,VA,445,False
Portage,OH,445,False
Rome,PA,445,False
Ojo Encino,NM,445,False
Plumas Eureka,CA,444,False
Custer Park,IL,444,False
Sutersville,PA,444,False
Pine Harbor,TX,444,False
East Nassau,NY,444,False
Allen,NE,444,False
Almond,WI,444,False
Dublin,NC,444,False
Galva,IA,444,False
Greenville,MO,444,False
Westwood Hills,KS,444,False
Caledonia,OH,444,False
Glen Osborne,PA,444,False
Barton Hills,MI,444,False
Mount Aetna,MD,444,False
Highland Lake,AL,444,False
Chrisney,IN,443,False
Coalport,PA,443,False
Carroll,OH,443,False
Westcliffe,CO,443,False
Sea Ranch Lakes,FL,443,False
Alburgh,VT,443,False
Pine Springs,MN,443,False
Naples,ME,443,False
Wellington,KY,443,False
Bakersfield,VT,443,False
Lime Springs,IA,443,False
Beallsville,PA,442,False
Roscoe,NY,442,False
Dillon Beach,CA,442,False
Trenton,NE,442,False
Plainville,IN,442,False
Mohrsville,PA,442,False
Concord,GA,442,False
Meshoppen,PA,442,False
Thayer,KS,442,False
Lewisburg,LA,442,False
Ellsinore,MO,442,False
Ewing,MO,442,False
Wyano,PA,442,False
Davis,IL,442,False
Clearfield,IA,442,False
Talmo,GA,442,False
Coram,MT,442,False
Nordheim,TX,442,False
Big Lake,IN,442,False
Collins,OH,442,False
Montreat,NC,442,False
Lewistown,MO,442,False
Topawa,AZ,441,False
New Era,MI,441,False
Enoree,SC,441,False
Kadoka,SD,441,False
Dover,NC,441,False
Centralia,KS,441,False
Pantego,NC,441,False
Draper,VA,441,False
Lester,WV,440,False
White Eagle,OK,440,False
Forest Hills,KY,440,False
Bridge Creek,OK,440,False
Wesley,AR,440,False
Union Deposit,PA,440,False
Olivia Lopez de Gutierrez,TX,440,False
Middleway,WV,440,False
Eolia,MO,440,False
Tira,TX,440,False
Erskine,MN,440,False
Roxobel,NC,440,False
Wellsburg,NY,440,False
Groom,TX,440,False
Kila,MT,440,False
Pinehurst,GA,440,False
Platea,PA,440,False
Minocqua,WI,439,False
Sheldon,SC,439,False
Karnak,IL,439,False
Buford,OH,439,False
Breda,IA,439,False
Cornell,IL,439,False
Brady,NE,439,False
Tazlina,AK,439,False
Shipman,VA,439,False
East Fork,AZ,439,False
Lewis,KS,439,False
Cecilia,KY,439,False
Grant Town,WV,439,False
Titonka,IA,439,False
Bazine,KS,438,False
Leeds,ND,438,False
Roachester,OH,438,False
Bowie,AZ,438,False
Nenahnezad,NM,438,False
Charleston,UT,438,False
Rawlings,MD,438,False
Blanchard,ID,438,False
Stringtown,OK,438,False
Lake Poinsett,SD,438,False
Varna,IL,438,False
Rush Valley,UT,437,False
Canal Point,FL,437,False
Leaf River,IL,437,False
Ruffin,NC,437,False
Lone Wolf,OK,437,False
Fulton,AL,437,False
Bon Air,TN,437,False
Springboro,PA,437,False
Fair Bluff,NC,437,False
Carbon Hill,IL,437,False
South Mountain,TX,437,False
Rosser,TX,437,False
Phenix,VA,437,False
Linville,NC,437,False
Urbanna,VA,437,False
Floodwood,MN,437,False
Wilkinson,IN,436,False
Keams Canyon,AZ,436,False
Bigelow,AR,436,False
Harts,WV,436,False
Melfa,VA,436,False
Centertown,KY,436,False
San Pierre,IN,436,False
Agua Dulce,TX,436,False
Elmore,MN,436,False
Cunningham,KS,436,False
Bokoshe,OK,436,False
Snow Lake,IN,435,False
Ona,FL,435,False
Linn,KS,435,False
Matthews,IN,435,False
Carrollton,MS,435,False
Brookford,NC,435,False
Barnegat Light,NJ,435,False
Newcomb,NM,435,False
Calumet,OK,435,False
Camak,GA,434,False
Scales Mound,IL,434,False
Weissport,PA,434,False
Coldiron,KY,434,False
Parmelee,SD,434,False
Birchwood,WI,434,False
Badger,MN,434,False
Masontown,WV,434,False
Jeffersonville,NY,434,False
Trivoli,IL,434,False
Andover,IL,434,False
Sardis,TN,434,False
Altamont,UT,434,False
Bucklin,MO,434,False
Morgan Farm,TX,434,False
Ivanhoe,NC,434,False
Meadow Valley,CA,434,False
Grandview,IA,434,False
Celestine,IN,433,False
Bland,VA,433,False
Yelvington,KY,433,False
Crown College,MN,433,False
Andersonville,OH,433,False
Cuartelez,NM,433,False
Hyde Park,VT,433,False
Riverbend,MT,433,False
Lanagan,MO,433,False
Dresden,NY,433,False
Whittemore,MI,433,False
Villanueva,NM,433,False
Montrose,MO,433,False
Three Lakes,WI,433,False
Petersburg,NE,433,False
Weir,TX,433,False
Tull,AR,433,False
Mayetta,KS,432,False
Big Wells,TX,432,False
Mulberry,KS,432,False
Seatonville,IL,432,False
Okay,OK,432,False
Rowes Run,PA,432,False
Gridley,KS,432,False
Ravenden,AR,432,False
Fortine,MT,432,False
Chattanooga,OK,432,False
St. Pierre,MT,432,False
Pymatuning South,PA,432,False
Coopers Plains,NY,432,False
Gaines,MI,432,False
Chevak,AK,432,False
Alford,FL,432,False
Grand Rivers,KY,432,False
Williamsburg,IN,432,False
Perrysburg,NY,431,False
Beecher City,IL,431,False
Canaseraga,NY,431,False
Fifty Lakes,MN,431,False
Circleville,UT,431,False
Douglassville,PA,431,False
Newell,CA,431,False
Millsap,TX,431,False
Willisburg,KY,431,False
Irving,IL,431,False
Hampton,NE,431,False
Gage,OK,431,False
Mattawamkeag,ME,431,False
Napier Field,AL,430,False
Mount Summit,IN,430,False
Basalt,ID,430,False
Marshallberg,NC,430,False
Alba,MI,430,False
Plainfield,VT,430,False
Huntleigh,MO,430,False
Rockford,WA,430,False
Grand Junction,TN,430,False
Flintville,TN,430,False
Malden,WV,430,False
Johnson City,OR,430,False
Hilda,SC,430,False
Gamaliel,KY,430,False
Los Angeles,TX,430,False
Felts Mills,NY,430,False
Little Rock,IA,430,False
Rock Mills,AL,430,False
Ringsted,IA,430,False
Harlingen,NJ,429,False
Kellogg,MN,429,False
Hermleigh,TX,429,False
St. Joe,IN,429,False
Burlington,IL,429,False
Edgewood,IL,429,False
East View,WV,429,False
Sicily Island,LA,429,False
Leroy,TX,429,False
Nevis,MN,429,False
Williamsburg,KS,429,False
Calypso,NC,429,False
Clarence,LA,429,False
Wallins Creek,KY,429,False
Rosburg,WA,429,False
Ascutney,VT,429,False
Garwood,TX,429,False
Van Bibber Lake,IN,429,False
Wheeler,OR,429,False
Newbury,VT,429,False
Kennard,NE,429,False
Leigh,NE,429,False
Sharpsburg,KY,428,False
Chacra,CO,428,False
Fontana,KS,428,False
Ulen,MN,428,False
Ontario,IN,428,False
Pluckemin,NJ,428,False
Arbyrd,MO,428,False
Glen,MS,428,False
Red Feather Lakes,CO,428,False
East Dailey,WV,428,False
Dry Prong,LA,428,False
Poynor,TX,428,False
St. Marie,MT,428,False
Stonewall,OK,428,False
Grahamsville,NY,427,False
Tower Hill,IL,427,False
Cameron,NC,427,False
Deming,WA,427,False
Blanco,NM,427,False
Hildreth,NE,427,False
South Shaftsbury,VT,427,False
Kennedy,AL,427,False
Morning Glory,TX,427,False
Bixby,TX,427,False
San Geronimo,CA,427,False
Runville,PA,427,False
Oakfield,ME,427,False
West Wildwood,NJ,427,False
Traver,CA,427,False
Spring Grove,IN,427,False
Northport,MI,427,False
Deseret,UT,427,False
Broadus,MT,427,False
Clayhatchee,AL,427,False
Oakesdale,WA,427,False
Bellevue,TX,426,False
Saunemin,IL,426,False
El Cenizo,TX,426,False
Manorville,PA,426,False
Gambell,AK,426,False
Sopchoppy,FL,426,False
Northport,WI,426,False
Towanda,IL,426,False
Fruithurst,AL,426,False
Limestone,NY,426,False
Houston,DE,426,False
Carlos,MN,426,False
McArthur,CA,425,False
Upsala,MN,425,False
Cawker City,KS,425,False
Diablock,KY,425,False
Creal Springs,IL,425,False
Warner,NH,425,False
Maynard,AR,425,False
Tushka,OK,425,False
Murray City,OH,425,False
New Strawn,KS,425,False
Millport,NY,425,False
Prospect,IN,425,False
Cotton Plant,AR,425,False
Ryderwood,WA,425,False
Woodville Farm Labor Camp,CA,425,False
Nunn,CO,425,False
Roeville,FL,425,False
Herman,MN,424,False
North Clarendon,VT,424,False
Spring Mills,PA,424,False
Jumpertown,MS,424,False
Prado Verde,TX,424,False
Troxelville,PA,424,False
Hixton,WI,424,False
Riverside,WA,424,False
Farnham,NY,424,False
Cliffside,NC,424,False
Reo,IN,424,False
Yampa,CO,424,False
Montvale,VA,424,False
Altamahaw,NC,424,False
Two Rivers,AK,424,False
West Mountain,CT,423,False
Roopville,GA,423,False
Midville,GA,423,False
Spavinaw,OK,423,False
Bonaparte,IA,423,False
Plantersville,TX,423,False
Soudan,MN,423,False
Rough Rock,AZ,423,False
Georgetown,IL,423,False
Whiteface,TX,423,False
Richmond Dale,OH,423,False
Iroquois,SD,423,False
Lake Ann,MI,423,False
Reddell,LA,423,False
Pratt,WV,423,False
Cokeville,WY,423,False
Lehigh,IA,423,False
Black,AL,423,False
Reyno,AR,423,False
Mechanicsville,PA,422,False
Kiana,AK,422,False
Shiloh,AL,422,False
Avery,CA,422,False
South Wayne,WI,422,False
Pueblitos,NM,422,False
Fredericksburg,OH,422,False
West Union,SC,422,False
Annapolis,MO,422,False
Walland,TN,422,False
Scotts Mills,OR,422,False
Carp Lake,MI,422,False
Farmington,WV,422,False
East Orosi,CA,422,False
Beaver Creek,MD,422,False
Seven Devils,NC,422,False
Amo,IN,422,False
Montrose Manor,PA,421,False
Altona,IN,421,False
Trimble,OH,421,False
Jayton,TX,421,False
Bellerive Acres,MO,421,False
Sawyer,OK,421,False
Hemingway,SC,421,False
Garcon Point,FL,421,False
Allerton,IA,421,False
Otho,IA,421,False
Union,IA,421,False
Hollins,AL,421,False
Claremont,VA,421,False
Paradise,TX,421,False
Tehama,CA,421,False
Greeley Center,NE,421,False
Hopkinton,RI,421,False
Lafe,AR,421,False
Hyde Park,NM,420,False
Kieler,WI,420,False
Gayville,SD,420,False
Snoqualmie Pass,WA,420,False
Turkey,NC,420,False
Carrollton,IN,420,False
Dobbins,CA,420,False
Marston,MO,420,False
Michiana Shores,IN,420,False
Underwood,MN,420,False
Loganton,PA,420,False
West Alexander,PA,420,False
Barnardsville,NC,420,False
Moro,IL,420,False
Stockton,AL,420,False
McCurtain,OK,420,False
Puckett,MS,420,False
Oak City,NC,420,False
Cerulean,KY,419,False
Charlotte,IA,419,False
Cazadero,CA,419,False
Pioneer,FL,419,False
Chambers,NE,419,False
Hubbardston,MI,419,False
Medicine Lake,MN,419,False
Pinson,TN,419,False
Pelham,TN,419,False
Angoon,AK,419,False
Murchison,TX,419,False
Grover,SC,419,False
Neshkoro,WI,418,False
Greeleyville,SC,418,False
Bussey,IA,418,False
Marshfield,VT,418,False
New Melle,MO,418,False
Almond,NY,418,False
Mount Pleasant,MS,418,False
Iron Horse,CA,418,False
Shaftsburg,MI,418,False
Rock Ridge,CT,418,False
Naknek,AK,418,False
Zaleski,OH,418,False
Eldorado,OK,418,False
Anderson,SD,418,False
LaCrosse,WA,417,False
Hope,KS,417,False
Bison,SD,417,False
Mantoloking,NJ,417,False
Orient,IA,417,False
Manvel,ND,417,False
Lipan,TX,417,False
Campbell's Island,IL,417,False
Steamboat,AZ,417,False
Cash,SC,417,False
Holyrood,KS,416,False
Bennett,IA,416,False
Baxterville,MS,416,False
Derby Acres,CA,416,False
Wilmot,SD,416,False
Amsterdam,OH,416,False
Dodge,NE,416,False
Darden,TN,416,False
Chula Vista CDP (Zavala County),TX,416,False
Mayfield,UT,416,False
Emerado,ND,416,False
Good Hope,IL,416,False
Lawrenceville,OH,416,False
North Hartland,VT,416,False
Sale City,GA,415,False
Perrytown,AR,415,False
Edgington,IL,415,False
Akiachak,AK,415,False
Milladore,WI,415,False
Lindsey,OH,415,False
Neponset,IL,415,False
Crawford,MS,415,False
Ontario,WI,415,False
Easton,TX,415,False
Halfway,OR,415,False
Society Hill,SC,415,False
White Pine,MI,415,False
Dennard,AR,415,False
Purcell,MO,414,False
Cary,MS,414,False
Achille,OK,414,False
Angus,TX,414,False
Dundee,OH,414,False
Eldred,PA,414,False
Brunersburg,OH,414,False
Bend,CA,414,False
Gloria Glens Park,OH,414,False
Mitchell Heights,WV,414,False
Shubuta,MS,414,False
Costilla,NM,414,False
Altura,MN,414,False
Hulett,WY,414,False
Corsica,PA,413,False
Hancock,WI,413,False
Estral Beach,MI,413,False
Bruno,WV,413,False
Bicknell,UT,413,False
Brewster,KS,413,False
Sacramento,KY,413,False
Burdett,NY,413,False
Jaconita,NM,413,False
Wintergreen,VA,413,False
Groveland Station,NY,413,False
Honomu,HI,413,False
Ojo Amarillo,NM,413,False
Gilman City,MO,412,False
Chokio,MN,412,False
Handley,WV,412,False
Wiley,CO,412,False
Drummond,OK,412,False
Allenhurst,NJ,412,False
Momeyer,NC,412,False
New Vienna,IA,412,False
Amber,OK,412,False
Advance,IN,412,False
Big Chimney,WV,412,False
Cedar Creek,NE,412,False
Clear Spring,MD,411,False
Bowman,TN,411,False
Cochrane,WI,411,False
Boody,IL,411,False
Ashley,IL,411,False
Lawn,TX,411,False
Ogilvie,MN,411,False
Sandia Park,NM,411,False
Waubay,SD,411,False
Flatwoods,WV,411,False
Fairdealing,MO,411,False
Highland Meadows,NM,411,False
Springfield,WV,411,False
Sharon,SC,411,False
Prairiewood Village,SD,411,False
Buchtel,OH,411,False
Jewell,KS,411,False
Shawnee,OH,411,False
Calvin,OK,411,False
Seville,CA,411,False
Friendsville,MD,411,False
Dow City,IA,411,False
Martelle,IA,411,False
Rosston,AR,411,False
East Rocky Hill,NJ,411,False
Fairmount,MD,410,False
Devers,TX,410,False
Martin,KY,410,False
Wauhillau,OK,410,False
Atkinson,NC,410,False
Nixburg,AL,410,False
Stoystown,PA,410,False
Tower,MN,410,False
Audubon,MN,410,False
Tall Timber,CO,410,False
Staatsburg,NY,410,False
Nutrioso,AZ,410,False
Hindsboro,IL,410,False
Lexington,GA,410,False
Remsen,NY,410,False
Garden Valley,ID,409,False
Cobb,WI,409,False
Garrett,PA,409,False
Glenbeulah,WI,409,False
Eustis,NE,409,False
Cedar Rock,NC,409,False
Nelson,NE,409,False
Hinkleville,WV,409,False
Aquadale,NC,409,False
Armorel,AR,409,False
Junction City,GA,409,False
Hammondville,AL,409,False
Castle Valley,UT,409,False
Prue,OK,409,False
Fromberg,MT,409,False
Osyka,MS,408,False
Bridgeport,CA,408,False
Assaria,KS,408,False
Elmira,OR,408,False
Summerfield,IL,408,False
Calamus,IA,408,False
Birch Tree,MO,408,False
Winthrop,WA,408,False
Unity,WI,408,False
New Richmond,IN,407,False
Muir Beach,CA,407,False
Arnold City,PA,407,False
Creedmoor,TX,407,False
Young,AZ,407,False
Thebes,IL,407,False
Dubois,IN,407,False
Palo,MI,407,False
Lost Nation,IA,407,False
Menlo,IA,407,False
Alpena,SD,407,False
Farwell,PA,406,False
Vienna,MD,406,False
Suissevale,NH,406,False
Charlton Heights,WV,406,False
Pleasanton,NE,406,False
Quincy,OH,406,False
Union,WA,406,False
Sumner,NE,406,False
Caroline,WI,406,False
Avoca,IN,406,False
Grassflat,PA,406,False
Boston,VA,406,False
Ila,GA,406,False
Newington,GA,406,False
Rosebush,MI,406,False
Prospect Park,PA,406,False
Sims,NC,406,False
Oacoma,SD,406,False
Smithton,PA,405,False
Fort Jennings,OH,405,False
Seagrove,NC,405,False
Plum Valley,IL,405,False
Tabor,SD,405,False
Metamora,IN,405,False
Larwill,IN,405,False
Sabillasville,MD,405,False
Tierra Amarilla,NM,405,False
Bartley,NE,405,False
Kennard,TX,405,False
New Alexandria,PA,405,False
Vineland,CO,404,False
East Liberty,OH,404,False
Harrisburg,OH,404,False
Round Lake,MN,404,False
Howardwick,TX,404,False
Byrnedale,PA,404,False
White Lake,SD,404,False
Wilcox,PA,404,False
Solon Mills,IL,404,False
Orangeville,PA,404,False
Prattsville,AR,404,False
Sumner,GA,404,False
Roann,IN,404,False
Alpena,AR,404,False
Tuscarora,PA,404,False
Keene,CA,404,False
Andrew,IA,403,False
Keysville,GA,403,False
Skellytown,TX,403,False
Coalton,OH,403,False
Wahpeton,IA,403,False
Carlton,GA,403,False
Three Springs,PA,403,False
Lake Viking,MO,403,False
La Madera CDP (Sandoval County),NM,403,False
Sharon,CT,403,False
Bonnie,IL,403,False
Cato,NY,403,False
Glenwood,IN,403,False
Earling,IA,403,False
Castorland,NY,403,False
Bloomingdale,IN,402,False
Wheatland,IN,402,False
Oakwood village (Paulding County),OH,402,False
Little York,IL,402,False
Bridgewater,SD,402,False
Thornton,AR,402,False
Yarborough Landing,AR,402,False
Blum,TX,402,False
Lakeside Woods,CT,402,False
Munnsville,NY,402,False
Northfork,WV,402,False
Tebbetts,MO,402,False
Edroy,TX,402,False
Cotton City,NM,402,False
Calion,AR,401,False
St. Paul,OR,401,False
Kelley,IA,401,False
Caney,OK,401,False
Butte Falls,OR,401,False
Savannah,NY,401,False
Copperhill,TN,401,False
Cromberg,CA,401,False
Quaker City,OH,401,False
Lostant,IL,401,False
Rader Creek,MT,401,False
Liberty,IL,401,False
Graeagle,CA,401,False
Kenton,DE,400,False
Humboldt,IL,400,False
Eagletown,OK,400,False
Stantonville,TN,400,False
Carsonville,MI,400,False
Hobart,NY,400,False
Little River,KS,400,False
Crooked Creek,WV,400,False
Bethel Village,IN,400,False
Marcola,OR,400,False
Natoma,KS,400,False
Chamois,MO,400,False
Silver City,IA,400,False
Fargo,OK,400,False
Readstown,WI,400,False
Scipio,UT,400,False
Worthington,IA,400,False
Hartford (Croton),OH,400,False
Batavia,AR,400,False
Miltona,MN,399,False
Bangor,CA,399,False
Malone,TX,399,False
Cove,TX,399,False
Colome,SD,399,False
Oklee,MN,399,False
Crumpler,WV,399,False
Suring,WI,399,False
Mayview,MO,399,False
Miles,IA,398,False
Mattawana,PA,398,False
Tontogany,OH,398,False
Bayview,NC,398,False
Fairview,MO,398,False
Almena,KS,398,False
Arrowsmith,IL,398,False
Kylertown,PA,398,False
Northeast Harbor,ME,398,False
Sheldon,MO,398,False
Fayetteville,IL,398,False
Kinde,MI,398,False
Bloxom,VA,398,False
Phillipsburg,OH,398,False
Ashby,MN,398,False
Montrose,GA,398,False
Fernville,PA,398,False
Milan,MN,398,False
North Carrollton,MS,398,False
Bourneville,OH,397,False
Witches Woods,CT,397,False
Sextonville,WI,397,False
Chidester,AR,397,False
Ione,OR,397,False
Buffalo,IL,397,False
Bradshaw,NE,397,False
West Woodstock,VT,397,False
Weogufka,AL,397,False
Forsan,TX,397,False
Gustine,TX,397,False
Iron Gate,VA,397,False
Joffre,PA,397,False
North Hampton,OH,397,False
Uriah,AL,397,False
East Lynn,IL,397,False
Hanover,MI,397,False
Clear Lake,IN,396,False
Farragut,IA,396,False
Reynolds,ND,396,False
Follett,TX,396,False
Counce,TN,396,False
Skyland,NV,396,False
Stonefort,IL,396,False
Glen Allen,AL,396,False
Defiance,PA,396,False
Cedar Creek,AZ,396,False
Siloam,GA,396,False
Eden,ID,396,False
Callender,IA,396,False
Alma,CO,396,False
Eutawville,SC,396,False
Seltzer,PA,396,False
Ewing,IL,396,False
Shorehaven,NY,396,False
Servia,IN,396,False
North Hyde Park,VT,395,False
Farmersburg,IA,395,False
Tutuilla,OR,395,False
Waubun,MN,395,False
Abbeville,MS,395,False
Lyman,NE,395,False
Mount Calm,TX,395,False
Depew,OK,395,False
North Omak,WA,395,False
Gregory,OK,395,False
Oahe Acres,SD,395,False
Rock Island,TX,394,False
Mineral Point,MO,394,False
Shidler,OK,394,False
Westfir,OR,394,False
Springwater,NY,394,False
Lakeview,MS,394,False
Tusayan,AZ,394,False
Dugway,UT,394,False
Benton,CA,393,False
Webbers Falls,OK,393,False
Slaughter Beach,DE,393,False
Morrison,CO,393,False
Henderson,AR,393,False
Orr,MN,393,False
Crowder,OK,393,False
Horseshoe Lake,AR,393,False
Hurley,SD,393,False
Malden,IL,393,False
Stapleton,NE,393,False
Empire,MI,392,False
Smoketown,PA,392,False
Sunburst,MT,392,False
Covington,OK,392,False
Seama,NM,392,False
Kapalua,HI,392,False
Allensville,PA,392,False
Terminous,CA,392,False
Otterville,MO,392,False
Cohasset,CA,392,False
Franklintown,PA,392,False
Culdesac,ID,392,False
Beallsville,OH,392,False
Brethren,MI,392,False
Burns,WY,392,False
Accident,MD,391,False
Otter Lake,IN,391,False
Katie,OK,391,False
El Prado Estates,AZ,391,False
Stanford,IN,391,False
Ramah,NM,391,False
Puerto de Luna,NM,391,False
Buncombe,IL,391,False
Pinehill,NM,391,False
Russellville,IN,391,False
San Patricio,TX,391,False
Golden,MO,391,False
Kilbourne,LA,391,False
Casar,NC,391,False
Hammon,OK,391,False
Woodson,TX,391,False
Mammoth,PA,391,False
Woodbury,PA,391,False
Bode,IA,390,False
North Pownal,VT,390,False
Delmont,NJ,390,False
Rodey,NM,390,False
Montpelier,LA,390,False
Dubberly,LA,390,False
Ghent,WV,390,False
Mesick,MI,390,False
Baron,OK,390,False
Munson,FL,390,False
Stonerstown,PA,390,False
Poy Sippi,WI,390,False
Emden,IL,390,False
Evening Shade,OK,390,False
Neche,ND,390,False
Massena,IA,390,False
Long,OK,390,False
Wilmore,PA,390,False
Wykoff,MN,389,False
Kasigluk,AK,389,False
Orestes,IN,389,False
Vincentown,NJ,389,False
Kingsley,KY,389,False
Low Moor,VA,389,False
Odessa,DE,389,False
Waveland,IN,389,False
Mondamin,IA,389,False
Simpson,LA,389,False
Grosse Tete,LA,389,False
Blue Eye,MO,389,False
East New Market,MD,389,False
Tetonia,ID,389,False
Vina,AL,389,False
Norwood,KY,389,False
Brownsdale,FL,389,False
McLean,NY,389,False
Homer,NE,389,False
Vandalia,MI,389,False
Madison,MO,389,False
Blanket,TX,388,False
Pierce,ID,388,False
Oregon Shores,OR,388,False
Dawson,PA,388,False
Rowesville,SC,388,False
Chicopee,KS,388,False
Depauville,NY,388,False
Lavelle,PA,388,False
Pottersville,NJ,388,False
Speculator,NY,388,False
Coleville,CA,388,False
Tupelo,OK,388,False
Melrose,OH,388,False
Kendall,WI,388,False
Prescott,MI,388,False
Runnells,IA,388,False
Kidder,MO,388,False
Bradford,NH,387,False
Uniontown,WA,387,False
Sardis,OH,387,False
Brisbin,PA,387,False
Uvalda,GA,387,False
Freeburg,MO,387,False
Silas,AL,387,False
Shonto,AZ,387,False
Port Jefferson,OH,387,False
New River,VA,387,False
Nelson,AZ,387,False
Parker School,MT,387,False
Mindenmines,MO,387,False
Ackerly,TX,387,False
Donaldson,AR,387,False
Bruin,PA,387,False
Altenburg,MO,387,False
Wakonda,SD,387,False
Millwood,PA,387,False
Cayuga,NY,387,False
Simpson,NC,386,False
Encampment,WY,386,False
Bolivar,PA,386,False
Ramer,TN,386,False
Oakview,MO,386,False
Millerton,PA,386,False
Willshire,OH,386,False
Titanic,OK,386,False
Chemung,IL,386,False
Rhinecliff,NY,386,False
Lyman,WA,386,False
Hartland,MN,386,False
Azure,MT,386,False
Lost Creek,WV,386,False
Ridgeley,WV,386,False
Santa Rosa,TX,386,False
Newburg borough (Cumberland County),PA,386,False
Armington,IL,386,False
Calhan,CO,386,False
South Solon,OH,385,False
Alcolu,SC,385,False
Hiltons,VA,385,False
Sacaton Flats Village,AZ,385,False
Dunfermline,IL,385,False
Deepwater,MO,385,False
Finger,TN,385,False
Guys,TN,385,False
Briarwood,KY,385,False
Keystone,SD,385,False
Barryton,MI,385,False
Wilmington,VT,385,False
Sanders,KY,385,False
Winchester,KS,385,False
Clyman,WI,385,False
Walker Lake,NV,385,False
Franklin,NY,385,False
Shady Grove CDP (McIntosh County),OK,385,False
Wilmar,AR,384,False
Jamesville,NC,384,False
Silver Creek,NE,384,False
Newcastle,NE,384,False
Hanska,MN,384,False
Blythedale,MO,384,False
Hopkins,MO,384,False
Lennon,MI,384,False
Union,NH,384,False
Old Brownsboro Place,KY,384,False
Ewing,NE,384,False
Cofield,NC,384,False
Gopher Flats,OR,384,False
Glendon,PA,384,False
Whites Landing,OH,384,False
Keytesville,MO,384,False
Granville,PA,384,False
Matagorda,TX,383,False
Bremen,KY,383,False
Ramey,PA,383,False
Middletown,IA,383,False
South Union,SC,383,False
Neosho Rapids,KS,383,False
Petersburg,PA,383,False
Arboles,CO,383,False
Eagle Lake,ME,383,False
Romulus,NY,383,False
Glacier Colony,MT,383,False
Fisher,MN,383,False
St. Louisville,OH,383,False
King Salmon,AK,383,False
Hico,WV,383,False
Big Lake,MN,383,False
Delleker,CA,383,False
Point Reyes Station,CA,383,False
Madison,VA,383,False
Clarendon,PA,382,False
Beaver Creek,MT,382,False
Zeba,MI,382,False
Peterson,IA,382,False
Greenehaven,AZ,382,False
Hamburg,OH,382,False
Sheldahl,IA,382,False
Lynnville,TN,382,False
Benedict,NE,382,False
Chowan Beach,NC,382,False
Rico,CO,382,False
Brimley,MI,382,False
Orchard,NE,382,False
Lovingston,VA,382,False
Rensselaer Falls,NY,382,False
Manilla,IN,382,False
Fletcher,OH,382,False
Hickox,GA,382,False
Madison,NY,382,False
Oakland,MS,382,False
Napoleonville,LA,382,False
Fort Coffee,OK,381,False
Potsdam,OH,381,False
Plainfield,IA,381,False
Lostine,OR,381,False
Hornbrook,CA,381,False
Shrewsbury,WV,381,False
Ernest,PA,381,False
Oval,PA,381,False
Alto Pass,IL,381,False
Veyo,UT,381,False
Lyon,MS,381,False
Pitkin,LA,381,False
Canadohta Lake,PA,381,False
Axson,GA,381,False
Piney Grove,GA,381,False
Wharton,OH,381,False
Eldora,CO,381,False
Sharpsburg,GA,380,False
Ridgefield,IL,380,False
Ropesville,TX,380,False
Fairview,IL,380,False
Liberty,TN,380,False
Pilot Station,AK,380,False
Eagle,PA,380,False
Unadilla,NE,380,False
McGuffey,OH,380,False
Patten,ME,380,False
Miltonvale,KS,380,False
Huntley,MT,380,False
Martins Creek,PA,380,False
Mount Cory,OH,380,False
Mercer,MO,380,False
Kukuihaele,HI,380,False
Pineland,FL,379,False
Spalding,NE,379,False
Horton Bay,MI,379,False
Wilburton Number One,PA,379,False
Seward,PA,379,False
Laceyville,PA,379,False
Misquamicut,RI,379,False
Mount Carmel,SC,379,False
South Bethlehem,PA,379,False
Alleman,IA,379,False
Wardensville,WV,379,False
Northmoor,MO,379,False
Hundred,WV,379,False
Lancaster,KS,379,False
Avondale,CO,379,False
Bellflower,IL,379,False
Sinclair,WY,379,False
Norman,AR,379,False
Amboy,IN,379,False
Hector,AR,379,False
Coaldale,CO,379,False
Maribel,WI,379,False
Bayside,TX,379,False
Smartsville,CA,379,False
Buxton,ND,379,False
Dallas,WI,379,False
Sudlersville,MD,379,False
Charlottesville,IN,378,False
Chauncey,WV,378,False
Kapowsin,WA,378,False
Fort Wingate,NM,378,False
Scotia,NE,378,False
Brownsville,OH,378,False
Endicott,WA,378,False
Plainview,CA,378,False
Warren City,TX,378,False
Turin,GA,378,False
Moneta,VA,378,False
Wounded Knee,SD,378,False
Lake Sherwood,WI,378,False
Hostetter,PA,378,False
Paris,MS,378,False
Joppa,AL,378,False
New Blaine,AR,378,False
Grubbs,AR,378,False
Palmer,MI,378,False
Narrowsburg,NY,378,False
Herbst,IN,377,False
Caroleen,NC,377,False
San Lucas,CA,377,False
Minburn,IA,377,False
Kingsville,MO,377,False
Darwin,MN,377,False
Mooreland,IN,377,False
Center Point,IN,377,False
Turpin,OK,377,False
Cross Timbers,MO,377,False
Grand Beach,MI,377,False
Thomaston,AL,377,False
Palmer,NE,377,False
Harrisburg,MO,377,False
Richfield,PA,377,False
Marion,MN,377,False
Whittier,AK,377,False
Salem,GA,377,False
Stapleton,GA,377,False
Lawler,IA,377,False
Hollyvilla,KY,376,False
Bethel,DE,376,False
Hollister,ID,376,False
Hayti Heights,MO,376,False
London Mills,IL,376,False
Cumberland Gap,TN,376,False
Salt Lick,KY,376,False
Wood Lake,MN,376,False
Gunnison,MS,376,False
Granton,WI,376,False
Alta,UT,376,False
Hamilton,WA,376,False
Cokesbury,SC,376,False
Tucker,MS,376,False
Lake View,TX,376,False
Gilby,ND,376,False
Meridian,CA,376,False
Deer Lake,PA,376,False
Hartsburg,IL,375,False
Otis,KS,375,False
Glendale,UT,375,False
Casey,IA,375,False
Fairfield,NE,375,False
Green Lane,PA,375,False
Albion,ID,375,False
Eagleville,MO,375,False
Kimberly,WV,375,False
Goldston,NC,375,False
Paden,OK,375,False
Central,AZ,375,False
Rock Island Arsenal,IL,375,False
Chilcoot-Vinton,CA,374,False
Blooming Valley,PA,374,False
North Garden,VA,374,False
Ellicottville,NY,374,False
Turkey Creek,LA,374,False
Haydenville,OH,374,False
Bitter Springs,AZ,374,False
Sledge,MS,374,False
Strong,AR,374,False
Fulton,OH,374,False
Artesia,MS,374,False
Plymouth,IA,374,False
Donalds,SC,374,False
Shickley,NE,374,False
Dorset,VT,374,False
Scammon,KS,374,False
Gatewood,WV,374,False
Stovall,NC,374,False
Mesa,CA,374,False
Tennyson,WI,374,False
Joy,IL,374,False
Rudyard,MT,373,False
Garner,TX,373,False
Cooperstown,PA,373,False
Dalmatia,PA,373,False
Wilbur Park,MO,373,False
Waterford,OH,373,False
Herrick,IL,373,False
Farber,MO,373,False
Oneida,PA,373,False
Bostwick,GA,373,False
Bastian,VA,373,False
Arkansaw,WI,373,False
Orleans,NE,373,False
Emery,UT,373,False
Hardesty,OK,373,False
Juda,WI,373,False
Toone,TN,373,False
Leary,GA,373,False
Ekalaka,MT,372,False
Lomax,IL,372,False
Rochelle,TX,372,False
Forbestown,CA,372,False
Bayard,IA,372,False
Donnelsville,OH,372,False
South Toledo Bend,TX,372,False
Bowlegs,OK,372,False
Penn Lake Park,PA,372,False
Clarks,NE,372,False
Wales,UT,371,False
Daisy,GA,371,False
Holiday Lake,IA,371,False
Stinson Beach,CA,371,False
Cottonwood,TX,371,False
Waltonville,IL,371,False
Dearing,KS,371,False
Harrodsburg,IN,371,False
Grantsville,WV,371,False
Mason,IL,371,False
Plymouth,NE,371,False
Loomis,NE,371,False
Advance,MI,371,False
Mineral Bluff,GA,370,False
Neeses,SC,370,False
Bernice,OK,370,False
White Oak,NC,370,False
Turin,NY,370,False
Parryville,PA,370,False
Morton,MN,370,False
Avon,NC,370,False
Ravensdale,WA,370,False
New Market,IA,370,False
Beaverdam,OH,370,False
Comfrey,MN,370,False
Spring Lake,FL,370,False
Smyer,TX,370,False
Garden Farms,CA,370,False
Siracusaville,LA,369,False
Mission,WI,369,False
Ethel,MS,369,False
Rockholds,KY,369,False
Ranchitos Las Lomas,TX,369,False
Reserve,NM,369,False
Hayti,SD,369,False
Braswell,GA,369,False
Maddock,ND,369,False
Baldwin,IL,369,False
Auburn,WY,369,False
Vibbard,MO,369,False
Chauncey,GA,369,False
Pierrepont Manor,NY,369,False
Kennebec,SD,369,False
Versailles,IL,369,False
Scranton,ND,369,False
Oak Grove Village,MO,369,False
Kenney,IL,369,False
Anchor Bay,CA,369,False
Oak Glen,CA,369,False
Stanley,KY,369,False
Leon,WV,369,False
Wells,VT,369,False
Weippe,ID,369,False
Runnelstown,MS,369,False
Alexandria,PA,369,False
Barry,TX,369,False
Otwell,IN,368,False
Willow River,MN,368,False
Rio Oso,CA,368,False
Fredonia,PA,368,False
Petrolia,TX,368,False
Fidelity,MO,368,False
Ryan,IA,368,False
Lazy Y U,AZ,368,False
Hoytville,OH,368,False
Montross,VA,368,False
Grimesland,NC,368,False
McLain,MS,367,False
South Williamson,KY,367,False
Lewisville,IN,367,False
Westport,OR,367,False
Pedricktown,NJ,367,False
Altoona,KS,367,False
Sumner,MS,367,False
Crawfordsville,IA,367,False
Bricelyn,MN,367,False
New Troy,MI,367,False
Westport,OK,367,False
Healy,KS,367,False
New Home,TX,367,False
Cromwell,MN,366,False
Stollings,WV,366,False
Laurelton,PA,366,False
Summersville,KY,366,False
Popponesset,MA,366,False
Argyle,NY,366,False
Gasquet,CA,366,False
Donahue,IA,366,False
Brainard,NE,366,False
Sunset Bay,NY,366,False
Essex,MO,366,False
Wyoming,NY,366,False
Mahtowa,MN,366,False
Dunlevy,PA,366,False
Manistee Lake,MI,366,False
Adelphi,OH,365,False
Frazer,MT,365,False
Oak Grove,AR,365,False
Romeo,CO,365,False
Bear Creek Village,PA,365,False
Brodnax,VA,365,False
Scandinavia,WI,365,False
Good Hope,GA,365,False
Moro,OR,365,False
Randlett,OK,365,False
Ashley Heights,NC,365,False
Protivin,IA,365,False
Kawela Bay,HI,365,False
Waldo,OH,365,False
Lagro,IN,365,False
Swall Meadows,CA,365,False
Sodaville,OR,364,False
Long Hollow,SD,364,False
New Ulm,TX,364,False
Alger,WA,364,False
Arapahoe,NC,364,False
Creekside,KY,364,False
Snow Lake Shores,MS,364,False
Uplands Park,MO,364,False
Bowdle,SD,364,False
Fries,VA,364,False
Amargosa,TX,364,False
Powers,MI,364,False
Southview,PA,364,False
Sandusky,IA,364,False
Merna,NE,364,False
Double Horn,TX,364,False
Letts,IA,364,False
Basin,MT,364,False
Akeley,MN,363,False
Mead,OK,363,False
Taylor,WI,363,False
Betterton,MD,363,False
Cumberland City,TN,363,False
Camp Dennison,OH,363,False
Acacia Villas,FL,363,False
Mountain Park,OK,363,False
Madison,PA,363,False
Finleyville,PA,363,False
Remer,MN,363,False
Jerome,AZ,363,False
New Bloomington,OH,363,False
McFarland,KS,363,False
Toms Brook,VA,363,False
Almira,WA,363,False
Vernon Center,MN,362,False
Parker,KS,362,False
Wrenshall,MN,362,False
Bay City,WI,362,False
Sheep Springs,NM,362,False
Duncombe,IA,362,False
New Odanah,WI,362,False
Westover,PA,362,False
Vadito,NM,362,False
Quenemo,KS,362,False
Kingston,UT,362,False
Centre Island,NY,362,False
Aguila,AZ,362,False
Butte,NE,362,False
Echo Hills,CO,362,False
Clarksville,MI,361,False
Lacona,IA,361,False
La Jara,NM,361,False
Otter Lake,MI,361,False
Wabbaseka,AR,361,False
Cuyamungue Grant,NM,361,False
Casnovia,MI,361,False
Richlawn,KY,361,False
Linwood,KS,361,False
Saxman,AK,361,False
Greensboro,PA,361,False
Mapleton,PA,361,False
Damascus,AR,361,False
Jacona,NM,360,False
Hillcrest Heights,FL,360,False
Sparland,IL,360,False
Putney,VT,360,False
Crumpton,MD,360,False
Westhope,ND,360,False
Mount Hood,OR,360,False
Caspar,CA,360,False
Cleo Springs,OK,360,False
Burdett,KS,360,False
Evening Shade,AR,360,False
Herman,NE,360,False
Willard,NM,360,False
Plum,TX,360,False
San Pedro,TX,360,False
Cedar Lake,OK,360,False
Nickelsville,VA,360,False
Hermosa,SD,360,False
Fallon,MT,360,False
Desert Shores,CA,360,False
Willow Lake,SD,360,False
Cressey,CA,360,False
Waukau,WI,360,False
Pine Hill,NY,360,False
Burnettsville,IN,359,False
Everest,KS,359,False
Gilmore,MD,359,False
Viola,AR,359,False
Boulevard,CA,359,False
Dewey Beach,DE,359,False
Belview,MN,359,False
Bradfordsville,KY,359,False
Martin,GA,359,False
Chandler,MN,359,False
Leola,SD,359,False
Gadsden,TN,359,False
Reklaw,TX,359,False
Herndon,PA,359,False
Proctorsville,VT,359,False
Sublette,IL,359,False
Ruby,SC,359,False
Lafayette,OH,359,False
Lorimor,IA,359,False
Gallatin,TX,358,False
Tocsin,IN,358,False
Platte Center,NE,358,False
Reinerton,PA,358,False
St. Michael,PA,358,False
Yatesville,GA,358,False
Helix,OR,358,False
Tionesta,PA,358,False
Earl,NC,358,False
Wadsworth,TX,358,False
Clifton,VA,358,False
Colony,KS,358,False
McCutchenville,OH,358,False
Marne,OH,358,False
Chamisal,NM,358,False
Gorham,KS,357,False
West Okoboji,IA,357,False
Williams,IA,357,False
Clay Center,OH,357,False
Indian Wells,AZ,357,False
Bow,WA,357,False
Bowling Green,IN,357,False
Marquette,WI,357,False
Plymouth,UT,357,False
Calhoun,MO,357,False
Lobo Canyon,NM,357,False
Fabius,NY,357,False
Cedar Hill,TN,357,False
Hickman,TN,357,False
Smith Island,MD,357,False
Princeton,CA,357,False
Midland,OH,356,False
Sibley,MO,356,False
New Harmony,UT,356,False
Williston,OH,356,False
Uniontown,KS,356,False
Menominee,IL,356,False
Lakeview Heights,KY,356,False
Hersey,MI,356,False
Gordon,AL,356,False
Fayette City,PA,356,False
Houston Lake,MO,356,False
Charlo,MT,356,False
Fanshawe,OK,356,False
Greeley County unified government (balance),KS,356,False
LaGrange,WY,356,False
Maupin,OR,356,False
Nebo,IL,355,False
Higgston,GA,355,False
Nesika Beach,OR,355,False
Wesley,IA,355,False
Taylorsville,GA,355,False
Ford Cliff,PA,355,False
Grimes,CA,355,False
Dowelltown,TN,355,False
Rothbury,MI,355,False
Odum,GA,355,False
Leitersburg,MD,355,False
Edna,CA,355,False
Sterling,UT,355,False
Atalissa,IA,355,False
West Manchester,OH,355,False
Auburntown,TN,355,False
Adamsville,OH,354,False
Singer,LA,354,False
Turley,NM,354,False
Richburg,SC,354,False
Chancellor,SD,354,False
Gwynneville,IN,354,False
Wurtsboro Hills,NY,354,False
Sugar Grove,OH,354,False
Oxbow,ND,354,False
Port Clinton,PA,354,False
Shuqualak,MS,354,False
Clinchco,VA,354,False
Vallonia,IN,354,False
Rowley,IA,353,False
South Prairie,WA,353,False
Bigfork,MN,353,False
Hewlett Bay Park,NY,353,False
Waverly,KY,353,False
Stratton,NE,353,False
Pisinemo,AZ,353,False
Pulaski,IA,353,False
Dalton,NE,353,False
Lore City,OH,353,False
Rosholt,SD,353,False
Quitaque,TX,353,False
Oak Grove,IL,353,False
Lancaster,MN,353,False
Kongiganak,AK,353,False
San Mar,MD,353,False
Orrstown,PA,353,False
Noble,LA,353,False
Beaver Crossing,NE,353,False
Osgood,OH,353,False
Leland,MI,352,False
Kingston,MI,352,False
Hawkins,WI,352,False
Barrett,MN,352,False
Junior,WV,352,False
Neibert,WV,352,False
Hortense,GA,352,False
Gans,OK,352,False
Goldonna,LA,352,False
Riverside,OR,352,False
Kelliher,MN,352,False
Holloway,OH,352,False
Tribbey,OK,352,False
Cerro Gordo,NC,352,False
McCausland,IA,352,False
Cleveland,VA,352,False
Duncan,MS,352,False
Oswego,SC,352,False
Jemez Springs,NM,352,False
Boulder,UT,352,False
Latexo,TX,352,False
Donaldson,PA,352,False
Pleasant Valley,TX,352,False
Pekin,OH,352,False
Ridgecrest Heights,CA,352,False
Urich,MO,352,False
Medicine Bow,WY,352,False
Eastport,MI,351,False
Marklesburg,PA,351,False
Mifflin,PA,351,False
Schwana,WA,351,False
Franktown,CO,351,False
Geneva,MN,351,False
Rockhill,PA,351,False
Deerfield,VA,351,False
Hanaford,IL,351,False
Grays Prairie,TX,351,False
Los Barreras,TX,351,False
Nanticoke,MD,351,False
Traskwood,AR,351,False
Hickory Hills,PA,351,False
Lingle,WY,351,False
Parrottsville,TN,351,False
Belmont,OH,350,False
Tunnelton,WV,350,False
Stinesville,IN,350,False
Sanborn,MN,350,False
Stouchsburg,PA,350,False
Spillville,IA,350,False
Butler,IL,350,False
Morrow,AR,350,False
Seminary,MS,350,False
Loraine,IL,350,False
Stony Creek,VA,350,False
Parrott,VA,350,False
Apple River,IL,350,False
Edna,KS,350,False
Accord,NY,350,False
Nome,TX,350,False
Grandview Lake,IN,350,False
Wallace,CA,350,False
Castleberry,AL,350,False
Fenwick Island,DE,350,False
Cecil,GA,349,False
Milton,NH,349,False
Redvale,CO,349,False
West Logan,WV,349,False
Unionville,MT,349,False
Van Lear,KY,349,False
Prairie City,IL,349,False
Blandford,MA,349,False
Homer C Jones,NM,349,False
Holt,MO,349,False
Springfield,AR,349,False
Lake Bridgeport,TX,349,False
St. Paul,AK,349,False
Pescadero,CA,349,False
Claypool,IN,349,False
Tippecanoe,IN,349,False
Iredell,TX,348,False
Lowrey,OK,348,False
Nixon,NV,348,False
Twin Lakes CDP (Lake County),CO,348,False
Mindoro,WI,348,False
Brandon,IA,348,False
Hume,MO,348,False
Hancocks Bridge,NJ,348,False
Nicut,OK,348,False
Sugar Bush Knolls,OH,348,False
Bancroft,ID,347,False
Dalton,NY,347,False
Curtiss,WI,347,False
Placerville,CO,347,False
Onekama,MI,347,False
Belk,AL,347,False
Kings,IL,347,False
Tradewinds,TX,347,False
Palisade,NE,346,False
Chewey,OK,346,False
Jacksonville,OH,346,False
Lyford,IN,346,False
Wilcox,NE,346,False
Delaware,IN,346,False
East Duke,OK,346,False
Mingo,IA,346,False
Beaverville,IL,346,False
Cottontown,TN,345,False
Lost Lake Woods,MI,345,False
York,NY,345,False
Harrison,GA,345,False
Shartlesville,PA,345,False
Scandia,KS,345,False
Saratoga,NC,345,False
Morven,NC,345,False
Marlin,PA,345,False
Phippsburg,CO,345,False
Haysville,IN,345,False
Centennial,WY,345,False
Reddington,IN,345,False
Glenview Hills,KY,345,False
Tangier,VA,345,False
Sasser,GA,345,False
Gause,TX,345,False
Preston,MO,344,False
Forest Hills,NC,344,False
Davenport,NE,344,False
Niobrara,NE,344,False
Fruitland,NM,344,False
East Pecos,NM,344,False
Jasper,MI,344,False
Shorter,AL,344,False
Upper Stewartsville,NJ,344,False
Tonkawa Tribal Housing,OK,344,False
Allison,PA,344,False
Hanley Falls,MN,344,False
Sagaponack,NY,344,False
Ages,KY,344,False
Winslow,AR,344,False
Nichols,IA,344,False
Delaware Park,NJ,344,False
Smithville Flats,NY,344,False
Bunker,MO,344,False
Shamrock Lakes,IN,343,False
East Cape Girardeau,IL,343,False
Bell,OK,343,False
Grapeville,PA,343,False
Naschitti,NM,343,False
Dyckesville,WI,343,False
Bondville,IL,343,False
Mount Lena,MD,343,False
Foster Center,RI,343,False
Walker,MO,343,False
Cade Lakes,TX,343,False
Bentonia,MS,343,False
College City,CA,343,False
Winslow West,AZ,343,False
Wittmann,AZ,343,False
Little Eagle,SD,343,False
Coalton,IL,343,False
Dyer,NV,343,False
Avondale,MO,343,False
Newhope,AR,343,False
Cooter,MO,343,False
Port Republic,VA,343,False
Good Pine,LA,342,False
Bay View Gardens,IL,342,False
Paxville,SC,342,False
Island Falls,ME,342,False
Delphos,KS,342,False
Askov,MN,342,False
Kirkville,MS,342,False
Langleyville,IL,342,False
Lunenburg,VT,342,False
Pollocksville,NC,342,False
Aneth,UT,342,False
Summers,AR,342,False
McVeytown,PA,342,False
Pinal,AZ,342,False
Ione,WA,342,False
Glasco,KS,342,False
Summersville,MO,342,False
Franklin,WV,342,False
Prague,NE,342,False
Bayou Goula,LA,342,False
Mentone,AL,342,False
Centerport,PA,341,False
Henrietta,NC,341,False
Athalia,OH,341,False
Nipinnawasee,CA,341,False
Malone,WA,341,False
Boyne Falls,MI,341,False
Dateland,AZ,341,False
Mount Clare,IL,341,False
Timberlake,NM,341,False
Hebron,TX,341,False
Lake Cavanaugh,WA,341,False
Fairhaven,CA,341,False
North Vandergrift,PA,341,False
Robbins,CA,341,False
Nelson,WI,341,False
Summit,SD,341,False
Newry,SC,341,False
Clayton,WI,341,False
Columbia,LA,341,False
McVille,ND,341,False
Lybrook,NM,340,False
Falls View,WV,340,False
Kokomo,MS,340,False
Colton,WA,340,False
Outlook,WA,340,False
Ridgeville Corners,OH,340,False
Hunker,PA,340,False
Wakita,OK,340,False
Quitman,LA,340,False
Quechee,VT,340,False
Birdseye,IN,340,False
South Haven,KS,340,False
Fort Thomas,AZ,340,False
Fairwater,WI,339,False
Petersburg,OH,339,False
East Point,AL,339,False
Redfield,TX,339,False
Jersey,OH,339,False
Royal,IL,339,False
La Valle,WI,339,False
Fayette,UT,339,False
McEwensville,PA,339,False
Glencoe,KY,339,False
Salem,IA,338,False
Ludlow,IL,338,False
Jensen,UT,338,False
Halbur,IA,338,False
Wausau,FL,338,False
Hebron,WI,338,False
Fife Lake,MI,338,False
Irwin,IA,338,False
Snydertown,PA,338,False
Inchelium,WA,338,False
Mound Valley,KS,338,False
Arthur,ND,338,False
Fairfield,NC,338,False
Hollandale,MN,338,False
Presho,SD,338,False
Mansfield,GA,338,False
Rock City,IL,338,False
Eckley,CO,338,False
Munich,ND,337,False
Branch,AR,337,False
Johnson,IN,337,False
Deer Park,MD,337,False
Hanoverton,OH,337,False
Fairmount,ND,337,False
East Arcadia,NC,337,False
Rising City,NE,337,False
Newark,WV,337,False
Hunterstown,PA,337,False
New Albany,PA,337,False
Oberlin,PA,337,False
Coyote Flats,TX,337,False
McHenry,KY,337,False
Blessing,TX,337,False
Bootjack,CA,337,False
Rushmore,MN,337,False
Amity,IN,337,False
Gilbertsville,NY,337,False
Fairfield,VA,337,False
Polk,NE,336,False
Esto,FL,336,False
Bowers,DE,336,False
Imbler,OR,336,False
Bonesteel,SD,336,False
Marine View,WA,336,False
Gypsum,KS,336,False
North Sultan,WA,336,False
Poyen,AR,336,False
Martinton,IL,336,False
Harperville,MS,336,False
Keswick,VA,336,False
Hatton,AL,336,False
Prairietown,IL,335,False
Klickitat,WA,335,False
Macclesfield,NC,335,False
Edmundson Acres,CA,335,False
Oden,AR,335,False
Newcastle,UT,335,False
Templeton,IA,335,False
Bethania,NC,335,False
Marshall,OK,335,False
Abanda,AL,335,False
Mystic,IA,335,False
Bagley,WI,335,False
Mongo,IN,335,False
New Galilee,PA,334,False
Pigeon Falls,WI,334,False
Hepzibah,WV,334,False
Osborn,MO,334,False
Lohrville,IA,334,False
Oldwick,NJ,334,False
Hillsboro Pines,FL,334,False
Moline,KS,334,False
Beulah,MS,334,False
Sadorus,IL,334,False
Windthorst,TX,334,False
Cumberland,VA,334,False
Fairview,KS,334,False
Monterey,IN,334,False
Edgefield,LA,334,False
Table Rock,NE,334,False
Promised Land,SC,334,False
South Heights,PA,333,False
Albright,WV,333,False
Arcadia,NE,333,False
East Hodge,LA,333,False
Annex,OR,333,False
Rose City,TX,333,False
Sandia,TX,333,False
Joppa,IL,333,False
Malinta,OH,333,False
Iliff,CO,333,False
Gilbert,WV,333,False
Hoskins,NE,333,False
Chili,WI,333,False
Barber,OK,333,False
Oliver,WI,332,False
Idaville,IN,332,False
Ellsworth,MI,332,False
Goodyear Village,AZ,332,False
Ostrander,MN,332,False
Downing,MO,332,False
Trent,SD,332,False
Henlawson,WV,332,False
Riverton,CT,332,False
Atlantic Beach,SC,332,False
Eastman,WI,332,False
Ute,IA,331,False
Gold Hill,NC,331,False
Bailey Lakes,OH,331,False
Damascus,GA,331,False
Pitsburg,OH,331,False
Finesville,NJ,331,False
Marshall,IN,331,False
Jamestown,MO,331,False
Vernon,AZ,331,False
Centertown,MO,331,False
Blevins,AR,331,False
Alton,UT,331,False
Deferiet,NY,331,False
Bolingbroke,GA,331,False
Mount Olive CDP (Coosa County),AL,331,False
Pointe a la Hache,LA,331,False
Cameron,IL,331,False
Burleigh,NJ,331,False
Barrera,TX,331,False
Akron,MI,330,False
Zuehl,TX,330,False
Yaak,MT,330,False
Wacissa,FL,330,False
Alma,IL,330,False
Longton,KS,330,False
Lakeland Shores,MN,330,False
New Eucha,OK,330,False
Sadler,TX,330,False
Wardner,ID,330,False
Navajo Dam,NM,330,False
Painesdale,MI,330,False
Ribera,NM,330,False
St. Maurice,LA,330,False
Portage Des Sioux,MO,330,False
Hull,TX,330,False
Salemburg,NC,330,False
Manila,UT,330,False
Rock Springs,WI,330,False
Chewton,PA,330,False
Wayland,KY,329,False
J.F. Villareal,TX,329,False
Dowling,MI,329,False
Creighton,MO,329,False
Delanson,NY,329,False
Harmony,NJ,329,False
Stittville,NY,329,False
Quimby,IA,329,False
Mokane,MO,329,False
Idledale,CO,329,False
Trilby,FL,329,False
Fairbanks,IN,329,False
Roscoe,SD,329,False
Delaware,OK,329,False
Hollandale,WI,329,False
Newburg,MO,329,False
New Douglas,IL,329,False
Simms,MT,329,False
Copper Center,AK,329,False
Verlot,WA,329,False
Grenora,ND,329,False
Vernon,CA,329,False
Briceville,TN,329,False
Glenvil,NE,329,False
Varnado,LA,328,False
Garden Prairie,IL,328,False
Carbon,IN,328,False
Hyampom,CA,328,False
Easton,WA,328,False
New Riegel,OH,328,False
Frohna,MO,328,False
Buffalo,SD,328,False
Hydaburg,AK,328,False
Leavenworth,IN,328,False
Snyder,NE,328,False
Garrison,IA,328,False
Bennington,OK,328,False
Windsor,NJ,328,False
Mannsville,NY,328,False
Ranshaw,PA,328,False
Turnerville,WY,328,False
New Alexandria,OH,327,False
Jordan,MT,327,False
Montgomery,MI,327,False
Keokee,VA,327,False
Kirkwood,PA,327,False
Yellow Pine,ID,327,False
Two Strike,SD,327,False
Oslo,MN,327,False
Kanarraville,UT,327,False
Sperryville,VA,327,False
Deep River,IA,327,False
Eau Claire,PA,327,False
Hunters Hollow,KY,327,False
Cuba,AL,327,False
Lewistown,MD,327,False
Eldon,OK,327,False
Brownsboro Village,KY,326,False
Arkabutla,MS,326,False
Rushville,OH,326,False
Canby,CA,326,False
Glen Fork,WV,326,False
Wells River,VT,326,False
East Kingston,NY,326,False
Mackville,KY,326,False
Terral,OK,326,False
Cambridge,ID,326,False
Arimo,ID,326,False
Manalapan,FL,326,False
Enon Valley,PA,326,False
Arenzville,IL,326,False
Jamestown,WA,326,False
Duanesburg,NY,326,False
Alsace Manor,PA,326,False
Friendship,MD,326,False
Lee,IL,325,False
Pierson,IA,325,False
Bolton Landing,NY,325,False
Sadieville,KY,325,False
North Robinson,OH,325,False
Oswego,IN,325,False
New Point,IN,325,False
Libertyville,IA,325,False
Plummer,MN,325,False
Spring Mill,KY,325,False
Grahamtown,MD,325,False
Norway,SC,325,False
Gerrard,CO,325,False
Pikes Creek,PA,325,False
Ezel,KY,325,False
Lake Holiday Hideaway,IN,325,False
Haring,MI,325,False
Palisades,TX,325,False
Cañon,NM,325,False
Newsoms,VA,325,False
Trent,OR,325,False
Miccosukee,FL,324,False
Belle Rive,IL,324,False
Paxton,IN,324,False
Dexter,MN,324,False
Angie,LA,324,False
Cuylerville,NY,324,False
DeRuyter,NY,324,False
Jeffers,MN,324,False
Tiki Gardens,HI,324,False
Mansfield,WA,324,False
New Hampton,NH,324,False
Bush,IL,324,False
Cove,AR,324,False
Fort Supply,OK,324,False
Liscomb,IA,324,False
Silver Lake CDP (Warren County),NJ,324,False
Cumberland,OH,323,False
Bronwood,GA,323,False
Hendricks,WV,323,False
Hunts Point,WA,323,False
Charlton,MD,323,False
Schuyler,VA,323,False
Xenia,IL,323,False
Rocky Ridge,OH,323,False
Francis,OK,323,False
McConnells,SC,323,False
Dumas,MS,323,False
Crucible,PA,323,False
Reserve,WI,323,False
Rattan,OK,323,False
Leonard,MI,323,False
Vanlue,OH,323,False
Milton,IN,323,False
Vesta,MN,322,False
Mercersville,MD,322,False
East Laurinburg,NC,322,False
Persia,IA,322,False
West Harrison,IN,322,False
Winslow,IL,322,False
Tecumseh,KS,322,False
Numidia,PA,322,False
Melvin,IA,322,False
Iron City,GA,322,False
Melvern,KS,322,False
Lake Almanor West,CA,322,False
Mad River,CA,322,False
Fort Atkinson,IA,321,False
Elkmont,AL,321,False
Malden-on-Hudson,NY,321,False
Griffithville,AR,321,False
Tremont,MS,321,False
Sand Hill,OK,321,False
Blanca,CO,321,False
Mize,MS,321,False
Railroad,PA,321,False
Kerby,OR,321,False
Lead Hill,AR,321,False
Hanston,KS,321,False
Burlison,TN,321,False
Homer,IN,321,False
Kiamesha Lake,NY,321,False
Toronto,SD,320,False
Grinnell,KS,320,False
Dix,NE,320,False
Leesburg,NJ,320,False
Laketown,UT,320,False
Chesterhill,OH,320,False
Backus,MN,320,False
Stewart,OH,320,False
Smithville,GA,320,False
Wanship,UT,320,False
Krakow,WI,320,False
Applewold,PA,320,False
Emerson,AR,320,False
Truchas,NM,320,False
Buckner,AR,320,False
Kratzerville,PA,320,False
Gagetown,MI,320,False
Lake Almanor Peninsula,CA,319,False
Onslow,IA,319,False
Clyde Park,MT,319,False
Byers,TX,319,False
Hiddenite,NC,319,False
Bogue Chitto CDP (Kemper and Neshoba Counties),MS,319,False
Flint Hill,VA,319,False
Justice,WV,319,False
Ransom,IL,319,False
Longville,LA,319,False
Lowell,KS,319,False
Sand City,CA,319,False
Uniopolis,OH,319,False
Medicine Park,OK,319,False
Gillisonville,SC,319,False
Eitzen,MN,319,False
Twin Oaks,OK,319,False
Nageezi,NM,319,False
Hackberry,AZ,319,False
Twain,CA,319,False
Peavine,OK,318,False
Yankee Hill,CA,318,False
Booth,WV,318,False
Kremlin,OK,318,False
Madaket,MA,318,False
Hitterdal,MN,318,False
Ralston,OK,318,False
Wynona,OK,318,False
Chelsea,IA,318,False
Bass Lake,CA,318,False
Oakdale,NE,318,False
Wyoming,RI,318,False
Edmondson,AR,318,False
Danby,NY,318,False
Emigrant,MT,318,False
Birch Hill,WI,318,False
Phillips,NE,317,False
Panama,IL,317,False
Chance,OK,317,False
Sylvan Grove,KS,317,False
New Hampton,MO,317,False
Junction City,WI,317,False
Earl Park,IN,317,False
Egg Harbor,WI,317,False
Callaghan,VA,317,False
Kincora,VA,317,False
Friant,CA,317,False
Goshen,VA,317,False
Pottawattamie Park,IN,317,False
Clayton,LA,317,False
Salona,PA,317,False
Hoven,SD,317,False
Fair Oaks,IN,317,False
Cashion Community,TX,317,False
Druid Hills,KY,317,False
Carl's Corner,TX,317,False
Hope,ND,316,False
Lowry,MN,316,False
Barwick,GA,316,False
Clear Lake,IL,316,False
Campbell,NE,316,False
Walcott,ND,316,False
Zihlman,MD,316,False
Yale,IA,316,False
Spencer,NE,316,False
Arroyo Gardens,TX,316,False
Eastville,VA,316,False
Kingston,WI,316,False
Nashville,OH,316,False
Old Hundred,NC,316,False
Gannett,ID,316,False
Smith Corner,CA,316,False
Dillard,OR,316,False
Milford,KS,316,False
Sagar,NM,316,False
Clarington,OH,316,False
Stanton,MO,316,False
Potter,NE,316,False
Halliday,ND,316,False
Blandburg,PA,315,False
Downsville,NY,315,False
Nashport,OH,315,False
Bordelonville,LA,315,False
Arpelar,OK,315,False
Rebecca,GA,315,False
Okolona,AR,315,False
Di Giorgio,CA,315,False
Spillertown,IL,315,False
Rockvale,MT,315,False
Miami,IN,315,False
Merriam,IN,315,False
Hodges,AL,315,False
Humbird,WI,315,False
McIntosh,AL,315,False
Oden,MI,315,False
Mekoryuk,AK,315,False
Winter Harbor,ME,315,False
Eureka,NV,315,False
Scotland,GA,315,False
Howell,UT,315,False
Cutler,IL,315,False
Strawberry,AR,314,False
Tonyville,CA,314,False
St. Regis,MT,314,False
Allenwood,PA,314,False
Nashua,MT,314,False
Plainville,GA,314,False
Johnson Village,CO,314,False
Sandborn,IN,314,False
Millbrook,IL,314,False
Tremont City,OH,314,False
Clipper Mills,CA,314,False
Midland,AR,314,False
Indian Lake,PA,314,False
Walesboro,IN,314,False
Mill Creek,PA,314,False
Twin,AL,314,False
Lane,OK,314,False
Garretts Mill,MD,314,False
McCoole,MD,314,False
Elizabethtown,IL,314,False
Canada Creek Ranch,MI,314,False
Silex,MO,314,False
Montrose,WV,314,False
Hood,CA,314,False
Monroe,NE,314,False
Vanderbilt,PA,314,False
Bulger,PA,314,False
Saddlebrooke,MO,314,False
Gilbert,LA,314,False
Harrisonville,NJ,314,False
San Miguel,AZ,314,False
Barryville,NY,314,False
Nelsonia,VA,314,False
Pounding Mill,VA,314,False
Tower,MI,313,False
Midlothian,MD,313,False
Y-O Ranch,WY,313,False
Ghent,KY,313,False
Lockhart,AL,313,False
Camp Sherman,OR,313,False
Waucoma,IA,313,False
Tenkiller,OK,313,False
Bethel,PA,313,False
Ranchitos East,TX,313,False
Greenleaf,KS,313,False
Oso,WA,313,False
Excelsior Estates,MO,313,False
Kendrick,ID,313,False
Pound,WI,313,False
Barstow,TX,313,False
Honcut,CA,313,False
Hornsby,TN,313,False
Carmen,OK,313,False
Staplehurst,NE,313,False
Yuma Proving Ground,AZ,313,False
Riverdale,NE,313,False
Dodson,LA,312,False
Wall Lane,AZ,312,False
Dupont,OH,312,False
Michigan City,ND,312,False
Saratoga,IN,312,False
Ben Avon Heights,PA,312,False
Burbank,OH,312,False
Shaktoolik,AK,312,False
Elberta,UT,312,False
Emmons,MN,312,False
Gentryville,IN,311,False
Benton,MS,311,False
Yorkville,TN,311,False
Hillsboro,TN,311,False
Roanoke,LA,311,False
Biggsville,IL,311,False
Eagleville CDP (Centre County),PA,311,False
White Stone,VA,311,False
Delta,IA,311,False
Brooks,OR,311,False
Watch Hill,RI,311,False
Star Junction,PA,311,False
Campbell Station,AR,311,False
Orient,IL,311,False
Altmar,NY,310,False
Victor,CO,310,False
Millsboro,PA,310,False
Pine Valley,UT,310,False
Capitola,FL,310,False
Clarksdale,MO,310,False
Franklin,PA,310,False
Woodland,IL,310,False
Akron,AL,310,False
Elizabethtown,IN,310,False
Potts Camp,MS,310,False
Berkey,OH,310,False
Rochester,TX,310,False
Millersville,MO,310,False
Paint Rock,TX,310,False
Lakeside town (San Patricio County),TX,310,False
Lockett,TX,310,False
Great Meadows,NJ,310,False
Dixon,WY,310,False
Newbern,AL,310,False
Dungannon,VA,309,False
Eugenio Saenz,TX,309,False
Westwood,MO,309,False
Gilchrist,OR,309,False
Trenton,SC,309,False
Amherst Junction,WI,309,False
Savannah,OH,309,False
Monticello,MO,309,False
Pablo Pena,TX,309,False
Oak Ridge town (Cooke County),TX,309,False
Gackle,ND,309,False
Peters,CA,309,False
Nespelem Community,WA,309,False
Leeds,NY,309,False
Fitzhugh,OK,309,False
Cherry Creek,NY,309,False
Pakala Village,HI,309,False
Hadar,NE,309,False
McLeod,TX,309,False
Rocky Point,OR,308,False
Hosston,LA,308,False
Shelby,IN,308,False
Virgil,IL,308,False
West Falls,PA,308,False
St. Michael,AK,308,False
Garfield,MN,308,False
Martin City,MT,308,False
Beverly,WA,308,False
St. Martin,MN,308,False
Walloon Lake,MI,308,False
Orick,CA,308,False
Clear Creek,CA,307,False
Dundas,IL,307,False
Condon,MT,307,False
Reynoldsville,WV,307,False
McClusky,ND,307,False
Pleasant Valley,CT,307,False
Buffalo,KS,307,False
Ironton,WI,307,False
Constableville,NY,307,False
San Simeon,CA,307,False
Cranfills Gap,TX,307,False
Richland,TX,307,False
Ephraim,WI,307,False
Sherrodsville,OH,307,False
Crenshaw,PA,306,False
Shaver Lake,CA,306,False
Glen Acres,NM,306,False
Woodburn,KY,306,False
Branchdale,PA,306,False
Pillow,PA,306,False
Salt Point,NY,306,False
Elberta,PA,306,False
Grey Eagle,MN,306,False
Rockford Bay,ID,306,False
Magnetic Springs,OH,306,False
Rapid River,MI,305,False
Mahaffey,PA,305,False
Bellflower,MO,305,False
Saginaw,MO,305,False
Patterson,IA,305,False
New Suffolk,NY,305,False
Raemon,NC,305,False
Perry,AR,305,False
Boykin,AL,305,False
Shiloh,NJ,305,False
Manton,CA,305,False
Bent Tree Harbor,MO,305,False
Livonia Center,NY,305,False
East Altoona,PA,305,False
Negley,OH,305,False
Sandy Creek,NC,304,False
Eskdale,WV,304,False
Redwood,NY,304,False
Russell,MN,304,False
Clatonia,NE,304,False
Froid,MT,304,False
Barnum,IA,304,False
Natchez,LA,304,False
Enemy Swim,SD,304,False
Donovan,IL,304,False
Faith,SD,304,False
Bostic,NC,304,False
Cyrus,MN,304,False
Carytown,MO,304,False
Freeborn,MN,304,False
Mill Village,PA,304,False
Jenkinsburg,GA,303,False
Maitland,PA,303,False
Taloga,OK,303,False
Table Grove,IL,303,False
Prescott,IA,303,False
Ewen,MI,303,False
Bedford,KY,303,False
Lodi,NY,303,False
Leamington,UT,303,False
Alpine Northeast,WY,303,False
Prescott,WA,303,False
Pawlet,VT,303,False
Gorham,IL,303,False
Lester,IA,303,False
Trapper Creek,AK,303,False
Windham,NY,303,False
Lytton,IA,303,False
Pullman,WV,303,False
Chickasaw,OH,302,False
Strausstown,PA,302,False
Terril,IA,302,False
Clarksburg,CA,302,False
Philadelphia,MO,302,False
Neahkahnie,OR,302,False
Knollcrest,CT,302,False
Westbrook,TX,302,False
Mexican Colony,CA,302,False
Arcadia,KS,302,False
Vicco,KY,302,False
June Lake,CA,302,False
Townville,PA,302,False
Grand Detour,IL,302,False
Seneca,WI,302,False
Rienzi,MS,302,False
Dover,KY,302,False
Callisburg,TX,302,False
Hall,NY,302,False
Dill City,OK,302,False
Rosedale,NM,302,False
Custer,MI,302,False
Hilham,TN,302,False
Banks,AL,302,False
Capulin,CO,301,False
Kings Point,MT,301,False
Lake Chaffee,CT,301,False
Cedar Point,TX,301,False
Long Beach,MN,301,False
Coinjock,NC,301,False
Wingate,IN,301,False
Callao,MO,301,False
Edom,TX,301,False
Custer,WA,301,False
Corinne,WV,301,False
Frederika,IA,301,False
McLemoresville,TN,301,False
Harpers Ferry,WV,301,False
Twelve Mile,IN,301,False
Ney,OH,301,False
West Pawlet,VT,301,False
Bogue Chitto CDP (Lincoln County),MS,301,False
Mingus,TX,301,False
St. Thomas,ND,301,False
Anthoston,KY,301,False
Bear Lake,MI,301,False
Woodland Hills,NE,300,False
Medora,IL,300,False
Langlois,OR,300,False
Hanalei,HI,300,False
Evergreen,NC,300,False
Rennert,NC,300,False
Pilger,NE,300,False
Clay Springs,AZ,300,False
Detroit,AL,300,False
Young America,IN,300,False
Koyuk,AK,300,False
Frizzleburg,PA,300,False
Fancy Farm,KY,300,False
Hunter,NY,300,False
La Plant,SD,300,False
Breedsville,MI,300,False
Standard,IL,300,False
Springfield Center,NY,300,False
Newport,IN,299,False
Heron,MT,299,False
Malden,IN,299,False
Brighton,UT,299,False
Riverland,MN,299,False
Mildred,TX,299,False
New Post,WI,299,False
Myra,TX,299,False
McCook,IL,299,False
Florence,SD,299,False
Mapleton,IL,299,False
Danbury,IA,299,False
Medill,MO,299,False
Fountain,NC,299,False
Chaseburg,WI,299,False
Schellsburg,PA,299,False
Missouri City,MO,299,False
Geneva,IN,299,False
Greencastle,MO,298,False
Alfred,TX,298,False
Kingston,MO,298,False
Trout Creek,MT,298,False
Manchester,CA,298,False
Covington,TX,298,False
Bunceton,MO,298,False
Litchfield,NE,298,False
Irondale,OH,298,False
Rehrersburg,PA,298,False
Quinby,VA,298,False
Notchietown,OK,298,False
Elliott,IL,298,False
Fire Island,NY,298,False
Fertile,IA,298,False
Akiak,AK,298,False
Tuleta,TX,298,False
Rosemont,MD,298,False
Marland,OK,298,False
Weldon,IL,298,False
Drake,ND,297,False
Nellie,OH,297,False
Lu Verne,IA,297,False
Durbin,WV,297,False
Hop Bottom,PA,297,False
Pathfork,KY,297,False
Coleman,OK,297,False
New Munich,MN,297,False
Oconee,GA,297,False
Selden,KS,297,False
West Liberty,PA,297,False
Wilton,AR,297,False
Ovid,CO,297,False
Neelyville,MO,297,False
Skillman,NJ,297,False
McCune,KS,297,False
Bowler,WI,297,False
La Escondida,TX,297,False
Mizpah,NJ,297,False
Judah,IN,297,False
Lubec,ME,297,False
Lowrys,SC,297,False
Slickville,PA,297,False
Jenera,OH,297,False
Alberta,VA,297,False
Salley,SC,297,False
Granjeno,TX,296,False
Carl,GA,296,False
Fredericktown,PA,296,False
Tower City,ND,296,False
Ellenton,GA,296,False
Edmore,ND,296,False
Bendon,MI,296,False
Spencerville,IN,296,False
Woodland,GA,296,False
Andersonville,GA,296,False
Bronson,IA,296,False
Helmsburg,IN,296,False
Rochester,VT,296,False
Westside,IA,296,False
Snake Creek,OK,295,False
Lyndon Center,VT,295,False
Henrietta,MO,295,False
Rose Hill Acres,TX,295,False
College Corner,OH,295,False
Bluffton,GA,295,False
Oakdale,IL,295,False
Vergennes,IL,295,False
Browning,MO,295,False
Burns,KS,295,False
St. Libory,NE,295,False
Scipio,IN,295,False
Oneida,KS,295,False
Broadlands,IL,295,False
Floyd,IA,295,False
Glenmont,OH,295,False
Rock Cave,WV,295,False
Dalton,MN,295,False
Anoka,IN,294,False
Wales,AK,294,False
Port William,OH,294,False
Puako,HI,294,False
Ensenada,NM,294,False
Waldo,AL,294,False
Ionia,IA,294,False
Malta,ID,294,False
Buckman,MN,294,False
Savage,MT,294,False
Marion,OR,294,False
Laketon,IN,294,False
Hornick,IA,294,False
Holley,OR,294,False
Welch,TX,294,False
Dietrich,ID,294,False
Goose Lake,IA,294,False
Beal City,MI,294,False
Windsor,SC,294,False
Marengo,OH,294,False
Jamison City,PA,293,False
Swan Quarter,NC,293,False
Berrysburg,PA,293,False
Tescott,KS,293,False
New Meadows,ID,293,False
Clarksburg,MO,293,False
Lava Hot Springs,ID,293,False
Danbury,NC,293,False
Holbrook,NE,293,False
Bowersville,OH,293,False
Guide Rock,NE,293,False
Mountain Ranch,CA,293,False
Braden,TN,293,False
Ellis Grove,IL,293,False
Elim,AK,293,False
Bassfield,MS,293,False
Pukwana,SD,293,False
Dune Acres,IN,293,False
Flat Rock,OH,293,False
Copalis Beach,WA,293,False
Burnett,WI,292,False
Echo,LA,292,False
Rhodes,IA,292,False
Turkey,TX,292,False
Volta,CA,292,False
Progreso Lakes,TX,292,False
Burkettsville,OH,292,False
Relampago,TX,292,False
Red Cliff,CO,292,False
Long Pine,NE,292,False
Templeton,PA,292,False
Patterson,AR,292,False
Lismore,MN,292,False
Castor,LA,292,False
Belcher,LA,292,False
Port Elizabeth,NJ,292,False
Gracemont,OK,292,False
Somerville,OH,292,False
Summer Shade,KY,292,False
Newfields,NH,291,False
South Lima,NY,291,False
Flemington,WV,291,False
Aaronsburg CDP (Washington County),PA,291,False
Holiday Beach,TX,291,False
Unity,ME,291,False
Finley,ND,291,False
Cassville,IN,291,False
Cohassett Beach,WA,291,False
Kinloch,MO,291,False
Laclede,ID,291,False
Hartwick Seminary,NY,291,False
Wetmore,KS,291,False
Ridgeway,OH,291,False
Campbell Hill,IL,291,False
Mount Pleasant,OH,291,False
St. Marks,FL,291,False
Jennings,OK,291,False
Thompson,PA,291,False
Sutcliffe,NV,291,False
Dayville,CT,290,False
Cuba,KS,290,False
Odell,NE,290,False
Lake Lorraine,WI,290,False
Kistler,PA,290,False
Douglassville,TX,290,False
Anamoose,ND,290,False
Augusta,MO,290,False
Bloomville,NY,290,False
Kilbourne,IL,290,False
Pawnee Rock,KS,290,False
Ripley,OK,290,False
Brookside,CO,290,False
Pavillion,WY,290,False
North Miami,OK,290,False
Midway,TX,290,False
Briggsville,WI,290,False
Chataignier,LA,290,False
Boone,CO,289,False
Anderson,TX,289,False
Raymond City,WV,289,False
Belleville,NY,289,False
Picacho,AZ,289,False
East Gillespie,IL,289,False
Tynan,TX,289,False
Kimballton,IA,289,False
Hartsville,IN,289,False
Elk City,KS,289,False
New Pittsburg,OH,289,False
Uehling,NE,289,False
Walton,KS,289,False
Repton,AL,289,False
Maitland,MO,289,False
Foxburg,PA,289,False
Ste. Marie,IL,289,False
Wallsburg,UT,289,False
St. Peter,IL,289,False
LeRaysville,PA,289,False
North Bend,PA,289,False
Alpine Northwest,WY,289,False
Russell,AR,289,False
Sarah Ann,WV,289,False
Lost Bridge Village,AR,289,False
Morgan Heights,CO,289,False
Vinton,OH,288,False
Dover,OK,288,False
Holy Cross,IA,288,False
Earling,WV,288,False
Kanawha,WV,288,False
Skamokawa Valley,WA,288,False
Indiahoma,OK,288,False
Kincaid,WV,288,False
Lakota,IA,288,False
Fayetteville,TX,288,False
Deloit,IA,288,False
Perry,SC,288,False
Junction,UT,288,False
Dixon,MT,288,False
Rock Hill,LA,288,False
Shady Dale,GA,288,False
Abbott,TX,288,False
Las Palomas,NM,288,False
Morganton,GA,288,False
Bloomburg,TX,288,False
Henderson,MI,288,False
Brule,NE,288,False
Tullos,LA,288,False
Salisbury Mills,NY,288,False
Carson,ND,288,False
Kaw City,OK,288,False
Elfrida,AZ,288,False
Sterling,OH,288,False
Deweyville,UT,288,False
Velarde,NM,287,False
Pleasant Grove,MD,287,False
Dellroy,OH,287,False
Maytown,AL,287,False
Madrid,NM,287,False
Bear Creek,WI,287,False
Chloride,AZ,287,False
Grygla,MN,287,False
Lake Angelus,MI,287,False
Yantis,TX,287,False
Jamestown,CO,287,False
Carbon,TX,287,False
Yancey,TX,287,False
Little Britain,PA,287,False
Granville,IA,287,False
Bascom,OH,287,False
Higginsport,OH,287,False
Gordonville,AL,287,False
Goose Creek,KY,287,False
Blanche,TN,287,False
Needmore,IN,287,False
Loda,IL,287,False
Wallace,NE,287,False
Nixon,TN,286,False
Twin Groves,AR,286,False
Trenton,KY,286,False
Addieville,IL,286,False
Americus,IN,286,False
Oliver,GA,286,False
Mount Pleasant Mills,PA,286,False
Canaan,VT,286,False
Deal Island,MD,286,False
Frost,MN,286,False
Belgium,IL,286,False
Tappen,ND,286,False
Forgan,OK,286,False
Soldier Creek,SD,286,False
Geiger,AL,286,False
Wilmot,OH,286,False
Jobstown,NJ,286,False
Keller,VA,286,False
Henrieville,UT,286,False
Gillsville,GA,286,False
Antreville,SC,286,False
Cash,AR,285,False
Michiana,MI,285,False
Harding-Birch Lakes,AK,285,False
Carrizo,AZ,285,False
Murdock,MN,285,False
Pine Point,MN,285,False
Lansing,OH,285,False
Spickard,MO,285,False
Boneau,MT,285,False
Ocean Breeze,FL,285,False
Avalon,GA,285,False
Crystal,NM,285,False
Evergreen,LA,285,False
McIntosh,FL,285,False
Chupadero,NM,285,False
Bowbells,ND,285,False
St. Johns,OH,285,False
Pine Lakes Addition,SD,285,False
Butteville,OR,285,False
Somerset,IN,285,False
Searles,MN,285,False
Mayland,TN,285,False
Copper Mountain,CO,285,False
Clinton,MN,284,False
Keyport,WA,284,False
St. Regis Falls,NY,284,False
Switz City,IN,284,False
Spangle,WA,284,False
Arpin,WI,284,False
Garland,TN,284,False
Eldorado Springs,CO,284,False
Dillard,GA,284,False
Cleghorn,IA,284,False
Hayes Center,NE,284,False
Ramona,SD,284,False
Readsboro,VT,284,False
Olmito and Olmito,TX,284,False
Seymour,IL,283,False
Paisley,OR,283,False
Chickaloon,AK,283,False
Talala,OK,283,False
Clyattville,GA,283,False
Williamsville,MO,283,False
Thompsons,TX,283,False
Cameron,OK,283,False
Bluff City,AR,283,False
Hunter,ND,283,False
Cashtown,PA,283,False
French Gulch,CA,283,False
Haworth,OK,283,False
Cedar Hill Lakes,MO,282,False
Athens,LA,282,False
Hortonville,NY,282,False
Crystal Beach,AZ,282,False
Blooming Grove,IN,282,False
Abrams,WI,282,False
Doland,SD,282,False
Dime Box,TX,282,False
Etowah,AR,282,False
Mulhall,OK,282,False
Glen Echo,MD,282,False
Standish,ME,282,False
Dowell,IL,282,False
Goodrich,TX,282,False
Perry,IL,282,False
Leona,TX,282,False
Kelford,NC,282,False
Marble,NC,282,False
Haines Falls,NY,282,False
Greasewood,AZ,281,False
Greeley,KS,281,False
Mallard Bay,OK,281,False
Ojo Sarco,NM,281,False
Shirley,AR,281,False
Goodville,PA,281,False
Roberts,MT,281,False
Lake Ka-Ho,IL,281,False
Boston,PA,281,False
Cornfields,AZ,281,False
Yolo,CA,281,False
Surrency,GA,281,False
Edwardsport,IN,281,False
Bliss,ID,281,False
Sparta,KY,281,False
Taylor Landing,TX,281,False
Eastlake,MI,281,False
Canadian Shores,OK,281,False
Westcreek,CO,281,False
Kimball,WV,281,False
Smarr,GA,281,False
Harrell,AR,281,False
Meservey,IA,281,False
Grand Lake,CO,281,False
Shaft,MD,281,False
Kempton,IN,280,False
City of Creede,CO,280,False
Wall Lake,IN,280,False
Russellville,SC,280,False
Kempton,IL,280,False
Diggins,MO,280,False
Rosewood,OH,280,False
Keats,KS,280,False
Alvarado,MN,280,False
Ackermanville,PA,280,False
Glenwood,NC,280,False
Elizabethtown,OH,280,False
Lambs Grove,IA,280,False
Bedias,TX,280,False
Amazonia,MO,280,False
Fairlee,MD,280,False
Buckner,IL,280,False
Eureka,WI,280,False
Blairsville,IL,280,False
Dinwiddie,VA,280,False
Elderton,PA,280,False
Allport,PA,280,False
Brocton,IL,280,False
Ingalls,KS,280,False
Scottsville,TX,279,False
Teller,AK,279,False
Granville,ND,279,False
Lowell,WI,279,False
Post Lake,WI,279,False
Mount Pleasant,AR,279,False
Eros,LA,279,False
Oak Ridge,MO,279,False
Manns Choice,PA,279,False
Paris,MI,279,False
Coloma,CA,279,False
Hobgood,NC,279,False
Cruzville,NM,279,False
Kinta,OK,279,False
Clam Gulch,AK,279,False
Chapman,NE,279,False
Boydton,VA,279,False
Carolina,AL,279,False
Keswick,IA,279,False
Kasilof,AK,279,False
Maunaloa,HI,279,False
Briarwood Estates,MO,279,False
Creekside,PA,278,False
County Line,AL,278,False
Neilton,WA,278,False
Roy,NM,278,False
Crescent,OR,278,False
Bruning,NE,278,False
Lakewood,WI,278,False
Grass Valley,OR,278,False
Gresham,NE,278,False
Gotebo,OK,278,False
Leesville,OH,278,False
Gardiner,OR,278,False
Coffee Creek,CA,278,False
Keo,AR,278,False
West Rushville,OH,278,False
Plumwood,OH,278,False
Holland Patent,NY,278,False
Lakeridge,NV,278,False
Waco,NC,278,False
Carroll,NE,278,False
Dyess,AR,278,False
Harrisonburg,LA,278,False
Searchlight,NV,278,False
Norwood,GA,277,False
Cisco,IL,277,False
Ambler,AK,277,False
Oaks,OK,277,False
Harrison,ID,277,False
Gatesville,NC,277,False
Morristown,OH,277,False
Kiron,IA,277,False
Clearwater,NE,277,False
Kensal,ND,277,False
Holland,MN,277,False
Winter,WI,277,False
Gary,MN,277,False
Linville,VA,277,False
Bovina,MS,277,False
Mount Vernon,AR,277,False
Esperance,NY,277,False
Harbor Island,SC,277,False
Lupton,MI,277,False
Dakota,MN,277,False
Newark,MD,277,False
Unionville Center,OH,277,False
Mobile City,TX,277,False
Holy Cross,AK,277,False
Goltry,OK,277,False
Laguna Seca,TX,277,False
Blue Springs,MS,277,False
Kanauga,OH,277,False
Corinth,KY,277,False
Centertown,TN,277,False
Drummond,MT,277,False
Bethpage,TN,276,False
Elmer City,WA,276,False
Linndale,OH,276,False
Hancock,IA,276,False
Newton Hamilton,PA,276,False
Sobieski,WI,276,False
Hartleton,PA,276,False
South Glastonbury,MT,276,False
Gary City,TX,276,False
Double Spring,NV,276,False
Peter,UT,276,False
Hewitt,MN,276,False
Pattonsburg,MO,276,False
Rudolph,OH,276,False
Gainesville,AL,276,False
Hilltop CDP (Starr County),TX,276,False
Clayville,NY,276,False
Sanostee,NM,276,False
Ivor,VA,276,False
Industry,TX,276,False
Bushton,KS,276,False
Locustdale,PA,275,False
Prospect,NY,275,False
Haugen,WI,275,False
Burton,TX,275,False
Becenti,NM,275,False
Petersham,MA,275,False
Palominas,AZ,275,False
Ripplemead,VA,275,False
Denning,AR,275,False
Maharishi Vedic City,IA,275,False
Kensett,IA,275,False
Manor Creek,KY,275,False
Crane,IN,275,False
Fillmore,IL,275,False
Marathon,TX,275,False
Ozora,MO,275,False
Fairhaven,MN,275,False
Davis,NC,275,False
Maplewood Park,OH,275,False
Andersonville,TN,274,False
Apple Valley,ND,274,False
Helena,OH,274,False
Coalmont,IN,274,False
Seaton,IL,274,False
Smithland,KY,274,False
Hallam,NE,274,False
Homeland,FL,274,False
McClure,IL,274,False
Tyner,IN,274,False
Liberty,OK,274,False
Fairview,VA,274,False
Columbus City,IA,274,False
Colton,NY,274,False
Pickstown,SD,274,False
Moscow,IA,274,False
Schnellville,IN,274,False
Aberdeen Gardens,WA,273,False
Royal Lakes,IL,273,False
Lewisville,MN,273,False
The Plains,VA,273,False
Midvale,ID,273,False
Staples,TX,273,False
De Soto,MS,273,False
Sanford,AL,273,False
Hosmer,SD,273,False
Chain of Rocks,MO,272,False
Middle River,MN,272,False
Statesville,TN,272,False
Ceylon,MN,272,False
Richville,NY,272,False
Elco,PA,272,False
Ballantine,MT,272,False
Port Hope,MI,272,False
Greeley,IA,272,False
Little Creek,DE,272,False
Rice Lake,MN,272,False
Stoutland,MO,272,False
Lisbon,IL,272,False
Clutier,IA,272,False
Alexander,IL,272,False
St. Charles,KY,272,False
Buckingham Courthouse,VA,272,False
Addison,PA,272,False
San Carlos II,TX,272,False
California Pines,CA,272,False
Whitmore,CA,272,False
Cabot,VT,272,False
Leiters Ford,IN,272,False
Ramsay,MI,272,False
Reevesville,SC,272,False
Montezuma Creek,UT,272,False
Captree,NY,272,False
St. Petersburg,PA,272,False
Babb,MT,271,False
Boligee,AL,271,False
Maynard,MN,271,False
Davy,WV,271,False
Andersonville,IN,271,False
Elbing,KS,271,False
Pleasure Bend,LA,271,False
Broeck Pointe,KY,271,False
Lake Huntington,NY,271,False
Marble Rock,IA,271,False
Sinking Spring,OH,271,False
Glenford,OH,271,False
Wahkon,MN,271,False
Owendale,MI,271,False
Bluejacket,OK,271,False
Bowdens,NC,271,False
Pine Village,IN,271,False
Stout,IA,271,False
Crescent Springs,OK,271,False
Chautauqua,NY,271,False
Glen Arbor,MI,271,False
Vina,CA,270,False
Dunnell,MN,270,False
Oktaha,OK,270,False
Raiford,FL,270,False
Leach,OK,270,False
Huckabay,TX,270,False
Sauget,IL,270,False
La Sal,UT,270,False
Wachapreague,VA,270,False
Tyonek,AK,270,False
Skyline,MN,270,False
Oakley,MI,270,False
Gideon,OK,270,False
Gallina,NM,270,False
St. Charles,AR,270,False
Cantril,IA,270,False
Gateway,AR,270,False
Blencoe,IA,270,False
Coldfoot,AK,270,False
Adams Lake,IN,270,False
Willisville,AR,270,False
Jacksonboro,SC,270,False
No Name,CO,269,False
Troy Grove,IL,269,False
Nehalem,OR,269,False
Grandin,MO,269,False
Everetts,NC,269,False
Dewy Rose,GA,269,False
Merino,CO,269,False
Little Ponderosa,OK,269,False
Force,PA,269,False
Ethan,SD,269,False
Centerville,MO,269,False
Plainville,IL,269,False
Cobalt,MO,269,False
Caryville,FL,269,False
Clifford,MI,269,False
Casstown,OH,269,False
Genoa,WI,269,False
Waverly,FL,269,False
Worthington Springs,FL,269,False
Hammond,NY,269,False
Axis,AL,269,False
Oneida,KY,269,False
Luther,MI,269,False
Rock River,WY,269,False
Tharptown (Uniontown),PA,269,False
Wolflake,IN,268,False
Sikes,LA,268,False
Winn,MI,268,False
Nuremberg,PA,268,False
Utica,KY,268,False
Villard,MN,268,False
Lenapah,OK,268,False
Catherine,CO,268,False
Dwight,KS,268,False
Gaastra,MI,268,False
Milburn,OK,268,False
Mooar,IA,268,False
Kaycee,WY,268,False
Peterson,MN,268,False
Roosevelt,OK,268,False
Daisytown,PA,268,False
Otoe,NE,268,False
Forest,IN,268,False
Turtle Lake,WI,268,False
Westville,FL,268,False
Lueders,TX,268,False
Center,IN,268,False
Lamont,OK,267,False
Blairstown,NJ,267,False
Riverside,PA,267,False
Millhousen,IN,267,False
La Motte,IA,267,False
Chance,MD,267,False
Fowlerville,NY,267,False
Goshen,NJ,267,False
East Carondelet,IL,267,False
Rincon,NM,267,False
Hickory Ridge,AR,267,False
Chilhowee,MO,267,False
Everton,MO,267,False
Raisin City,CA,267,False
Sebastopol,MS,267,False
Del Sol,TX,267,False
Union,AL,267,False
Cruger,MS,267,False
Chunky,MS,267,False
Rio,LA,267,False
Rocky,OK,266,False
Norway,IN,266,False
Phoenicia,NY,266,False
Arlington,KY,266,False
Vann Crossroads,NC,266,False
Fairfield,TN,266,False
Tarlton,OH,266,False
Stockwell,IN,266,False
Norene,TN,266,False
Kinderhook,IL,266,False
Grammer,IN,266,False
Cumberland,IA,266,False
Stella,MO,266,False
Aquilla,OH,266,False
Napoleon,IN,266,False
Randolph,IA,266,False
Louviers,CO,266,False
Conception,MO,266,False
Gurley,NE,266,False
Satilla,GA,266,False
Beaver Creek,MN,266,False
Hilltop CDP (Frio County),TX,266,False
Lisbon,LA,266,False
Turon,KS,266,False
Cherry Tree,PA,266,False
Cheshire,OR,266,False
Calumet,MN,266,False
Plessis,NY,266,False
Dixie Inn,LA,265,False
Laclede,MO,265,False
Ukiah,OR,265,False
Greensboro Bend,VT,265,False
Ransom,KS,265,False
Cannonville,UT,265,False
Farrell,MS,265,False
Twilight,PA,265,False
Nadine,NM,265,False
Riverton,IA,265,False
White Hills,AZ,265,False
Dutton,MT,265,False
Darbyville,OH,265,False
Heckscherville,PA,265,False
Riverview Colony,MT,265,False
Markleysburg,PA,265,False
Kistler,WV,264,False
Elrod,NC,264,False
Lindsay,NE,264,False
Fountain Run,KY,264,False
Crisman,CO,264,False
Lakeview,NE,264,False
Fronton,TX,264,False
Rose Hill,IA,264,False
Brothertown,WI,264,False
Renwick,IA,264,False
Heath,AL,264,False
Magnolia,DE,263,False
Highgate Center,VT,263,False
Downsville,WI,263,False
Spartansburg,PA,263,False
Henning,IL,263,False
Washburn,TX,263,False
Easton,MO,263,False
Cowan,CA,263,False
Bayard,WV,263,False
New Deal,TN,263,False
Toccopola,MS,263,False
Holland,IA,263,False
Bladensburg,OH,263,False
Afton,VA,263,False
Winchester,ID,263,False
Bonnieville,KY,263,False
Mountain,WI,262,False
East Glacier Park Village,MT,262,False
Steward,IL,262,False
Taylorstown,PA,262,False
Stroh,IN,262,False
Temperanceville,VA,262,False
Wyola,MT,262,False
Kirkville,IA,262,False
Woodruff,UT,262,False
Staunton,IN,262,False
Beattie,KS,262,False
Santee,NE,262,False
Mill Creek,OK,262,False
Armstrong,MO,262,False
Killona,LA,262,False
Stockport,IA,262,False
Chewsville,MD,262,False
Chester,TX,262,False
Oak Creek Canyon,AZ,262,False
Snelling,SC,262,False
Woodville,GA,261,False
Ewing,KY,261,False
Bigelow,MN,261,False
Crystal Lake,IA,261,False
Warfield,KY,261,False
Abercrombie,ND,261,False
Fountain Springs,PA,261,False
Lower Kalskag,AK,261,False
Kanorado,KS,261,False
Centerville,NC,261,False
Sawyer,ND,261,False
Harpster,OH,261,False
Nettie,WV,261,False
Waterbury Center,VT,261,False
Sandy Hook,WI,261,False
Friesland,WI,261,False
Elyria,KS,261,False
Joplin,MT,261,False
Jewett,IL,261,False
Rushville,MO,261,False
Williams,MN,261,False
Hedgesville,WV,260,False
Fleischmanns,NY,260,False
Lineville,IA,260,False
Hartz Lake,IN,260,False
Klein,MT,260,False
Allen,KS,260,False
Moore,MT,260,False
Darrouzett,TX,260,False
San Lorenzo,NM,260,False
Leonard,ND,260,False
Snover,MI,260,False
West Sullivan,MO,260,False
Good Hope,OH,260,False
Hanover,NM,260,False
Mountain Dale,NY,260,False
Universal,IN,260,False
Garland,NE,260,False
Summertown,GA,260,False
Busti,NY,260,False
Garland,AR,260,False
Johnson,NE,260,False
Madrid,AL,259,False
Opdyke,IL,259,False
Pomona,MO,259,False
La Barge,WY,259,False
Geraldine,MT,259,False
Lincoln,VT,259,False
Easton,KS,259,False
Crab Orchard,IL,259,False
Delight,AR,259,False
Dresbach,MN,259,False
Oakdale,WI,259,False
East Side,PA,259,False
Waverly,GA,259,False
Iola,TX,259,False
Hillside Colony,MT,259,False
Bartlett,NH,259,False
Verona,IL,259,False
Shipshewana Lake,IN,259,False
Bowers,PA,259,False
Elizabeth,MS,259,False
Pleasant Dale,NE,259,False
Colfax,ND,259,False
Lolita,TX,259,False
Norris,IL,259,False
Casa Colorada,NM,259,False
Camargito,TX,258,False
Kampsville,IL,258,False
Georgetown,MS,258,False
Pumpkin Center,CA,258,False
Logan,ND,258,False
Beaux Arts Village,WA,258,False
Prairie Creek,IN,258,False
Worley,ID,258,False
Gorman,MD,258,False
Imperial,TX,258,False
Bryant,IN,258,False
Storden,MN,258,False
Salvisa,KY,258,False
Roseland,NE,258,False
St. Hilaire,MN,258,False
Hemlock,OH,258,False
Buckland,OH,258,False
Florida,OH,258,False
Redding Center,CT,258,False
Renner Corner,SD,258,False
Rickardsville,IA,258,False
Jackson,NE,258,False
Maywood,NE,258,False
Sandy Ridge,PA,258,False
Steely Hollow,OK,258,False
Riggins,ID,258,False
New Trenton,IN,258,False
Crystal Springs,AR,258,False
Millfield,OH,258,False
Creola,LA,257,False
Dale,OK,257,False
Cedar Crest,OK,257,False
Cunningham,KY,257,False
Bridgeville,NJ,257,False
Grays River,WA,257,False
Amasa,MI,257,False
Hainesburg,NJ,257,False
Bruce Crossing,MI,257,False
Stratton,OH,257,False
Wilmont,MN,257,False
Provencal,LA,257,False
Denton,GA,257,False
Whiting,KS,257,False
Watts,OK,257,False
Colony,AL,257,False
Colerain,NC,257,False
Midway,OH,257,False
Hecla,SD,257,False
Dayville,OR,257,False
Millville,MN,257,False
Castalia,NC,257,False
Emma,MO,257,False
Forest,LA,256,False
Raymond,NE,256,False
Willow Hill,IL,256,False
Bolt,WV,256,False
Halchita,UT,256,False
Keller,WA,256,False
Redford,NY,256,False
Wyatt,MO,256,False
Milligan,NE,256,False
Grand Marais,MI,256,False
Ashton,NE,256,False
Jeffersonville,IL,256,False
Skene,MS,256,False
Rensselaer,MO,256,False
Saxis,VA,256,False
Rogers,OH,256,False
Lake George,MN,256,False
Unionville,PA,256,False
Ladora,IA,256,False
Oak Island,TX,256,False
Kalihiwai,HI,256,False
Robertsville,OH,256,False
Gladstone,ND,256,False
Spring Ridge,FL,256,False
Mapleville,MD,256,False
Starks,LA,256,False
Castella,CA,255,False
Curryville,MO,255,False
Pleasant Grove,AR,255,False
Easton,IL,255,False
Golf,FL,255,False
East Poultney,VT,255,False
Arthur,IA,255,False
Freistatt,MO,255,False
Midland,CO,255,False
Arona,PA,255,False
Salisbury Center,NY,255,False
Norcatur,KS,255,False
Rossburg,OH,255,False
La Esperanza,TX,255,False
Acampo,CA,255,False
Cove Neck,NY,255,False
Abington,IN,255,False
San Isidro,TX,255,False
Rembert,SC,255,False
Hardyville,KY,255,False
Orwin,PA,255,False
Lockbourne,OH,255,False
Pulaski,IL,255,False
Swan Valley,ID,255,False
Lenox Dale,MA,255,False
Kellnersville,WI,255,False
Catawba,OH,255,False
Cloverland,IN,255,False
Moro,AR,254,False
Hedley,TX,254,False
Gasconade,MO,254,False
Somerville,IN,254,False
Nazareth,TX,254,False
Middletown,IL,254,False
Glendale,SC,254,False
Weston,NE,254,False
Blaine,ME,254,False
Sanctuary,TX,254,False
Henderson,IL,254,False
Laporte,PA,254,False
Lyle,WA,254,False
Noma,FL,254,False
Gilman,MN,254,False
Radisson,WI,254,False
Culloden,GA,254,False
Fort McDermitt,NV,254,False
Hills and Dales,OH,254,False
Bruce,SD,254,False
Mountain Meadows,CA,254,False
Secor,IL,254,False
Harrison Lake,IN,254,False
Cal-Nev-Ari,NV,254,False
Engelhard,NC,254,False
Foster,OK,254,False
Manlius,IL,253,False
Carrsville,VA,253,False
Dwight,NE,253,False
Heislerville,NJ,253,False
Flat Rock,IN,253,False
Ridgeway,IA,253,False
Medina,ND,253,False
Elk City,ID,253,False
Upper Kalskag,AK,253,False
Falmouth,MI,253,False
Davenport,ND,253,False
Woodside,DE,253,False
Pike,NY,253,False
Bennington,NH,253,False
Hammett,ID,253,False
East Dorset,VT,253,False
Bluffton,MN,253,False
Coffee City,TX,253,False
Silver Lake,OR,253,False
Panama,NE,253,False
Stockdale,PA,253,False
Deer Creek,MN,253,False
Mears,MI,253,False
Homewood at Martinsburg,PA,253,False
Northway,AK,252,False
Enchanted Oaks,TX,252,False
Holmesville,OH,252,False
Stilesville,IN,252,False
Diamondhead Lake,IA,252,False
South English,IA,252,False
Friesville,PA,252,False
Newtown,IN,252,False
Ward,SC,252,False
Sidman,PA,252,False
Powers Lake,ND,252,False
Lake Tekakwitha,MO,252,False
Hackensack,MN,252,False
Denton,MT,252,False
Custar,OH,252,False
Lac La Belle,WI,252,False
Landingville,PA,252,False
Del Dios,CA,252,False
Pleasant View,KY,252,False
Cree Lake,IN,252,False
Barkeyville,PA,252,False
Milledgeville,TN,252,False
Lumber City,PA,252,False
Koosharem,UT,251,False
Lake Bruce,IN,251,False
Oakwood Park,MO,251,False
Lohman,MO,251,False
Gerton,NC,251,False
Clifford,IN,251,False
Westport,NY,251,False
Taylor,MS,251,False
Four Bears Village,ND,251,False
Bear Creek,CA,251,False
Butler,TN,251,False
Nichols,WI,251,False
Horn Hill,AL,251,False
Youngstown,PA,251,False
Bertram,IA,251,False
Mallard,IA,251,False
Rutledge,MN,251,False
Fairview Beach,VA,251,False
Jet,OK,251,False
Port Costa,CA,251,False
New Ringgold,PA,251,False
Ronald,WA,251,False
Wamsutter,WY,251,False
Ridgeway,SC,251,False
Olde West Chester,OH,250,False
Omena,MI,250,False
Tunnelhill,PA,250,False
Tedrow,OH,250,False
Hall Summit,LA,250,False
Aurora,WV,250,False
New Athens,OH,250,False
Nobleton,FL,250,False
Bullhead,SD,250,False
Big Rock,TN,250,False
Wedgewood,MI,250,False
Blue Mound,KS,250,False
Trinity Center,CA,250,False
Plevna,MT,250,False
Scarbro,WV,250,False
Lyon Mountain,NY,250,False
Quemado,NM,250,False
Ridgeland,WI,250,False
Victoria,IL,250,False
Heflin,LA,250,False
Grainfield,KS,250,False
Marenisco,MI,249,False
Burlington,WY,249,False
Lisbon,FL,249,False
Anchor,IL,249,False
Gold Hill,CO,249,False
Trent,TX,249,False
Eagle Nest,NM,249,False
Winkelman,AZ,249,False
Websterville,VT,249,False
Bailey,TX,249,False
Gary,SD,249,False
Adams,OK,249,False
Swan Lake,NY,249,False
Sheldon,WI,249,False
McKee,PA,249,False
Belfonte,OK,249,False
Nulato,AK,249,False
Kirkwood,CA,249,False
Mitiwanga,OH,249,False
St. Thomas,MO,249,False
Walnut Grove CDP (Hardin County),TN,249,False
Havana,TX,248,False
Freetown,IN,248,False
Pleasanton,NM,248,False
Vernon,IN,248,False
Fulton,IN,248,False
Olmsted,IL,248,False
Medon,TN,248,False
Waterford,VA,248,False
Avera,GA,248,False
Marquette,NE,248,False
Richvale,CA,248,False
Piffard,NY,248,False
Lodgepole,NE,248,False
Fenton,IA,248,False
Bradshaw,WV,248,False
Waverly,AL,248,False
Low Moor,IA,248,False
Artois,CA,248,False
Bureau Junction,IL,248,False
Wolbach,NE,248,False
Elrama,PA,248,False
Adak,AK,248,False
Pisgah,IA,248,False
Parkdale,MO,248,False
Lonsdale,AR,248,False
Raleigh,WV,248,False
Valle,AZ,248,False
Bowlus,MN,248,False
Orchard,TX,248,False
Centerview,MO,248,False
West Leipsic,OH,247,False
Savage Town,VA,247,False
Lynchburg,SC,247,False
Keene,KY,247,False
Compton,IL,247,False
Alligator,MS,247,False
Kellerton,IA,247,False
Grant,OK,247,False
Rewey,WI,247,False
Davidson,OK,247,False
Bear Lake,MI,247,False
Walstonburg,NC,247,False
Cuyuna,MN,247,False
Adair,IL,247,False
Gordon,OH,247,False
Blue Diamond,NV,247,False
Panama,IA,247,False
Yadkin College,NC,247,False
Fairview,WV,247,False
Witmer,PA,247,False
Joice,IA,247,False
Hurontown,MI,247,False
Snowville,UT,247,False
Bardolph,IL,247,False
Amherst,NE,247,False
Bessie,OK,247,False
Linn Creek,MO,247,False
French Camp,MS,247,False
Richland Springs,TX,247,False
Valley Springs,AR,247,False
Zapata Ranch,TX,246,False
Mesa Vista,CA,246,False
Nason,IL,246,False
White Branch,MO,246,False
Rocky Ford,GA,246,False
Malcom,IA,246,False
Broaddus,TX,246,False
Valley Home,CA,246,False
Maurice,IA,246,False
Wallaceton,PA,246,False
Widener,AR,246,False
Westpoint,TN,246,False
Daviston,SC,246,False
Cane Beds,AZ,246,False
Sylvania,PA,246,False
Anniston,MO,246,False
East Globe,AZ,246,False
Butler,OK,246,False
Bynum,TX,246,False
West Point,IN,246,False
Sherando,VA,246,False
Cromwell,OK,245,False
Diller,NE,245,False
Brookville,KS,245,False
Ryegate,MT,245,False
Richey,MT,245,False
Humptulips,WA,245,False
Trego-Rohrersville Station,MD,245,False
Omer,MI,245,False
Daviston,AL,245,False
New Columbus,PA,245,False
Gilbertsville,KY,245,False
Soper,OK,245,False
Houstonia,MO,245,False
Stickney,SD,245,False
Shannon,NC,245,False
Sand Pillow,WI,245,False
Scranton,AR,245,False
Bakerhill,AL,245,False
Maxwell,NE,245,False
Wheatland,MO,244,False
Goodlow,TX,244,False
Painter,VA,244,False
Meadow,UT,244,False
Quasset Lake,CT,244,False
Jackson Springs,NC,244,False
Alpine,OR,244,False
Middle Mesa,NM,244,False
Metompkin,VA,244,False
Trumbull,NE,244,False
Concow,CA,244,False
Shungnak,AK,244,False
Grangeville,CA,244,False
Forest Hill Village,MT,244,False
Darlington,PA,244,False
Bee,NE,244,False
Channing,TX,244,False
Iroquois,IL,244,False
Emmett,MI,244,False
Edgemont,MD,244,False
Dilley,OR,244,False
Waterloo,SC,244,False
White Lake,WI,244,False
Dent,MN,244,False
Annona,TX,244,False
Volga,IA,244,False
Wells Bridge,NY,244,False
Cumbola,PA,244,False
Wanette,OK,244,False
Wakarusa,KS,243,False
Dendron,VA,243,False
Stuckey,SC,243,False
Rancho Banquete,TX,243,False
Eland,WI,243,False
Losantville,IN,243,False
Brooker,FL,243,False
Wabeno,WI,243,False
Marlboro,OH,243,False
Omar,WV,243,False
Oil Trough,AR,243,False
Mount Enterprise,TX,243,False
La Feria North,TX,243,False
Saline,LA,243,False
St. Joseph,KY,243,False
Chatfield,OH,243,False
Benedict,ND,243,False
Watersmeet,MI,243,False
Bishop Hills,TX,242,False
Tiro,OH,242,False
Luana,IA,242,False
Goehner,NE,242,False
Bluebell,UT,242,False
Stockton,GA,242,False
Fox,AR,242,False
Plainfield,PA,242,False
Moorhead,IA,242,False
Raleigh,IL,242,False
Vergas,MN,242,False
Juliette,GA,242,False
Rentz,GA,242,False
Soham,NM,242,False
Morse,TX,242,False
Rayville,MO,242,False
Cairo,MO,242,False
Wilton,MN,242,False
Cabery,IL,242,False
Bradford,IA,242,False
Grier City,PA,242,False
River Bottom,OK,242,False
Mayersville,MS,242,False
New Pine Creek,OR,242,False
Kirkpatrick,OR,242,False
St. Mary,MT,242,False
Union,NE,242,False
Jefferson borough (Greene County),PA,242,False
Bombay Beach,CA,242,False
Lake Lafayette,MO,242,False
Lehigh,OK,241,False
Glacier,WA,241,False
Converse,SC,241,False
Anderson,AL,241,False
Caledonia,IL,241,False
Parnell,IA,241,False
Beardsley,MN,241,False
Hebo,OR,241,False
Maryhill Estates,KY,241,False
Fayetteville,OH,241,False
Bear Dance,MT,241,False
La Tour,MO,241,False
McCarr,KY,241,False
Vinegar Bend,AL,241,False
Short,OK,241,False
Harrison,NE,241,False
McMullin,VA,240,False
Paxico,KS,240,False
McCord Bend,MO,240,False
St. Francis,AR,240,False
Parkersburg,IL,240,False
Leoma,TN,240,False
St. Mary,MO,240,False
Coin,IA,240,False
Campbellton,FL,240,False
Bristol,SD,240,False
El Adobe,CA,240,False
Mapleton,KS,240,False
Langston,AL,240,False
Murdock,NE,240,False
Sand Point,OK,239,False
Winesburg,OH,239,False
Kendleton,TX,239,False
Lodge Pole,MT,239,False
Greenview,WV,239,False
Pitkas Point,AK,239,False
Saulsbury,TN,239,False
Nisland,SD,239,False
Sweet Water,AL,239,False
La Ward,TX,239,False
Meansville,GA,239,False
Hoople,ND,239,False
Crosby,MS,239,False
Avant,OK,239,False
West Point,IL,239,False
Hinsdale,MT,239,False
Farley,MO,239,False
Vickery,OH,238,False
Box Springs,GA,238,False
Morristown,AZ,238,False
Boardman,NC,238,False
Virginville,PA,238,False
Blakesburg,IA,238,False
Brimfield,IN,238,False
Henry,SD,238,False
New Holland,IL,238,False
Henderson,NY,238,False
Bulpitt,IL,238,False
Humphrey,AR,238,False
Monterey,LA,238,False
Rogersville,PA,238,False
Dupont,IN,238,False
Montrose,AR,238,False
Julian,PA,238,False
Cullomburg,AL,238,False
Eureka,TX,238,False
Wildwood,KY,238,False
Palmer,IL,238,False
Leland,IA,238,False
Ivesdale,IL,238,False
Waterloo,OR,238,False
Beclabito,NM,238,False
Goree,TX,238,False
Kemp,OK,237,False
Optima,OK,237,False
Winchester Bay,OR,237,False
Woody Creek,CO,237,False
Dannebrog,NE,237,False
Twin Forks,NM,237,False
Posen,MI,237,False
Floridatown,FL,237,False
Arcola,IN,237,False
Echo,MN,237,False
Twin Bridges,MT,237,False
Carolina,WV,237,False
Donnelly,MN,237,False
Rutledge,AL,237,False
Oceola,OH,237,False
Chester,SD,237,False
Mount Gretna Heights,PA,237,False
Fordyce,NE,237,False
Keener,NC,237,False
Newburg,WV,237,False
Wakpala,SD,237,False
Campton,KY,237,False
Ogema,MN,237,False
Metaline Falls,WA,237,False
Douglas,NE,237,False
Grand Lake Towne,OK,237,False
Windsor,FL,236,False
Wheeler,WA,236,False
Hollansburg,OH,236,False
Hamilton,MS,236,False
Ten Sleep,WY,236,False
Rockport,KY,236,False
Ebro,FL,236,False
Northport,WA,236,False
Pymatuning North,PA,236,False
Tallulah Falls,GA,236,False
Haralson,GA,236,False
Mine La Motte,MO,236,False
Lindcove,CA,236,False
Sherwood,ND,236,False
Bath,NC,236,False
Loganville,WI,236,False
Retsof,NY,236,False
Zephyr,TX,236,False
Lansing,NC,236,False
Harpers Ferry,IA,236,False
Cornish,UT,236,False
Eden,WY,236,False
Brucetown,VA,235,False
Steamboat Rock,IA,235,False
Weems,VA,235,False
Buckingham,IL,235,False
Browns,IL,235,False
Bolckow,MO,235,False
Timber Cove,CA,235,False
Arriba,CO,235,False
Winthrop,NY,235,False
Wallace,WV,235,False
Alcalde,NM,235,False
Verdon,NE,235,False
Lockwood CDP (Monterey County),CA,235,False
Hardtner,KS,235,False
Bellewood,KY,235,False
Bethany,PA,235,False
Blain,PA,235,False
Harmon,ND,235,False
Omaha,IL,235,False
Copake,NY,235,False
Mormon Lake,AZ,235,False
Crandall,IN,235,False
Summitville,OH,235,False
Jansen,CO,235,False
Fishing Creek,MD,235,False
New Munster,WI,235,False
Jakin,GA,235,False
Industry,CA,234,False
Farmington,NC,234,False
Modale,IA,234,False
River Point,OR,234,False
Germantown,KY,234,False
Koliganek,AK,234,False
Pollock,SD,234,False
Ochoco West,OR,234,False
Bond,MS,234,False
Aspers,PA,234,False
Westboro,WI,234,False
Glen Allan,MS,234,False
York,MT,234,False
Kangley,IL,234,False
Wilburn,AR,234,False
Heilwood,PA,234,False
Mohawk,MI,234,False
Farmington,DE,234,False
Burr Oak,IA,234,False
Hutton,MD,234,False
Coral,PA,234,False
Liberty borough (Tioga County),PA,234,False
Summit,UT,234,False
Wellman,TX,234,False
Colp,IL,234,False
Penelope,TX,234,False
Batavia,WI,234,False
Menifee,AR,234,False
Goldsmith,TX,234,False
Montague,TX,233,False
Pocahontas,TN,233,False
Burlington,MI,233,False
Belfry,KY,233,False
Rosalie,NE,233,False
Ogema,WI,233,False
Houston,AR,233,False
Applegate,MI,233,False
Macks Creek,MO,233,False
Cherry Creek,SD,233,False
Pittsboro,MS,233,False
Lincoln,MI,233,False
Spaulding,CA,233,False
Sherrill,IA,233,False
Hessen Cassel,IN,233,False
San Carlos I,TX,233,False
Glezen,IN,233,False
Elgin,PA,232,False
Sicangu Village,SD,232,False
Greenville,WV,232,False
North Washington,CO,232,False
Egan,SD,232,False
Rachel,WV,232,False
Owensburg,IN,232,False
Gail,TX,232,False
Montrose,IL,232,False
Hamilton,KS,232,False
Centerville borough (Crawford County),PA,232,False
Virgil,NY,232,False
Kerr,MT,232,False
Jacksonville,VT,232,False
Benson,VT,232,False
Torreon CDP (Torrance County),NM,232,False
Fredonia,AL,232,False
Hysham,MT,232,False
Ames,OK,232,False
Cazenovia,WI,232,False
San Pedro,NM,232,False
East Germantown,IN,232,False
Lisle,NY,231,False
Johnstown,WY,231,False
Baskerville,VA,231,False
Dillsboro,NC,231,False
Liberty Mills,IN,231,False
Mullinville,KS,231,False
Henderson,WV,231,False
Fillmore,MO,231,False
Empire,OH,231,False
Pemberton,MN,231,False
Maple Falls,WA,231,False
McNabb,IL,231,False
Carmine,TX,231,False
New Gretna,NJ,231,False
Peetz,CO,231,False
Prompton,PA,231,False
Plaza,ND,231,False
Gratiot,OH,231,False
Woolsey,GA,231,False
Bakersfield,MO,231,False
Harvel,IL,231,False
Hanlontown,IA,230,False
College Station,AR,230,False
Oakdale,TN,230,False
Grenada,CA,230,False
Gilboa,OH,230,False
Pulaski,GA,230,False
Jerico Springs,MO,230,False
Payne Gap,KY,230,False
Watha,NC,230,False
Ambia,IN,230,False
Seaview,HI,230,False
Brandonville,WV,230,False
Dripping Springs,AZ,230,False
Encinal,NM,230,False
Mount Hermon,NJ,230,False
Rose,OK,230,False
Tehuacana,TX,230,False
Deer Island,OR,230,False
Weston,TX,230,False
Alvord,IA,230,False
Slaterville Springs,NY,230,False
Bagley,IA,230,False
Fredonia,IA,230,False
Grandfalls,TX,230,False
Lansford,ND,230,False
North Acomita Village,NM,229,False
Copper City,MI,229,False
Moscow,MD,229,False
Jamestown,NM,229,False
Coxton,KY,229,False
Vansant,VA,229,False
Pauline,SC,229,False
Potter,WI,229,False
Arroyo Hondo CDP (Santa Fe County),NM,229,False
Starr School,MT,229,False
Stanford,MT,229,False
Hazleton,IN,229,False
St. Anthony,IN,229,False
Chester,NE,229,False
Cornwall Bridge,CT,229,False
Manitou,OK,229,False
Hillrose,CO,229,False
Stonewall,NC,229,False
Wheeler,WI,229,False
Smithboro,IL,229,False
Bryce Canyon City,UT,229,False
Bennett,NC,228,False
Cassel,CA,228,False
Vernon,UT,228,False
Richview,IL,228,False
Klondike,MD,228,False
Junction City,MO,228,False
St. Mary's,CO,228,False
Dedham,IA,228,False
Thendara,NY,228,False
Edith Enclave,NM,228,False
Burnt Ranch,CA,228,False
Cushing,IA,228,False
New Canton,IL,228,False
Paton,IA,228,False
Waitsfield,VT,228,False
Fairport,IA,228,False
Utopia,TX,228,False
Kit Carson,CO,228,False
Skidmore,MO,227,False
North Bay,WI,227,False
Nada,TX,227,False
New Minden,IL,227,False
Ronks,PA,227,False
Collinston,LA,227,False
Wellington,IL,227,False
Lane,KS,227,False
Dixon,IA,227,False
Top-of-the-World,AZ,227,False
Hager City,WI,227,False
Modest Town,VA,227,False
Morgan's Point,TX,227,False
Torboy,WA,227,False
Lydia,SC,227,False
Newburg,PA,227,False
Greenwald,MN,227,False
Big Clifty,KY,227,False
Halifax,NC,227,False
Kingsbury,IN,227,False
Boston,IN,227,False
Gillham,AR,227,False
Fordville,ND,227,False
Mendes,GA,227,False
Kane,IL,227,False
Loachapoka,AL,227,False
Grace,MS,227,False
Sierraville,CA,227,False
Hobble Creek,UT,226,False
Bethlehem,MS,226,False
Butterfield,TX,226,False
Algiers,VT,226,False
Shubert,NE,226,False
Meno,OK,226,False
Cincinnati,IA,226,False
Bowles,CA,226,False
Star City,IN,226,False
Drasco,AR,226,False
Lower Santan Village,AZ,226,False
St. James,MI,226,False
White City,IL,226,False
Scott,OH,226,False
De Tour Village,MI,226,False
Marshallville,NJ,226,False
Kensington,MN,226,False
South Shore,SD,226,False
McGrath,AK,226,False
Diamond Beach,NJ,226,False
Michigamme,MI,226,False
Corwith,IA,226,False
Dodge,WI,226,False
Pajarito Mesa,NM,225,False
Bedford,WY,225,False
Bryant,IL,225,False
Crescent Bar,WA,225,False
Port Colden,NJ,225,False
Callicoon,NY,225,False
Burgoon,OH,225,False
Bellmont,IL,225,False
Dundee,IA,225,False
Patch Grove,WI,225,False
Stanley,ID,225,False
Indian Beach,NC,225,False
Perla,AR,225,False
Black Oak,AR,225,False
Edwardsville,AL,225,False
Elida,NM,225,False
Greasy,OK,225,False
Broadview,NM,225,False
Lutsen,MN,225,False
Garner,AR,225,False
Elberta,MI,225,False
Schlater,MS,225,False
Wilson,WI,224,False
Kitzmiller,MD,224,False
Hurdland,MO,224,False
May,TX,224,False
Camptonville,CA,224,False
Macedonia,IA,224,False
Glenfield,PA,224,False
Peacham,VT,224,False
Wellston,MI,224,False
Harrisburg,OH,224,False
Golden Valley,ND,224,False
Bluewater,NM,224,False
New Providence,IA,224,False
Homewood Canyon,CA,224,False
Flasher,ND,224,False
Cooper Landing,AK,224,False
Magnolia,IL,224,False
Spring Lake,IN,224,False
Henderson,IA,224,False
New Castle,VA,224,False
Granada,MN,224,False
Martinsburg,OH,224,False
Sand Coulee,MT,223,False
Ardentown,DE,223,False
Oakland,KY,223,False
Samoa,CA,223,False
Belleview,KY,223,False
Riverdale,MI,223,False
Brant Lake South,SD,223,False
High Hill,MO,223,False
Rush Center,KS,223,False
Mount Hope,WI,223,False
Middleburg,NC,223,False
Parral,OH,223,False
Uniondale,IN,223,False
Shippingport,PA,223,False
Hoffman Lake,IN,223,False
West Charlotte,VT,223,False
Glover,VT,223,False
Crown,PA,223,False
Dalton,WI,223,False
Pembine,WI,223,False
Cypress,IL,223,False
Oakford,IL,223,False
Mono City,CA,223,False
Prescott,KS,223,False
Little River,CA,223,False
Alston,GA,223,False
Offerle,KS,223,False
Onaway,ID,223,False
Kunkle,OH,223,False
Garciasville,TX,223,False
Elliston,MT,223,False
Modoc,IN,223,False
Oakville,IN,222,False
Olsburg,KS,222,False
Rackerby,CA,222,False
Sheyenne,ND,222,False
Sibley,IL,222,False
Albion,CA,222,False
Cunard,WV,222,False
Luxemburg,IA,222,False
Twining,MI,222,False
East Hope,ID,222,False
Kenny Lake,AK,222,False
Gantt,AL,222,False
Chain-O-Lakes,MO,222,False
Maysville,AR,222,False
Anaktuvuk Pass,AK,222,False
Solsberry,IN,222,False
Dell,AR,222,False
Byars,OK,222,False
Grand Isle,ME,222,False
Reeds,MO,222,False
Newtonia,MO,222,False
Kennedy,NY,222,False
Middleport,PA,222,False
Aniwa,WI,222,False
Surry,VA,222,False
Forest Lakes,AZ,222,False
Wing,ND,221,False
Kelleys Island,OH,221,False
Yankee Hill,NE,221,False
Delia,KS,221,False
Blodgett Mills,NY,221,False
Fredonia (Biscoe),AR,221,False
San Simon,AZ,221,False
Stillwater,PA,221,False
Pringle,SD,221,False
Garden City,MN,221,False
Callaway,MN,221,False
West Danby,NY,221,False
Jamestown,KS,221,False
Pickrell,NE,221,False
Cove Forge,PA,221,False
Shelbyville,TX,221,False
North Loup,NE,221,False
Ambrose,GA,221,False
Parmele,NC,221,False
Pease,MN,221,False
Venango,PA,221,False
Washingtonville,PA,221,False
Yorkana,PA,221,False
Sierra City,CA,221,False
Little York,IN,221,False
McAllister,MT,221,False
White Oak,OK,221,False
Trinway,OH,220,False
Braxton,MS,220,False
Grady,AR,220,False
Rupert,PA,220,False
Lunenburg,VA,220,False
Triumph,LA,220,False
Alpine Village,CA,220,False
Rufus,OR,220,False
Lawrence,NE,220,False
Allakaket,AK,220,False
Wenona,GA,220,False
Glenwood,WA,220,False
Grantville,KS,220,False
Haines,OR,220,False
Chimney Rock Village,NC,220,False
Prospect,LA,220,False
La Presa,TX,220,False
West Sunbury,PA,220,False
Mossville,IL,220,False
Springview,NE,220,False
El Moro,CO,220,False
Superior,WY,220,False
Lerna,IL,220,False
Loch Arbour,NJ,220,False
Chili,NM,220,False
Okahumpka,FL,220,False
Santa Cruz,NM,219,False
Perrin,TX,219,False
Alpine,CO,219,False
Goldsmith,IN,219,False
Summit Station,PA,219,False
Randall,KS,219,False
Woodman,WI,219,False
Cloud Lake,FL,219,False
Martell,CA,219,False
Green Bluff,WA,219,False
San Ysidro,NM,219,False
La Grande,WA,219,False
Glen Ridge,FL,219,False
Selfridge,ND,219,False
Glen Aubrey,NY,219,False
Lynn,AR,219,False
Samburg,TN,219,False
Jim Falls,WI,219,False
Bartow,GA,219,False
Torrey,UT,219,False
Bristow Cove,AL,219,False
Hope,NJ,219,False
Fowlerton,IN,219,False
Woodstock,OH,218,False
Dacusville,SC,218,False
Stokes,NC,218,False
Elba,NE,218,False
Ben Lomond,AR,218,False
Wynnedale,IN,218,False
Bonita,LA,218,False
Herminie,PA,218,False
Blunt,SD,218,False
Plato,MN,218,False
Troutville,PA,218,False
Harmonyville,VT,218,False
Hill View Heights,WY,217,False
Sunizona,AZ,217,False
Pueblo Pintado,NM,217,False
Cold Brook,NY,217,False
Farson,WY,217,False
Bremen,KS,217,False
Teasdale,UT,217,False
Bethune,CO,217,False
Long Point,IL,217,False
Collins,WI,217,False
Nerstrand,MN,217,False
Twin Lakes,MN,217,False
Deer Park,WI,217,False
Roswell,OH,217,False
Plumville,PA,217,False
Loomis,MI,217,False
Frederick,SD,217,False
Yorktown,VA,217,False
New Paris,PA,217,False
Rena Lara,MS,217,False
Rhodes,MT,217,False
Hanksville,UT,217,False
Eureka,NC,217,False
Kermit,WV,217,False
Duane Lake,NY,217,False
College Springs,IA,217,False
Fly Creek,NY,217,False
Ida,LA,217,False
Pine Glen,PA,217,False
Swan Lake,MT,216,False
Sipsey,AL,216,False
Dennison,MN,216,False
Davis City,IA,216,False
St. John,ND,216,False
Haviland,OH,216,False
Hordville,NE,216,False
Milroy,MN,216,False
Tanquecitos South Acres,TX,216,False
Maxwell,IN,216,False
Northome,MN,216,False
Thousand Island Park,NY,216,False
Red Rock,OK,216,False
Glen Wilton,VA,216,False
Gainesville,NY,216,False
Hayward,MN,216,False
Norwood,LA,216,False
Bath,IL,216,False
Glacier View,AK,216,False
Midland,LA,216,False
Bridgeport,NJ,216,False
Coffeeville,AL,216,False
Green Hill,IN,216,False
Whatley,AL,215,False
Bretzville,IN,215,False
Amador City,CA,215,False
Wellsville,PA,215,False
New Boston,NH,215,False
Boston,KY,215,False
Milton,IL,215,False
Nakaibito,NM,215,False
Catharine,KS,215,False
Dry Creek,OK,215,False
Marshall,AK,215,False
South Frydek,TX,215,False
Kingston,MN,215,False
Macedonia,AL,215,False
Admire,KS,215,False
Prairie Home,MO,215,False
Augusta,MT,215,False
Longview,MS,215,False
Brandt,OH,215,False
Grafton,IA,215,False
Donnelly,ID,215,False
Dennis,OK,214,False
Tanana,AK,214,False
North San Ysidro,NM,214,False
Bier,MD,214,False
Heidelberg,MN,214,False
Yale,SD,214,False
Geneseo,KS,214,False
Hazelton,ND,214,False
Garden City,TX,214,False
Oakvale,WV,214,False
Gilman,VT,214,False
South Londonderry,VT,214,False
Henrietta,PA,214,False
Straughn,IN,214,False
Blackwater,MO,214,False
Delano,PA,214,False
Bobtown,VA,214,False
Grand Falls Plaza,MO,214,False
Pine Grove,WV,214,False
Megargel,TX,214,False
Glenbrook,NV,214,False
Ursina,PA,214,False
Maalaea,HI,214,False
Vandemere,NC,214,False
Ranchitos del Norte,TX,214,False
Chickamaw Beach,MN,214,False
Mingoville,PA,214,False
Fountain,MI,214,False
Lauderdale,MS,214,False
Ocoee,TN,214,False
Cordova,SC,214,False
Montgomery Creek,CA,214,False
Frontenac,MN,214,False
Pittman,FL,214,False
Benjamin,TX,214,False
La Madera CDP (Rio Arriba County),NM,214,False
Alexander,ND,213,False
Ellenboro,WV,213,False
Frannie,WY,213,False
Vallecito,CA,213,False
Christine,TX,213,False
Silver Peak,NV,213,False
Wedderburn,OR,213,False
Smithville,IL,213,False
Lake Wilson,MN,213,False
Madison,MD,213,False
Oelrichs,SD,213,False
Butlerville,OH,213,False
Fenton,LA,213,False
Humboldt River Ranch,NV,213,False
Western,NE,213,False
Freeman Spur,IL,213,False
Casanova,PA,213,False
Le Roy,MI,213,False
Allen,KY,213,False
Parkdale,OR,213,False
Creston,WA,213,False
Elko,SC,213,False
Portersville,PA,213,False
Westby,MT,213,False
Allen,MI,213,False
Downing,WI,212,False
Mongaup Valley,NY,212,False
Canadian,OK,212,False
Mabie,CA,212,False
Swanville,MN,212,False
Dames Quarter,MD,212,False
Grand View-on-Hudson,NY,212,False
Jacksontown,OH,212,False
Union Center,WI,212,False
Severy,KS,212,False
Pachuta,MS,212,False
Sunshine,CO,212,False
Baileys Harbor,WI,212,False
Barnard,MO,212,False
Dougherty,OK,212,False
Chical,NM,212,False
Golden,MS,212,False
Lebanon,OK,212,False
Crows Landing,CA,212,False
Woolstock,IA,212,False
Goldfield,NV,212,False
Walkerville,MI,212,False
Mission Hill,SD,212,False
Delavan,MN,212,False
Delmont,SD,211,False
Switzer,WV,211,False
Brutus,MI,211,False
Moore,ID,211,False
Lewellen,NE,211,False
Osage,MN,211,False
Halibut Cove,AK,211,False
Aldie,VA,211,False
Ellsworth,IL,211,False
Hilltop,GA,211,False
Friendship,AR,211,False
Pine Creek,MT,211,False
Burtons Bridge,IL,211,False
Jeddito,AZ,211,False
Monroe,SD,211,False
Georgetown,LA,211,False
Emerald Beach,MO,211,False
Worthville,KY,211,False
Kranzburg,SD,211,False
Eden,MS,211,False
Breathedsville,MD,211,False
Rio Chiquito,NM,211,False
Henderson Point,MS,211,False
Willow Creek,MT,211,False
Broomtown,AL,211,False
Wynot,NE,211,False
Wadena,IA,211,False
Manley,NE,211,False
Schoenchen,KS,211,False
Letona,AR,211,False
Goldsboro,MD,211,False
Fallston,PA,211,False
Georgetown,PA,211,False
Millerton,OK,210,False
Nesbitt,TX,210,False
Alpha,MI,210,False
Loma Grande,TX,210,False
Lowell,VT,210,False
Waiohinu,HI,210,False
Harrietta,MI,210,False
New Salem,IL,210,False
Browntown,WI,210,False
Ellinger,TX,210,False
Cainsville,MO,210,False
Tilden,TX,210,False
Grayling,AK,210,False
East Shore,CA,209,False
Lima,MT,209,False
Eschbach,WA,209,False
Stoney Point,OK,209,False
North Lake,WI,209,False
Portage,UT,209,False
Lamington,NJ,209,False
New Effington,SD,209,False
Columbia,NJ,209,False
Stickleyville,VA,209,False
Spokane,MO,209,False
Dunmor,KY,209,False
Briarcliff,AR,209,False
Seldovia Village,AK,209,False
East Worcester,NY,209,False
Gilgo,NY,209,False
Harrells,NC,209,False
Silver Creek,MS,209,False
Schaefer Lake,IN,209,False
Diamond Bluff,WI,209,False
Register,GA,209,False
Mitchellville,AR,209,False
Morris Chapel,TN,209,False
Glendo,WY,209,False
St. George Island,MD,208,False
Clarksville,PA,208,False
Myers Flat,CA,208,False
Northrop,MN,208,False
Packwaukee,WI,208,False
Arcola,MS,208,False
Garden Grove,IA,208,False
Forest City,MO,208,False
Mentor,KY,208,False
Villa del Sol,TX,208,False
Fulton,AR,208,False
Cavendish,VT,208,False
Princeton,KS,208,False
Dutchtown,MO,208,False
Paint Rock,AL,208,False
Harrellsville,NC,208,False
Goofy Ridge,IL,208,False
Gene Autry,OK,208,False
Orient,OH,208,False
Linneus,MO,207,False
St. Joe,AR,207,False
Cumberland-Hesstown,NJ,207,False
Bryceland,LA,207,False
Dadeville,MO,207,False
Mount Carmel,FL,207,False
Neylandville,TX,207,False
Ravenden Springs,AR,207,False
Horse Creek,SD,207,False
Antoine,AR,207,False
Hypericum,CA,207,False
Palestine,OH,207,False
Westgate,IA,207,False
Marion,IN,207,False
Westport,KY,206,False
Glenview Manor,KY,206,False
Newtown,MO,206,False
Medicine Lake,MT,206,False
Little Meadows,PA,206,False
Cedar Grove,IN,206,False
Coulter,IA,206,False
Tarsney Lakes,MO,206,False
Cloud Creek,OK,206,False
Zoar,OH,206,False
Hochatown,OK,206,False
Buck Run,PA,206,False
Kelly,WY,206,False
Thawville,IL,206,False
Beaver,OR,206,False
Jakes Corner,AZ,206,False
Tustin,MI,206,False
Wilkesville,OH,206,False
Baring,WA,206,False
Zanesfield,OH,206,False
North Cleveland,TX,206,False
Meridian,NY,206,False
Witherbee,NY,206,False
Courtland,KS,206,False
Serena,IL,206,False
Wixon Valley,TX,206,False
Washington,NE,206,False
Sproul,PA,206,False
Sumpter,OR,206,False
Cherokee,CA,205,False
Moshannon,PA,205,False
Conesville,OH,205,False
Midwest,WY,205,False
Wolverine,MI,205,False
Ashville,PA,205,False
Bull Lake,MT,205,False
Dorrance,KS,205,False
Milwaukee,NC,205,False
Blackburn,MO,205,False
Lenora,KS,205,False
Wisacky,SC,205,False
Wilsall,MT,205,False
Rutland,IL,205,False
Ford,KS,205,False
Garfield,GA,205,False
Iona,MN,205,False
Flensburg,MN,205,False
Hull,GA,205,False
Dorothy,WV,205,False
Boones Mill,VA,205,False
Noxon,MT,205,False
Rocky Boy's Agency,MT,204,False
Rives,TN,204,False
Fair Oaks,OR,204,False
Forest City,IL,204,False
Boulder Junction,WI,204,False
Nikolaevsk,AK,204,False
Carney,MI,204,False
Dunreith,IN,204,False
Clayton,MI,204,False
Mooresboro,NC,204,False
Sickles Corner,PA,204,False
Marathon,IA,204,False
Doylestown,WI,204,False
Clark,MO,204,False
Sweden Valley,PA,204,False
Allentown,GA,204,False
Iaeger,WV,204,False
Eagarville,IL,204,False
Latham,KS,204,False
Roots,PA,204,False
Rocheport,MO,204,False
Chuichu,AZ,204,False
Toronto,KS,204,False
Graceham,MD,203,False
Loma Linda,TX,203,False
Sandy Hook,MD,203,False
Nett Lake,MN,203,False
Elbert,CO,203,False
Causey,NM,203,False
Asbury,NJ,203,False
Williams,SC,203,False
Minden City,MI,203,False
Rohrersville,MD,203,False
Silver Plume,CO,203,False
Nebo,KY,203,False
East Lynne,MO,203,False
Westford,VT,203,False
Viola,KS,203,False
Preston,NV,203,False
Aline,OK,203,False
Glendale Colony,SD,203,False
Wheeling,MO,203,False
Wessington,SD,203,False
Hambleton,WV,203,False
Glidden,WI,203,False
Mendon,MO,203,False
Tyro,KS,203,False
Arkdale,WI,203,False
Chesterfield,IL,202,False
Crouch,ID,202,False
Roberdel,NC,202,False
Rye,CO,202,False
Mitchell,OR,202,False
Eagle Bend,MS,202,False
Aspen Springs,CA,202,False
Monmouth,CA,202,False
Jennings,MI,202,False
Girard,GA,202,False
Lamb,IN,202,False
Tracy,MO,202,False
Gilmore,AR,202,False
Dry Creek,AK,202,False
Utica,MO,202,False
Chaparrito,TX,202,False
Maquon,IL,202,False
Geuda Springs,KS,202,False
Lula,MS,202,False
Madrid,NE,202,False
Broadview,MT,202,False
Homa Hills,WY,202,False
Metcalf,IL,202,False
Elmdale,MN,202,False
Redstone,CO,202,False
Newtown,PA,202,False
Hartline,WA,202,False
Arlington,IL,202,False
Oakville,IA,202,False
Coleta,IL,202,False
Risco,MO,202,False
Taft,TN,201,False
La Rosita,TX,201,False
Kaktovik,AK,201,False
Mound,TX,201,False
Topaz Lake,NV,201,False
Wren,OH,201,False
Cosby,MO,201,False
Elm Hall,MI,201,False
Albany,VT,201,False
Lake Lillian,MN,201,False
Ludlow Falls,OH,201,False
Gifford,SC,201,False
Berger,MO,201,False
Salvo,NC,201,False
Trimountain,MI,201,False
Tetlin,AK,201,False
Lawrence,IL,201,False
Walnut,KS,201,False
Silver City,MS,201,False
Dunbar,NE,201,False
Slaughters,KY,201,False
Lodoga,CA,201,False
Coffman Cove,AK,201,False
Cowgill,MO,201,False
Palo Pinto,TX,201,False
Neck City,MO,201,False
Edison,WA,200,False
Moseleyville,KY,200,False
Macy,IN,200,False
Beulah,MI,200,False
Nunica,MI,200,False
Goodman,WI,200,False
Parsonsburg,MD,200,False
Reddick,IL,200,False
White Shield,ND,200,False
Des Lacs,ND,200,False
Patriot,IN,200,False
Berwind,WV,200,False
Lamar,OK,200,False
Deep Water,WV,200,False
St. Francisville,MO,200,False
Lignite,ND,200,False
Morganville,KS,200,False
Burket,IN,200,False
Parnell,MO,200,False
Cedar Point,IL,200,False
West,MS,200,False
Burnett,IN,200,False
Brule,WI,200,False
Lyman,UT,200,False
Currie,MN,200,False
Mount Carbon,WV,200,False
Fort Peck,MT,200,False
Ruthton,MN,200,False
Daggett,MI,200,False
Newport Center,VT,199,False
Arctic Village,AK,199,False
Unadilla Forks,NY,199,False
Hancock,NH,199,False
Phillipsburg,MO,199,False
Hubbard,NE,199,False
Aristes,PA,199,False
Springhill,MT,199,False
Spray,OR,199,False
Conconully,WA,199,False
Mount Taylor,NM,199,False
Old Monroe,MO,199,False
Napoleon,MO,199,False
Center Ridge,AR,199,False
Damascus,OH,199,False
Rockford,ID,199,False
Sawyerville,IL,199,False
Center,NE,199,False
Moose Pass,AK,199,False
Blue Springs,NE,199,False
Cape Meares,OR,199,False
Summerfield,OH,199,False
Richland,OR,199,False
Jacob City,FL,199,False
North Henderson,IL,199,False
Mirando City,TX,199,False
Leisure Lake,MO,199,False
Burke,NY,199,False
Elcho,WI,199,False
Fisher,LA,199,False
Kite,GA,199,False
Bellechester,MN,199,False
Glencoe,LA,199,False
Braggs,OK,199,False
Blackwell,TX,199,False
Holcombe,WI,199,False
Bogus Hill,CT,199,False
Belmont,LA,198,False
Pollard,AR,198,False
Bone Gap,IL,198,False
Laurel,IA,198,False
Lakeline,OH,198,False
Paxtonville,PA,198,False
East Thermopolis,WY,198,False
Day,FL,198,False
Queen Anne,MD,198,False
Penfield,IL,198,False
Conception Junction,MO,198,False
Arthur,IN,198,False
Vandervoort,AR,198,False
Coatsburg,IL,198,False
Kappa,IL,198,False
Fountain N' Lakes,MO,198,False
Three Lakes,MI,198,False
Iuka,KS,198,False
Magnolia,MN,198,False
Doddsville,MS,198,False
Spreckels,CA,198,False
South Milford,IN,198,False
Gilliam,MO,198,False
Adrian,OR,198,False
Bowdon,ND,198,False
Norton,WV,198,False
Cambridge,VT,198,False
Beech Grove,KY,198,False
Thedford,NE,198,False
Weyerhaeuser,WI,198,False
Marblemount,WA,198,False
Liberty,OK,198,False
Aurora Springs,MO,198,False
Campo Verde,TX,197,False
Pecan Gap,TX,197,False
Preston,OK,197,False
Rockville,NE,197,False
Indianola,IL,197,False
West Union,IL,197,False
Wildorado,TX,197,False
Banks Lake South,WA,197,False
Los Fresnos,TX,197,False
Cave-In-Rock,IL,197,False
Talmage,NE,197,False
Bloomfield,CA,197,False
Bladen,NE,197,False
Calhoun,LA,197,False
Dickens,TX,197,False
Granger,WY,197,False
Warwick,OK,197,False
Power,MT,197,False
Aurora,IA,197,False
Vermilion,IL,197,False
Bonney,TX,197,False
Bolivia,NC,197,False
Knobel,AR,197,False
South Ilion,NY,197,False
Glenwood,AL,197,False
Siglerville,PA,197,False
Harcourt,IA,197,False
Kaltag,AK,197,False
Rockville,MO,197,False
Onycha,AL,197,False
Marty,SD,197,False
Meadow Grove,NE,197,False
Riverview,AL,197,False
Cheraw,CO,197,False
Groveland,IN,197,False
Holstein,NE,197,False
Mount Gretna,PA,197,False
Elk Garden,WV,196,False
Cannonsburg,MI,196,False
Middletown,MO,196,False
Louisville,KS,196,False
Cherokee Pass,MO,196,False
Rowena,TX,196,False
Tamaha,OK,196,False
Jonesville,IN,196,False
Fairfield,KY,196,False
Bellville,GA,196,False
Groverton,IN,196,False
Coffee Springs,AL,196,False
Castleford,ID,196,False
Cross Creek,PA,196,False
Lobeco,SC,196,False
Hamburg,IL,196,False
Irwin,ID,196,False
LaFayette,KY,196,False
Cliftondale Park,VA,196,False
Crossgate,KY,196,False
Chugwater,WY,196,False
Bovill,ID,196,False
Lehigh,KS,196,False
Alderson,OK,196,False
Ulm,AR,196,False
Ravenna,TX,196,False
Plattville,IL,196,False
Stotts City,MO,196,False
Newry,PA,195,False
Brinson,GA,195,False
Fox,AK,195,False
Jamaica,IA,195,False
Stamford,NE,195,False
Elrosa,MN,195,False
Spring Drive Mobile Home Park,PA,195,False
Shiloh,SC,195,False
Folsomville,IN,195,False
Coahoma,MS,195,False
Tillar,AR,195,False
Biscay,MN,195,False
Batchtown,IL,195,False
Crowley,CO,195,False
Winifred,MT,195,False
Rio,IL,195,False
Roaring Springs,TX,195,False
Cementon,NY,195,False
Pungoteague,VA,195,False
Carman,IL,195,False
Edinburg,ND,195,False
Hanover,AL,195,False
Kline,SC,195,False
Des Arc,MO,195,False
Proberta,CA,195,False
Oakland Acres,IA,194,False
James City,PA,194,False
North Escobares,TX,194,False
Sheffield,VT,194,False
Standard City,IL,194,False
Rockland,MI,194,False
Bayside,VA,194,False
Overland,NE,194,False
Bear Lake,PA,194,False
Kingston Mines,IL,194,False
Sherrill,AR,194,False
Ruby,AK,194,False
Fairview,PA,194,False
Malden,WA,194,False
Starr,SC,194,False
Caledonia,MO,194,False
Du Bois,IL,194,False
Guinda,CA,194,False
Endicott,NE,194,False
Reedy,WV,194,False
Spottsville,KY,194,False
Albrightsville,PA,194,False
Glen White,WV,194,False
Central Pacolet,SC,194,False
Defiance,IA,194,False
White Mountain,AK,194,False
Wind Ridge,PA,194,False
Venice,LA,194,False
Lillie,LA,194,False
Crellin,MD,194,False
Harris,IA,193,False
Commodore,PA,193,False
Howard City (Boelus),NE,193,False
Thor,IA,193,False
Crestview,NM,193,False
Shopiere,WI,193,False
Page,ND,193,False
Montour,IA,193,False
Sulphur Springs,OH,193,False
Bloomington,ID,193,False
Agra,KS,193,False
Waltham,MN,193,False
Smyrna,NY,193,False
Henlopen Acres,DE,193,False
Wellton Hills,AZ,193,False
Rodman,NY,193,False
Lake Arrowhead,MO,193,False
Millville,IN,193,False
Faucett,MO,193,False
New Schaefferstown,PA,193,False
Oriska,ND,193,False
Tulare,SD,193,False
McDonald,KS,192,False
Moscow,KS,192,False
Trowbridge,CA,192,False
Proctor,OK,192,False
Ulysses,NE,192,False
McBride,MI,192,False
Orchard Hill,GA,192,False
Sunbrook,PA,192,False
South Salem,OH,192,False
Shelly,MN,192,False
Jette,MT,192,False
Virden,NM,192,False
Gomer,OH,192,False
Stronach,MI,192,False
Leonard,OK,192,False
Roosevelt,WA,192,False
Gonvick,MN,191,False
Eldred,NY,191,False
Bannock,OH,191,False
Vidette,GA,191,False
Copemish,MI,191,False
Westernville,NY,191,False
Mullin,TX,191,False
Spring Branch,TX,191,False
Desert Center,CA,191,False
Cambria,MI,191,False
Cameron,LA,191,False
Rocky Ford,OK,191,False
Crane,MT,191,False
Barneveld,NY,191,False
Marble,CO,191,False
Watson,MN,191,False
Whiterocks,UT,191,False
Westside,CA,191,False
Kipton,OH,190,False
Glen Hope,PA,190,False
Keachi,LA,190,False
Toston,MT,190,False
Artesian,SD,190,False
Hillsdale,KS,190,False
Rio en Medio,NM,190,False
Green Mountain,IA,190,False
Manter,KS,190,False
Belgrade,NE,190,False
Tipton,KS,190,False
Catlett,VA,190,False
Mahnomen,MN,190,False
Ophiem,IL,190,False
Ardencroft,DE,190,False
Finlayson,MN,190,False
Blodgett,MO,190,False
Havensville,KS,190,False
Haywood,OK,190,False
Adams,IN,190,False
Long Creek,OR,190,False
Nyona Lake,IN,190,False
Chesterville,OH,189,False
Rollinsville,CO,189,False
Galt,MO,189,False
Moore Station,TX,189,False
Crabtree,PA,189,False
Lincoln,IN,189,False
Deering,AK,189,False
Ruth,NV,189,False
Cutter,AZ,189,False
West Kootenai,MT,189,False
Meadowlands,PA,189,False
Irasburg,VT,189,False
Bentonville,OH,189,False
Opdyke West,TX,189,False
Miramiguoa Park,MO,189,False
Bemus Point,NY,189,False
Dargan,MD,189,False
Robinson,KS,189,False
Rock Falls,WI,189,False
Gila,NM,189,False
Whiteash,IL,189,False
Christoval,TX,189,False
Nehawka,NE,188,False
Milton Center,OH,188,False
Ross,ND,188,False
Bogard,MO,188,False
Columbus,KY,188,False
Lowgap,NC,188,False
Petersville,IN,188,False
Ellisburg,NY,188,False
Twin Creeks,MT,188,False
Franklin,MO,188,False
Randolph,TN,188,False
Daykin,NE,188,False
Cable,WI,188,False
Garland,WY,188,False
Hooppole,IL,188,False
Elmo,MO,188,False
Rippey,IA,188,False
Anton Chico,NM,188,False
Sheridan,TX,188,False
Hortonville,IN,188,False
San Jon,NM,188,False
Melvin,MI,188,False
Isabel,SD,188,False
Burlington,WV,187,False
Utica,MN,187,False
Moose Run,PA,187,False
Shumway,IL,187,False
Belvue,KS,187,False
Beaverton,AL,187,False
Wolf Summit,WV,187,False
Schneider,IN,187,False
De Witt,IL,187,False
Hillsboro,WV,187,False
Gu Oidak,AZ,187,False
Red Hill,PA,187,False
Alford,IN,187,False
Dudley,PA,187,False
Glenn Springs,SC,187,False
La Minita,TX,187,False
Fairford,AL,187,False
Boyd,MN,187,False
Iron City,TN,187,False
Taneyville,MO,187,False
Acequia,ID,187,False
Rake,IA,187,False
Winona,KS,187,False
Avoca,NE,187,False
Tecopa,CA,187,False
Keyes,OK,186,False
Lime Ridge,WI,186,False
Falcon,NC,186,False
Lincolnville,KS,186,False
Gratiot,WI,186,False
Climax,GA,186,False
Cavour,SD,186,False
Freedom,WY,186,False
Smithfield,KY,186,False
Barnesville,MD,186,False
Bent,NM,186,False
Mount Clifton,VA,186,False
Taylor,ND,186,False
Moorland,IA,186,False
Laurens,NY,186,False
Morgan City,MS,186,False
Nettle Lake,OH,186,False
Twin Lakes,MN,186,False
Danville,GA,186,False
Salton Sea Beach,CA,186,False
Rockdale,WI,186,False
Dryville,PA,185,False
Wendell,MN,185,False
Huttonsville,WV,185,False
Pinos Altos,NM,185,False
Dos Palos Y,CA,185,False
Lozano,TX,185,False
Daphnedale Park,CA,185,False
Free Union,VA,185,False
Karns City,PA,185,False
Porter,MN,185,False
Ekron,KY,185,False
Longville,MN,185,False
Troutdale,VA,185,False
Golovin,AK,185,False
Max,ND,185,False
Matthews,GA,185,False
Aripeka,FL,185,False
Mifflin,OH,185,False
Fort Apache,AZ,185,False
Sutherland,UT,185,False
Rye,AR,185,False
Luray,KS,185,False
Grenola,KS,185,False
Waco,MO,185,False
Albin,WY,185,False
Barnesdale,OR,185,False
Manchester,IL,185,False
Cusick,WA,185,False
New Hamburg,MO,185,False
Joyce,LA,184,False
New Marshfield,OH,184,False
Talladega Springs,AL,184,False
Crystal Bay,NV,184,False
Monetta,SC,184,False
St. Mary,KY,184,False
Fieldon,IL,184,False
Abbs Valley,VA,184,False
Sammons Point,IL,184,False
Rock,MI,184,False
Anawalt,WV,184,False
Askewville,NC,184,False
Kansas,OH,184,False
Mount Holly,AR,184,False
Grand River,IA,184,False
Ehrenfeld,PA,184,False
Lowndesville,SC,184,False
Marietta,MN,184,False
Mulberry,SC,184,False
Plainfield,OH,184,False
Harper,OR,184,False
Franklin,AR,184,False
Rodanthe,NC,184,False
East Peru,IA,183,False
Pronghorn,OR,183,False
Burlington,OK,183,False
Matheny,WV,183,False
Gallatin River Ranch,MT,183,False
Craigville,IN,183,False
Brandsville,MO,183,False
Midpines,CA,183,False
Modesto,IL,183,False
Ogden,AR,183,False
Sims,IL,183,False
Pinion Pines,AZ,183,False
Upham,ND,183,False
Cottageville,WV,183,False
Teresita,OK,183,False
Manitou,KY,183,False
Oaks,MO,183,False
Allerton,IL,183,False
Malaga,NM,183,False
Harmonsburg,PA,183,False
Banks,AR,183,False
Bellingham,MN,183,False
Reasnor,IA,183,False
Brandywine,WV,183,False
Honey Hill,OK,183,False
Bryce,AZ,183,False
Mesic,NC,183,False
Mount Sterling,WI,183,False
Corn Creek,SD,183,False
Roslyn,SD,183,False
Lake Ellsworth Addition,OK,183,False
Bivins,TX,183,False
Buckhead,GA,183,False
Flintstone,MD,183,False
Paradise,CA,183,False
Wineglass,MT,182,False
Tina,MO,182,False
Woods Landing-Jelm,WY,182,False
Templeville,MD,182,False
Starkville,CO,182,False
Emmett,KS,182,False
Plaucheville,LA,182,False
Dawson,NE,182,False
Libertyville,IN,182,False
Marcus,WA,182,False
Los Berros,CA,182,False
White Plains,GA,182,False
Seldovia,AK,182,False
Almyra,AR,182,False
Larkspur,CO,182,False
Lone Oak,GA,182,False
Randolph,KS,182,False
Bentley,IA,182,False
Scotts,MI,182,False
Huslia,AK,182,False
Buckatunna,MS,182,False
Riverdale,ND,182,False
Wayton,AR,182,False
Breaks,VA,182,False
Vanduser,MO,182,False
Bug Tussle,OK,181,False
Alta Vista,IA,181,False
Rhame,ND,181,False
La Paloma Addition,TX,181,False
Tenstrike,MN,181,False
Campbell,MN,181,False
Lucan,MN,181,False
Cody,NE,181,False
Whitesville,WV,181,False
Amenia,ND,181,False
Big Island,VA,181,False
Cadiz,IN,181,False
Los Alvarez,TX,181,False
Pine Flat,CA,181,False
Concord,VT,181,False
Three Rocks,CA,181,False
Reydon,OK,181,False
Vincent,OH,181,False
Prairieburg,IA,180,False
McNeal,AZ,180,False
Perkins,MO,180,False
Butlerville,IN,180,False
Kell,IL,180,False
Brandy Station,VA,180,False
Alexander,IA,180,False
Jordan Hill,LA,180,False
Tylersville,PA,180,False
Okabena,MN,180,False
Centerton,IN,180,False
Ophir,CO,180,False
Saddle Butte,MT,180,False
Cordova,NM,180,False
Lima,IL,180,False
Nelsonville,WI,180,False
Rochester,KY,180,False
Pondsville,MD,180,False
Rockville,UT,180,False
Tajique,NM,180,False
Bramwell,WV,180,False
Berrydale,FL,180,False
Bay Center,WA,180,False
Havelock,IA,180,False
Mountain Meadows,CO,179,False
Springport,IN,179,False
Sandy Point,TX,179,False
Little Sioux,IA,179,False
Swift Bird,SD,179,False
Olar,SC,179,False
Mount Etna,IN,179,False
Crouse,NC,179,False
Aucilla,FL,179,False
Hardinsburg,IN,179,False
Kellyton,AL,179,False
Fisher,AR,179,False
Oconee,IL,179,False
Natural Bridge,NY,179,False
Jeddo,PA,179,False
South Haven,MN,179,False
Ferdinand,ID,179,False
Black Sands,HI,179,False
Atwood,PA,179,False
Copake Falls,NY,179,False
Rembrandt,IA,179,False
Mass City,MI,179,False
Woodlawn,KY,179,False
Highwood,MT,179,False
Plainfield,NH,179,False
Clarita,OK,179,False
Leighton,IA,179,False
Highland Park,FL,178,False
Glenwood,MO,178,False
Pie Town,NM,178,False
Carleton,NE,178,False
Belfry,MT,178,False
Golconda,NV,178,False
Carthage,AR,178,False
Binford,ND,178,False
Willapa,WA,178,False
Snelling,CA,178,False
Alcan Border,AK,178,False
Winnett,MT,178,False
Hooper,CO,178,False
Woden,IA,178,False
Fall River,KS,178,False
Topstone,CT,178,False
Danby,VT,178,False
Wever,IA,178,False
Patricksburg,IN,178,False
Disney,OK,178,False
Merom,IN,178,False
Gulf,NC,178,False
Study Butte,TX,178,False
New Miami Colony,MT,178,False
Tomales,CA,178,False
Hannibal,OH,177,False
Eastvale,PA,177,False
McNary,LA,177,False
Kennedy,MN,177,False
Lorraine,KS,177,False
Neskowin,OR,177,False
Castana,IA,177,False
Brave,PA,177,False
Sturgis,MS,177,False
Mount Croghan,SC,177,False
Winston,MO,177,False
Shoal Creek Estates,MO,177,False
Finland,MN,177,False
Sallis,MS,177,False
Helenville,WI,177,False
Palmetto,LA,177,False
Thornhill,KY,177,False
Summit,OR,177,False
Wyatt,IN,177,False
Severn,NC,177,False
Lloyd,FL,177,False
Galisteo,NM,177,False
Waldorf,MN,176,False
Big Bend,CA,176,False
Powhatan,AR,176,False
Ogdensburg,WI,176,False
Big Cabin,OK,176,False
Luray,SC,176,False
Damar,KS,176,False
Country Club Heights,IN,176,False
Nora,IL,176,False
Lewisville,OH,176,False
Fifty-Six,AR,176,False
Mellette,SD,176,False
Page,WV,176,False
Quantico,MD,176,False
Comfort,WV,176,False
Navarro,TX,176,False
Salem Heights CDP (Columbiana County),OH,176,False
Sparrowhawk,OK,176,False
Iola,PA,176,False
Partridge,KS,176,False
Washtucna,WA,176,False
Praesel,TX,176,False
Kenel,SD,176,False
Lakeside-Beebe Run,NJ,176,False
Salladasburg,PA,176,False
Barclay,MD,175,False
Osnabrock,ND,175,False
Gotham,WI,175,False
Sparta,OH,175,False
Beatrice,AL,175,False
Frontier,ND,175,False
West Burke,VT,175,False
Neches,TX,175,False
Reed Point,MT,175,False
Greensboro,IN,175,False
Wentworth,SD,175,False
Alamo Beach,TX,175,False
Mount Briar,MD,175,False
Portsmouth,IA,175,False
Jeff,KY,175,False
Hatfield,WI,175,False
Linden,IA,175,False
Hillsboro,NM,175,False
Roosevelt,MN,175,False
Minidoka,ID,175,False
Wooster,IN,175,False
West Glacier,MT,174,False
Camargo,OK,174,False
Cataract,WI,174,False
Sunny Side,GA,174,False
Crowheart,WY,174,False
Fostoria,IA,174,False
Sidon,MS,174,False
Sinai,SD,174,False
Whiteside,TN,174,False
Zena,OK,174,False
Calvin,LA,174,False
Mulat,FL,174,False
Royerton,IN,174,False
Fox Lake,MT,174,False
Jackson Center,PA,174,False
Haystack,NM,174,False
Koshkonong,MO,174,False
Iron Belt,WI,174,False
Wilson Creek,WA,174,False
Lebanon,KS,174,False
Galway,NY,174,False
Cannelburg,IN,174,False
Greenhorn,CA,174,False
Slick,OK,174,False
Blomkest,MN,174,False
Madrone,NM,174,False
Manville,WY,174,False
Womelsdorf (Coalton),WV,173,False
Payneway,AR,173,False
Ferryville,WI,173,False
Anderson,AK,173,False
Canaan,NH,173,False
Norman,NC,173,False
Bison,KS,173,False
Blyn,WA,173,False
Exeland,WI,173,False
Middle Village,WI,173,False
Edmund,WI,173,False
Alamillo,NM,173,False
Lake Tomahawk,WI,173,False
Patterson,OH,173,False
Brownsville,IN,173,False
Bandana,KY,173,False
Ranchette Estates,TX,173,False
Falcon,MS,173,False
Lockington,OH,173,False
Venedocia,OH,173,False
Burdette,AR,173,False
Farnam,NE,173,False
Yeoman,IN,173,False
Ravalli,MT,173,False
Columbia,SD,173,False
St. Lawrence,SD,173,False
Eden,SD,173,False
Cherokee Strip,CA,173,False
Howardville,MO,173,False
Florissant,CO,173,False
Hodges,SC,173,False
Sheridan,MO,173,False
Paige,TX,172,False
Minnesota City,MN,172,False
Nanwalek,AK,172,False
Carpenter,WY,172,False
Filer City,MI,172,False
Garber,IA,172,False
Funk,NE,172,False
Harvey,IA,172,False
Ruskin,NE,172,False
Sweetwater,ID,172,False
Kennerdell,PA,172,False
Alvan (Alvin),IL,172,False
Loop,TX,172,False
Easton,MN,172,False
Yarrowsburg,MD,172,False
Lasker,NC,172,False
Pinebrook,TX,172,False
Little Rock,OK,172,False
Hallsboro,NC,172,False
Pineville,AR,172,False
St. Johns,IL,172,False
Port Wing,WI,172,False
Ironton,MI,172,False
Hallwood,VA,172,False
Haywood City,MO,172,False
Segundo,CO,172,False
White Signal,NM,172,False
Thurman,IA,172,False
La Coma Heights,TX,172,False
Shawneetown,MO,172,False
Montpelier,IA,172,False
Shevlin,MN,172,False
Center Sandwich,NH,172,False
La Clede,IL,172,False
Point Lay,AK,172,False
Murphy,ID,172,False
Greenway,AR,171,False
Parc,NY,171,False
Stuart,OK,171,False
Cibola,AZ,171,False
Olancha,CA,171,False
Hanson,OK,171,False
Concord,NE,171,False
North Star,OH,171,False
Orangeville,OH,171,False
Waverly,WA,171,False
Maysville,IA,171,False
Salamonia,IN,171,False
Luther,IA,171,False
Sacate Village,AZ,171,False
Leipsic,DE,171,False
Astoria,SD,171,False
Curran,IL,171,False
Wolcott,VT,171,False
Chestnut,IL,171,False
West Chester,IA,171,False
Lidderdale,IA,171,False
Wet Camp Village,AZ,171,False
Marietta,MS,171,False
Gays,IL,171,False
Hardwick,MN,171,False
Woodstock,MN,171,False
White Heath,IL,171,False
Adrian,TX,171,False
Blue Valley,CO,171,False
Walterhill,TN,171,False
Brunswick,NE,171,False
Waco,NE,171,False
Westphalia,KS,171,False
Landisburg,PA,170,False
Townshend,VT,170,False
Fort Bridger,WY,170,False
Wyaconda,MO,170,False
Alton,NH,170,False
Taylor,WY,170,False
Candlewood Knolls,CT,170,False
Potters Mills,PA,170,False
Baskin,LA,170,False
Lodge,SC,170,False
Decker,IN,170,False
Brookfield Center,CT,170,False
Calhoun,IL,170,False
Lake Bronson,MN,170,False
Medanales,NM,170,False
Bristow,IA,170,False
Dixie,GA,170,False
Belspring,VA,170,False
Cleveland,IL,170,False
Hobson,MT,169,False
Collins,AR,169,False
Weinert,TX,169,False
Bridger,MT,169,False
Sylvia,KS,169,False
Jerseytown,PA,169,False
Fort Bidwell,CA,169,False
Garden,MI,169,False
Rocky Mound,TX,169,False
Bouton,IA,169,False
Morrison Crossroads,AL,169,False
Preston,KS,169,False
Butler,OK,169,False
Taunton,MN,169,False
Burlington Flats,NY,169,False
Climax,MN,169,False
Sayner,WI,169,False
Tennyson,IN,169,False
Moran,TX,169,False
Sylvester,WV,169,False
Rohrsburg,PA,169,False
Elgin,AZ,169,False
Belvoir,NC,169,False
South Komelik,AZ,169,False
Haverhill,IA,169,False
Delta,LA,169,False
Lynch,NE,169,False
Big Arm,MT,168,False
Brunsville,IA,168,False
New Haven,VT,168,False
Freedom,OK,168,False
Gravity,IA,168,False
Eldred,IL,168,False
Nauvoo,AL,168,False
Richland,SD,168,False
Maysville,CO,168,False
Mineral,IL,168,False
Dixon,OK,168,False
Badger,SD,168,False
Dennis,KS,168,False
Cats Bridge,VA,168,False
Baumstown,PA,168,False
Alden,IL,168,False
Hustler,WI,168,False
Jefferson,IN,168,False
Trout,LA,168,False
Garrison,MN,168,False
Raub,IN,168,False
New Liberty,IA,168,False
Cloverdale,OR,168,False
Latah,WA,168,False
Lebam,WA,168,False
Shedd,OR,168,False
Conasauga,TN,167,False
Ralston,WY,167,False
Mount Lebanon,LA,167,False
Nunez,GA,167,False
Holcomb,IL,167,False
Mill Shoals,IL,167,False
Bienville,LA,167,False
Creston,NE,167,False
Brice,OH,167,False
Spearsville,LA,167,False
Tonalea,AZ,167,False
Radnor,OH,167,False
Tuscarora,NY,167,False
Drummond,WI,167,False
Midland,VA,167,False
Hamilton,NC,167,False
Bluewater,CA,167,False
Idaville,OR,167,False
West Canaveral Groves,FL,167,False
Wallingford,IA,167,False
Greenwich CDP (Cumberland County),NJ,167,False
Alverda,PA,167,False
Farmington,KY,167,False
Gladstone,IL,167,False
Pacific Junction,IA,167,False
Seneca,OR,167,False
Soldier,IA,166,False
Greigsville,NY,166,False
Franklin,MD,166,False
Liberty Center,IN,166,False
Eareckson Station,AK,166,False
Devol,OK,166,False
Chapman,PA,166,False
Carter,OK,166,False
Calumet,IA,166,False
Ames,NY,166,False
Elvaston,IL,166,False
Christine,ND,166,False
Goldfield,CO,166,False
Brainards,NJ,166,False
Dana,IL,166,False
Shanksville,PA,166,False
Gildford,MT,166,False
Poneto,IN,166,False
Knottsville,KY,166,False
Elmo,MT,166,False
Woodlawn,AR,166,False
Lenhartsville,PA,166,False
Rayle,GA,166,False
Sobieski,MN,166,False
Toxey,AL,165,False
Sorrento,FL,165,False
Dwale,KY,165,False
Wildersville,TN,165,False
Garden City,CO,165,False
Marksboro,NJ,165,False
Maple Grove,MI,165,False
Smolan,KS,165,False
San Luis,NM,165,False
Grover,CO,165,False
Jackson Lake,CO,165,False
Troy,SC,165,False
Louann,AR,165,False
Klagetoh,AZ,165,False
Cliff,NM,165,False
Haigler,NE,165,False
Mentasta Lake,AK,165,False
Bolton Valley,VT,165,False
Dorchester,IL,165,False
Deer Creek,IN,165,False
Charlottsville,PA,165,False
Peck,ID,165,False
Lake Leelanau,MI,165,False
Orange Grove Mobile Manor,AZ,165,False
Starrucca,PA,164,False
Alsey,IL,164,False
Avon,MT,164,False
Tollette,AR,164,False
Breckenridge,OK,164,False
West Mineral,KS,164,False
Delmita,TX,164,False
Jordan Valley,OR,164,False
Cairo,WV,164,False
Jersey,GA,164,False
Cheney,NE,164,False
Butters,NC,164,False
Roadstown,NJ,164,False
Hendrum,MN,164,False
Berry,KY,164,False
Eminence,IN,164,False
Gaylesville,AL,164,False
Schell City,MO,164,False
Hunnewell,MO,164,False
Brookeville,MD,164,False
Ross,TX,164,False
Friendsville,PA,164,False
Elk River,ID,164,False
Monterey,VA,164,False
Pleasant Plains,AR,164,False
Maple City,MI,164,False
Minnewaukan,ND,163,False
Corning,KS,163,False
Drakesville,IA,163,False
East Nicolaus,CA,163,False
Fort Shaw,MT,163,False
Cory,IN,163,False
Holliday,MO,163,False
Markleeville,CA,163,False
La Crosse,FL,163,False
Cuney,TX,163,False
Hartstown,PA,163,False
Roy,MT,163,False
Willow,OK,163,False
Days Creek,OR,163,False
Pocahontas,VA,163,False
Watson,AR,163,False
Melbeta,NE,163,False
Welda,KS,163,False
Bradley,SC,163,False
Oakwood,MO,163,False
Stites,ID,163,False
Maybeury,WV,163,False
Dorchester,NJ,163,False
Woodford,SC,163,False
Burnside,PA,163,False
Whitehaven,MD,163,False
Pence,IN,163,False
Ashton,SD,163,False
McKeansburg,PA,163,False
Clare,IA,163,False
Callensburg,PA,163,False
Longdale,OK,163,False
Talma,IN,163,False
Saco,MT,162,False
Aullville,MO,162,False
Millersburg,MI,162,False
Hoodsport,WA,162,False
Geneva,IA,162,False
Oconto,NE,162,False
New Burnside,IL,162,False
Limaville,OH,162,False
Oak Grove CDP (Sumner County),TN,162,False
Peru,KS,162,False
Blairsburg,IA,162,False
Spiritwood Lake,ND,162,False
Sedalia,KY,162,False
Glen Campbell,PA,162,False
Mound Station,IL,162,False
Topaz,CA,162,False
Bairoil,WY,162,False
Waggoner,IL,162,False
Pine Apple,AL,162,False
Empire,NV,162,False
Idaville,PA,162,False
South Hero,VT,162,False
Stoy,IL,162,False
Big Rock,VA,162,False
Pocasset,OK,161,False
Spurgeon,IN,161,False
Scott,IN,161,False
Duneland Beach,IN,161,False
Braddyville,IA,161,False
Brandonville,PA,161,False
Huetter,ID,161,False
Zap,ND,161,False
Palco,KS,161,False
Hartly,DE,161,False
Mockingbird Valley,KY,161,False
East Charlotte,VT,161,False
Trenton,NC,161,False
Powellsville,NC,161,False
Allensville,KY,161,False
Pickering,MO,161,False
Sedgewickville,MO,161,False
Birmingham,MO,161,False
Bald Eagle,PA,161,False
Wopsononock,PA,161,False
Vicksburg CDP (Union County),PA,161,False
Old Bennington,VT,161,False
Antioch,IN,161,False
Moscow,OH,161,False
Warba,MN,161,False
Cimarron City,OK,161,False
Goodell,IA,160,False
Olivet,IL,160,False
Sedgwick,CO,160,False
Pleasant Plain,OH,160,False
Crane,OR,160,False
Kamrar,IA,160,False
West Middleton,IN,160,False
Eugene,IN,160,False
Amsterdam,MT,160,False
Union Dale,PA,160,False
New Site,MS,160,False
Pilot Mound,IA,160,False
Dragoon,AZ,160,False
Rolling Prairie,IN,160,False
Bosworth,MO,160,False
Amesville,OH,160,False
Allen,MD,160,False
Nichols,SC,160,False
Coal Center,PA,160,False
Ollie,IA,160,False
Williamstown,KS,160,False
Ponderosa,NM,160,False
Arbovale,WV,160,False
Emhouse,TX,160,False
Hardwick,CA,160,False
Newbern,IN,159,False
Hattieville,AR,159,False
Tiawah,OK,159,False
Springfield,WI,159,False
Foley,MO,159,False
Octavia,NE,159,False
Reed,AR,159,False
Ferris,IL,159,False
Petrolia,PA,159,False
Smithfield,IL,159,False
Gattman,MS,159,False
Sundown,MO,159,False
Lamont,WA,159,False
Oak Shores,CA,159,False
Aplin,AR,159,False
McClelland,IA,159,False
Guilford,NY,159,False
Atlanta,LA,159,False
Deep River,WA,159,False
Roca,NE,159,False
New Leipzig,ND,159,False
Lansing,MN,159,False
Spring Creek,SD,159,False
Abeytas,NM,159,False
Jolly,TX,159,False
Shambaugh,IA,159,False
Claremont,IL,159,False
Laotto,IN,159,False
Nanticoke Acres,MD,159,False
Vaughnsville,OH,159,False
Northville,SD,159,False
Fort Washington,CA,158,False
Sportmans Shores,OK,158,False
Rosendale,MO,158,False
Daniel,WY,158,False
Haivana Nakya,AZ,158,False
Makaha Valley,HI,158,False
Hardy,NE,158,False
Kempton,PA,158,False
Smithtown,NC,158,False
Makena,HI,158,False
Sena,NM,158,False
Federal Dam,MN,158,False
Wilton Center,IL,158,False
Fort Greely,AK,158,False
Lingleville,TX,158,False
Cottonwood,AZ,158,False
Petty,TX,158,False
Warthen,GA,158,False
Port Alsworth,AK,158,False
Livingston,KY,158,False
Edison,NE,157,False
Floris,IA,157,False
Barlow,OR,157,False
Reading,KS,157,False
Shumway,AZ,157,False
Haleburg,AL,157,False
Auburn,IA,157,False
Kingsbury,TX,157,False
Smithland,IA,157,False
Ballou,OK,157,False
Homestead,MO,157,False
Darling,MS,157,False
Lewis,WI,157,False
Gowen,OK,157,False
Virgilina,VA,157,False
Woodland,MS,157,False
Waterville,IA,157,False
Pittsburg,IN,157,False
Lacassine,LA,157,False
Syracuse,MO,157,False
Webster,IN,157,False
Elgin,TN,157,False
New Edinburg,AR,157,False
Mooreton,ND,157,False
Randall,IA,157,False
Otterville,IL,157,False
Beason,IL,157,False
Slayden,TN,157,False
Magnolia Beach,TX,157,False
Erhard,MN,157,False
Rodessa,LA,157,False
Rush Hill,MO,157,False
Foss,OK,157,False
Enville,TN,157,False
Archer,IA,156,False
Sehili,AZ,156,False
East Columbia,TX,156,False
Norwood,MI,156,False
Grantsburg,IN,156,False
South Edmeston,NY,156,False
Kamaili,HI,156,False
Frankfort Springs,PA,156,False
Concord,IL,156,False
Tabiona,UT,156,False
Rexford,KS,156,False
Campus,IL,156,False
Blanford,IN,156,False
Altamont,MO,156,False
La Victoria,TX,156,False
Pace,MS,156,False
Naper,NE,156,False
Wimbledon,ND,156,False
Rocky Point,MT,156,False
Stone Bluff,IN,156,False
Lowpoint,IL,156,False
Eagle Rock,VA,156,False
Pittsburg,OK,156,False
Stone Creek,OH,156,False
Chittenden,VT,156,False
Guthrie,TX,156,False
Broughton,IL,156,False
Bondurant,WY,156,False
Dixie,WA,156,False
Brooktree Park,ND,156,False
Five Points,AL,155,False
Gakona,AK,155,False
Wheeler,IN,155,False
Mission Woods,KS,155,False
Reeves,LA,155,False
Sutton,VT,155,False
Lucky,LA,155,False
Morrow,LA,155,False
Goodland,FL,155,False
Sheldon,ND,155,False
Hickory Corners,MI,155,False
Mace,IN,155,False
Cape May Point,NJ,155,False
Ashland,LA,155,False
Malta Bend,MO,155,False
Old Harbor,AK,155,False
McFall,MO,155,False
Arnegard,ND,155,False
Miamiville,OH,155,False
Timblin,PA,155,False
Apple Grove,WV,155,False
Ridgeville,AL,155,False
Sisquoc,CA,155,False
Winger,MN,155,False
Welton,IA,155,False
La Fayette,IL,155,False
Raymond,OH,155,False
Rocky Comfort,MO,155,False
Camp Three,MT,155,False
King William,VA,155,False
Singers Glen,VA,155,False
Washta,IA,155,False
Centerville CDP (Fresno County),CA,155,False
Villa Verde,TX,155,False
Quinwood,WV,155,False
Macksburg,OH,155,False
Valley Hi,OH,155,False
Felton,MN,155,False
Norris,SD,155,False
Corwin Springs,MT,155,False
Palmer,KS,155,False
New Lebanon,PA,155,False
Millersburg,IA,155,False
Netawaka,KS,155,False
Nespelem,WA,155,False
Mount Auburn,IA,154,False
Lowes,KY,154,False
Belle Valley,OH,154,False
Monument,OR,154,False
Mosquito Lake,AK,154,False
Urie,WY,154,False
Bates City,MO,154,False
Burlington,PA,154,False
Commerce,MO,154,False
Elm Grove,OK,154,False
Tacoma,VA,154,False
Camden-on-Gauley,WV,154,False
Williamson,IL,154,False
Allens Grove,WI,154,False
Vanceboro,ME,154,False
Terlingua,TX,154,False
Napeague,NY,154,False
Kino Springs,AZ,154,False
Borup,MN,154,False
Ritchie,IL,154,False
Murtaugh,ID,154,False
Garvin,OK,154,False
Saltillo,IN,154,False
Pindall,AR,154,False
Cedar Fort,UT,154,False
Turney,MO,153,False
Blue Mountain,AR,153,False
North Bay,NY,153,False
Newtonville,IN,153,False
Bainville,MT,153,False
Big Falls,MN,153,False
Tuckahoe,NJ,153,False
Benbow,CA,153,False
Clemons,IA,153,False
Volin,SD,153,False
West Brooklyn,IL,153,False
South Lincoln,VT,153,False
Robeson Extension,PA,153,False
Roseville,PA,153,False
Marquand,MO,153,False
Carthage,SD,153,False
Middletown Springs,VT,153,False
Grady,NM,153,False
East Sharpsburg,PA,153,False
Chester,IA,153,False
Katherine,AZ,153,False
Rochester,OH,153,False
Caney,OK,153,False
Marble City,OK,153,False
Shirleysburg,PA,153,False
Rarden,OH,153,False
El Chaparral,TX,153,False
Woodloch,TX,153,False
Williston,MD,153,False
Stewartsville,IN,153,False
Cambridge,KY,153,False
East Rochester,OH,152,False
Wilsey,KS,152,False
Tatums,OK,152,False
Searsboro,IA,152,False
Rockfield,IN,152,False
Beverly,KS,152,False
Rosalia,KS,152,False
Cheyney University,PA,152,False
Whiting,MO,152,False
Mason City,NE,152,False
South Carrollton,KY,152,False
Chunchula,AL,152,False
Venango,NE,152,False
Litchville,ND,152,False
Melrose,IA,152,False
Hillsboro,VA,152,False
Hughesville,MO,152,False
Creswell,NC,152,False
Denton,NE,152,False
Pryorsburg,KY,152,False
Banner,IL,152,False
Coats,KS,152,False
Preemption,IL,152,False
Clearmont,MO,152,False
Castle,OK,152,False
Lake Everett,IN,152,False
Colony,OK,151,False
La Platte,NE,151,False
Harrisville,OH,151,False
Faceville,GA,151,False
Ruth,CA,151,False
Walshville,IL,151,False
Rockland,ID,151,False
St. Leo,MN,151,False
Captiva,FL,151,False
Fort Laramie,WY,151,False
Medora,ND,151,False
Zumbro Falls,MN,151,False
Rockingham,GA,151,False
Pine Level,FL,151,False
West Elkton,OH,151,False
Hendersonville,PA,151,False
Marietta,IN,151,False
Stanwood,MI,151,False
Airport Road Addition,TX,151,False
Hanover,WI,151,False
South Amana,IA,151,False
Melvin,TX,151,False
Keensburg,IL,151,False
Orrville,AL,151,False
Bishop Hill,IL,151,False
Bieber,CA,151,False
Osterdock,IA,151,False
Linds Crossing,PA,151,False
Shiloh,TN,150,False
Onward,IN,150,False
Tupman,CA,150,False
Cayuga,OK,150,False
Neosho Falls,KS,150,False
Odin,MN,150,False
Salesville,OH,150,False
Redmon,IL,150,False
Hawleyville,CT,150,False
Ayrshire,IA,150,False
Nilwood,IL,150,False
Stonega,VA,150,False
Zoar,WI,150,False
Stockett,MT,150,False
Garrattsville,NY,150,False
Woodburn,IA,150,False
Aneta,ND,150,False
Olds,IA,150,False
Mellott,IN,150,False
Baxter,WV,150,False
Barnes,KS,150,False
Graceton,PA,150,False
Max,NE,149,False
La Russell,MO,149,False
East Verde Estates,AZ,149,False
Livingston,SC,149,False
Almont,ND,149,False
Caney City,TX,149,False
LaPlace,IL,149,False
Tolna,ND,149,False
Fort Dodge,KS,149,False
Arcadia,MI,149,False
Princeton,ID,149,False
Honor,MI,149,False
Henderson,MD,149,False
Golden Acres,NM,149,False
Conway,MI,149,False
Davey,NE,149,False
Hillsboro,MD,149,False
O'Kean,AR,149,False
Pottersville,NY,149,False
Norge,OK,149,False
Regent,ND,149,False
Lewis,CO,149,False
Bartlett,NE,149,False
Meadowview Estates,KY,149,False
Wallace,IN,149,False
Big Falls,WI,149,False
Greenbush,VA,149,False
Mount Hope,OH,148,False
Mitchellville,TN,148,False
Cloverdale,OH,148,False
Alba,PA,148,False
Knox City,MO,148,False
Skelp,PA,148,False
Le Flore,OK,148,False
Wadsworth,NY,148,False
Fairview,KY,148,False
Republican City,NE,148,False
Stockton,IA,148,False
Tuscumbia,MO,148,False
Eastabuchie,MS,148,False
Dickens,IA,148,False
Cokedale,CO,148,False
Grandin,ND,148,False
Fontanet,IN,148,False
Fenwood,WI,148,False
Grafton,NE,148,False
Rancho Viejo,TX,148,False
Mainville,PA,148,False
Ludlow,MO,148,False
Leshara,NE,148,False
Nathrop,CO,148,False
Vona,CO,148,False
Tow,TX,148,False
Cooksville,IL,148,False
Wellersburg,PA,148,False
Salt Rock,WV,148,False
Woodlawn Park,OK,147,False
Silverstreet,SC,147,False
Summerfield,KS,147,False
Benedict,MD,147,False
Steuben,WI,147,False
Conchas Dam,NM,147,False
Cearfoss,MD,147,False
Milton,NC,147,False
Scotsdale,MO,147,False
Matlock,IA,147,False
Emerald,WI,147,False
Letcher,SD,147,False
Nord,CA,147,False
Rhododendron,OR,147,False
Mount Olivet,KY,147,False
Edgewater Park,OK,147,False
Northwood,PA,147,False
Java,SD,147,False
New Baltimore,PA,147,False
Godwin,NC,147,False
Poston,AZ,147,False
Whitehorse,SD,147,False
Wakulla,NC,147,False
Ora,IN,147,False
Thompsonville,TX,147,False
Kings Valley,OR,147,False
Ocotillo,CA,146,False
Middlebury,IN,146,False
Nara Visa,NM,146,False
Circleville,KS,146,False
Elsie,NE,146,False
Decatur City,IA,146,False
Fernwood,ID,146,False
Santa Claus,GA,146,False
Bena,MN,146,False
Theodosia,MO,146,False
Harveyville,KS,146,False
Amsterdam,MO,146,False
Moskowite Corner,CA,146,False
Billtown,IN,146,False
Kenefic,OK,146,False
St. Lucas,IA,146,False
Elkton,OR,146,False
Peever,SD,146,False
Porter,WA,146,False
Custer,MT,146,False
Crayne,KY,146,False
Chula,MO,146,False
Carpio,ND,146,False
Sunol,NE,146,False
Leota,MN,146,False
Alfarata,PA,146,False
Taylor,NE,146,False
Casas Adobes,NM,146,False
White Horse,SD,146,False
Marengo,WI,146,False
Prairie View,KS,146,False
Muncie,IL,146,False
Dickerson City,FL,145,False
Lamar Heights,MO,145,False
Denison,KS,145,False
Milton,KS,145,False
Lonepine,MT,145,False
Webster,IA,145,False
Canova,SD,145,False
Boynton,OK,145,False
Wedron,IL,145,False
Morrowville,KS,145,False
Staves,AR,145,False
Fredericksburg CDP (Blair County),PA,145,False
Whitesboro,OK,145,False
Candlewood Lake Club,CT,145,False
Mesquite,TX,145,False
Bee,OK,145,False
Sussex,VA,145,False
West Point,AR,145,False
East Waterford,PA,145,False
Weldon Spring Heights,MO,145,False
Hanging Rock,OH,145,False
Huron,IN,145,False
Salem,SC,145,False
Naples,IL,145,False
Sams Corner,OK,145,False
Clio,CA,145,False
Latty,OH,145,False
Garfield,KS,144,False
Lilly,GA,144,False
Canalou,MO,144,False
Kossuth,MS,144,False
Caulksville,AR,144,False
Fort Yates,ND,144,False
Big Creek,MS,144,False
Westphalia,IA,144,False
Loving,TX,144,False
North Johns,AL,144,False
Yogaville,VA,144,False
Island Park,ID,144,False
Farmington,WA,144,False
Magnolia,IA,144,False
Baylis,IL,144,False
Atwood,CO,144,False
Hennepin,OK,144,False
Swanton,NE,144,False
West Havre,MT,144,False
Daisy,AR,144,False
Hillsboro,IA,144,False
Stones Landing,CA,144,False
Forada,MN,144,False
Sammy Martinez,TX,144,False
North Washington,IA,144,False
Layton,FL,144,False
Stark City,MO,144,False
Miller City,OH,144,False
Cold Bay,AK,143,False
Everglades,FL,143,False
Eugene,MO,143,False
East Fultonham,OH,143,False
Macdoel,CA,143,False
Wheatcroft,KY,143,False
Craig,NE,143,False
Welty,OK,143,False
La Joya,NM,143,False
Vaiva Vo,AZ,143,False
Lazy Lake,FL,143,False
Sweetwater,OK,143,False
New Boston,PA,143,False
Monson,CA,143,False
Holcomb,MS,143,False
Kinney,MN,143,False
La Grange,CA,143,False
Oak Hill-Piney,OK,143,False
Jefferson,NY,143,False
Bodcaw,AR,143,False
Sail Harbor,CT,143,False
Lewistown,OH,143,False
Superior,IA,143,False
Burkittsville,MD,143,False
Crum,WV,143,False
Kenton Vale,KY,143,False
Palmersville,TN,142,False
Wildwood,IN,142,False
Lazear,CO,142,False
Rexford,MT,142,False
Danvers,MN,142,False
Monmouth,IA,142,False
Pickwick,MN,142,False
Bennington,ID,142,False
Port Graham,AK,142,False
Ellison Bay,WI,142,False
Aragon,NM,142,False
Donnellson,IL,142,False
Makemie Park,VA,142,False
Du Pont,GA,142,False
Clements,MN,142,False
Navarino,WI,142,False
Coesse,IN,142,False
Bridgewater,CT,142,False
Saugany Lake,IN,142,False
Falun,KS,142,False
Ratcliff,AR,142,False
Smithfield,WV,142,False
Graball,TN,142,False
Gilmanton,WI,142,False
Deaver,WY,142,False
Old Shawneetown,IL,142,False
Mentor,MN,142,False
Hopewell,PA,142,False
Strasburg,MO,142,False
Airport Heights,TX,142,False
Noonan,ND,142,False
Jugtown,MD,142,False
Luray,TN,142,False
Mendota,MN,142,False
Glendora,MS,142,False
Linn Grove,IA,142,False
Hunter,AR,142,False
Kingston,NV,142,False
Ruthville,ND,142,False
Richfield,CA,142,False
Argyle,MO,141,False
Idanha,OR,141,False
Bingham,IL,141,False
Lester,AL,141,False
Silver Creek,MN,141,False
East Salem,PA,141,False
Continental Divide,NM,141,False
Enterprise,OK,141,False
Seven Oaks,TX,141,False
Climax Springs,MO,141,False
Clifton,OH,141,False
Weingarten,MO,141,False
Wolverton,MN,141,False
Foster,IN,141,False
Truesdale,IA,141,False
Bradgate,IA,141,False
Cassoday,KS,141,False
Indianola,OK,141,False
Vowinckel,PA,141,False
Potlicker Flats,PA,141,False
Rock Creek Park,CO,141,False
Paradise Valley,NV,141,False
Delaware,IA,141,False
Sedgwick,AR,141,False
Hiouchi,CA,141,False
Bay View,MI,141,False
Elmira,CA,141,False
Du Bois,NE,141,False
Alpine,AZ,141,False
Bushnell,NE,141,False
Divide,CO,140,False
Alvordton,OH,140,False
State Line City,IN,140,False
Denton,KS,140,False
Ensign,KS,140,False
Spring Garden,AL,140,False
Sidney,AR,140,False
Judith Gap,MT,140,False
Sycamore,KY,140,False
Powellville,MD,140,False
Seibert,CO,140,False
Rimrock Colony,MT,140,False
Castalia,IA,140,False
Morriston,FL,140,False
New Grand Chain,IL,140,False
Helenwood,TN,140,False
Vredenburgh,AL,140,False
Cassville,PA,140,False
Lindrith,NM,140,False
Newberry,IN,140,False
Tonto Village,AZ,140,False
Proctorville,NC,140,False
Azalia,IN,140,False
Cusseta,AL,140,False
Rowan,IA,140,False
Geneva,GA,140,False
Tse Bonito,NM,140,False
Yellow Bluff,AL,140,False
Fronton Ranchettes,TX,140,False
East Oolitic,IN,140,False
El Castillo,TX,140,False
Renick,MO,140,False
Lexington,OR,140,False
Port Royal,VA,139,False
Glasgow,IL,139,False
Morland,KS,139,False
Niotaze,KS,139,False
Millston,WI,139,False
Pleasant Mills,IN,139,False
Lake Lindsey,FL,139,False
Harding,MN,139,False
Williamson,IA,139,False
Benson,PA,139,False
Graham,MO,139,False
Hickory Valley,TN,139,False
Booneville,KY,139,False
Detroit,KS,139,False
Los Ebanos CDP (Starr County),TX,139,False
Crossnore,NC,139,False
Fultonham,OH,139,False
Cantrall,IL,139,False
Stella,NE,139,False
Floydale,SC,139,False
Elberon,IA,139,False
Hillsdale,IN,139,False
Alsea,OR,139,False
Box,OK,139,False
Dumont,MN,139,False
Waves,NC,139,False
Bradley,OK,139,False
Canjilon,NM,138,False
Bald Head Island,NC,138,False
Boxholm,IA,138,False
Hays,TX,138,False
Keswick,CA,138,False
Geddes,SD,138,False
Nachusa,IL,138,False
Pump Back,OK,138,False
Kennan,WI,138,False
Richards,MO,138,False
Ore Hill,PA,138,False
Hollis,AK,138,False
Midland,SD,138,False
Murphy,OK,138,False
Miguel Barrera,TX,138,False
Port Penn,DE,138,False
Barnett,MO,138,False
Louise,MS,138,False
Roe,AR,138,False
Sharon,OK,138,False
Belknap,IL,138,False
Kiskimere,PA,138,False
Monterey Park Tract,CA,138,False
Hettick,IL,138,False
Old Fort,OH,138,False
Brownville,NE,138,False
Miller,NE,137,False
Marquez,TX,137,False
Hammond,MN,137,False
Blue Ridge,IN,137,False
Corunna,IN,137,False
Ithaca,NE,137,False
Fulton,MI,137,False
Troy,VT,137,False
Bern,KS,137,False
Rew,PA,137,False
Navarre,KS,137,False
Valle Crucis,NC,137,False
Greenbush,WI,137,False
Conner,MT,137,False
Manchester,OK,137,False
Midland,IN,137,False
Pony,MT,137,False
Leeper,PA,137,False
Baileyville,IL,137,False
Fountaintown,IN,137,False
Darrow,LA,137,False
Seconsett Island,MA,137,False
Chapin,IA,137,False
Elizabeth,MN,136,False
Glenville,NC,136,False
Raritan,IL,136,False
Tenakee Springs,AK,136,False
Southern Ute,CO,136,False
Riverton,MN,136,False
Madisonburg,PA,136,False
Nelson,IL,136,False
Brook Park,MN,136,False
Kickapoo Site 5,KS,136,False
Ratamosa,TX,136,False
Cecil,OH,136,False
Buffalo,ND,136,False
Mina,NV,136,False
Tanacross,AK,136,False
Panorama Park,IA,136,False
Jameson,MO,136,False
Boaz,WI,136,False
Pritchett,CO,136,False
Fingal,ND,136,False
Ridott,IL,136,False
Faunsdale,AL,136,False
Gilliam,LA,136,False
Fishersburg,IN,136,False
Waukeenah,FL,136,False
Hublersburg,PA,136,False
Dola,OH,136,False
Pine Island,FL,136,False
Deepstep,GA,135,False
Naponee,NE,135,False
Humnoke,AR,135,False
Newfane,VT,135,False
Hickory,OK,135,False
Christie,OK,135,False
Mount Erie,IL,135,False
Hazel,SD,135,False
Meadowlands,MN,135,False
Fairfax,SD,135,False
Mountville,SC,135,False
Amoret,MO,135,False
Metaline,WA,135,False
Johnson Prairie,OK,135,False
St. Martin,OH,135,False
Nelchina,AK,135,False
Center Junction,IA,135,False
Rockbridge,IL,135,False
Kaibab,AZ,135,False
Fernan Lake Village,ID,135,False
Ulen,IN,134,False
Lebanon,WI,134,False
Walthall,MS,134,False
Gu-Win,AL,134,False
Martinsburg,IN,134,False
Vicksburg,IN,134,False
Autryville,NC,134,False
Westfield,IA,134,False
Hungerford,TX,134,False
Litchfield,CA,134,False
Hansford,WV,134,False
Somers,IA,134,False
Eagle Harbor,MI,134,False
Halfway,MO,134,False
Long Island,KS,134,False
Rondo,AR,134,False
Stendal,IN,134,False
Kahlotus,WA,134,False
East Pleasant View,CO,134,False
Yeehaw Junction,FL,134,False
Rulo,NE,134,False
Munden,KS,133,False
Foreston,SC,133,False
Van,WV,133,False
Whitten,IA,133,False
Middleberg,OK,133,False
Indian Village,IN,133,False
Pierson,MI,133,False
Sunset,AR,133,False
Todd Mission,TX,133,False
Freedom Acres,AZ,133,False
Kobuk,AK,133,False
Luzerne,IA,133,False
Sellers,SC,133,False
Huey,IL,133,False
Pulcifer,WI,133,False
Lund,NV,133,False
Bonanza Mountain Estates,CO,133,False
Hankins,NY,133,False
Lafayette,OH,133,False
North Lawrence,OH,133,False
Seven Hills,CO,133,False
Beaver Valley,AZ,133,False
Muscotah,KS,133,False
Hope,AK,133,False
Baldwin,IA,133,False
Godfrey,GA,133,False
Venedy,IL,133,False
West York,IL,133,False
Bloomington,MD,133,False
Turtle Lake,MT,133,False
Harrisville,WI,133,False
Canton,IN,133,False
Jerusalem,OH,132,False
Seba Dalkai,AZ,132,False
Meire Grove,MN,132,False
Forestville,MI,132,False
Liberty,KS,132,False
La Junta Gardens,CO,132,False
Mendota,VA,132,False
Leonore,IL,132,False
Meacham,OR,132,False
Nordic,WY,132,False
Wortham,MO,132,False
Capron,VA,132,False
New Lebanon,IN,132,False
Leadore,ID,132,False
Stevinson,CA,132,False
Cornish,OK,132,False
Hobson,AL,132,False
Braman,OK,132,False
Huron,TN,132,False
Woodcock,PA,132,False
Index,WA,132,False
Monroe,OK,132,False
Grayson,OK,132,False
Markham,WA,132,False
La Tierra,NM,132,False
High Forest,MN,132,False
Larrabee,IA,132,False
Spivey,KS,132,False
Rainsburg,PA,132,False
Olney,MT,132,False
Weldon,AR,132,False
Hunter,OK,131,False
Homer,MN,131,False
Mentor,KS,131,False
Odin,KS,131,False
Lequire,OK,131,False
Barnet,VT,131,False
St. Marys,IA,131,False
Plato,MO,131,False
Economy,IN,131,False
Highland,OH,131,False
Bransford,TN,131,False
Hatch,UT,131,False
Mead Ranch,AZ,131,False
Rumsey,CA,131,False
Palermo,ND,131,False
Branchville,VA,131,False
Morrill,KS,131,False
Petersburg,ND,131,False
West Peavine,OK,131,False
Taylor Ridge,IL,131,False
Grand Marsh,WI,131,False
Sun Valley Lake,IA,131,False
Independence,MS,131,False
Tampa,KS,131,False
Fountain Hill,AR,131,False
Golva,ND,131,False
Lynxville,WI,131,False
Bendena,KS,131,False
North Westminster,VT,131,False
Canaan,IN,130,False
Kimbolton,OH,130,False
Pyote,TX,130,False
Clarks Mills,WI,130,False
Cates,IN,130,False
Radom,IL,130,False
Kickapoo Tribal Center,KS,130,False
Love Valley,NC,130,False
Catawba,WI,130,False
Summerville,OR,130,False
Wainiha,HI,130,False
Portal,ND,130,False
West Hampton Dunes,NY,130,False
Ingalls,OK,130,False
Conkling Park,ID,130,False
Furnace Creek,CA,130,False
Logan,MT,130,False
Rock Falls,IA,130,False
Delta,AL,130,False
Page,NE,130,False
Otter Creek,FL,130,False
Oilton,TX,130,False
Pierceville,IN,130,False
Hartsburg,MO,130,False
Crystal Mountain,MI,130,False
South Center,IN,130,False
Pine River,WI,130,False
Frankfort,SD,130,False
Blairsville,IN,130,False
Hazen,PA,129,False
Sheakleyville,PA,129,False
Lane,IL,129,False
Conde,SD,129,False
Greenland,MI,129,False
Nibbe,MT,129,False
Francestown,NH,129,False
Inman,NE,129,False
Drowning Creek,OK,129,False
Burfordville,MO,129,False
Bear Grass,NC,129,False
Bark Ranch,CO,129,False
Marydel,MD,129,False
Paradise,MT,129,False
Eunola,AL,129,False
Clintondale,PA,129,False
Monument,NM,129,False
Odessa,NE,129,False
Tryon,NE,129,False
Nescatunga,OK,129,False
Lynnville,IL,129,False
Black Hawk,CO,129,False
Drysdale,AZ,128,False
Webb,IA,128,False
St. Donatus,IA,128,False
Springbrook,IA,128,False
Comptche,CA,128,False
Las Flores CDP (Tehama County),CA,128,False
New Cambria,MO,128,False
Eagle Creek,PA,128,False
Trilla,IL,128,False
Slabtown,PA,128,False
Falls Mills,VA,128,False
Palisade,MN,128,False
Mount Eaton,OH,128,False
Sanborn,ND,128,False
Yeager,OK,128,False
Tunnel City,WI,128,False
Exline,IA,128,False
Biggersville,MS,128,False
Hills and Dales,KY,128,False
Marietta,OK,127,False
Fruitdale,SD,127,False
Nash,OK,127,False
Clayton,WA,127,False
Virginia City,MT,127,False
Bethel,MO,127,False
Stewart,MS,127,False
Tony,WI,127,False
Garden City,IA,127,False
Hastings,IA,127,False
Hyannis,NE,127,False
Garrison,MT,127,False
Garten,WV,127,False
Martha,OK,127,False
Rhodell,WV,127,False
Roderfield,WV,127,False
Arroyo Hondo CDP (Taos County),NM,127,False
Palmer,IA,127,False
Crook City,SD,127,False
Alden,KS,127,False
Mitchell,GA,127,False
Barneston,NE,127,False
Pierpont,SD,127,False
Geneva,PA,127,False
Rutland,IA,127,False
Boles,AR,127,False
Franklin,IA,127,False
Woodbine,KS,127,False
Omaha,AR,127,False
Dewey,IL,127,False
Forksville,PA,127,False
Princeton,NE,127,False
Peaceful Village,MO,127,False
El Dara,IL,127,False
Poland,IN,126,False
Bly,OR,126,False
Atkinson Mills,PA,126,False
Yarnell,PA,126,False
Black Butte Ranch,OR,126,False
Roscoe,MO,126,False
Catalpa Canyon,NM,126,False
Reader,WV,126,False
Donald,WA,126,False
Elkton,MN,126,False
Linden,NC,126,False
Genoa,CO,126,False
Heathsville,VA,126,False
Homestead,IA,126,False
Kingdom City,MO,126,False
Ebony,VA,126,False
Bismarck,AR,126,False
Depauw,IN,126,False
Moonshine,LA,126,False
Coffey,MO,126,False
Whispering Pines,AZ,126,False
Paloma,IL,126,False
Kingston,AR,126,False
Rozel,KS,126,False
Success,AR,126,False
Dover,MO,126,False
Upland,NE,126,False
Boys Ranch,TX,126,False
Rollins,MT,126,False
Still Pond,MD,126,False
Wann,OK,125,False
Musella,GA,125,False
Smoaks,SC,125,False
Palmyra,VA,125,False
Nicolaus,CA,125,False
Brandt,SD,125,False
Acorn,AR,125,False
Connerville,OK,125,False
Republic,KS,125,False
Bingham Lake,MN,125,False
Elizabeth,IN,125,False
Wilson,OH,125,False
Bull Hollow,OK,125,False
Hillview,IL,125,False
Rosine,KY,125,False
St. Augustine,IL,125,False
Bassett,AR,125,False
Edgar Springs,MO,125,False
Amberg,WI,125,False
Bridgeport,OK,125,False
East Enterprise,IN,125,False
Central City,SD,125,False
Delaware,NJ,125,False
South Acomita Village,NM,125,False
Spring Creek Colony,SD,125,False
New London,IN,124,False
Bernard,IA,124,False
Kevin,MT,124,False
Conesus,NY,124,False
Stockholm,SD,124,False
Alder,WA,124,False
Harper,IA,124,False
Centralia,IA,124,False
Harbor View,OH,124,False
Haysville,PA,124,False
Meta,MO,124,False
Falling Spring,WV,124,False
Bearden,OK,124,False
Millboro,VA,124,False
Briggsdale,CO,124,False
Malmo,NE,124,False
Maunie,IL,124,False
Blue Clay Farms,NC,124,False
Augusta Springs,VA,124,False
Hunt,NY,124,False
Grayford,IN,124,False
Frankclay,MO,124,False
Cranberry Lake,NY,124,False
Wilmington,IL,124,False
Birney,MT,124,False
Sparks,OK,124,False
Atlanta,NE,124,False
Fairmont,OK,124,False
Earlton,KS,124,False
Yellow Springs,PA,124,False
Scottsburg,VA,124,False
Holiday Woods,IN,124,False
Port Lions,AK,124,False
Websters Crossing,NY,124,False
Brashear,MO,124,False
Willey,IA,124,False
Cresbard,SD,124,False
Judyville,IN,124,False
Raywick,KY,123,False
Eden,IN,123,False
Lake Meredith Estates,TX,123,False
Garden,UT,123,False
Weskan,KS,123,False
Lavina,MT,123,False
Blockton,IA,123,False
Buffalo Gap,SD,123,False
Willow Creek,AK,123,False
Monomoscoy Island,MA,123,False
Bascom,FL,123,False
Kirvin,TX,123,False
Goodsprings,NV,123,False
Fraser,IA,123,False
Gazelle,CA,123,False
St. Charles,ID,123,False
Mariah Hill,IN,123,False
Utica,PA,123,False
St. Paul,AR,123,False
Coburn,PA,123,False
Sycamore,KS,123,False
Delco,NC,123,False
Oak Beach,NY,123,False
Bluff,UT,123,False
Wheeler,IL,123,False
Scotland,VA,123,False
Waynesville,IN,123,False
Robeline,LA,123,False
Willow Branch,IN,123,False
Haddam,KS,123,False
Ormsby,MN,122,False
New Cambria,KS,122,False
Baileyville,KS,122,False
Morrison,IA,122,False
Girdletree,MD,122,False
Harrold,TX,122,False
Falkland,NC,122,False
Old Mill Creek,IL,122,False
Cool,TX,122,False
Providence,AL,122,False
Ridgely,MO,122,False
De Smet,ID,122,False
Beaman,IA,122,False
Ventana,AZ,122,False
Papineau,IL,122,False
Mettler,CA,122,False
Burbank,OK,122,False
Frank,WV,122,False
Merrifield,MN,122,False
Gay,GA,122,False
Thurston,NE,122,False
Herron Island,WA,122,False
Pitkin,CO,122,False
Toad Hop,IN,122,False
Bromide,OK,122,False
Kimmswick,MO,122,False
Samak,UT,122,False
Deer Creek,AZ,122,False
Alicia,AR,122,False
Weldona,CO,122,False
Wawona,CA,122,False
Mount Union,IA,122,False
Oyens,IA,121,False
Strathmere,NJ,121,False
Fernwood,MS,121,False
Alton,KS,121,False
Pence,WI,121,False
Chula Vista CDP (Cameron County),TX,121,False
Hissop,AL,121,False
Century,WV,121,False
Gravois Mills,MO,121,False
Milton Mills,NH,121,False
Pontiac,MO,121,False
Bearcreek,MT,121,False
Lake Santeetlah,NC,121,False
Joes,CO,121,False
Fruitdale,AL,121,False
Tullahassee,OK,121,False
Manderson,WY,121,False
Pecktonville,MD,121,False
Andover,IA,121,False
Aleknagik,AK,121,False
Normandy,TN,121,False
Castine,OH,121,False
Rowena,OR,121,False
Goodwin,AR,121,False
Richards,TX,121,False
Gilson,IL,121,False
Sunbury,NC,121,False
Valley Park,MS,120,False
Bunker Hill,KS,120,False
Hindsville,AR,120,False
Ohiowa,NE,120,False
Naukati Bay,AK,120,False
Broadwell,IL,120,False
La Cueva CDP (Sandoval County),NM,120,False
Swaledale,IA,120,False
Waka,TX,120,False
Coates,MN,120,False
Glen Ferris,WV,120,False
Burr Oak,KS,120,False
Angelica,WI,120,False
Dorseyville,LA,120,False
Turin,IA,120,False
Dexter City,OH,120,False
Greenvale,TN,120,False
Wingate,TX,120,False
Cassandra,PA,120,False
Ali Chuk,AZ,120,False
Homestown,MO,120,False
Hamorton,PA,120,False
Sombrillo,NM,120,False
Lucerne,IN,120,False
Vincent,IA,119,False
Lawtonka Acres,OK,119,False
East Fairview,ND,119,False
Verona,ND,119,False
Wildrose,ND,119,False
Greenville,OK,119,False
Mays,IN,119,False
Tustin,WI,119,False
Dawson,IA,119,False
Casa,AR,119,False
Bayfront,WI,119,False
Marion,ND,119,False
Conroy,IA,119,False
Osco,IL,119,False
Lynndyl,UT,119,False
Oketo,KS,119,False
Rubicon,WI,119,False
Fairlee,VT,119,False
Dacoma,OK,119,False
Dodson,MT,119,False
Bristol,GA,119,False
Lawson,AR,119,False
Grasston,MN,119,False
Martell,NE,119,False
Horntown,OK,119,False
Davis,SD,119,False
Perley,MN,119,False
Couderay,WI,119,False
Buffington,PA,119,False
Armstrong,OK,119,False
Rudy,AR,119,False
Ayr,NE,119,False
Tennessee,IL,119,False
Urbana,AR,119,False
Cleveland,ND,119,False
Ball Club,MN,119,False
Atqasuk,AK,119,False
Templeton,VA,119,False
Hickory Hill,KY,119,False
Oxbow,NY,118,False
Walnut Hill,IL,118,False
Dutch Neck,NJ,118,False
Wainwright,OK,118,False
Falcon Mesa,TX,118,False
Bessemer Bend,WY,118,False
New Centerville,PA,118,False
Matoaka,WV,118,False
Owl Ranch,TX,118,False
Goodnews Bay,AK,118,False
Angostura,SD,118,False
Kingston,IL,118,False
Grand Cane,LA,118,False
Montezuma,CO,118,False
Hard Rock,AZ,118,False
Lamy,NM,118,False
Appleton,AR,118,False
Blandville,KY,118,False
Lincoln,IA,118,False
Birmingham,OH,118,False
Moccasin,AZ,118,False
Portland,CO,118,False
Christopher Creek,AZ,118,False
Belden,NE,118,False
Rhineland,MO,118,False
Fort Seneca,OH,118,False
Edenborn,PA,118,False
El Monte Mobile Village,CA,118,False
Guys Mills,PA,118,False
Huntington Center,VT,118,False
Chest Springs,PA,118,False
Hartland,IL,117,False
Forest River,ND,117,False
Lake Gogebic,MI,117,False
Diehlstadt,MO,117,False
Chewalla,TN,117,False
Greensburg,MD,117,False
Herndon,KS,117,False
Fairview,KY,117,False
Linn Grove,IN,117,False
Tarrytown,GA,117,False
Linwood,NE,117,False
Rabbit Hash,KY,117,False
Loma Vista,TX,117,False
Union Mills,IN,117,False
Gann (Brinkhaven),OH,117,False
Justice Addition,WV,117,False
Jeffers Gardens,OR,117,False
Mazie,OK,117,False
Proctor,TX,117,False
Carbon Hill,OH,117,False
Kettle River,MN,117,False
Cantwell,AK,117,False
Kettlersville,OH,117,False
Greenfield,OK,117,False
Moorefield,AR,117,False
Washington,CA,117,False
Benton City,MO,117,False
Laredo,MO,116,False
Bear Lake,IN,116,False
Shepardsville,IN,116,False
Portlandville,NY,116,False
Delacroix,LA,116,False
Kilgore,NE,116,False
Downsville,LA,116,False
Dupuyer,MT,116,False
Oak Hills,IA,116,False
Edgerton,WY,116,False
Whaleyville,MD,116,False
Keomah Village,IA,116,False
Oasis,NM,116,False
Urbana,IN,116,False
Spragueville,IA,116,False
Driftwood,TX,116,False
Green Spring,WV,116,False
Manor,GA,116,False
Briartown,OK,116,False
Lower Salem,OH,116,False
Porcupine,ND,116,False
Vernonburg,GA,116,False
Eagle Lake,IL,116,False
Chatham,MI,116,False
Mapleview,MN,116,False
Wyeville,WI,116,False
Lyndon,VT,116,False
Spaulding,OK,116,False
Packwood,WA,116,False
Parkdale,AR,116,False
Baileyville,PA,116,False
Beaver Marsh,OR,116,False
Timberon,NM,116,False
Skykomish,WA,116,False
Ithaca,OH,116,False
Rock House,AZ,115,False
East Alliance,OH,115,False
Williams,IN,115,False
Hutchinson,NJ,115,False
Rutherford,CA,115,False
Montrose,MS,115,False
Lankin,ND,115,False
Nile,WA,115,False
Andes,NY,115,False
Anegam,AZ,115,False
Austwell,TX,115,False
New Haven CDP (Hamilton County),OH,115,False
Fence Lake,NM,115,False
Siasconset,MA,115,False
Gough,GA,115,False
El Quiote,TX,115,False
Cascadia,OR,115,False
Kokhanok,AK,115,False
Prestonville,KY,115,False
Jamestown,LA,115,False
Hickory,KY,115,False
Colon,NE,115,False
Exeter,IL,115,False
Isabel,KS,115,False
Unionville,IA,115,False
Worcester,VT,115,False
Fort Smith,MT,115,False
Galt,IL,114,False
Newald,WI,114,False
Sawyer,KS,114,False
Knife River,MN,114,False
Queets,WA,114,False
Curdsville,KY,114,False
Hoehne,CO,114,False
Lone Rock,IA,114,False
Solway,MN,114,False
White Lake CDP (Oneida County),NY,114,False
Edmonson,TX,114,False
Alpha,MN,114,False
Little Sturgeon,WI,114,False
Silver Gate,MT,114,False
Sedan,MT,114,False
Portis,KS,114,False
Pulaski,OH,114,False
Plevna,KS,114,False
Lucien,OK,114,False
Lorraine,NY,114,False
Albany,OK,114,False
Yuma,TN,114,False
Shongaloo,LA,114,False
Miesville,MN,114,False
Holters Crossing,PA,114,False
Magness,AR,114,False
Sweet Water Village,AZ,114,False
Farner,TN,114,False
Dayton,MT,114,False
Broadwater,NE,114,False
Parkman,OH,114,False
Elizaville,KY,114,False
Cheshire,OH,114,False
Ryder,ND,114,False
Acme,WA,113,False
Zemple,MN,113,False
Griffin,IN,113,False
Woodlawn Heights,IN,113,False
Oakley,WY,113,False
Barnes City,IA,113,False
Gem,KS,113,False
Colcord,WV,113,False
Rockville,SC,113,False
Haynes,AR,113,False
Maxville,MT,113,False
Ginger Blue,MO,113,False
Brooklyn Heights,MO,113,False
Mount Hebron,CA,113,False
Blacktail,ND,113,False
Foxhome,MN,113,False
Cogswell,ND,113,False
Brooks,MN,113,False
Utica,KS,113,False
Centerville,WA,113,False
Moyers,OK,113,False
Bellamy,AL,113,False
Media,IL,113,False
Hannasville,PA,113,False
Minto,AK,113,False
Epping,ND,113,False
Mount Moriah,MO,112,False
Webster,PA,112,False
Bridgeville,NY,112,False
Blawenburg,NJ,112,False
Concord,AR,112,False
Tingley,IA,112,False
Needmore,PA,112,False
Jacksonburg,WV,112,False
Tierra Verde,TX,112,False
Nardin,OK,112,False
Alden,MI,112,False
Adams,ND,112,False
Millerville,MN,112,False
Loyal,OK,112,False
Reliance,SD,112,False
Loma Mar,CA,112,False
Radley,KS,112,False
Spencer,SD,112,False
Pisek,ND,112,False
Sand Fork,WV,112,False
Yoder,WY,112,False
Covel,WV,112,False
Lawrence Creek,OK,112,False
Glencoe,OH,112,False
Bridgewater,IA,112,False
Sylvanite,MT,112,False
New Buffalo,PA,112,False
Douds,IA,112,False
Olean,MO,112,False
Edmond,KS,112,False
Burton,IL,111,False
Sarita,TX,111,False
Brussels,IL,111,False
Ponca,AR,111,False
Bluff Dale,TX,111,False
Grass Range,MT,111,False
Elk Creek,NE,111,False
Priddy,TX,111,False
Libertyville,AL,111,False
McFarlan,NC,111,False
St. Helena,NE,111,False
Bartow,WV,111,False
Hepler,KS,111,False
Barrytown,NY,111,False
Itmann,WV,111,False
Vilas,CO,111,False
Narcissa,OK,111,False
Freeburn,KY,111,False
Lena,MS,111,False
Hanover,VA,111,False
Bergland,MI,111,False
Anselmo,NE,111,False
Marathon,OH,111,False
Farmington,CA,111,False
East Springfield,OH,111,False
Otisco,IN,111,False
McGregor,ND,111,False
Albert,KS,111,False
Donegal,PA,111,False
Glenham,SD,111,False
Bronaugh,MO,111,False
Longstreet,LA,111,False
Scotia,SC,111,False
Round Top,TX,111,False
Liverpool,IL,111,False
Ocosta,WA,111,False
Schubert,PA,110,False
Morea,PA,110,False
Van Wert,IA,110,False
Dukedom,TN,110,False
Riddleville,GA,110,False
Marietta,NC,110,False
Sharon,KS,110,False
Revillo,SD,110,False
Mount Vision,NY,110,False
Pensacola,OK,110,False
Benjamin Perez,TX,110,False
Sunland Estates,WA,110,False
Valentine,TX,110,False
Stanley,LA,110,False
Pollard,AL,110,False
East Burke,VT,110,False
Oldham,SD,110,False
West Millgrove,OH,110,False
Martinsburg,IA,110,False
Oxbow Estates,AZ,110,False
Derby,IA,110,False
Okreek,SD,110,False
Copper Hill,AZ,110,False
Wintersburg,AZ,110,False
Othello,NJ,110,False
Harding,IL,110,False
Bloomington,NE,110,False
Heltonville,IN,110,False
Cordova,NE,110,False
Gould,OK,110,False
Winslow,NE,109,False
Kansas,AL,109,False
Robbins,TN,109,False
Covington,MI,109,False
Wright,MN,109,False
Ringgold,TX,109,False
Houlton,WI,109,False
Mill Spring,MO,109,False
Hastings,OK,109,False
Blountsville,IN,109,False
La Rose,IL,109,False
Bairdstown,OH,109,False
Beaver Dam,IN,109,False
Taylors Island,MD,109,False
Elgin,OH,109,False
Kirbyville,MO,109,False
Hiseville,KY,109,False
San Jose CDP (San Miguel County),NM,109,False
Raymond,KS,109,False
Lesterville,SD,109,False
Dekorra,WI,109,False
Bennett Springs,MO,109,False
Spruce Pine,AL,109,False
Hurley,MO,109,False
Animas,NM,109,False
Mercer,ND,109,False
Whitingham,VT,109,False
Galloway,WV,109,False
Venetie,AK,109,False
Bruno,NE,109,False
North San Juan,CA,109,False
Meriden,IA,109,False
Boykin,SC,109,False
Port Mansfield,TX,108,False
Atlanta,KS,108,False
Tyaskin,MD,108,False
Rantoul,KS,108,False
Curlew,WA,108,False
Berlin,IL,108,False
Hartwick,IA,108,False
Yettem,CA,108,False
Fishtail,MT,108,False
Bobo,MS,108,False
Franks Field,WI,108,False
Melvin Village,NH,108,False
Hague,ND,108,False
Clitherall,MN,108,False
Lee Mont,VA,108,False
Poole,KY,108,False
Mapletown,PA,108,False
Crystal Rock,OH,108,False
Hingham,MT,108,False
Rentiesville,OK,108,False
Seward,KS,108,False
Hunter,KS,108,False
Elderon,WI,108,False
Damon,TX,108,False
Alder,MT,108,False
Swedesburg,IA,108,False
Knoxville,GA,108,False
Dover,IL,107,False
Hedrick,IN,107,False
Adrian,WV,107,False
Vienna,SD,107,False
Mill Run,PA,107,False
Rocklake,ND,107,False
Equality,AL,107,False
Newport CDP (Shelby County),OH,107,False
Wisdom,MT,107,False
Stevens Creek,VA,107,False
Ovett,MS,107,False
Brock,NE,107,False
Peever Flats,SD,107,False
St. Olaf,IA,107,False
Upper Elochoman,WA,107,False
Borrego Pass,NM,107,False
St. Marks,KS,107,False
Winton,MN,107,False
Ocean City,WA,107,False
Lucas,IA,107,False
Herbster,WI,107,False
Wasola,MO,107,False
Golden View Colony,SD,107,False
Collins,MO,107,False
Vandiver,MO,107,False
Crary,ND,107,False
New Rockport Colony,MT,107,False
Whiteside,MO,107,False
Arion,IA,107,False
Myrtlewood,AL,107,False
Meadow Acres,WY,107,False
Trommald,MN,106,False
Blue Springs,AL,106,False
Talking Rock,GA,106,False
Orlando,OK,106,False
Meadowbrook Farm,KY,106,False
Columbus,IL,106,False
Conger,MN,106,False
Popejoy,IA,106,False
Kicking Horse,MT,106,False
Fort Ransom,ND,106,False
Chimney Point,CT,106,False
Bivalve,MD,106,False
North Buena Vista,IA,106,False
Silver Springs,AK,106,False
Ackworth,IA,106,False
Laurel Mountain,PA,106,False
Congress,OH,106,False
Stone City,IA,106,False
White Cloud,KS,106,False
Platter,OK,106,False
Chelan Falls,WA,106,False
Celeryville,OH,106,False
Esmond,ND,106,False
Snyder,CO,106,False
Bayport,FL,106,False
Rangerville,TX,106,False
Hollygrove,WV,106,False
Old River,CA,106,False
Connorville,OH,106,False
Arcadia,OK,106,False
South Greenfield,MO,106,False
Downieville,CA,105,False
Alvo,NE,105,False
Vale Summit,MD,105,False
Green,KS,105,False
Fort Green,FL,105,False
Aubrey,AR,105,False
Cable,IL,105,False
Mobeetie,TX,105,False
Peoria,OK,105,False
Sun Valley,AZ,105,False
Central,AK,105,False
Alto,WI,105,False
Lublin,WI,105,False
Silver City,NV,105,False
Lake Davis,CA,105,False
Goodrich,ND,105,False
Winterville,MS,105,False
Winstonville,MS,105,False
Landa,ND,105,False
Cache,UT,105,False
Viola,TN,105,False
Worton,MD,105,False
Pick City,ND,105,False
West Line,MO,105,False
Lincolnshire,KY,105,False
Rowena,SD,105,False
Hope,NM,105,False
Blackey,KY,105,False
Roscoe,MN,104,False
Savonburg,KS,104,False
Pawleys Island,SC,104,False
Parksville,SC,104,False
Edgar,MT,104,False
Powell,TX,104,False
Brayton,IA,104,False
Mashantucket,CT,104,False
Cyr,MT,104,False
Mackey,IN,104,False
Tar Heel,NC,104,False
Fort Klamath,OR,104,False
Ute Park,NM,104,False
Round Mountain,TX,104,False
Waterloo,AL,104,False
Percival,IA,104,False
Dutch Flat,CA,104,False
Little Bitterroot Lake,MT,104,False
Pontoosuc,IL,104,False
Kinross,IA,104,False
Steen,MN,104,False
Norcross,MN,104,False
Canoochee,GA,104,False
Longtown,MO,104,False
Smeltertown,CO,104,False
Truxton,AZ,104,False
McKinley,MN,104,False
Bledsoe,TX,104,False
Montezuma,OH,104,False
Mount Laguna,CA,104,False
Sarahsville,OH,104,False
Redbird,OK,104,False
Etowah,OK,104,False
Big Lagoon,CA,104,False
Kirwin,KS,104,False
Campo,CO,103,False
Monterey,KY,103,False
Blodgett Landing,NH,103,False
Nottoway Court House,VA,103,False
Jacksonville,GA,103,False
Eureka,MI,103,False
Jolmaville,WI,103,False
Liebenthal,KS,103,False
Avoca,MN,103,False
Seaforth,MN,103,False
Marietta,TX,103,False
Hunter,MO,103,False
Lowell,IA,103,False
False Pass,AK,103,False
Spofford,TX,103,False
Buttzville,NJ,103,False
Arrowhead Lake,NJ,103,False
Kopperl,TX,103,False
Bee Branch,AR,103,False
Sumava Resorts,IN,103,False
Cornucopia,WI,103,False
Nogal,NM,103,False
Free Soil,MI,103,False
Dallas,SD,103,False
Des Moines,NM,103,False
Deering,ND,102,False
Arlington,AZ,102,False
Arrow Point,MO,102,False
Zion,SC,102,False
Clayville,RI,102,False
Greensboro,VT,102,False
Woodston,KS,102,False
Hitchcock,SD,102,False
Pleasantville borough (Bedford County),PA,102,False
Cleaton,KY,102,False
Klingerstown,PA,102,False
Encino,TX,102,False
Harrold,SD,102,False
Detroit,OR,102,False
Tokeland,WA,102,False
Ferguson,IA,102,False
Grand View,WI,102,False
Friendly,WV,102,False
Gray,PA,102,False
Parrott,GA,102,False
Allamuchy,NJ,102,False
Why,AZ,102,False
Lewis and Clark Village,MO,102,False
Brush Creek,OK,102,False
Lakeside Village,OK,102,False
Oswayo,PA,102,False
Minneiska,MN,102,False
Dante,SD,102,False
Perkinsville,IN,102,False
Osaka,VA,102,False
Sperry,IA,101,False
Cottonwood,OK,101,False
Springtown,AR,101,False
Winthrop,AR,101,False
Riverton,NE,101,False
Sanford,TX,101,False
Boxley,IN,101,False
Panola,OK,101,False
Perkins,GA,101,False
Birch Creek Colony,MT,101,False
Jansen,NE,101,False
Beecher Falls,VT,101,False
Government Camp,OR,101,False
Ratliff City,OK,101,False
Littleton,IL,101,False
Hansell,IA,101,False
Burna,KY,101,False
McCracken,KS,101,False
Alberta,MN,101,False
Post Mountain,CA,101,False
Nemaha,IA,101,False
Sailor Springs,IL,101,False
Washington,AR,100,False
Steptoe,WA,100,False
Los Cerrillos,NM,100,False
Eagles Mere,PA,100,False
Clear Lake,SD,100,False
Starbuck,WA,100,False
Eagle,MI,100,False
Copper Harbor,MI,100,False
Pattison,MS,100,False
Independence,UT,100,False
New Amsterdam,IN,100,False
Round Mountain,CA,100,False
Hudson,KS,100,False
Table Rock,PA,100,False
Sardinia,IN,100,False
Keystone,IN,100,False
Arthur,NE,100,False
Viking,MN,100,False
Oreminea,PA,100,False
Alexandria,NE,100,False
Pottery Addition,OH,100,False
Opheim,MT,100,False
Windom,TX,100,False
Steinauer,NE,100,False
Heartwell,NE,100,False
Clearmont,WY,99,False
Eagle,AK,99,False
Orchard,IA,99,False
Reid,MD,99,False
Keystone,WV,99,False
Fingerville,SC,99,False
Jacksonport,AR,99,False
Tucker,AR,99,False
Dexter,KY,99,False
Brookston,MN,99,False
Nemaha,NE,99,False
Detmold,MD,99,False
Lafferty,OH,99,False
Big Foot Prairie,WI,99,False
Pumpkin Hollow,OK,99,False
Whitewater,MT,99,False
Browning,IL,99,False
McLean,NE,99,False
Northboro,IA,99,False
Woodford,WI,99,False
Bloomingdale,OH,99,False
Comstock,NE,99,False
Nelson,MO,99,False
Roscoe,NE,99,False
Denton,MO,99,False
Montpelier,ND,99,False
Holladay,TN,99,False
Loomis,WA,98,False
Lastrup,MN,98,False
Beaver,AR,98,False
Verdi,CA,98,False
Warwick,ND,98,False
Montaqua,MT,98,False
Organ,NM,98,False
Rains,SC,98,False
Whale Pass,AK,98,False
Bippus,IN,98,False
Sereno del Mar,CA,98,False
Paden,MS,98,False
Bloomfield,IL,98,False
Dixie,WV,98,False
Salineño,TX,98,False
Milfay,OK,98,False
Worthington,WV,98,False
Blue Sky,CO,98,False
Spring Hill,MN,98,False
Akhiok,AK,98,False
Gunn City,MO,98,False
Wardsboro,VT,98,False
Istachatta,FL,98,False
Prattsville,NY,98,False
Maxbass,ND,98,False
Marne,IA,98,False
Lake Valley,NM,98,False
Eddyville,NE,98,False
Lelia Lake,TX,98,False
Fenwick,WV,98,False
Brooks Mill,PA,97,False
Holland,MO,97,False
Nelson,MN,97,False
Rock,KS,97,False
Theba,AZ,97,False
Adin,CA,97,False
Adamsburg,PA,97,False
Hoyt,OK,97,False
Gordon,WI,97,False
Eva,TN,97,False
Tippecanoe,OH,97,False
Burrows,IN,97,False
Gardners,PA,97,False
Odessa,MN,97,False
Laud,IN,97,False
Longfellow,PA,97,False
Niles,KS,97,False
Taft,OK,97,False
Greenwater,WA,97,False
Cortland,IN,97,False
McDonald,NC,97,False
Sumner,MO,97,False
Pike,CA,97,False
Burnt Prairie,IL,97,False
Smithville,OK,97,False
Flute Springs,OK,97,False
Orviston,PA,97,False
Willard,KS,97,False
Raglesville,IN,97,False
Baker,OK,97,False
Tylersburg,PA,97,False
Agar,SD,97,False
Mountain,ND,97,False
Big Creek,CA,97,False
Brady,MT,97,False
Hidalgo,IL,97,False
Vining,MN,97,False
Gold Mountain,CA,97,False
Pawnee,TX,97,False
Belvidere,SD,97,False
Locust Mount,VA,97,False
Literberry,IL,97,False
Smithfield,NE,96,False
Ware Place,SC,96,False
Squaw Lake,MN,96,False
Crystal,ND,96,False
Old Ripley,IL,96,False
Merriman,NE,96,False
Hope,ID,96,False
Maiden Rock,WI,96,False
Foundryville,PA,96,False
Westboro,MO,96,False
Tobias,NE,96,False
Brumley,MO,96,False
Blakeslee,OH,96,False
Garden City,SD,96,False
Woody,CA,96,False
Newtok,AK,96,False
Homewood,PA,96,False
Harman,WV,96,False
Mooresville,MO,96,False
Wright,KS,96,False
Dodge,ND,96,False
Garvin,MN,96,False
Chemult,OR,96,False
Estelline,TX,96,False
Pella,WI,96,False
Jericho,AR,96,False
Weeksville,MT,96,False
Winston,MT,96,False
Wallowa Lake,OR,96,False
Luna,NM,96,False
Matlacha Isles-Matlacha Shores,FL,96,False
Bud,WV,96,False
Strayhorn,MS,96,False
Littleton,WV,96,False
Tula,MS,96,False
Arjay,KY,96,False
Talmage,KS,96,False
Zeeland,ND,96,False
Igo,CA,95,False
Allenville,IL,95,False
Hoffman,OK,95,False
Croweburg,KS,95,False
Yarmouth,IA,95,False
Filley,NE,95,False
Kickapoo Site 1,KS,95,False
Whittlesey,WI,95,False
Flournoy,CA,95,False
Phillips,OK,95,False
Aquilla,TX,95,False
San Juan,TX,95,False
Hebgen Lake Estates,MT,95,False
Lyden,NM,95,False
Effie,MN,95,False
Calpine,CA,95,False
Chalkyitsik,AK,95,False
Inger,MN,95,False
Addington,OK,95,False
Fulton,KS,95,False
Stonewall Gap,CO,95,False
Kenilworth,UT,95,False
Evergreen,MO,95,False
Redings Mill,MO,95,False
Skanee,MI,95,False
Mays Lick,KY,94,False
Belmore,OH,94,False
Adona,AR,94,False
Stanchfield,MN,94,False
Greenview,CA,94,False
Weldon,IA,94,False
Oatman,AZ,94,False
Higden,AR,94,False
Sycamore,SC,94,False
Raymer (New Raymer),CO,94,False
Bradley,SD,94,False
McIntire,IA,94,False
Rogers,NE,94,False
Park,KS,94,False
Antares,AZ,94,False
Blue,OK,94,False
Blackburn,OK,94,False
Carter,MT,94,False
New Bavaria,OH,94,False
Milan,KS,94,False
Luke,MD,94,False
Mount Eagle,PA,94,False
Nelson Lagoon,AK,94,False
Morningside,SD,94,False
Johannesburg,CA,94,False
Dudley,MO,94,False
Landess,IN,94,False
Vale,SD,93,False
Prospect,TN,93,False
Hookstown,PA,93,False
Bergoo,WV,93,False
New Weston,OH,93,False
Hazelton,KS,93,False
Realitos,TX,93,False
Ben Arnold,TX,93,False
Delaplaine,AR,93,False
Mitchell,IA,93,False
Formoso,KS,93,False
Franklin,AZ,93,False
Mount Auburn,IN,93,False
Kingston,NM,93,False
Pearl,IL,93,False
Moore,TX,93,False
Marmarth,ND,93,False
Rose Farm,OH,93,False
Kennedy Meadows,CA,93,False
Pajaro Dunes,CA,93,False
Country Life Acres,MO,93,False
McKittrick,CA,93,False
Wann,NE,93,False
Trego,WI,93,False
St. Omer,IN,93,False
Eldridge,AL,93,False
Shade Gap,PA,93,False
C-Road,CA,93,False
Mooresville,AL,93,False
Whitmer,WV,93,False
Crows Nest,IN,93,False
McClave,CO,93,False
Loretto,NE,93,False
Ramona,KS,93,False
Elk Falls,KS,93,False
Pulpotio Bareas,NM,93,False
Goodwin,SD,92,False
Newhalen,AK,92,False
Redfield,KS,92,False
Bucyrus,KS,92,False
Bell Center,WI,92,False
Clacks Canyon,AZ,92,False
McKittrick,MO,92,False
Louisburg,MO,92,False
Danbury,WI,92,False
Chuathbaluk,AK,92,False
Iglesia Antigua,TX,92,False
Marvel,CO,92,False
High Amana,IA,92,False
Jeisyville,IL,92,False
Vance,SC,92,False
Ulmer,SC,92,False
Sour John,OK,92,False
Bethesda,AR,92,False
Memphis,NE,92,False
Deer Lick,OK,92,False
Lowndesboro,AL,92,False
Argenta,MT,92,False
Pine Grove,OR,92,False
Smithville,AR,92,False
Hasty,CO,92,False
Hobbs,IN,92,False
Valley,WA,92,False
Centropolis,KS,92,False
Lexa,AR,92,False
Craig,MO,92,False
South Bend,NE,92,False
Sykeston,ND,92,False
Weston,IA,91,False
Willow City,ND,91,False
Teterboro,NJ,91,False
Bejou,MN,91,False
Campo Bonito,AZ,91,False
Sprague,NE,91,False
Brookhurst,WY,91,False
Rapelje,MT,91,False
Melvina,WI,91,False
Winchester,AR,91,False
Lakeview,AL,91,False
Orin,WY,91,False
North Lilbourn,MO,91,False
Atwood,OK,91,False
Carson Valley,PA,91,False
Jennings,KS,91,False
Greycliff,MT,91,False
Stockholm,WI,91,False
Springlake,TX,91,False
Cushing,NE,91,False
Allenville,MO,91,False
Alderpoint,CA,91,False
Quemado,TX,91,False
North Hurley,NM,91,False
Hilltown,VA,91,False
Ebro,MN,91,False
Pomaria,SC,91,False
Oakland,AR,91,False
Elk Mountain,WY,91,False
Levant,KS,90,False
Munjor,KS,90,False
Canehill,AR,90,False
Ericson,NE,90,False
O'Brien,TX,90,False
Ouzinkie,AK,90,False
Prathersville,MO,90,False
Chiawuli Tak,AZ,90,False
Macon,NC,90,False
Buck Creek,IN,90,False
Camden,MO,90,False
Corona,NM,90,False
Villarreal,TX,90,False
Sierra Village,CA,90,False
Nessen City,MI,90,False
Methow,WA,90,False
Dellrose,TN,90,False
Browntown,SC,90,False
Golden Gate,IL,90,False
Olmitz,KS,90,False
Las Nutrias,NM,90,False
Wagner,PA,90,False
Cowlington,OK,90,False
Stafford,OH,90,False
Gate,OK,90,False
Willis Wharf,VA,90,False
Cullison,KS,90,False
Parker,WA,90,False
Mound City,SD,90,False
Streeter,ND,90,False
Thorp,WA,90,False
Church Creek,MD,90,False
Shannon City,IA,89,False
Milledgeville,OH,89,False
Santa Cruz,AZ,89,False
Scottsburg,NY,89,False
Cross Plains,IN,89,False
Tselakai Dezza,UT,89,False
Colona,CO,89,False
Sequoia Crest,CA,89,False
Dodgingtown,CT,89,False
Put-in-Bay,OH,89,False
Dolliver,IA,89,False
Upper Red Hook,NY,89,False
Coleharbor,ND,89,False
Riverview Estates,MO,89,False
Yankee Lake,OH,89,False
Oak Ridge,LA,89,False
Shellytown,PA,89,False
Bloomingville,OH,89,False
Needham,AL,89,False
McKay,OR,89,False
Tasley,VA,89,False
Batesland,SD,89,False
Broughton,OH,89,False
Orovada,NV,89,False
Choptank,MD,89,False
South Fork,MO,89,False
Black Springs,AR,89,False
McNab,AR,89,False
Gratz,KY,89,False
Carrier,OK,89,False
Dickey,ND,89,False
Mendeltna,AK,89,False
Rimini,MT,89,False
Sunburg,MN,89,False
Vernon,IL,89,False
Bragg City,MO,89,False
Nielsville,MN,88,False
Dumb Hundred,PA,88,False
Weed,NM,88,False
Fairview,SD,88,False
Barronett,WI,88,False
Coolidge,KS,88,False
Oscarville,AK,88,False
Lake Annette,MO,88,False
Wallula,WA,88,False
Sims,IN,88,False
Browndell,TX,88,False
Olowalu,HI,88,False
Saverton,MO,88,False
Townsend,WI,88,False
Lago Vista,TX,88,False
Ali Molina,AZ,88,False
Kipp,KS,88,False
Antimony,UT,88,False
Prosser,NE,88,False
St. Clairsville,PA,88,False
Havana,ND,88,False
Armagh,PA,88,False
Greenwich,KS,88,False
Letts,IN,88,False
Willowbrook,KS,88,False
Evergreen,TX,88,False
Connelsville,MO,88,False
Brick Center,CO,88,False
Lookeba,OK,88,False
Bogue,KS,88,False
Gove City,KS,88,False
St. Anthony,IA,88,False
Regan,ND,88,False
Commiskey,IN,88,False
Council Hill,OK,88,False
Water Valley,KY,88,False
Westford,NY,88,False
Salem,NE,88,False
Otter Lake,NY,88,False
Oldtown,MD,87,False
Edie,PA,87,False
Ivan,AR,87,False
Twin Lakes CDP (Mono County),CA,87,False
Grafton,VT,87,False
Hannaford,ND,87,False
McIntosh,SD,87,False
Taft,LA,87,False
Fortescue,NJ,87,False
Cylinder,IA,87,False
Beaver,AK,87,False
Peoa,UT,87,False
Marseilles,OH,87,False
Ramah,CO,87,False
Ahmeek,MI,87,False
Rockport,IL,87,False
Edinburg,MO,87,False
Floyd,NM,87,False
Oak Grove,AR,87,False
Clifton Hill,MO,87,False
Nikolai,AK,87,False
Chugcreek,WY,87,False
Osage,OK,87,False
Lakeview North,WY,87,False
Douglas,ND,87,False
Reeder,ND,86,False
Kendrick,OK,86,False
Leon,OK,86,False
Millerdale Colony,SD,86,False
Novice,TX,86,False
Hiwassee,VA,86,False
Jacksonville,MO,86,False
Cumminsville,NY,86,False
Narka,KS,86,False
Isabella,OK,86,False
Panola,AL,86,False
Dunbar,WI,86,False
Fort Ripley,MN,86,False
Ellisville,IL,86,False
Hunnewell,KS,86,False
Makoti,ND,86,False
Naomi,PA,86,False
Bow Valley,NE,86,False
Del Mar Heights,TX,86,False
Glen Echo Park,MO,86,False
Plover,IA,86,False
Orchard,CO,86,False
Valencia CDP (Santa Fe County),NM,86,False
Brownington,MO,86,False
Penermon,MO,86,False
Darwin,CA,86,False
Headrick,OK,86,False
Petroleum,IN,85,False
Old Agency,MT,85,False
Silerton,TN,85,False
Novelty,MO,85,False
Old Appleton,MO,85,False
Maeystown,IL,85,False
White Lake CDP (Sullivan County),NY,85,False
Triumph,IL,85,False
Bennett Springs,NV,85,False
Humphreys,MO,85,False
Basco,IL,85,False
La Carla,TX,85,False
Uncertain,TX,85,False
Mount Ayr,IN,85,False
Ethelsville,AL,85,False
Coaldale borough (Bedford County),PA,85,False
Mertens,TX,85,False
Rossmore,WV,85,False
Iron Junction,MN,85,False
Englewood,KS,85,False
Dundee,MN,85,False
Bradley,CA,85,False
Wentworth,MO,85,False
Fairview,WY,85,False
Beurys Lake,PA,85,False
Como,NC,85,False
St. Louis,OK,85,False
Glen Flora,WI,85,False
Kingvale,CA,85,False
Perryville,AK,85,False
Wiota,IA,84,False
San Cristobal,NM,84,False
Rives,MO,84,False
Scircleville,IN,84,False
Grayson,MO,84,False
Dotyville,OK,84,False
Primrose,AK,84,False
Lyons,SD,84,False
Parkerville,KS,84,False
Blaine,KY,84,False
Yale,IL,84,False
Buckeye,IA,84,False
Westdale,TX,84,False
Plano,IA,84,False
Alcova,WY,84,False
St. Clement,MO,84,False
Cowan,IN,84,False
Allison,TX,84,False
Struble,IA,84,False
Tindall,MO,84,False
Dixon,NE,84,False
Hagarville,AR,84,False
Hillisburg,IN,84,False
Gaylord,KS,84,False
E. Lopez,TX,84,False
Shelltown,PA,84,False
Norwich,OH,84,False
Interlaken,UT,84,False
Belmar,NE,84,False
Gum Springs,AR,84,False
Dora,AR,84,False
Westwood,IA,84,False
Rock Point,MD,84,False
Volant,PA,84,False
Adamsville,PA,83,False
Adeline,IL,83,False
Westport,SD,83,False
Whitharral,TX,83,False
Hanna,OK,83,False
Trail Side,CO,83,False
Summit,OK,83,False
Cooke City,MT,83,False
Pontotoc,OK,83,False
Eggleston,VA,83,False
Paradise Hill,OK,83,False
Pascola,MO,83,False
Fairview,IN,83,False
Goodridge,MN,83,False
St. George,WV,83,False
Twilight,WV,83,False
Dazey,ND,83,False
Nicasio,CA,83,False
McBride,OK,83,False
Deer Park,AL,83,False
Camden,IL,83,False
Galesburg,KS,83,False
McGrew,NE,83,False
Egeland,ND,83,False
Guilford,MO,83,False
B and E,TX,83,False
Huson,MT,83,False
Springerton,IL,83,False
Erin Springs,OK,83,False
Clappertown,PA,83,False
Cornwall,CT,83,False
Deer Creek,OK,83,False
Stone Lake,WI,83,False
Wiota,WI,83,False
Livonia,IN,83,False
Melmore,OH,83,False
Burtrum,MN,83,False
Peck,KS,82,False
Longview,IL,82,False
Sylvarena,MS,82,False
Tamassee,SC,82,False
Kathryn,ND,82,False
Kasaan,AK,82,False
Ponshewaing,MI,82,False
Littlefield,AZ,82,False
Cañones,NM,82,False
Alleene,AR,82,False
Coyanosa,TX,82,False
La Bolt,SD,82,False
Danville,WA,82,False
Dell City,TX,82,False
Schuyler Lake,NY,82,False
Wawaka,IN,82,False
Fowler,IL,82,False
Gibson Flats,MT,82,False
Bowring,OK,82,False
Manassas,GA,82,False
Buchanan,ND,82,False
Stonyford,CA,82,False
Rutland,ND,82,False
Hamilton,IA,82,False
Smiths Ferry,ID,82,False
Calvary,GA,82,False
Center Point,AR,82,False
Argonne,WI,82,False
Wanda,MN,82,False
Bache,OK,81,False
Stanley,IA,81,False
Florence,IN,81,False
Viola,DE,81,False
McDougal,AR,81,False
Dawn,MO,81,False
Tumacacori-Carmen,AZ,81,False
Miami,MO,81,False
Cottonwood,SD,81,False
Beaver Bay,MN,81,False
Gerty,OK,81,False
Orrtanna,PA,81,False
Vining,IA,81,False
Lumberton,NM,81,False
Fleming,MO,81,False
Defiance,MO,81,False
Loma,MT,81,False
Scottville,IL,81,False
Valmont,CO,81,False
Palo Verde,CA,81,False
Macksburg,IA,81,False
Downey,IA,81,False
Washita,OK,81,False
Powhattan,KS,81,False
Conrath,WI,81,False
Uniontown,AR,81,False
Martin,NE,81,False
Slana,AK,81,False
Marietta,IL,81,False
Gulfport,IL,81,False
Willington,SC,80,False
Tallapoosa,MO,80,False
Seeley,NJ,80,False
Darfur,MN,80,False
Hazel Run,MN,80,False
Crook,CO,80,False
Mt. Bullion,CA,80,False
Collyer,KS,80,False
Piedmont,KS,80,False
Peach Orchard,AR,80,False
Quinn,SD,80,False
Box Canyon,TX,80,False
Chester,AR,80,False
Promise City,IA,80,False
Duncan,IA,80,False
Mayfield,KS,80,False
Burns City,IN,80,False
Oto,IA,80,False
Bruceton Mills,WV,80,False
Tennant,CA,80,False
Fulton,SD,80,False
Woodward,PA,80,False
Simpson,KS,80,False
Bentley,OK,80,False
New Freeport,PA,80,False
Garrett,IL,80,False
Maples,IN,80,False
Claire City,SD,80,False
Claremont,SD,80,False
Kincaid,KS,80,False
Chelsea,WI,80,False
Beltrami,MN,80,False
Emington,IL,80,False
Olive,OK,79,False
Goldville,AL,79,False
Puzzletown,PA,79,False
Weitchpec,CA,79,False
Sheppards Mill,NJ,79,False
Wheaton,KS,79,False
Guion,AR,79,False
Pierpoint,CA,79,False
Elbow Lake,MN,79,False
Mulkeytown,IL,79,False
Acton,MT,79,False
Harrison City,PA,79,False
Carpenter,IA,79,False
Branchville,CT,79,False
Ledyard,IA,79,False
Ozan,AR,79,False
Elba,MN,79,False
Wellfleet,NE,79,False
Gramling,SC,79,False
Snowville,VA,79,False
Pleasant Plain,IA,79,False
Lasana,TX,79,False
Spelter,WV,79,False
Pax,WV,79,False
Peak,SC,79,False
Deer,AR,79,False
Corona,SD,79,False
Earl,OK,79,False
New Pine Creek,CA,79,False
Dales,CA,79,False
Arkoe,MO,79,False
Lake Sumner,NM,79,False
Echo,UT,79,False
North Blenheim,NY,79,False
Ringgold,MD,79,False
Reliance,WY,79,False
Clarks Hill,SC,78,False
Springhill,FL,78,False
Reightown,PA,78,False
Fairfield,UT,78,False
Amistad,TX,78,False
Lost Springs,KS,78,False
Los Altos,TX,78,False
Jamestown,SC,78,False
Lebanon,SD,78,False
Scotland,IN,78,False
Happys Inn,MT,78,False
Rail Road Flat,CA,78,False
Dimock,SD,78,False
Burchard,NE,78,False
Glen Lyn,VA,78,False
Moclips,WA,78,False
Kildare,OK,78,False
St. Xavier,MT,78,False
Sardis,KY,78,False
Mason,WI,78,False
Weatherby,MO,78,False
Monument,KS,78,False
Arispe,IA,78,False
Lebanon,NE,78,False
Burbank,SD,78,False
Harmon,IL,78,False
Princeton,SC,78,False
California Junction,IA,78,False
Bickleton,WA,78,False
Felt,OK,78,False
McDermitt,NV,78,False
Byron,NE,77,False
Idalia,CO,77,False
Amagon,AR,77,False
Mineral,CA,77,False
Amherst,CO,77,False
Pataha,WA,77,False
Ireland,IN,77,False
Encantado,NM,77,False
Chatsworth,IA,77,False
Gracey,KY,77,False
Havana,KS,77,False
Houghton,IA,77,False
Salineño North,TX,77,False
Rossie,IA,77,False
Strawn,IL,77,False
Pyatt,AR,77,False
Long Creek,NC,77,False
Hillsdale,OK,77,False
Moundville,MO,77,False
Babcock,WI,77,False
New Middletown,IN,77,False
Garfield,NM,77,False
La Boca,NM,77,False
West Union,MN,77,False
Graysville,OH,77,False
Leeds Point,NJ,77,False
Allport,AR,76,False
Kilkenny,MN,76,False
Steele City,NE,76,False
White Earth,ND,76,False
McKinnon,WY,76,False
Naples,SD,76,False
Toronto,IA,76,False
Clyde,NJ,76,False
Penntown,IN,76,False
Brant Lake,SD,76,False
Iantha,MO,76,False
Melia,NE,76,False
Williford,AR,76,False
Amity,MO,76,False
Blanco,OK,76,False
Donnybrook,ND,76,False
Fair Oaks,OK,76,False
Sageville,IA,76,False
Sidney,IN,76,False
Westmoreland,NY,76,False
Lake Henry,MN,76,False
Tamarack,MN,76,False
Pacific Beach,WA,76,False
Cave Spring,OK,76,False
Pleasantville,IN,76,False
Camrose Colony,MT,76,False
Yale,KS,76,False
Plum Branch,SC,76,False
Zwingle,IA,76,False
Running Water,SD,76,False
Gentry,MO,76,False
Kittrell,NC,76,False
Stockton,MD,75,False
Neville,OH,75,False
Cromwell,IA,75,False
Morse Bluff,NE,75,False
Jerome,AR,75,False
Berwyn,NE,75,False
Sun Valley,TX,75,False
Union Grove,AL,75,False
Gray,IA,75,False
Marlboro,NJ,75,False
Nimrod,MN,75,False
Marrowbone,KY,75,False
Fidelity,IL,75,False
Red Rock CDP (Apache County),AZ,75,False
Strandquist,MN,75,False
Santiago,WA,75,False
Knierim,IA,75,False
St. Charles,SC,75,False
Bridger,SD,75,False
Clayton,KS,75,False
Comstock,MN,75,False
Otway,OH,75,False
Whitewater,MO,75,False
De Graff,MN,75,False
Powersville,MO,75,False
Kirk,CO,75,False
West Middletown,PA,75,False
Foresta,CA,75,False
Pena,TX,75,False
Naubinway,MI,75,False
Mount Olive,AR,75,False
Picuris Pueblo,NM,75,False
Cubero,NM,75,False
Whiting,WY,75,False
Solen,ND,74,False
Tracy,MT,74,False
Emelle,AL,74,False
Springbrook,WI,74,False
Sciota,IL,74,False
Silver Star,MT,74,False
Georgetown,AR,74,False
Evansville,AR,74,False
Geyser,MT,74,False
West Amana,IA,74,False
Turner,MI,74,False
Capulin,NM,74,False
Glenfield,ND,74,False
Rover,AR,74,False
Brazos,TX,74,False
Rivergrove,CA,74,False
Twin Lakes,WA,74,False
Big Creek,WV,74,False
Fort Fetter,PA,74,False
Point Isabel,IN,74,False
Buchanan,TN,74,False
Koyukuk,AK,74,False
Colorado Acres,TX,74,False
Peoria,CO,74,False
Galestown,MD,74,False
Zarephath,NJ,74,False
Masonville,IA,74,False
Miller's Cove,TX,74,False
Anvik,AK,74,False
Radar Base,TX,74,False
Evergreen Colony,SD,74,False
Cow Creek,SD,74,False
Russellville,IL,74,False
Whipholt,MN,74,False
Opal,WY,74,False
Chester,OK,74,False
Vicksburg CDP (Blair County),PA,74,False
Bogota,TN,74,False
Crozier,AZ,73,False
Camp Nelson,CA,73,False
Sleetmute,AK,73,False
Hallett,OK,73,False
Wolf Lake,MN,73,False
Walters,MN,73,False
Coy,AR,73,False
Symerton,IL,73,False
Ali Chukson,AZ,73,False
Ten Broeck,KY,73,False
Lehr,ND,73,False
Egypt,AR,73,False
Redwood,MS,73,False
Alix,AR,73,False
Kohls Ranch,AZ,73,False
Essary Springs,TN,73,False
Oljato-Monument Valley,AZ,73,False
New Witten,SD,73,False
Gibbs,MO,73,False
Putnam,TX,73,False
Glen Allen,MO,73,False
Union Level,VA,73,False
Tightwad,MO,73,False
Batesville,OH,73,False
Montier,MO,73,False
Holmesville,NE,73,False
Ohlman,IL,73,False
New Trier,MN,72,False
Spring Hill,IN,72,False
Bear Valley CDP (Alpine County),CA,72,False
Dawson,ND,72,False
Pilot Point,AK,72,False
Helmville,MT,72,False
Cedar Crest,PA,72,False
Big Horn,WY,72,False
Tensed,ID,72,False
Essex,MT,72,False
Jesterville,MD,72,False
Caberfae,MI,72,False
Reubens,ID,72,False
Rome,IA,72,False
Olivet,KS,72,False
Candy Kitchen,NM,72,False
Butte City,ID,72,False
Knights Ferry,CA,72,False
Lake View,IN,72,False
Sharpsburg,IA,72,False
Belvidere,TN,72,False
Farwell,NE,72,False
Colburn,IN,72,False
Caballo,NM,72,False
Slate Springs,MS,72,False
Martinsburg,NE,72,False
Loco Hills,NM,72,False
Fluvanna,TX,72,False
Arrowhead Springs,WY,72,False
Tatum,SC,72,False
Culver,KS,72,False
North Crows Nest,IN,71,False
Butte,ND,71,False
Wilson City,MO,71,False
Amanda Park,WA,71,False
Spring Hill,IA,71,False
Clontarf,MN,71,False
Westphalia,IN,71,False
Whalan,MN,71,False
Harbine,NE,71,False
Shiro,TX,71,False
Alpine,AR,71,False
Chalkhill,PA,71,False
Zenda,KS,71,False
Little City,OK,71,False
Climbing Hill,IA,71,False
Regina,NM,71,False
Bear Valley CDP (Mariposa County),CA,71,False
Caney Ridge,OK,71,False
Ihlen,MN,71,False
Bison,OK,71,False
Outlook,MT,71,False
King Lake,NE,71,False
Horace,KS,71,False
Hat Creek,CA,71,False
Ralston,IA,71,False
Pinhook Corner,OK,71,False
Fox,MT,71,False
Evan,MN,71,False
Waumandee,WI,71,False
Greenville,IA,71,False
Chitina,AK,71,False
Gardner,ND,71,False
Robertson,WY,71,False
Antelope,OR,71,False
Nathalie,VA,70,False
Alamo,ND,70,False
Popponesset Island,MA,70,False
Tibbie,AL,70,False
Beverly,IL,70,False
Calvert,AL,70,False
Loco,OK,70,False
Shelocta,PA,70,False
Umbarger,TX,70,False
Rothville,MO,70,False
Rob Roy,IN,70,False
Nightmute,AK,70,False
Benedict,KS,70,False
Sweet Grass,MT,70,False
Pingree,ND,70,False
Stark,KS,70,False
New Morgan,PA,70,False
Eyers Grove,PA,70,False
San Antonio,NM,70,False
Foster,MO,70,False
Utica,SD,70,False
Coal City,IN,70,False
Monument,PA,70,False
Everton,AR,70,False
Pamplin City,VA,70,False
Board Camp,AR,70,False
Trenton,IA,70,False
McCaskill,AR,70,False
Lake Cicott,IN,70,False
Waller,PA,69,False
Dayton Lakes,TX,69,False
Danbury,NE,69,False
Windom,KS,69,False
Purdin,MO,69,False
Reservoir,PA,69,False
Big Lake,MO,69,False
Wilsonville,NE,69,False
Turner,MT,69,False
Petronila,TX,69,False
Bartlett,KS,69,False
Cale,AR,69,False
Zalma,MO,69,False
Bath Corner,SD,69,False
Glasgow,PA,69,False
Genola,MN,69,False
Igiugig,AK,69,False
Gulkana,AK,69,False
Lumber Bridge,NC,69,False
Lima,OK,69,False
La Due,MO,69,False
Mineral,WA,69,False
West Liberty,IL,69,False
Flaming Gorge,UT,69,False
Huntley,NE,69,False
Caledonia,ND,69,False
Mammoth,WY,69,False
Panther Burn,MS,69,False
La Grange,TN,68,False
Imlay,NV,68,False
Reynolds,NE,68,False
Sycamore,OK,68,False
Glendale,CO,68,False
Akaska,SD,68,False
Manchester,KS,68,False
Summit Lake,WI,68,False
Cambridge,KS,68,False
Blocher,IN,68,False
Mehan,OK,68,False
Hayesville,IA,68,False
Wallace,SD,68,False
Jamaica,VT,68,False
Cartago,CA,68,False
Eagle Village,AK,68,False
Watson,MO,68,False
Millard,MO,68,False
Kinsman,IL,68,False
Londonderry,VT,68,False
Box Elder,MT,68,False
Trosky,MN,68,False
Cayce,KY,68,False
Pine Lake,AZ,68,False
Zinc,AR,68,False
Melstone,MT,68,False
Waterbury,NE,68,False
Rutledge,MO,68,False
Grenville,SD,68,False
Pekin,ND,68,False
Buckhorn,KY,68,False
Point of Rocks,WY,68,False
Hardy,MT,68,False
Turtle River,MN,67,False
Woodsville,NY,67,False
Chillicothe,IA,67,False
Georgetown,MN,67,False
Woodbury,KY,67,False
Dayton,AL,67,False
Rivervale,AR,67,False
Juliustown,NJ,67,False
Marysville,IA,67,False
Sportsmans Park,OR,67,False
Klukwan,AK,67,False
Radersburg,MT,67,False
Leslie,MO,67,False
De Soto,GA,67,False
Belleair Shore,FL,67,False
Tuckers Crossroads,TN,67,False
Chautauqua,KS,67,False
Beulah Beach,OH,67,False
Plush,OR,67,False
St. Joseph,IA,67,False
Garceno,TX,67,False
Jennette,AR,67,False
Dunning,NE,67,False
Keddie,CA,67,False
Mountain View CDP (Cibola County),NM,67,False
Milford,IN,67,False
Herrick,SD,67,False
Yorkshire,OH,67,False
Tradesville,SC,67,False
Selz,ND,66,False
Levasy,MO,66,False
Columbus,ND,66,False
Kenneth,MN,66,False
Albion,OK,66,False
Brentwood Colony,SD,66,False
Heeney,CO,66,False
Aurora,KS,66,False
De Borgia,MT,66,False
Paac Ciinak,WI,66,False
Graham,AL,66,False
Newport,NE,66,False
Eddyville,IL,66,False
Beedeville,AR,66,False
Craig,IA,66,False
Ross Corner,NJ,66,False
Lorton,NE,66,False
Clinchport,VA,66,False
Brenton,WV,66,False
Oklaunion,TX,66,False
Brentford,SD,66,False
Mulberry,OK,66,False
Sunny Slopes,CA,66,False
Gloster,LA,66,False
Eagle Rock,MO,66,False
Maramec,OK,66,False
New Market,MO,66,False
Shageluk,AK,65,False
Holloway,MN,65,False
Barstow,IL,65,False
Avilla,MO,65,False
Bringhurst,IN,65,False
Tuttle,CA,65,False
Dougherty,IA,65,False
Clifford,ND,65,False
Gabbs,NV,65,False
Strandburg,SD,65,False
Pancoastburg,OH,65,False
St. Paul,IA,65,False
Catarina,TX,65,False
Sharon,ND,65,False
Mount Judea,AR,65,False
Fort Hill,OR,65,False
Morristown,SD,65,False
Clayton,IA,65,False
Randsburg,CA,65,False
Patmos,AR,65,False
Bowmore,NC,65,False
Randalia,IA,65,False
Peru,PA,65,False
Grayridge,MO,65,False
Goodyears Bar,CA,65,False
Preble,IN,65,False
Duffield,VA,65,False
Penton,AL,65,False
Yucca,AZ,65,False
Unity Village,MO,65,False
Atlantic,PA,64,False
Goff,KS,64,False
Glade,KS,64,False
Grovespring,MO,64,False
Billingsley,AL,64,False
New Alluwe,OK,64,False
Elwin,IL,64,False
Nodaway,IA,64,False
Little Orleans,MD,64,False
Casmalia,CA,64,False
Big Flat,AR,64,False
Brandon,MT,64,False
Revere,MN,64,False
Strang,OK,64,False
Tunnelton,IN,64,False
Vera Cruz,IN,64,False
Rea,MO,64,False
Menoken,ND,64,False
Bristow,NE,64,False
Sasakwa,OK,64,False
Abbyville,KS,64,False
Blackfoot,MT,64,False
Vermillion,KS,64,False
Arco,MN,64,False
Oak Grove,OK,64,False
Strawberry CDP (Tuolumne County),CA,64,False
Beards Fork,WV,64,False
St. Charles,VA,64,False
Frankewing,TN,64,False
Tuskahoma,OK,64,False
Redding,IA,64,False
Hubbell,NE,64,False
Maxatawny,PA,64,False
Faxon,OK,64,False
Farlington,KS,64,False
Tierra Bonita,TX,64,False
Casselman,PA,64,False
Jonestown,PA,64,False
Barrelville,MD,64,False
Grant,IA,64,False
Ethel,MO,64,False
Ringo,KS,64,False
Taos Ski Valley,NM,64,False
Piqua,KS,64,False
Galesburg,ND,63,False
Waukena,CA,63,False
Nye,MT,63,False
Dora,NM,63,False
Three Mile Bay,NY,63,False
Paoli,CO,63,False
Turner Colony,MT,63,False
Fullerton,ND,63,False
Pierpont,MO,63,False
Rockbridge,OH,63,False
Foxholm,ND,63,False
Bisbee,ND,63,False
Port Heiden,AK,63,False
Bagnell,MO,63,False
Paskenta,CA,63,False
Green Sea,SC,63,False
Odanah,WI,63,False
Ashwood,SC,63,False
Blenheim,SC,63,False
Watkins,IA,63,False
Skwentna,AK,63,False
Wasta,SD,63,False
Caddo Gap,AR,63,False
Eagle River,MI,63,False
Laconia,IN,63,False
Driscoll,ND,63,False
Latham,MO,63,False
Birmingham,PA,63,False
East Montpelier,VT,63,False
Alleghany,CA,63,False
Zurich,KS,63,False
Lincolnville,PA,62,False
Mud Bay,AK,62,False
Highland Beach,MD,62,False
Millersburg,IL,62,False
Fidelis,FL,62,False
Royal,NE,62,False
Woodruff,AZ,62,False
Farmer,SD,62,False
Rodney,IA,62,False
Flemington,MO,62,False
Roy Lake,MN,62,False
Jones Mills,AR,62,False
Whitney,NE,62,False
Virginia,NE,62,False
Shirley,IL,62,False
Dawson,MD,62,False
Pleasanton,IA,62,False
Flaxville,MT,62,False
Excursion Inlet,AK,62,False
Peach Creek,WV,62,False
Orrum,NC,62,False
Knowlton,WI,62,False
Pilsen,KS,62,False
Lisbon,MD,62,False
El Rancho,CA,62,False
Crown Point,AK,62,False
Maskell,NE,62,False
Lanesboro,IA,62,False
Clark Colony,SD,62,False
Colwell,IA,62,False
Randlett,UT,62,False
Quesada,TX,62,False
Kickapoo Site 7,KS,62,False
Standing Rock,AL,62,False
Fellows,CA,62,False
Luray,MO,62,False
Westview Circle,WY,62,False
Lone Chimney,OK,61,False
Miltonsburg,OH,61,False
Miston,TN,61,False
Clawson,UT,61,False
Escudilla Bonita,NM,61,False
Deering,MO,61,False
Funkley,MN,61,False
Fargo,AR,61,False
Tierra Grande,TX,61,False
Somerset,CO,61,False
Beyerville,AZ,61,False
Glen Jean,WV,61,False
Plainville,OH,61,False
Cliffdell,WA,61,False
Nelagoney,OK,61,False
Carrick,CA,61,False
Vining,KS,61,False
Hashtown,IN,61,False
Henry,NE,61,False
Oakwood,OK,61,False
Churchville,VA,61,False
Putnam,AL,61,False
Quamba,MN,61,False
Anthonyville,AR,61,False
Newburg,ND,61,False
Pettibone,ND,61,False
Maish Vaya,AZ,61,False
Crystal Downs Country Club,MI,61,False
Haswell,CO,61,False
Guernsey,IA,61,False
Whitehawk,CA,61,False
Paris,VA,60,False
Hendrix,OK,60,False
Aldrich,MO,60,False
Brian Head,UT,60,False
Holt,MN,60,False
El Morro Valley,NM,60,False
Mutual,OH,60,False
White Mesa,UT,60,False
Ong,NE,60,False
Sunset CDP (Starr County),TX,60,False
Essig,MN,60,False
Amherstdale,WV,60,False
Tupelo,AR,60,False
Keenes,IL,60,False
Union Hill,IL,60,False
Carmet,CA,60,False
Marysville,MT,60,False
Branson,CO,60,False
Esbon,KS,60,False
Flowing Springs,AZ,60,False
Longoria,TX,60,False
Marshfield,IN,60,False
Windmill,NM,60,False
Drytown,CA,60,False
Cherry Valley,PA,60,False
Olivet,SD,60,False
Hessville,OH,60,False
Milton,ND,60,False
Whitesville,VA,60,False
Smith Village,OK,60,False
Crestline,KS,60,False
Prescott,OR,60,False
Antietam,MD,60,False
Lorenzo,IL,60,False
Tintah,MN,60,False
Elsmore,KS,59,False
Leonidas,MN,59,False
La Salle,MN,59,False
Blairstown,MO,59,False
Worthville,PA,59,False
Nunam Iqua,AK,59,False
Rockport,WA,59,False
Speed,NC,59,False
Hot Springs Landing,NM,59,False
South Lead Hill,AR,59,False
Agenda,KS,59,False
Joslin,IL,59,False
Junction,IL,59,False
Mizpah,MN,59,False
Green Bank,WV,59,False
Paisano Park,TX,59,False
Datto,AR,59,False
Abie,NE,59,False
Cutler,IN,59,False
Little Browning,MT,59,False
Tilleda,WI,59,False
Thornburg,IA,59,False
Morrison,MO,59,False
Newburg borough (Clearfield County),PA,59,False
Swan,IA,59,False
Harrisburg,NE,59,False
Watrous,NM,59,False
Brooksburg,IN,59,False
Tennant,IA,59,False
Buckskin,IN,59,False
Ravanna,MO,59,False
Bowman,AR,59,False
Carbon,IA,59,False
Canyon Creek,MT,59,False
Kysorville,NY,59,False
Belvidere,NE,59,False
Ricketts,IA,59,False
Ravinia,SD,59,False
Green Valley,WI,59,False
Chili,IN,59,False
Rectortown,VA,59,False
Volcano,CA,59,False
Wheatland,ND,58,False
Reserve,KS,58,False
Frisbee,MO,58,False
Millwood,GA,58,False
Nimmons,AR,58,False
Kirkman,IA,58,False
Iola,IL,58,False
Cayuse,OR,58,False
Balltown,IA,58,False
New Haven,IA,58,False
Bon Air,AL,58,False
Laporte,MN,58,False
Takotna,AK,58,False
Fontanelle,NE,58,False
Saxon,WI,58,False
Montreal,MO,58,False
McHenry,ND,58,False
McCool,MS,58,False
Hartville,WY,58,False
Sun River,MT,58,False
Maverick Mountain,MT,58,False
Barrville,PA,58,False
Lake Mary Ronan,MT,58,False
Ponderosa,CA,58,False
Gulfcrest,AL,58,False
Turton,SD,58,False
Littlejohn Island,ME,58,False
Chenega,AK,58,False
House,NM,57,False
Tillatoba,MS,57,False
St. George,AK,57,False
North Harlem Colony,MT,57,False
Pelican,AK,57,False
Taswell,IN,57,False
Manuel Garcia,TX,57,False
Martin,ND,57,False
Easton,WI,57,False
Annapolis,IL,57,False
Cottage Grove,TN,57,False
Clinton,NE,57,False
Lemoyne,NE,57,False
Wood,SD,57,False
Waldenburg,AR,57,False
San Acacio,CO,57,False
Stratton Mountain,VT,57,False
Pueblito,NM,57,False
New Lisbon,IN,57,False
Oakhaven,AR,57,False
Cobbtown,FL,57,False
Fortuna,MO,57,False
Wilburton Number Two,PA,57,False
Gardner,CO,57,False
Beaver,IA,57,False
Millgrove,IN,57,False
Carlton,AL,57,False
Augusta,IA,57,False
St. Anthony city (Stearns County),MN,57,False
Tschetter Colony,SD,57,False
Grandfather Village,NC,57,False
Stratford,SD,57,False
Ranger,GA,57,False
West Dummerston,VT,57,False
Souris,ND,57,False
Viola,ID,57,False
Mauckport,IN,57,False
Vanderwagen,NM,57,False
Scarville,IA,57,False
Bath,SD,56,False
Govan,SC,56,False
Jacksonville CDP (Centre County),PA,56,False
Sekiu,WA,56,False
Alamo,IN,56,False
Sheridan Lake,CO,56,False
Moffett,OK,56,False
New Albany,KS,56,False
Briarwood,ND,56,False
Underhill Center,VT,56,False
Hallowell,KS,56,False
Glen,MT,56,False
Belle Prairie City,IL,56,False
Lavinia,TN,56,False
Eckerty,IN,56,False
Kramer,IN,56,False
Matfield Green,KS,56,False
Chelsea,SD,56,False
Boon,MI,56,False
Fay,OK,56,False
Allisonia,VA,56,False
Choctaw Valley,CA,56,False
Kalapana,HI,56,False
Fiddletown,CA,56,False
Las Lomitas,TX,56,False
Shallow Water,KS,56,False
Allendale,MO,56,False
Riceville,PA,55,False
East Brooklyn,IL,55,False
Revere,MO,55,False
Home,KS,55,False
Leggett,NC,55,False
Rendville,OH,55,False
Durham,KS,55,False
Jump River,WI,55,False
Guadalupe Guerra,TX,55,False
Smicksburg,PA,55,False
Balta,ND,55,False
Mosby,MO,55,False
Upperville,VA,55,False
Truxton,MO,55,False
Hitchita,OK,55,False
Cross Village,MI,55,False
Stuttgart,KS,55,False
Nashua,MN,55,False
Frystown,PA,55,False
Leonard,MO,55,False
Dalton,MO,55,False
Southside Chesconessex,VA,55,False
Broseley,MO,55,False
Lamoille,NV,55,False
South Fork Estates,TX,55,False
Briggs,TX,55,False
Barstow,WA,54,False
Calverton,VA,54,False
Eagle Creek Colony,MT,54,False
Moffat,CO,54,False
Ronneby,MN,54,False
Fishers Landing,NY,54,False
Aredale,IA,54,False
Everett,GA,54,False
Valera,TX,54,False
Irvington,IA,54,False
Fortuna,ND,54,False
Tygh Valley,OR,54,False
Chignik,AK,54,False
Sunset Colony,SD,54,False
West Kill,NY,54,False
Blackgum,OK,54,False
Washington,VA,54,False
Soda Springs,CA,54,False
Indian Creek,FL,54,False
Karlsruhe,ND,54,False
Hornitos,CA,54,False
Ortley,SD,54,False
Slater,WY,54,False
Centerville (Thurman),OH,54,False
Maloy,IA,54,False
Chinese Camp,CA,54,False
West Cornwall,CT,54,False
Hockingport,OH,54,False
Vanoss,OK,54,False
Glenwood,NM,54,False
Unity,IL,54,False
Myrtle,MN,54,False
Geeseytown,PA,54,False
Whitewater,IN,54,False
Jenkinsville,SC,54,False
Centrahoma,OK,54,False
Dwight,ND,54,False
Prince,WV,53,False
Dresser,IN,53,False
Tuttle,ND,53,False
Fishers Island,NY,53,False
Longford,KS,53,False
Vida,MT,53,False
Philo,CA,53,False
Fox,OK,53,False
Canoe Creek,PA,53,False
Lake City,SD,53,False
Lake Aluma,OK,53,False
South Naknek,AK,53,False
Winterhaven,CA,53,False
Saddle Ridge,CO,53,False
Pine Grove,WA,53,False
Fords Creek Colony,MT,53,False
Archer,NE,53,False
Parshall,CO,53,False
Rancho Chico,TX,53,False
Courtenay,ND,53,False
Twin Hills,AK,53,False
Thynedale,VA,53,False
Violet Hill,AR,53,False
Taopi,MN,53,False
Altoona,WA,53,False
St. Clair,PA,53,False
Mount Leonard,MO,53,False
Numa,IA,53,False
Mayfield Colony,SD,53,False
La Porte,CA,52,False
Dundarrach,NC,52,False
Rinard,IA,52,False
Wamic,OR,52,False
Dennis Acres,MO,52,False
London,IN,52,False
Aten,NE,52,False
Sun City,KS,52,False
Nassau,MN,52,False
Murdock,KS,52,False
Nekoma,IL,52,False
Rodriguez Camp,CA,52,False
Reader,AR,52,False
Carlos,MD,52,False
Ingram,WI,52,False
Simpson,IL,52,False
Miller,IA,52,False
Jessie,ND,52,False
Harris,MO,52,False
Interior,SD,52,False
Callimont,PA,52,False
Levering,MI,52,False
Youngsville,NM,52,False
Santa Rita,MT,52,False
California,KY,52,False
Garey,CA,52,False
Magnet,NE,52,False
Ionia,MO,52,False
Marie,AR,51,False
Ekwok,AK,51,False
Somerset,KS,51,False
Oyehut,WA,51,False
Poplar Grove,AR,51,False
Kim,CO,51,False
Tooleville,CA,51,False
Russian Mission,AK,51,False
Mercer,TN,51,False
Barney,ND,51,False
Ideal,SD,51,False
Learned,MS,51,False
La Loma de Falcon,TX,51,False
Rome (Stout),OH,51,False
Nome,ND,51,False
North River,ND,51,False
Emet,OK,51,False
Waldo,KS,51,False
Renfrow,OK,51,False
Ohiopyle,PA,51,False
Shamrock Colony,SD,51,False
Sherman,SD,51,False
De Witt,MO,51,False
Soldier,KS,51,False
White Oak,MO,51,False
Leopolis,WI,51,False
Hazel Green,KY,51,False
Imogene,IA,51,False
Hartman,CO,51,False
La Prairie,IL,51,False
Raynesford,MT,51,False
Berlin,ND,51,False
Codell,KS,50,False
Elmdale,KS,50,False
Wallace,KS,50,False
Coyville,KS,50,False
Culp,PA,50,False
South Gifford,MO,50,False
Manning,ND,50,False
Deerfield Street,NJ,50,False
Hodgen,OK,50,False
Severance,KS,50,False
Northwest Stanwood,WA,50,False
Galt,IA,50,False
Johnsonville,IL,50,False
Furley,KS,50,False
Cucumber,WV,50,False
Primrose,NE,50,False
Richland,NE,50,False
Larke,PA,50,False
Bushnell,SD,50,False
Rodeo,NM,50,False
Dover Hill,IN,50,False
Vivian,SD,50,False
Inavale,NE,50,False
Hartwell,MO,50,False
Octa,OH,50,False
White Bird,ID,50,False
St. Rosa,MN,50,False
Eldorado,MD,50,False
Georgetown,MD,50,False
Bassett,IA,50,False
Chamizal,NM,50,False
Floral,AR,50,False
Qui-nai-elt Village,WA,49,False
Fair Oaks,AR,49,False
Big Spring,MO,49,False
Lance Creek,WY,49,False
Brooksville,OK,49,False
Skedee,OK,49,False
Lovell,OK,49,False
Elkhorn,MT,49,False
Merwin,MO,49,False
Gully,MN,49,False
Lake Roberts,NM,49,False
Deer Grove,IL,49,False
Manzano Springs,NM,49,False
Hazard,NE,49,False
Morley,IA,49,False
Long Creek,ND,49,False
Bolivar,MS,49,False
Leona,KS,49,False
West Denton,MD,49,False
Bucyrus,ND,49,False
Clam Lake,WI,49,False
Oxly,MO,49,False
Manchester,MN,49,False
Passaic,MO,49,False
Martinez Lake,AZ,49,False
Elgin,KS,49,False
Mahaska,KS,49,False
Grace City,ND,49,False
Webb City,OK,48,False
Prairie Hill,MO,48,False
Richville,MN,48,False
Tolstoy,SD,48,False
Lopeño,TX,48,False
Phillipstown,IL,48,False
Bridgeton,IN,48,False
Raymond,SD,48,False
Harwood,TX,48,False
Newark,MO,48,False
Esterbrook,WY,48,False
Bathgate,ND,48,False
Saronville,NE,48,False
Carrsville,KY,48,False
Metz,IN,48,False
Idlewild,CA,48,False
Garrison,NE,48,False
Folsom,NM,48,False
Hoberg,MO,48,False
Hayward,MO,48,False
Liberty,NE,48,False
Climax,KS,48,False
Playas,NM,48,False
Middle Grove,MO,48,False
Dixie Union,GA,48,False
Blacksville,WV,48,False
Luis Lopez,NM,48,False
Rochester,IA,48,False
Kirby,OH,48,False
Wardville,OK,48,False
Alexandria,MO,48,False
Cardwell,MT,48,False
Morrison Bluff,AR,48,False
Lapoint,UT,48,False
Thayer,NE,47,False
Gruver,IA,47,False
Avalon,MO,47,False
Orient,WA,47,False
Fremont,UT,47,False
Sundance,UT,47,False
Barnard,KS,47,False
Deerfield,MO,47,False
New Bedford,IL,47,False
Dixonville,FL,47,False
Ward,CO,47,False
Diomede,AK,47,False
Julian,NE,47,False
Frankstown,PA,47,False
Ojo Caliente,NM,47,False
Irwin,IL,47,False
Darlington,MO,47,False
Spink Colony,SD,47,False
Baker,MN,47,False
Beaulieu,MN,47,False
Lithium,MO,47,False
Sharon,GA,47,False
Swink,OK,47,False
Movico,AL,47,False
Jud,ND,47,False
Schooner Bay,VA,47,False
Antioch,OH,47,False
Petrey,AL,47,False
Kleindale,AZ,47,False
Fittstown,OK,47,False
Coalmont,PA,47,False
Washam,WY,47,False
Monroe,AR,47,False
Erie,ND,47,False
Trail,MN,47,False
Whippoorwill,OK,47,False
Kirby,WY,47,False
Lengby,MN,46,False
Hyattville,WY,46,False
Edgewood,CA,46,False
Baldwin Park,MO,46,False
Leggett,CA,46,False
Ashland,OK,46,False
Las Palmas,TX,46,False
Woodworth,ND,46,False
Egegik,AK,46,False
La Chuparosa,TX,46,False
Strong City,OK,46,False
Hemlock,IN,46,False
Dripping Springs,OK,46,False
Cornland,IL,46,False
Long Lake,WI,46,False
Valentine,AZ,46,False
Wahak Hotrontk,AZ,46,False
Fresno,OH,46,False
Warrington,IN,46,False
Larsen Bay,AK,46,False
Cope,CO,46,False
Terlton,OK,46,False
Devon,KS,46,False
Warm Springs,AR,46,False
Diaperville,WI,46,False
Winfred,SD,46,False
Robinson,ND,46,False
Halltown,MO,46,False
Whelen Springs,AR,46,False
Dresden,KS,46,False
Sandyville,IA,46,False
Punta de Agua,NM,46,False
Warfield,VA,46,False
Milo,MO,46,False
Byersville,NY,46,False
Putnam,OK,46,False
Wabaunsee,KS,46,False
Belva,WV,46,False
Westport,MN,45,False
Middlebrook,VA,45,False
Dunlap,KS,45,False
Elk Creek,CA,45,False
Parkline,ID,45,False
Sentinel Butte,ND,45,False
Conway,WA,45,False
Coker Creek,TN,45,False
Mill Creek,IL,45,False
Nunda,SD,45,False
Normandy,TX,45,False
Bock,MN,45,False
Coburg,IA,45,False
Dundee,MS,45,False
Pleasant Valley Colony,MT,45,False
Muddy,IL,45,False
Dovray,MN,45,False
Jeffers,MT,45,False
Nashoba,OK,45,False
McDowell,VA,45,False
Oak Hall,VA,45,False
Badger Lee,OK,45,False
Moorefield,NE,45,False
Vistula,IN,45,False
Gypsy,WV,45,False
Chistochina,AK,45,False
Circle,AK,45,False
Bruno,MN,45,False
Cameron Colony,SD,45,False
Ovando,MT,44,False
Norris,MT,44,False
Annada,MO,44,False
Yoder,KS,44,False
Yznaga,TX,44,False
Andover,SD,44,False
St. Benedict,IA,44,False
Satartia,MS,44,False
Fish Lake,MN,44,False
Stanley,NM,44,False
Fairview,OH,44,False
Winnetoon,NE,44,False
Charlos Heights,MT,44,False
Flaxton,ND,44,False
Malcolm,AL,44,False
Mountain Center,CA,44,False
Powhatan,LA,44,False
Toco,TX,44,False
Janesville,IL,44,False
Osage,WV,44,False
Kremlin,MT,44,False
Alice,ND,44,False
Los Ebanos CDP (Hidalgo County),TX,44,False
Thornton,WI,44,False
Panorama Heights,CA,44,False
Oral,SD,44,False
Ritchey,MO,44,False
Elyria,NE,44,False
Regal,MN,44,False
Dolton,SD,44,False
Manele,HI,44,False
Clearview,OK,44,False
Yuba,WI,44,False
Anderson,IA,43,False
St. Vincent,MN,43,False
Thayer,IA,43,False
Orme,TN,43,False
Olivia,PA,43,False
Hadley,MN,43,False
Jovista,CA,43,False
Jardine,MT,43,False
Ripley,IL,43,False
Okaton,SD,43,False
Carlton Landing,OK,43,False
Dunbar,VA,43,False
Pulaski,IN,43,False
Marienthal,KS,43,False
Stephan,SD,43,False
Voltaire,ND,43,False
Bellfountain,OR,43,False
Goodmanville,CA,43,False
West Roy Lake,MN,43,False
Spartanburg,IN,43,False
New Elm Spring Colony,SD,43,False
Scofield,UT,43,False
Gibson,IA,43,False
Greenbackville,VA,43,False
Loveland,IA,43,False
Bluff City,KS,43,False
Pocahontas,MO,43,False
Mansfield,SD,43,False
Oak,NE,43,False
Sugden,OK,43,False
Curlew,IA,43,False
Rex,NC,42,False
Valeria,IA,42,False
Eagle Harbor,MD,42,False
Halsey,NE,42,False
Pinetown,NC,42,False
Nubieber,CA,42,False
Dodge,OK,42,False
Utica,OK,42,False
Long Barn,CA,42,False
Alexander,KS,42,False
Spring Gap,MD,42,False
Centenary,IN,42,False
Ragsdale,IN,42,False
Burgess,MO,42,False
Harrison,MT,42,False
Kerrtown,PA,42,False
Woodland,MD,42,False
King and Queen Court House,VA,42,False
Caesars Head,SC,42,False
Hensley,AR,42,False
Forestburg,SD,42,False
Lipscomb,TX,42,False
Argyle,IA,42,False
McLeod,ND,42,False
Bay Lake,FL,42,False
Deersville,OH,42,False
Brookview,MD,42,False
Brimson,MO,42,False
Wilder,MN,42,False
Seneca,SD,42,False
City of the Sun,NM,42,False
Rampart,AK,41,False
Sargeant,MN,41,False
Ophir,UT,41,False
Hollister,OK,41,False
Tancred,CA,41,False
Red Banks,MS,41,False
Manuelito,NM,41,False
Shamrock,OK,41,False
Newbury,KS,41,False
Valley Ranch,CA,41,False
Peppertown,IN,41,False
Stony River,AK,41,False
Catron,MO,41,False
Placerville,ID,41,False
Rogers,ND,41,False
Worth,MO,41,False
Eccles,WV,41,False
Ohoopee,GA,41,False
Irwin,MO,41,False
Sutton,ND,41,False
Spring Lake Colony,SD,41,False
Andres,IL,41,False
Hollowayville,IL,41,False
Dooling,GA,41,False
Twin Lakes,OK,41,False
Minturn,AR,41,False
Artas,SD,41,False
Paynesville,MO,41,False
Quintana,TX,41,False
Glen Haven,WI,41,False
Bruneau,ID,41,False
Dodson,TX,41,False
Los Arcos,TX,41,False
Fortescue,MO,41,False
Cedar,MI,41,False
Pinnacle,MT,40,False
Jalapa,IN,40,False
Amado,AZ,40,False
Peckham,OK,40,False
Englevale,ND,40,False
Timken,KS,40,False
Piedra,CO,40,False
Big Pool,MD,40,False
Grainola,OK,40,False
Lock Springs,MO,40,False
Williamstown,MO,40,False
Henriette,MN,40,False
Nondalton,AK,40,False
Golden,OK,40,False
Pondera Colony,MT,40,False
Port Clarence,AK,40,False
Neihart,MT,40,False
Fenwick,CT,40,False
Pendleton,MO,40,False
Tatitlek,AK,40,False
Umber View Heights,MO,40,False
Grenville,NM,40,False
Orient,SD,40,False
Reagan,OK,40,False
Rest Haven,GA,40,False
Clearfield Colony,SD,40,False
Columbia,VA,40,False
Rose Hill,IL,40,False
Islandton,SC,40,False
Richfield,NE,40,False
Elmer,OK,40,False
Clio,IA,40,False
Beaumont,KS,40,False
Cayuga,ND,40,False
Zurich,MT,40,False
Ayers Ranch Colony,MT,39,False
Graf,IA,39,False
Lantry,SD,39,False
Jamesville Colony,SD,39,False
Little Cedar,IA,39,False
Los Veteranos I,TX,39,False
May,OK,39,False
Spade,TX,39,False
Brookston,TX,39,False
Meadows of Dan,VA,39,False
Alfordsville,IN,39,False
Lewiston,NE,39,False
Prattville,CA,39,False
Naylor,GA,39,False
Luther,MT,39,False
Old Elm Spring Colony,SD,39,False
Weston,VT,39,False
Mojave Ranch Estates,AZ,39,False
Westland,PA,39,False
Heimdal,ND,39,False
Chignik Lagoon,AK,39,False
Ko Vaya,AZ,39,False
Altamont,SD,39,False
Horseshoe Beach,FL,39,False
Sandyville,OH,39,False
Craig,MT,39,False
Adams,IL,39,False
Lake City,IL,39,False
Pencil Bluff,AR,39,False
Canton City (Hensel),ND,39,False
Scott,MS,39,False
Ronco,PA,39,False
Gillett Grove,IA,39,False
Roseland,KS,39,False
Orland Colony,SD,39,False
Corinth,AR,39,False
Erwin,SD,39,False
Krupp,WA,39,False
Port Alexander,AK,39,False
Jacksonburg,OH,39,False
South End,MN,39,False
Sedalia,CO,38,False
Scipio,OK,38,False
Chimney Hill,VT,38,False
Curryville,PA,38,False
Anzac Village,NM,38,False
Twin Brooks,SD,38,False
Valley City,IL,38,False
Blue Knob,PA,38,False
Ree Heights,SD,38,False
Haynes,ND,38,False
Clyde,MO,38,False
Grant,MT,38,False
Coney Island,MO,38,False
Preston,NE,38,False
Oberon,ND,38,False
Utting,AZ,38,False
Monarch,MT,38,False
Blanchard,MO,38,False
Delhi,MN,38,False
Reese,PA,38,False
Pelkie,MI,38,False
Verdel,NE,38,False
Petersville,AK,38,False
Frederick,KS,38,False
Humboldt,MN,38,False
Lakeview,TX,38,False
Seven Springs,PA,38,False
Coffee Creek,MT,38,False
Oxford,ID,38,False
Whitestone,AK,38,False
Felsenthal,AR,38,False
Hamer,ID,38,False
Deep Creek,VA,38,False
Camp Crook,SD,38,False
Ski Gap,PA,38,False
Rathbun,IA,38,False
South Gorin,MO,38,False
Belpre,KS,38,False
Aldrich,MN,38,False
Jackson Junction,IA,37,False
Elohim City,OK,37,False
Fredericksburg,IN,37,False
Maryhill,WA,37,False
Broadway,NJ,37,False
McKinney,KY,37,False
El Brazil,TX,37,False
Nashville,KS,37,False
Robinson Mill,CA,37,False
Anoka,NE,37,False
Halma,MN,37,False
Burlington,TX,37,False
Gardena,ND,37,False
Elliott,ND,37,False
Bolton,VT,37,False
Lookout,CA,37,False
Illinois City,IL,37,False
White Water,OK,37,False
Fontenelle,WY,37,False
Fulton,WI,37,False
Shawmut,MT,37,False
Fairburn,SD,37,False
Durham,OK,37,False
Bunch,OK,37,False
Dutch John,UT,37,False
Buck Grove,IA,37,False
Paynes Creek,CA,37,False
Raynham,NC,37,False
Menlo,KS,37,False
Bethany,IN,37,False
Camas,MT,37,False
Martinsdale,MT,37,False
Biehle,MO,37,False
Unity,OR,37,False
Meckling,SD,37,False
Delway,NC,37,False
Sanford,VA,36,False
Arrow Rock,MO,36,False
Zion,OK,36,False
Mount Carbon,PA,36,False
Auburn,WV,36,False
Susank,KS,36,False
Gore,VA,36,False
Williams Canyon,CA,36,False
Buckhorn,NM,36,False
Lambert,MO,36,False
Seville,GA,36,False
Ellston,IA,36,False
Farwell,MN,36,False
Paradise,KS,36,False
Iron Post,OK,36,False
Sula,MT,36,False
Elizaville,IN,36,False
Etta,OK,36,False
Tinsman,AR,36,False
Kaskaskia,IL,36,False
Gardi,GA,36,False
Prairie Rose,ND,36,False
Alatna,AK,36,False
Osgood,MO,36,False
Boyd,MT,36,False
Riverside,WY,36,False
Hamlet,NE,35,False
Ashley,MO,35,False
West Scio,OR,35,False
Valley Head,WV,35,False
Cherry Fork,OH,35,False
Marcelline,IL,35,False
East Amana,IA,35,False
Fallis,OK,35,False
Surprise,NE,35,False
Worthington,MO,35,False
Driftwood,PA,35,False
Lone Elm,KS,35,False
Boykin,GA,35,False
McCaulley,TX,35,False
Faywood,NM,35,False
Encino,NM,35,False
Hawk Springs,WY,35,False
Edgemont,AR,35,False
New Hope,KY,35,False
Deweese,NE,35,False
Valmy,NV,35,False
Silverdale,KS,35,False
Yorktown,IA,35,False
Kingston,IA,35,False
Royer,PA,35,False
Norman,NE,35,False
Frytown,IA,35,False
Marley,IL,35,False
Sumatra,FL,35,False
Dwight Mission,OK,35,False
Rivers,NM,35,False
San Acacia,NM,35,False
Jewell Ridge,VA,34,False
Jeffrey City,WY,34,False
Neal,KS,34,False
Hughes,AK,34,False
Blanchard,IA,34,False
Emison,IN,34,False
Hall,MT,34,False
Aurora Center,SD,34,False
Bancroft,SD,34,False
Rockport Colony,MT,34,False
Idana,KS,34,False
Combs,KY,34,False
Ada,KS,34,False
Brewster,NE,34,False
Mantador,ND,34,False
Atmautluak,AK,34,False
Foster,NE,34,False
La Moca Ranch,TX,34,False
Urbank,MN,34,False
Loma Linda East CDP (Jim Wells County),TX,34,False
Boyds,WA,34,False
Burr,NE,34,False
Osage,WY,33,False
Crescent Mills,CA,33,False
Herrings,NY,33,False
New Wells,MO,33,False
Starkweather,ND,33,False
The Rock,GA,33,False
Luverne,ND,33,False
Padroni,CO,33,False
Wilmore,KS,33,False
Millerton,IA,33,False
Charleston Park,FL,33,False
Oak Springs,AZ,33,False
Rancho Grande,NM,33,False
Alanreed,TX,33,False
Cougar,WA,33,False
Crestone,CO,33,False
New Marion,IN,33,False
Edesville,MD,33,False
Sherman,CT,33,False
Helmer,IN,33,False
Glennville,CA,33,False
Hanksville,VT,33,False
Bushong,KS,33,False
Topeka,IL,33,False
Musselshell,MT,33,False
Virgil,KS,33,False
Wolford,ND,33,False
North Grove,IN,32,False
Douglas,OK,32,False
Arcola,MO,32,False
Padre Ranchitos,AZ,32,False
Swedona,IL,32,False
Marthaville,LA,32,False
Embden,ND,32,False
Stoutsville,MO,32,False
Lake City,CA,32,False
Hatfield,MN,32,False
Coronaca,SC,32,False
Cobre,NM,32,False
Midway,MN,32,False
Winston,NM,32,False
St. Benedict,KS,32,False
Brocket,ND,32,False
Varina,IA,32,False
Peoria,OR,32,False
Wikieup,AZ,32,False
Midway Colony,MT,32,False
Limestone,FL,32,False
Athol,KS,32,False
Coyote,NM,32,False
Willis,KS,32,False
Dancyville,TN,32,False
Homestead,OK,32,False
Blue Eye,AR,32,False
Hillsdale,WY,31,False
Watova,OK,31,False
Burney,IN,31,False
Cherokee City,AR,31,False
Delphos,IA,31,False
Big Stone Colony,MT,31,False
Leith,ND,31,False
Veguita,NM,31,False
Judson,IN,31,False
New Washington,PA,31,False
Sheffield,TX,31,False
Conway,IA,31,False
Mount Carmel,IN,31,False
Atlantic City,WY,31,False
Acala,TX,31,False
Rosston,OK,31,False
Lucerne,MO,31,False
Lakeview,MT,31,False
Springbrook,ND,31,False
Weston,CO,31,False
Ward,SD,31,False
Madeline,CA,31,False
Linwood,NY,31,False
Niagara,ND,31,False
Charles City,VA,31,False
Polebridge,MT,31,False
Ramos,TX,31,False
Peterman,AL,31,False
Great Bend,ND,31,False
Cass,IN,31,False
Amidon,ND,31,False
Clark's Point,AK,31,False
Langdon,KS,30,False
IXL,OK,30,False
Fisherville,PA,30,False
Jerusalem,AR,30,False
LaGrange,AR,30,False
Hamilton,ND,30,False
Toyah,TX,30,False
Beacon View,NE,30,False
Hubbard,MN,30,False
Graingers,NC,30,False
Huron,KS,30,False
Canan Station,PA,30,False
Cherokee Falls,SC,30,False
Chignik Lake,AK,30,False
Seneca,NE,30,False
Addy,WA,30,False
Gandys Beach,NJ,30,False
Berea,NE,30,False
Belgreen,AL,30,False
Klahr,PA,30,False
Knox,ND,30,False
Oasis,UT,30,False
Jerome,IN,29,False
Boone Grove,IN,29,False
Seton Village,NM,29,False
Aspinwall,IA,29,False
Cedar Mills,MN,29,False
Sedan,MN,29,False
Guffey,CO,29,False
Rosedale,OK,29,False
Hidden Lake,CO,29,False
Longcreek,SC,29,False
Mayhill,NM,29,False
Moccasin,MT,29,False
Barksdale,TX,29,False
Tolsona,AK,29,False
Haigler Creek,AZ,29,False
Grand Pass,MO,29,False
Cotesfield,NE,29,False
Yosemite West,CA,29,False
Hampden,ND,29,False
Ambrose,ND,29,False
Vista,MO,29,False
Saratoga,AR,29,False
Caputa,SD,29,False
Hough,OK,28,False
Matheson,CO,28,False
Ryan Park,WY,28,False
Cotton Town,PA,28,False
Mont Ida,KS,28,False
Crooked Creek,AK,28,False
New Woodville,OK,28,False
Cope,SC,28,False
Jolley,IA,28,False
Dahlen,ND,28,False
Logan Creek,NV,28,False
Lafontaine,KS,28,False
Westervelt,IL,28,False
South Mound,KS,28,False
Smyrna,SC,28,False
Burdick,KS,28,False
Iliamna,AK,28,False
Keeler,CA,28,False
Kent,MN,28,False
Pine Bend,MN,28,False
Atka,AK,28,False
Levelock,AK,28,False
Birdsong,AR,28,False
Russell Springs,KS,28,False
Herron,MT,28,False
Mohawk Vista,CA,28,False
Portland,IA,28,False
Shannon Colony,SD,27,False
Rockport Colony,SD,27,False
Romeville,LA,27,False
Ludden,ND,27,False
Webber,KS,27,False
Evansville,AK,27,False
Windsor,IN,27,False
Sattley,CA,27,False
Malo,WA,27,False
Crab Orchard,NE,27,False
Detroit,IL,27,False
Wenonah,IL,27,False
Excello,MO,27,False
Karluk,AK,27,False
Dana,IA,27,False
Taylorsville,CA,27,False
Ceex Haci,WI,27,False
Lago,TX,27,False
Huntersville,WV,27,False
Mappsburg,VA,27,False
Brandon,CO,27,False
Mutual,OK,27,False
Symonds,MS,27,False
Linnsburg,IN,27,False
Kemps Mill,MD,27,False
El Socio,TX,27,False
Lupus,MO,27,False
Ono,CA,27,False
Reserve,MT,27,False
Zeandale,KS,27,False
Benton,AL,27,False
Gandy,NE,26,False
Ocean Beach,NY,26,False
Barney's Junction,WA,26,False
Mona,IA,26,False
Wilsonia,CA,26,False
Chase,AK,26,False
Landusky,MT,26,False
Dell,MT,26,False
Summerhaven,AZ,26,False
Mineola,IA,26,False
Lawrenceport,IN,26,False
Long Lake,SD,26,False
Venice,NE,26,False
Cardiff,AL,26,False
Hassell,NC,26,False
Rockham,SD,26,False
Gildford Colony,MT,26,False
Healy Lake,AK,26,False
Farnsworth,TX,26,False
Wooldridge,MO,26,False
Meridian,OK,26,False
Ferry,AK,26,False
Alta Sierra CDP (Kern County),CA,26,False
Baring,MO,26,False
Victoria Vera,TX,26,False
Altoona,FL,26,False
Inkster,ND,26,False
Coulterville,CA,25,False
Kramer,ND,25,False
Cross Anchor,SC,25,False
Rainsville,IN,25,False
Foosland,IL,25,False
Covenant Life,AK,25,False
Bluewater Village,NM,25,False
Platina,CA,25,False
Norristown,GA,25,False
Farmers,KY,25,False
Flowella,TX,25,False
Kilbourne,OH,25,False
Panola,IL,25,False
Milltown,SD,25,False
Twin Hills Colony,MT,25,False
Sunset Acres,TX,25,False
Sholes,NE,25,False
Franklin CDP (Sacramento County),CA,25,False
Hurdsfield,ND,25,False
Girard,TX,25,False
Ottosen,IA,25,False
Denham,MN,25,False
Gilman,MT,25,False
Normanna,TX,25,False
Eagle Grove,GA,25,False
Fredonia,ND,25,False
Hilldale Colony,MT,25,False
Springwater Colony,MT,25,False
National,MD,25,False
Arbela,MO,25,False
Cornlea,NE,25,False
Hendley,NE,25,False
Dellview,NC,25,False
La Paloma Ranchettes,TX,25,False
Sylvester,TX,25,False
Nora,NE,25,False
Loma,ND,24,False
Roscoe,MT,24,False
Virgil,SD,24,False
Independence,IN,24,False
Nealmont,PA,24,False
Amorita,OK,24,False
Moselle,MS,24,False
Udell,IA,24,False
Lynn Center,IL,24,False
Johnson,MN,24,False
Cedar Springs,GA,24,False
Tecolote,NM,24,False
Danville,KS,24,False
Cogdell,GA,24,False
Linoma Beach,NE,24,False
Scottsville,KS,24,False
Clear Creek,UT,24,False
Mosquero,NM,24,False
Kerrick,MN,24,False
Gascoyne,ND,24,False
Kaka,AZ,24,False
Wise River,MT,24,False
Deer Canyon,NM,24,False
South Woodstock,VT,24,False
Stoneville,MS,24,False
Crookston,NE,24,False
McGrath,MN,24,False
Buell,MO,24,False
Big Spring,MD,23,False
Beavertown,PA,23,False
Lake Roberts Heights,NM,23,False
Spencer,ID,23,False
Beryl Junction,UT,23,False
Sage Creek Colony,MT,23,False
Cynthiana,OH,23,False
Hansboro,ND,23,False
Oxville,IL,23,False
Pompeys Pillar,MT,23,False
Scott,AR,23,False
Piney,OK,23,False
Dorchester,TX,23,False
Cliff Village,MO,23,False
Otranto,IA,23,False
Memphis,AL,23,False
Cascade Colony,MT,23,False
Leando,IA,23,False
Fancy Gap,VA,23,False
Roll,IN,23,False
Shoshone,CA,23,False
Hamburg,IN,23,False
Wood Lake,NE,23,False
Coppock,IA,23,False
Obert,NE,23,False
Stidham,OK,23,False
Floriston,CA,23,False
Bassett,KS,23,False
Samnorwood,TX,23,False
Nanafalia,AL,23,False
Lushton,NE,23,False
Platinum,AK,23,False
Inverness,MT,23,False
Pollock,MO,23,False
Onaka,SD,22,False
Spiritwood,ND,22,False
Floraville,IL,22,False
Prairie City,SD,22,False
Biddle,MT,22,False
Alsen,ND,22,False
Strang,NE,22,False
Speed,KS,22,False
New Salem,KS,22,False
Mexican Hat,UT,22,False
Windham,MT,22,False
Leopold,IN,22,False
Owasa,IA,22,False
Bavaria,KS,22,False
Helen,WV,22,False
Ferney,SD,22,False
Lowman,ID,22,False
Hogeland,MT,22,False
Cathay,ND,22,False
Kickapoo Site 2,KS,22,False
Mountain View Colony,MT,22,False
Labette,KS,22,False
Pheba,MS,22,False
Louisburg,MN,22,False
Montello,NV,22,False
Lancaster,VA,22,False
Martinsdale Colony,MT,22,False
Benton,IA,22,False
Rockwood,IL,22,False
Floweree,MT,22,False
Little America,WY,21,False
Maybell,CO,21,False
Bayou Corne,LA,21,False
Geronimo Estates,AZ,21,False
Abney Crossroads,SC,21,False
Golden,NM,21,False
Barada,NE,21,False
Atomic City,ID,21,False
Keystone,NE,21,False
Dennis,MS,21,False
Charco,AZ,21,False
Burchinal,IA,21,False
Van Vleet,MS,21,False
Carlton,KS,21,False
Elliott,MD,21,False
Baker,NV,21,False
San Mateo,NM,21,False
Denver,MO,21,False
Oakhurst,TX,21,False
Waverly,SD,21,False
Aguilares,TX,21,False
Milford,MO,21,False
Pentress,WV,21,False
Natural Bridge,AL,21,False
Juntura,OR,21,False
Crocker,SD,21,False
Hunter Creek,AZ,21,False
Haugan,MT,21,False
Hat Island,WA,21,False
Macedonia,IL,21,False
Square Butte,MT,21,False
Cotter,IA,21,False
Elmer,MO,21,False
Stryker,MT,21,False
Edna Bay,AK,21,False
Arapahoe,CO,21,False
Paris Crossing,IN,21,False
Domino,TX,21,False
Gerlach,NV,21,False
Edgewater Estates,TX,21,False
Lane,SD,21,False
Toeterville,IA,21,False
Sapphire Ridge,MT,20,False
Bucks,AL,20,False
Forbes,ND,20,False
Quail,TX,20,False
New Richmond,WV,20,False
Rachel,NV,20,False
Galatia,KS,20,False
Childers Hill,TN,20,False
Leonard,MN,20,False
California Hot Springs,CA,20,False
Emmet,NE,20,False
Ardoch,ND,20,False
Gerster,MO,20,False
Hayfield,IA,20,False
McClenney Tract,CA,20,False
Correll,MN,20,False
Randolph,MO,20,False
Urbana,KS,20,False
De Lamere,ND,20,False
Hillman,MN,20,False
Sandusky,IN,20,False
Ernstville,MD,20,False
Martinsburg Junction,PA,20,False
Meyer,IL,19,False
Boulder,WY,19,False
Richfield,KS,19,False
Graysville,IN,19,False
Deputy,IN,19,False
Two Buttes,CO,19,False
Los Ojos,NM,19,False
Edge Hill,GA,19,False
Hollenberg,KS,19,False
Mound,LA,19,False
Cobden,MN,19,False
Clarksburg,IN,19,False
Oak Hill,AL,19,False
Palo Blanco,TX,19,False
St. Cloud,MO,19,False
Redstone,MT,19,False
Smithwick,SD,19,False
Kep'el,CA,19,False
Bucks Lake,CA,19,False
Monango,ND,19,False
Knob Lick,MO,19,False
Falconaire,TX,19,False
Utica,MT,19,False
Oark,AR,19,False
Big Bow,KS,19,False
Nenzel,NE,19,False
Wiseman,AK,19,False
Clay,TX,19,False
King Ranch Colony,MT,19,False
Fedora,SD,19,False
Tildenville,FL,19,False
Lakewood,IL,19,False
Brinsmade,ND,19,False
Zortman,MT,19,False
Cedar Highlands,UT,19,False
Beatty,OR,18,False
Beaver,KS,18,False
Lawton,ND,18,False
Shaniko,OR,18,False
Livonia,MO,18,False
Rye,AZ,18,False
S.N.P.J.,PA,18,False
Denhoff,ND,18,False
Riggston,IL,18,False
Eagle Bay,NY,18,False
Redrock,NM,18,False
Nekoma,ND,18,False
Disautel,WA,18,False
Cotopaxi,CO,18,False
Trout Valley,NM,18,False
Sibley,ND,18,False
Beaverdam,NV,18,False
Whitlock,TN,18,False
Potomac,MT,18,False
Doran,MN,18,False
Chilo,OH,18,False
Fults,IL,18,False
Lonerock,OR,18,False
Holiday City,OH,18,False
Sarles,ND,18,False
Elmira,MO,18,False
Duran,NM,18,False
Grassland Colony,SD,18,False
Macomb,OK,18,False
Gilead,NE,18,False
Mammoth,MT,18,False
Fairdale,ND,17,False
Westerville,NE,17,False
Ocean,MD,17,False
Wautec,CA,17,False
Parcoal,WV,17,False
Seven Springs,NC,17,False
Merritt,IL,17,False
Nelson,NV,17,False
Gamaliel,AR,17,False
Leamersville,PA,17,False
Chilili,NM,17,False
Eastshore,KS,17,False
Van Tassell,WY,17,False
Brownell,KS,17,False
McMullen,AL,17,False
Elkport,IA,17,False
Attu Station,AK,17,False
Perth,ND,17,False
Lindy,NE,17,False
Chapeno,TX,17,False
Hardy,IA,17,False
Manley Hot Springs,AK,17,False
Deerfield Colony,MT,17,False
Hibernia,NJ,17,False
Time,IL,17,False
Escondida,NM,17,False
Hitchcock,OK,17,False
Old Eucha,OK,16,False
Austin,NV,16,False
Venturia,ND,16,False
Albany,WY,16,False
Bentley,IL,16,False
Hetland,SD,16,False
El Rancho,WY,16,False
Pendroy,MT,16,False
Oak Hill,KS,16,False
Braddock,ND,16,False
Marvin,SD,16,False
La Bajada,NM,16,False
Mershon,GA,16,False
Wightmans Grove,OH,16,False
State Line,ID,16,False
Tulsita,TX,16,False
Hyder,AK,16,False
Cold Springs CDP (Tuolumne County),CA,16,False
Jackson,MT,16,False
Twodot,MT,16,False
Durango,IA,16,False
Manhattan Beach,MN,16,False
Leaf,MS,16,False
Needham,IN,16,False
Cathedral,CO,16,False
Tonsina,AK,16,False
Brogan,OR,16,False
Fourche,AR,16,False
Huntsdale,MO,16,False
Elfin Cove,AK,16,False
Rodman,IA,16,False
Eagle City,OK,16,False
Bynum,MT,16,False
Overly,ND,16,False
Vilas,SD,16,False
Lisco,NE,16,False
Big Sandy,WV,16,False
Franklin Forge,PA,16,False
Yetter,IA,16,False
Jenner,CA,16,False
Kaylor,SD,15,False
Barry,MN,15,False
Wynnburg,TN,15,False
Denio,NV,15,False
Loring Colony,MT,15,False
Bevington,IA,15,False
Ludell,KS,15,False
Champion,NE,15,False
Saltese,MT,15,False
Ayr,ND,15,False
Draper,SD,15,False
Hachita,NM,15,False
Jugtown,PA,15,False
Mentone,TX,15,False
Homestead,MT,15,False
Golden Valley Colony,MT,15,False
Clayton,ID,15,False
Quitman,MO,15,False
Helvetia,WV,15,False
Hamberg,ND,15,False
Falman,TX,15,False
Hepburn,IA,15,False
Tarnov,NE,15,False
River Forest,IN,15,False
Warm Spring Creek,MT,15,False
Tolley,ND,14,False
Inland,NE,14,False
Cloverleaf Colony,SD,14,False
Lake Minchumina,AK,14,False
Wetonka,SD,14,False
Bryant,OK,14,False
Florence,MN,14,False
York,ND,14,False
Port Protection,AK,14,False
Poole,NE,14,False
Johnstown,NE,14,False
Sunrise,AK,14,False
Alzada,MT,14,False
Concepcion,TX,14,False
Deanville,TX,14,False
Coventry,VT,14,False
Lamkin,TX,14,False
Mosheim,TX,14,False
Hamlin,KS,14,False
St. Onge,SD,14,False
Tarrants,MO,14,False
Calvin,ND,14,False
Charmwood,MO,14,False
Doran,VA,14,False
Frierson,LA,14,False
Valley Park,OK,14,False
Crescent Lake,OR,14,False
High Bridge,KY,13,False
Los Veteranos II,TX,13,False
Friendship,OK,13,False
Niota,IL,13,False
Halley,AR,13,False
Strathcona,MN,13,False
Pedro Bay,AK,13,False
Springdale,MT,13,False
Foraker,OK,13,False
Antler,ND,13,False
Avard,OK,13,False
Maytown,KY,13,False
Wiederkehr Village,AR,13,False
Conway,ND,13,False
Gregory,AR,13,False
Radium,KS,13,False
Mechanicsburg,VA,13,False
Cedar,KS,13,False
Datil,NM,13,False
Livengood,AK,13,False
Sarben,NE,13,False
Eagleville,CA,13,False
Botines,TX,13,False
Clarysville,MD,13,False
Midfield,TX,13,False
Tonopah,AZ,13,False
Kief,ND,13,False
Quay,OK,13,False
Balfour,ND,13,False
Alton,IN,13,False
Cass,WV,13,False
Pickens,WV,13,False
Mylo,ND,12,False
Rosebud,MT,12,False
Lorenzo,NE,12,False
Triplett,MO,12,False
Argo,IA,12,False
Rafael Pena,TX,12,False
Millbrook Colony,SD,12,False
Byers,KS,12,False
Apache Creek,NM,12,False
Jacinto,MS,12,False
Huntley,WY,12,False
Le Roy,IA,12,False
Graniteville,CA,12,False
Silvana,WA,12,False
Mountain City,NV,12,False
Tunis,TX,12,False
Wolf Creek,MT,12,False
Marineland,FL,12,False
Big Rock,IA,12,False
Waterford,MS,12,False
Impact,TX,12,False
Nikolski,AK,12,False
Florence,IL,12,False
Bartlett,IA,12,False
Colliers,WV,12,False
Ogallah,KS,12,False
Tavistock,NJ,12,False
Roseville,IA,12,False
Gann Valley,SD,12,False
Mildred,KS,12,False
Saline City,IN,12,False
Concord,KY,12,False
South Lineville,MO,12,False
Tamora,NE,12,False
Lutak,AK,12,False
Brownsville,MD,12,False
Dewey,MT,12,False
Sumner,OK,12,False
Stillwell,IN,12,False
Martinez,TX,12,False
Stockham,NE,12,False
Valdez,CO,12,False
Bazile Mills,NE,12,False
Silesia,MT,11,False
Harris,KS,11,False
Indian Springs,MD,11,False
Kidder,SD,11,False
Chalybeate,MS,11,False
Bonanza,CO,11,False
Jefferson,OK,11,False
Fontana Dam,NC,11,False
Hiko,NV,11,False
Walcott,AR,11,False
Sawpit,CO,11,False
Opolis,KS,11,False
Hannah,ND,11,False
Texola,OK,11,False
Byron,OK,11,False
Elrod,IN,11,False
Garland,KS,11,False
Gross,NE,11,False
Knowles,OK,11,False
Coosawhatchie,SC,10,False
Money Island,NJ,10,False
Plainview,IA,10,False
Carlton,TX,10,False
Auburn,ND,10,False
Kupreanof,AK,10,False
Kramer,NE,10,False
Surprise Creek Colony,MT,10,False
Towner,CO,10,False
Raleigh,ND,10,False
Latimer,KS,10,False
Alamo Lake,AZ,10,False
Lost River,ID,10,False
El Capitan,AZ,10,False
Lynn,CO,10,False
Santel,TX,10,False
Little Valley,CA,10,False
Irena,MO,10,False
Lonetree,WY,10,False
Pillsbury,ND,9,False
Coolin,ID,9,False
Cuyama,CA,9,False
Jennings,MD,9,False
Glenn,GA,9,False
Edson,KS,9,False
Ypsilanti,ND,9,False
Sherwood,TN,9,False
Anatone,WA,9,False
Stevens Village,AK,9,False
Gutierrez,TX,9,False
Brockway,MT,9,False
Goodenow,IL,9,False
Moss Landing,CA,9,False
Donaldson,MN,9,False
Norway,KS,9,False
Elbert,TX,9,False
Danvers,MT,9,False
Waldron,KS,9,False
Broadland,SD,9,False
Lime Village,AK,9,False
Kingsbury Colony,MT,9,False
Gapland,MD,9,False
Granite,OR,9,False
Goodland,MN,9,False
Live Oak,SC,9,False
Bloomfield,MT,9,False
Leal,ND,9,False
Centerville,MT,9,False
Lamar,NE,8,False
Whitetail,MT,8,False
Bolan,IA,8,False
Butler,SD,8,False
Wales,ND,8,False
Stockville,NE,8,False
Lindsay,MT,8,False
Frenchtown-Rumbly,MD,8,False
Hogans Corner,WA,8,False
Salmon Creek,CA,8,False
Arvada,WY,8,False
Loraine,ND,8,False
Tolu,KY,8,False
Bridgeport,KS,8,False
Point View,PA,8,False
Sleeping Buffalo,MT,8,False
Vail,PA,8,False
Lovelaceville,KY,8,False
Santa Monica,TX,8,False
Winigan,MO,8,False
Parks,NE,8,False
Granger,MO,8,False
Lakeside,CO,7,False
Birch River,WV,7,False
Washington Park,AZ,7,False
Snowslip,MT,7,False
Racetrack,MT,7,False
Los Ybanez,TX,7,False
Lake Buena Vista,FL,7,False
Buckshot,AZ,7,False
Ragan,NE,7,False
Dudley,SD,7,False
Duncan Ranch Colony,MT,7,False
Wide Ruins,AZ,7,False
Chinquapin,NC,7,False
Brownlee,NE,7,False
Harwood,MO,7,False
Nash,ND,7,False
Roxbury,KS,7,False
Lambert,OK,7,False
St. Charles,SD,7,False
Harrison,SD,7,False
Hillside Acres,TX,7,False
Sugarloaf Village,CA,7,False
Pinehaven,NM,7,False
Fox Park,WY,7,False
Champ,MO,6,False
Iatan,MO,6,False
Peerless,MT,6,False
Red Devil,AK,6,False
Metz,MO,6,False
Corley,IA,6,False
Whitley Gardens,CA,6,False
Calio,ND,6,False
Megargel,AL,6,False
White Rock,SD,6,False
Mogollon,NM,6,False
Kinbrae,MN,6,False
Storla,SD,5,False
Riceville,MT,5,False
Laird,CO,5,False
Banks,ID,5,False
Iago,TX,5,False
Cooperton,OK,5,False
Bantry,ND,5,False
Lupton,AZ,5,False
River Bend,MO,5,False
Loveland,OK,5,False
Green Hills,PA,5,False
Hopeton,OK,5,False
Emerald,NE,5,False
Ketchuptown,SC,5,False
River Sioux,IA,5,False
Four Mile Road,AK,5,False
Princeton,AR,5,False
Lotsee,OK,5,False
Ganister,PA,5,False
Jacksonville,IA,4,False
Cowles,NE,4,False
Albee,SD,4,False
Heil,ND,4,False
Thurmond,WV,4,False
Larson,ND,4,False
San Fidel,NM,4,False
New Holland,SD,4,False
Gilbert,AR,4,False
Cave,MO,4,False
Canyondam,CA,4,False
Verdon,SD,4,False
Whitlash,MT,4,False
Woodruff,KS,4,False
Beluga,AK,4,False
Ruso,ND,4,False
Bigelow,MO,3,False
Athelstan,IA,3,False
Boy River,MN,3,False
Niarada,MT,3,False
Portage Creek,AK,3,False
Drummond,ID,3,False
Valley-Hi,PA,3,False
Three Creeks,MO,3,False
Birch Creek,AK,3,False
Penalosa,KS,3,False
Santa Anna,TX,3,False
Highgate Springs,VT,3,False
Berkley,IA,3,False
Pastura,NM,3,False
The Ranch,MN,3,False
Bankston,IA,2,False
Lowry,SD,2,False
Cedar Point,KS,2,False
Corning,MO,2,False
Saltaire,NY,2,False
McCarthy,AK,2,False
Stoneridge,NM,2,False
Beaconsfield,IA,2,False
Grano,ND,2,False
McBaine,MO,2,False
Purty Rock,NM,2,False
Port Tobacco Village,MD,2,False
Churchs Ferry,ND,2,False
Lost Springs,WY,2,False
Kelly,KS,1,False
Stotesbury,MO,1,False
Monowi,NE,1,False
Goldcreek,MT,1,False
St. Catharine,MO,1,False
Arlington,WY,1,False
Los Arrieros,TX,0,False
Los Centenarios,TX,0,False
Pope-Vannoy Landing,AK,0,False
Baker,MO,0,False
Morales-Sanchez,TX,0,False
Charleston View,CA,0,False
Sacramento,NM,0,False
Fish Camp,CA,0,False
Centralia,PA,0,False
Newport Colony,SD,0,False
Norfeld Colony,SD,0,False
La Casita,TX,0,False
La Coma,TX,0,False
Indian Bay,AR,0,False
Alma,NM,0,False
Table Rock,WY,0,False
Laurier,WA,0,False
Virginia Lakes,CA,0,False
Warner Valley,CA,0,False
Nicodemus,KS,0,False
Antelope,MT,0,False
Laredo Ranchettes West,TX,0,False
Pinhook,MO,0,False
Lake City,KS,0,False
Buffalo Prairie,IL,0,False
Pilgrim,MI,0,False
Long Lake Colony,SD,0,False
Loomis,SD,0,False
El Indio,TX,0,False
El Mesquite,TX,0,False
Goss,MO,0,False
Eureka Roadhouse,AK,0,False
Llano del Medio,NM,0,False
Lower Frisco,NM,0,False
Bear Flat,AZ,0,False
Duchess Landing,OK,0,False
Wolf Creek Colony,SD,0,False
Ak Chin,AZ,0,False
Ames,KS,0,False
Asherville,KS,0,False
Unionville,NV,0,False
Fremont,MO,0,False
Friedenswald,MO,0,False
Elbe,WA,0,False
Aztec,AZ,0,False
Milford,CA,0,False
El Camino Angosto,TX,0,False
Westwood Colony,SD,0,False
Panther,KY,0,False
Bowden,WV,0,False
Draper,TX,0,False
Leyner,CO,0,False
Belknap,MT,0,False
Big Sky Colony,MT,0,False
Stockdale,OH,0,False
Burton,NE,0,False
Cherry Log,GA,0,False
Tyrone Forge,PA,0,False
Porterville,MS,0,False
Old Town,NM,0,False
Orogrande,NM,0,False
Victoria,AR,0,False
Sandoval,TX,0,False
Falcon Village,TX,0,False
Adamson,OK,0,False
White Rock Colony,SD,0,False
Dering Harbor,NY,0,False
Kickapoo Site 6,KS,0,False
Amonate,VA,0,False
Austinville,VA,0,False
Cowlic,AZ,0,False
Bartley,WV,0,False
Cuevitas,TX,0,False
Sprague River,OR,0,False
Rickreall,OR,0,False
Brooks,MT,0,False
Florida,MO,0,False
Moores Mill,PA,0,False
Harborton,VA,0,False
Sugartown,LA,0,False
Fowlerton,TX,0,False
Little Grass Valley,CA,0,False
McGee Creek,CA,0,False
Fernando Salinas,TX,0,False
Oakville,CA,0,False
Old Station,CA,0,False
Velpen,IN,0,False
Pistol River,OR,0,False
Strong,PA,0,False
Lamar,MS,0,False
Las Haciendas,TX,0,False
Las Pilas,TX,0,False
Pinon,NM,0,False
Mule Barn,OK,0,False
Bon Homme Colony,SD,0,False
Mier,IN,0,False
Homestead,NM,0,False
Onton,KY,0,False
Norrie,CO,0,False
Laredo Ranchettes,TX,0,False
Mustang,TX,0,False
Tanquecitos South Acres II,TX,0,False
Summerfield,TX,0,False
Vernon,CO,0,False
Willow Canyon,AZ,0,False
Elias-Fela Solis,TX,0,False
Moraida,TX,0,False
Hobucken,NC,0,False
Four Points,TX,0,False
Coleman,GA,0,False
Dailey,WV,0,False
Middle Frisco,NM,0,False
Harding Gill Tract,TX,0,False
H. Cuellar Estates,TX,0,False
Johnsville,CA,0,False
Flat,AK,0,False
Tierra Dorada,TX,0,False
Tab,IN,0,False
Teegarden,IN,0,False
Templeton,IN,0,False
East End Colony,MT,0,False
Phillipsville,CA,0,False
Paxton,CA,0,False
Pearsonville,CA,0,False
Ironville,PA,0,False
Kenton,OK,0,False
Lakeshore Resort,IN,0,False
Whitestone Logging Camp,AK,0,False
Casas,TX,0,False
East Malta Colony,MT,0,False
Hartsel,CO,0,False
Tagg Flats,OK,0,False
Cantu Addition,TX,0,False
Posey,CA,0,False
Poso Park,CA,0,False
Wolcott,CO,0,False
Lakeside,MO,0,False
Bijou Hills,SD,0,False
Blumengard Colony,SD,0,False
Chiniak,AK,0,False
Chisana,AK,0,False
Cartersburg,IN,0,False
Riley,IL,0,False
Riverside Colony,SD,0,False
Graceville Colony,SD,0,False
Wells,KS,0,False
Centerville,AR,0,False
Kent,IN,0,False
Lamont,FL,0,False
Lake Harbor,FL,0,False
Buffalo City,AR,0,False
Valle Verde,TX,0,False
Hobart Bay,AK,0,False
Belden,CA,0,False
Ivanof Bay,AK,0,False
Vantage,WA,0,False
Game Creek,AK,0,False
Meyer,IA,0,False
Fair Haven Colony,MT,0,False
Casa Blanca,TX,0,False
Harmony,IL,0,False
Maverick Junction,SD,0,False
Maxwell Colony,SD,0,False
Enders,NE,0,False
Witts Springs,AR,0,False
Flat Willow Colony,MT,0,False
Warm River,ID,0,False
Abiquiu,NM,0,False
Ursine,NV,0,False
Bala,KS,0,False
Oasis,NV,0,False
Gila Hot Springs,NM,0,False
Capron,OK,0,False
Valle Hermoso,TX,0,False
Fordham Colony,SD,0,False
Vivian,WV,0,False
Centerville,KS,0,False
Garfield,CO,0,False
Forty Mile Colony,MT,0,False
Fulford,CO,0,False
Ames,NE,0,False
Brundage,TX,0,False
Buena Vista,TX,0,False
Redcrest,CA,0,False
Flor del Rio,TX,0,False
Falcon Heights,TX,0,False
San Fernando,TX,0,False
Rosedale Colony,SD,0,False
Roswell,SD,0,False
Angle Inlet,MN,0,False
San Antonito CDP (Socorro County),NM,0,False
Plevna,MO,0,False
Eliza,IL,0,False
Zenith Colony,MT,0,False
Greenhorn,OR,0,False
Spencer Mountain,NC,0,False
Danville,MO,0,False
Coral,IL,0,False
Austin,MS,0,False
Benndale,MS,0,False
Camrose Colony,SD,0,False
Butte Meadows,CA,0,False
Brooks,CA,0,False
Buck Meadows,CA,0,False
Pueblo,NM,0,False
Beirne,AR,0,False
Hidden Lakes,OH,0,False
Sexton,IA,0,False
Smith Corner,PA,0,False
Fitzpatrick,AL,0,False
Hartland Colony,MT,0,False
Eola,OR,0,False
Hidden Lake Colony,MT,0,False
Hilger,MT,0,False
Provo,SD,0,False
Blairsden,CA,0,False
Topock,AZ,0,False
Toyei,AZ,0,False
Raeville,NE,0,False
Bibo,NM,0,False
Bakersville,MD,0,False
Agnew,NE,0,False
Oneida,AR,0,False
Ozone,AR,0,False
Kellogg Point,CT,0,False
Prairie Home,NE,0,False
Bonanza Hills,TX,0,False
Glendale Colony,MT,0,False
Harviell,MO,0,False
McGaffey,NM,0,False
McCoy,CO,0,False
Upland Colony,SD,0,False
McConnico,AZ,0,False
Deerfield Colony,SD,0,False
Narciso Pena,TX,0,False
Bettles,AK,0,False
Thomasville,MO,0,False
Kohatk,AZ,0,False
Aleneva,AK,0,False
Ugashik,AK,0,False
Loring,AK,0,False
Lowell Point,AK,0,False
Horizon Colony,MT,0,False
Millerstown,PA,0,False
Grass Ranch Colony,SD,0,False
Green Grass,SD,0,False
Indian Falls,CA,0,False
Seville Colony,MT,0,False
Fostoria,PA,0,False
Buffalo Chip,SD,0,False
Herkimer,KS,0,False
Plainview Colony,SD,0,False
Platte Colony,SD,0,False
Ashburn,MO,0,False
Eakles Mill,MD,0,False
Kilby Butte Colony,MT,0,False
Silver City,CA,0,False
Mount Sterling,IA,0,False
Howard,GA,0,False
Zarate,TX,0,False
Nolic,AZ,0,False
Pleasant Valley Colony,SD,0,False
Poinsett Colony,SD,0,False
Finley,OK,0,False
Wayside,KS,0,False
Waterview,MD,0,False
Whites City,NM,0,False
Phelps City,MO,0,False
Grand Canyon West,AZ,0,False
Greer,AZ,0,False
Likely,CA,0,False
Rivereno,TX,0,False
Manzano,NM,0,False
Dot Lake,AK,0,False
Dot Lake Village,AK,0,False
Comobabi,AZ,0,False
Concho,AZ,0,False
Nitta Yuma,MS,0,False
Hartland,CA,0,False
Conejos,CO,0,False
Indian Springs,MT,0,False
Nabesna,AK,0,False
Lake Louise,AK,0,False
Pierceville,KS,0,False
Ismay,MT,0,False
Franklinville,IL,0,False
Supai,AZ,0,False
Tat Momoli,AZ,0,False
Sugarloaf Saw Mill,CA,0,False
Jardin de San Julian,TX,0,False
Quinlan,OK,0,False
Rockville,AL,0,False
Pearl Creek Colony,SD,0,False
Pembrook Colony,SD,0,False
Guerra,TX,0,False
Ramireno,TX,0,False
Newkirk,NM,0,False
Ardmore,SD,0,False
Cora,WY,0,False
Orrin,ND,0,False
Seward,OK,0,False
Thunderbird Colony,SD,0,False
Amaya,TX,0,False
Darmstadt,IL,0,False
Lee Center,IL,0,False
Ola,SD,0,False
Spring Garden,CA,0,False
Jacks Creek,TN,0,False
Carbonate,CO,0,False
Fairview,MD,0,False
Anacua,TX,0,False
Mount Wilson,NV,0,False
West Louisville,KY,0,False
Tate City,GA,0,False
Tazewell,GA,0,False
Creston,CA,0,False
Paradise,MO,0,False
Sunwest,AZ,0,False
Oak Lane Colony,SD,0,False
Red Rock Ranch,NM,0,False
Fort Indiantown Gap,PA,0,False
Chicken,AK,0,False
South Park View,KY,0,False
Claremont Colony,SD,0,False
Huron Colony,SD,0,False
Hutterville Colony,SD,0,False
Pershing,OK,0,False
Lakeview Colony,SD,0,False
Bonanza,UT,0,False
Cundiyo,NM,0,False
Mertarvik,AK,0,False
Laredo,MT,0,False
Fort Ritchie,MD,0,False
Amada Acres,TX,0,False
Riverwood,IN,0,False
Catherine,AL,0,False
Spring Creek Colony,MT,0,False
Newdale Colony,SD,0,False
Big Foot Prairie,IL,0,False
Ionia,KS,0,False
Hoot Owl,OK,0,False
Aldora,GA,0,False
Rolland Colony,SD,0,False
Warm Springs,VA,0,False
Kent,IA,0,False
Hutchins,IA,0,False
Hollywood,MO,0,False
Paderborn,IL,0,False
Prairie Elk Colony,MT,0,False
Delta City,MS,0,False
Pageton,WV,0,False
New Falcon,TX,0,False
Cedar Grove Colony,SD,0,False
Collins Colony,SD,0,False
Indio,TX,0,False
Rocky Gap,VA,0,False
Mellwood,AR,0,False
Point Possession,AK,0,False
White Clay,NE,0,False
Clarksville,OK,0,False
Plantation Island,FL,0,False
Blanchard,ND,0,False
Tarina,CA,0,False
Arrey,NM,0,False
Chesapeake,MO,0,False
Thompson Springs,UT,0,False
Eagle Lake,PA,0,False
Biggs Junction,OR,0,False
Blodgett,OR,0,False
Willow Island,NE,0,False
Ketron Island,WA,0,False
Point Baker,AK,0,False
Sunnybrook Colony,MT,0,False
Hillcrest Colony,SD,0,False
Hillside Colony,SD,0,False
Sims Chapel,AL,0,False
Rentchler,IL,0,False
Richfield,IL,0,False
Freeport,CA,0,False
Caribou,CA,0,False
Peyton,CO,0,False
Pueblo East,TX,0,False
Regino Ramirez,TX,0,False
Almanor,CA,0,False
Ramirez-Perez,TX,0,False
Moquino,NM,0,False
Mountain View CDP (Luna County),NM,0,False
Red Dog Mine,AK,0,False
Paxson,AK,0,False
Cedar Slope,CA,0,False
Netos,TX,0,False
Hillsview,SD,0,False
Los Huisaches,TX,0,False
Los Lobos,TX,0,False
Los Minerales,TX,0,False
Los Nopalitos,TX,0,False
Whittier,NC,0,False
Los Corralitos,TX,0,False
Halls Crossing,UT,0,False
Antelope Hills,WY,0,False
Spring Valley Colony,SD,0,False
Beulah,WY,0,False
Springdale Colony,MT,0,False
Tobin,CA,0,False
Milford Colony,MT,0,False
Dublin,MS,0,False
Franktown,VA,0,False
Port Murray,NJ,0,False
Glazier,TX,0,False
Silver Lake Colony,SD,0,False
Selman,OK,0,False
Rustic Acres Colony,SD,0,False
Hamlet,IL,0,False
Redford,TX,0,False
Carter,WY,0,False
Bergen,ND,0,False
Valley Ford,CA,0,False
Trona,CA,0,False
Nikep,MD,0,False
Shell,WY,0,False
Greenwood Colony,SD,0,False
Hamill,SD,0,False
Brazos,NM,0,False
Dry Valley,NV,0,False
Powder River,WY,0,False
Owl Creek,WY,0,False
Indianola,OK,0,False
Veteran,WY,0,False
Miller Colony,MT,0,False
Loma Linda East CDP (Starr County),TX,0,False
Barton,ND,0,False
Black Hat,NM,0,False
Donaldson,IN,0,False
Fall Creek,IL,0,False
Etna,WY,0,False
Manuel Garcia II,TX,0,False
Middleburg,MD,0,False
Susitna,AK,0,False
Modena,UT,0,False
Weott,CA,0,False
Mountain View,WY,0,False
Loma Linda West,TX,0,False
Swanton,MD,0,False
Roosevelt,AZ,0,False
Rillito,AZ,0,False
Valley Wells,CA,0,False
