name,state,median_household_income,median_home_value
Abanda,AL,29263.0,75800.0
Abbeville,AL,35147.0,96600.0
Adamsville,AL,58631.0,133100.0
Addison,AL,47188.0,98200.0
Akron,AL,53929.0,59300.0
Alabaster,AL,89423.0,227300.0
Albertville,AL,55933.0,149400.0
Alexander City,AL,42141.0,124200.0
Alexandria,AL,95039.0,163700.0
Aliceville,AL,30152.0,91600.0
Allgood,AL,61964.0,94400.0
Altoona,AL,38750.0,111900.0
Andalusia,AL,44196.0,140400.0
Anderson,AL,81250.0,194200.0
Anniston,AL,45642.0,131800.0
Arab,AL,56471.0,183800.0
Ardmore,AL,39973.0,149000.0
Argo,AL,87134.0,209700.0
Ariton,AL,33370.0,99400.0
Arley,AL,41458.0,87500.0
Ashford,AL,51215.0,161000.0
Ashland,AL,30850.0,117800.0
Ashville,AL,54785.0,181800.0
Athens,AL,57444.0,224200.0
Atmore,AL,30472.0,122800.0
Attalla,AL,51875.0,106300.0
Auburn,AL,55509.0,327000.0
Autaugaville,AL,41607.0,107500.0
Avon,AL,52188.0,143400.0
Axis,AL,,215600.0
Babbie,AL,59712.0,106300.0
Baileyton,AL,58155.0,87500.0
Bakerhill,AL,50278.0,118800.0
Ballplay,AL,57582.0,131300.0
Banks,AL,46250.0,
Bay Minette,AL,36899.0,136600.0
Bayou La Batre,AL,40000.0,87700.0
Bear Creek,AL,38657.0,92900.0
Beatrice,AL,33214.0,66700.0
Beaverton,AL,46875.0,
Belgreen,AL,37083.0,
Belk,AL,42200.0,
Bellamy,AL,,
Belle Fontaine,AL,46944.0,164000.0
Benton,AL,44583.0,85000.0
Berlin,AL,61250.0,135100.0
Berry,AL,45329.0,102200.0
Bessemer,AL,34953.0,118600.0
Billingsley,AL,51250.0,113500.0
Birmingham,AL,42464.0,123000.0
Black,AL,55846.0,57400.0
Blountsville,AL,43455.0,123200.0
Blue Ridge,AL,113571.0,306800.0
Blue Springs,AL,54167.0,72900.0
Boaz,AL,43276.0,131500.0
Boligee,AL,14034.0,65900.0
Bon Air,AL,,73300.0
Bon Secour,AL,58500.0,236900.0
Boykin,AL,33250.0,
Brantley,AL,27375.0,98700.0
Brantleyville,AL,37857.0,33400.0
Brent,AL,26250.0,128000.0
Brewton,AL,45881.0,133800.0
Bridgeport,AL,34000.0,87600.0
Brighton,AL,34471.0,69800.0
Brilliant,AL,39318.0,
Bristow Cove,AL,27333.0,178100.0
Brook Highland,AL,73941.0,417300.0
Brookside,AL,55568.0,106900.0
Brookwood,AL,75125.0,172500.0
Broomtown,AL,,
Brundidge,AL,37627.0,82900.0
Bucks,AL,,
Butler,AL,47250.0,130100.0
Calera,AL,73775.0,185400.0
Calvert,AL,,
Camden,AL,35583.0,85800.0
Camp Hill,AL,30931.0,64300.0
Carbon Hill,AL,27581.0,75500.0
Cardiff,AL,,
Carlisle-Rockledge,AL,55065.0,157700.0
Carlton,AL,,
Carolina,AL,48750.0,97900.0
Carrollton,AL,28919.0,132300.0
Castleberry,AL,,50000.0
Catherine,AL,,
Cedar Bluff,AL,45861.0,158800.0
Center Point,AL,49886.0,119100.0
Centre,AL,41924.0,165100.0
Centreville,AL,36777.0,139900.0
Chatom,AL,51324.0,176300.0
Chelsea,AL,102344.0,295100.0
Cherokee,AL,50446.0,92700.0
Chickasaw,AL,38985.0,89300.0
Childersburg,AL,45483.0,121100.0
Choccolocco,AL,67975.0,218800.0
Chunchula,AL,,
Citronelle,AL,54892.0,170100.0
Clanton,AL,48566.0,181700.0
Clay,AL,74198.0,181200.0
Clayhatchee,AL,51685.0,93800.0
Clayton,AL,30938.0,91200.0
Cleveland,AL,49387.0,147500.0
Clio,AL,25290.0,57100.0
Coaling,AL,74032.0,201600.0
Coats Bend,AL,48243.0,153300.0
Coffee Springs,AL,45388.0,67200.0
Coffeeville,AL,26000.0,73100.0
Coker,AL,54559.0,172800.0
Collinsville,AL,38438.0,
Colony,AL,36250.0,54500.0
Columbia,AL,61875.0,137500.0
Columbiana,AL,58214.0,202500.0
Concord,AL,72724.0,144700.0
Coosada,AL,63365.0,142000.0
Cordova,AL,36339.0,76400.0
Cottondale,AL,54688.0,108700.0
Cottonwood,AL,31591.0,106400.0
County Line,AL,85625.0,86000.0
Courtland,AL,39900.0,
Cowarts,AL,56845.0,154000.0
Creola,AL,63125.0,163100.0
Crossville,AL,47750.0,122400.0
Cuba,AL,73333.0,160400.0
Cullman,AL,59982.0,200900.0
Cullomburg,AL,,
Cusseta,AL,75729.0,
Dadeville,AL,46477.0,145900.0
Daleville,AL,42969.0,114000.0
Daphne,AL,80657.0,276300.0
Dauphin Island,AL,62000.0,355200.0
Daviston,AL,63438.0,131300.0
Dayton,AL,53125.0,68300.0
Deatsville,AL,106080.0,231400.0
Decatur,AL,55164.0,170000.0
Deer Park,AL,136563.0,
Delta,AL,,
Demopolis,AL,51364.0,198600.0
Detroit,AL,,69500.0
Dodge City,AL,53750.0,120700.0
Dora,AL,55189.0,156300.0
Dothan,AL,53704.0,175900.0
Double Springs,AL,31827.0,118600.0
Douglas,AL,48250.0,153100.0
Dozier,AL,43266.0,84600.0
Dunnavant,AL,64107.0,191200.0
Dutton,AL,,104200.0
Eagle Point,AL,147500.0,445500.0
East Brewton,AL,40353.0,75800.0
East Point,AL,78703.0,116000.0
Eclectic,AL,52222.0,151900.0
Edgewater,AL,140679.0,47600.0
Edwardsville,AL,74688.0,122500.0
Egypt,AL,34779.0,185500.0
Elba,AL,41509.0,91700.0
Elberta,AL,47452.0,198600.0
Eldridge,AL,53333.0,118800.0
Elkmont,AL,42917.0,160400.0
Elmore,AL,29946.0,96300.0
Emelle,AL,,
Emerald Mountain,AL,121466.0,297800.0
Enterprise,AL,64888.0,190700.0
Epes,AL,,112900.0
Equality,AL,,266700.0
Ethelsville,AL,67083.0,172200.0
Eufaula,AL,39511.0,134100.0
Eunola,AL,35038.0,
Eutaw,AL,33371.0,109800.0
Eva,AL,96071.0,167400.0
Evergreen,AL,37679.0,99300.0
Excel,AL,64926.0,136100.0
Fairfield,AL,45646.0,117400.0
Fairford,AL,,
Fairhope,AL,85456.0,392300.0
Fairview,AL,42500.0,204400.0
Falkville,AL,42863.0,113600.0
Faunsdale,AL,,67500.0
Fayette,AL,32375.0,120900.0
Fayetteville,AL,72058.0,212200.0
Fitzpatrick,AL,,
Five Points,AL,76667.0,202100.0
Flomaton,AL,37500.0,104300.0
Florala,AL,30313.0,95900.0
Florence,AL,47048.0,168800.0
Foley,AL,60090.0,236900.0
Forestdale,AL,62908.0,149000.0
Forkland,AL,28367.0,55700.0
Fort Deposit,AL,20542.0,65400.0
Fort Payne,AL,44549.0,145600.0
Fort Rucker,AL,72681.0,
Franklin,AL,81103.0,63800.0
Fredonia,AL,,258800.0
Frisco City,AL,33893.0,84000.0
Fruitdale,AL,,
Fruithurst,AL,54545.0,92000.0
Fulton,AL,56205.0,115100.0
Fultondale,AL,72741.0,173500.0
Fyffe,AL,36964.0,108500.0
Gadsden,AL,39696.0,96900.0
Gainesville,AL,,
Gallant,AL,50574.0,89100.0
Gantt,AL,9786.0,184400.0
Garden City,AL,54318.0,108800.0
Gardendale,AL,78719.0,226600.0
Gaylesville,AL,38750.0,193800.0
Geiger,AL,40000.0,
Geneva,AL,44756.0,107200.0
Georgiana,AL,27375.0,67100.0
Geraldine,AL,51923.0,177800.0
Gilbertown,AL,65929.0,149200.0
Glen Allen,AL,43370.0,97000.0
Glencoe,AL,68893.0,182400.0
Glenwood,AL,38056.0,50000.0
Goldville,AL,52500.0,91700.0
Good Hope,AL,68500.0,165100.0
Goodwater,AL,35724.0,82400.0
Gordo,AL,54688.0,121700.0
Gordon,AL,41500.0,81300.0
Gordonville,AL,45469.0,73800.0
Goshen,AL,39722.0,122300.0
Graham,AL,,
Grand Bay,AL,72125.0,133300.0
Grant,AL,81875.0,210100.0
Grayson Valley,AL,58090.0,118600.0
Graysville,AL,65671.0,116800.0
Greensboro,AL,24820.0,88800.0
Greenville,AL,39087.0,105200.0
Grimes,AL,44063.0,73000.0
Grove Hill,AL,46218.0,136500.0
Guin,AL,48587.0,96800.0
Gulfcrest,AL,31250.0,149200.0
Gulf Shores,AL,62021.0,331300.0
Guntersville,AL,61453.0,268700.0
Gurley,AL,58333.0,156900.0
Gu-Win,AL,37250.0,150000.0
Hackleburg,AL,34757.0,102200.0
Hackneyville,AL,,
Haleburg,AL,,204700.0
Haleyville,AL,52656.0,115400.0
Hamilton,AL,50882.0,104700.0
Hammondville,AL,45250.0,106300.0
Hanceville,AL,34782.0,149100.0
Hanover,AL,102988.0,
Harpersville,AL,70919.0,182100.0
Hartford,AL,44977.0,122100.0
Hartselle,AL,64876.0,175600.0
Harvest,AL,96336.0,232000.0
Hatton,AL,250001.0,
Hayden,AL,80221.0,205300.0
Hayneville,AL,31136.0,86400.0
Hazel Green,AL,75625.0,162200.0
Headland,AL,80811.0,167200.0
Heath,AL,60857.0,77500.0
Heflin,AL,45288.0,160000.0
Helena,AL,107360.0,275600.0
Henagar,AL,44338.0,116000.0
Highland Lake,AL,57422.0,253100.0
Highland Lakes,AL,157868.0,519200.0
Hillsboro,AL,60917.0,153700.0
Hissop,AL,,
Hobson,AL,,195400.0
Hobson City,AL,46346.0,96500.0
Hodges,AL,53750.0,73300.0
Hokes Bluff,AL,72333.0,186400.0
Hollins,AL,39375.0,120500.0
Hollis Crossroads,AL,60489.0,127800.0
Holly Pond,AL,46250.0,168500.0
Hollywood,AL,52650.0,89200.0
Holt,AL,44135.0,104700.0
Holtville,AL,66292.0,207600.0
Homewood,AL,97366.0,463500.0
Hoover,AL,101765.0,366200.0
Horn Hill,AL,51250.0,140800.0
Hueytown,AL,64176.0,134200.0
Huguley,AL,41338.0,117900.0
Huntsville,AL,67874.0,236300.0
Hurtsboro,AL,40982.0,116700.0
Hytop,AL,65000.0,117600.0
Ider,AL,40577.0,127900.0
Indian Springs Village,AL,135114.0,470200.0
Irondale,AL,68869.0,202600.0
Ivalee,AL,38098.0,114800.0
Jackson,AL,52530.0,124700.0
Jacksons' Gap,AL,30417.0,75900.0
Jacksonville,AL,46451.0,174200.0
Jasper,AL,62850.0,196300.0
Jemison,AL,62907.0,122700.0
Joppa,AL,,139600.0
Kansas,AL,40833.0,87500.0
Kellyton,AL,61071.0,73800.0
Kennedy,AL,48333.0,96700.0
Killen,AL,60956.0,147100.0
Kimberly,AL,107670.0,263600.0
Kinsey,AL,51250.0,109100.0
Kinston,AL,39167.0,59900.0
Ladonia,AL,55000.0,93200.0
La Fayette,AL,32031.0,124000.0
Lakeview,AL,46500.0,
Lake View,AL,86552.0,271100.0
Lanett,AL,48125.0,95800.0
Langston,AL,53333.0,266700.0
Leeds,AL,67159.0,197000.0
Leesburg,AL,50769.0,129200.0
Leighton,AL,29792.0,78000.0
Leroy,AL,102500.0,177900.0
Lester,AL,61250.0,119600.0
Level Plains,AL,68086.0,118800.0
Lexington,AL,58542.0,162200.0
Libertyville,AL,76875.0,94000.0
Lillian,AL,63462.0,210500.0
Lincoln,AL,65042.0,173000.0
Linden,AL,35294.0,88500.0
Lineville,AL,35435.0,143500.0
Lipscomb,AL,46767.0,92700.0
Lisman,AL,40714.0,65000.0
Littleville,AL,51667.0,150500.0
Livingston,AL,20417.0,158000.0
Loachapoka,AL,51250.0,192000.0
Lockhart,AL,33250.0,75000.0
Locust Fork,AL,44688.0,145400.0
Lookout Mountain,AL,32071.0,80000.0
Louisville,AL,40721.0,73900.0
Lowndesboro,AL,65000.0,175000.0
Loxley,AL,89435.0,310700.0
Luverne,AL,52264.0,115700.0
Lynn,AL,38934.0,68300.0
McCalla,AL,85234.0,236300.0
McDonald Chapel,AL,56071.0,94200.0
Macedonia,AL,63947.0,66900.0
McIntosh,AL,83011.0,183500.0
McKenzie,AL,33571.0,55000.0
McMullen,AL,11771.0,
Madison,AL,118132.0,327100.0
Madrid,AL,48125.0,118100.0
Magnolia Springs,AL,88583.0,348100.0
Malcolm,AL,,
Malvern,AL,50662.0,119200.0
Maplesville,AL,39750.0,113300.0
Marbury,AL,77426.0,210600.0
Margaret,AL,83814.0,209900.0
Marion,AL,36618.0,102800.0
Maytown,AL,49141.0,105800.0
Meadowbrook,AL,141620.0,362000.0
Megargel,AL,,
Memphis,AL,,70000.0
Mentone,AL,39000.0,195600.0
Meridianville,AL,92443.0,251400.0
Midfield,AL,48219.0,84800.0
Midland City,AL,35682.0,123400.0
Midway,AL,32000.0,104800.0
Mignon,AL,32708.0,38200.0
Millbrook,AL,63521.0,180800.0
Millerville,AL,81875.0,
Millport,AL,68750.0,101500.0
Millry,AL,43229.0,156300.0
Minor,AL,29851.0,96500.0
Mobile,AL,48524.0,158400.0
Monroeville,AL,32040.0,115300.0
Montevallo,AL,56500.0,188800.0
Montgomery,AL,54166.0,141900.0
Moody,AL,77680.0,214000.0
Moores Mill,AL,88694.0,231000.0
Mooresville,AL,,
Morris,AL,91750.0,216800.0
Morrison Crossroads,AL,,218200.0
Mosses,AL,28100.0,61200.0
Moulton,AL,37614.0,110500.0
Moundville,AL,64643.0,172800.0
Mountain Brook,AL,167007.0,803000.0
Mount Olive (Coosa County),AL,51172.0,81500.0
Mount Olive (Jefferson County),AL,93102.0,187300.0
Mount Vernon,AL,41164.0,110200.0
Movico,AL,,
Mulga,AL,37692.0,56200.0
Munford,AL,47750.0,73100.0
Muscle Shoals,AL,70493.0,183900.0
Myrtlewood,AL,57500.0,55000.0
Nanafalia,AL,,
Nances Creek,AL,115299.0,215000.0
Napier Field,AL,43125.0,72000.0
Natural Bridge,AL,108750.0,133900.0
Nauvoo,AL,43214.0,78800.0
Nectar,AL,42396.0,158300.0
Needham,AL,76563.0,
Newbern,AL,33625.0,74800.0
New Brockton,AL,54643.0,157800.0
New Hope,AL,76680.0,159800.0
New Market,AL,61188.0,129400.0
New Site,AL,63571.0,157200.0
Newton,AL,64297.0,88900.0
New Union,AL,51346.0,142600.0
Newville,AL,31458.0,90800.0
Nixburg,AL,47644.0,
North Courtland,AL,30789.0,53600.0
North Johns,AL,44345.0,60200.0
Northport,AL,72286.0,239800.0
Notasulga,AL,52083.0,106500.0
Oak Grove,AL,56311.0,154000.0
Oak Hill,AL,,145000.0
Oakman,AL,24578.0,63800.0
Odenville,AL,72521.0,194000.0
Ohatchee,AL,68800.0,167700.0
Oneonta,AL,44167.0,193800.0
Onycha,AL,38333.0,71700.0
Opelika,AL,55218.0,191800.0
Opp,AL,42956.0,111800.0
Orange Beach,AL,90402.0,453700.0
Orrville,AL,19643.0,106900.0
Our Town,AL,86983.0,115700.0
Owens Cross Roads,AL,70750.0,188300.0
Oxford,AL,66031.0,161700.0
Ozark,AL,47407.0,129700.0
Paint Rock,AL,59583.0,57700.0
Panola,AL,,
Parrish,AL,30588.0,47000.0
Pea Ridge,AL,67321.0,89400.0
Pelham,AL,94108.0,261100.0
Pell City,AL,71027.0,223300.0
Pennington,AL,28362.0,77900.0
Penton,AL,,
Perdido,AL,37461.0,151600.0
Perdido Beach,AL,76389.0,256800.0
Peterman,AL,,
Petrey,AL,64688.0,80000.0
Phenix City,AL,46944.0,154000.0
Phil Campbell,AL,26094.0,96600.0
Pickensville,AL,45926.0,153000.0
Piedmont,AL,44944.0,106500.0
Pike Road,AL,119928.0,355700.0
Pinckard,AL,54773.0,133100.0
Pine Apple,AL,41369.0,103500.0
Pine Hill,AL,39783.0,
Pine Level,AL,82301.0,204100.0
Pine Ridge,AL,77969.0,
Pinson,AL,83673.0,176600.0
Pisgah,AL,51667.0,135600.0
Pleasant Grove,AL,72917.0,173100.0
Pleasant Groves,AL,56300.0,145000.0
Point Clear,AL,69310.0,961700.0
Pollard,AL,68125.0,79200.0
Powell,AL,59655.0,108200.0
Prattville,AL,76176.0,196300.0
Priceville,AL,105362.0,233600.0
Prichard,AL,36110.0,76200.0
Providence,AL,67750.0,101300.0
Putnam,AL,,87000.0
Ragland,AL,39241.0,107600.0
Rainbow City,AL,60260.0,189000.0
Rainsville,AL,60339.0,187800.0
Ranburne,AL,75500.0,202300.0
Ray,AL,58958.0,
Red Bay,AL,33234.0,88600.0
Redland,AL,121033.0,308800.0
Red Level,AL,41875.0,81400.0
Redstone Arsenal,AL,121563.0,
Reece City,AL,67813.0,154500.0
Reeltown,AL,36250.0,83400.0
Reform,AL,32375.0,91000.0
Rehobeth,AL,68958.0,188200.0
Remlap,AL,75938.0,186100.0
Repton,AL,39000.0,99400.0
Ridgeville,AL,28036.0,80000.0
River Falls,AL,34000.0,85800.0
Riverside,AL,70208.0,231500.0
Riverview,AL,36250.0,107500.0
Roanoke,AL,43664.0,111000.0
Robertsdale,AL,55345.0,174300.0
Rock Creek,AL,71106.0,135500.0
Rockford,AL,36250.0,91100.0
Rock Mills,AL,,67200.0
Rockville,AL,,
Rogersville,AL,58229.0,141400.0
Rosa,AL,,120800.0
Russellville,AL,50411.0,109300.0
Rutledge,AL,,85000.0
St. Florian,AL,50000.0,235600.0
St. Stephens,AL,50042.0,104200.0
Saks,AL,53463.0,105200.0
Samson,AL,29338.0,75200.0
Sand Rock,AL,68438.0,158900.0
Sanford,AL,,
Saraland,AL,62802.0,188400.0
Sardis City,AL,58906.0,190300.0
Satsuma,AL,87974.0,177600.0
Scottsboro,AL,49287.0,154100.0
Section,AL,31250.0,135200.0
Selma,AL,31084.0,92700.0
Selmont-West Selmont,AL,35417.0,52100.0
Semmes,AL,61433.0,198800.0
Sheffield,AL,39666.0,120700.0
Shelby,AL,28403.0,94300.0
Shiloh,AL,59375.0,85000.0
Shoal Creek,AL,130375.0,681500.0
Shorter,AL,32917.0,81300.0
Silas,AL,47250.0,83900.0
Silverhill,AL,58510.0,264500.0
Sims Chapel,AL,,
Sipsey,AL,23500.0,53100.0
Skyline,AL,38537.0,98500.0
Slocomb,AL,38125.0,92500.0
Smiths Station,AL,55676.0,182700.0
Smoke Rise,AL,84583.0,218400.0
Snead,AL,46886.0,164500.0
Somerville,AL,41012.0,104200.0
Southside,AL,70843.0,187300.0
South Vinemont,AL,48704.0,133900.0
Spanish Fort,AL,98350.0,290100.0
Spring Garden,AL,36250.0,9999.0
Springville,AL,62386.0,251000.0
Spruce Pine,AL,,
Standing Rock,AL,,
Stapleton,AL,124531.0,
Steele,AL,53625.0,94600.0
Sterrett,AL,58594.0,
Stevenson,AL,45163.0,131500.0
Stewartville,AL,59000.0,144600.0
Stockton,AL,138246.0,275000.0
Sulligent,AL,30057.0,107500.0
Sumiton,AL,63682.0,148800.0
Summerdale,AL,70500.0,236500.0
Susan Moore,AL,78000.0,86800.0
Sweet Water,AL,78750.0,182100.0
Sylacauga,AL,46137.0,159000.0
Sylvania,AL,50993.0,119600.0
Sylvan Springs,AL,73482.0,192200.0
Talladega,AL,37945.0,99900.0
Talladega Springs,AL,49375.0,108900.0
Tallassee,AL,48531.0,138500.0
Tarrant,AL,37768.0,100800.0
Taylor,AL,55938.0,123200.0
Theodore,AL,62553.0,144500.0
Thomaston,AL,86250.0,83800.0
Thomasville,AL,45429.0,187400.0
Thorsby,AL,72188.0,179700.0
Tibbie,AL,,
Tidmore Bend,AL,44375.0,110000.0
Tillmans Corner,AL,50565.0,139800.0
Town Creek,AL,44904.0,111900.0
Toxey,AL,,161300.0
Trafford,AL,21941.0,88900.0
Triana,AL,89531.0,207400.0
Trinity,AL,94706.0,202200.0
Troy,AL,38783.0,194600.0
Trussville,AL,118028.0,333200.0
Tuscaloosa,AL,47257.0,228300.0
Tuscumbia,AL,47530.0,150000.0
Tuskegee,AL,32449.0,95500.0
Twin,AL,49028.0,126100.0
Underwood-Petersville,AL,44375.0,112500.0
Union,AL,,48600.0
Union Grove,AL,,165900.0
Union Springs,AL,24921.0,87200.0
Uniontown,AL,24355.0,71600.0
Uriah,AL,83750.0,
Valley,AL,54237.0,113200.0
Valley Grande,AL,64258.0,134200.0
Valley Head,AL,44253.0,59200.0
Vance,AL,72759.0,184700.0
Vandiver,AL,27113.0,
Vernon,AL,37350.0,133700.0
Vestavia Hills,AL,127582.0,467600.0
Vina,AL,37708.0,66700.0
Vincent,AL,35972.0,123800.0
Vinegar Bend,AL,,
Vredenburgh,AL,,63800.0
Wadley,AL,25000.0,121300.0
Waldo,AL,33828.0,61900.0
Walnut Grove,AL,39049.0,135800.0
Warrior,AL,53258.0,145600.0
Waterloo,AL,38750.0,80600.0
Waverly,AL,65417.0,238900.0
Weaver,AL,81250.0,131500.0
Webb,AL,45365.0,87500.0
Wedowee,AL,36827.0,203100.0
Weogufka,AL,48950.0,154300.0
West Blocton,AL,38750.0,108300.0
West End-Cobb Town,AL,39792.0,76300.0
West Jefferson,AL,,137500.0
Westover,AL,87772.0,265600.0
West Point,AL,61417.0,200900.0
Wetumpka,AL,54477.0,172200.0
Whatley,AL,,163400.0
White Hall,AL,33571.0,68400.0
White Plains,AL,56922.0,
Whitesboro,AL,63516.0,118000.0
Wilsonville,AL,62292.0,214500.0
Wilton,AL,55000.0,135300.0
Winfield,AL,73810.0,161900.0
Woodland,AL,157907.0,413900.0
Woodstock,AL,65469.0,163800.0
Woodville,AL,53542.0,144500.0
Yellow Bluff,AL,12348.0,71400.0
York,AL,33269.0,37600.0
Adak,AK,90114.0,61700.0
Akhiok,AK,69750.0,95000.0
Akiachak,AK,30833.0,
Akiak,AK,68125.0,
Akutan,AK,28750.0,106300.0
Alakanuk,AK,41875.0,85000.0
Alatna,AK,53125.0,73300.0
Alcan Border,AK,,
Aleknagik,AK,85000.0,112500.0
Aleneva,AK,,
Allakaket,AK,25000.0,52000.0
Ambler,AK,37857.0,86700.0
Anaktuvuk Pass,AK,69028.0,117500.0
Anchorage municipality,AK,95731.0,363800.0
Anchor Point,AK,58357.0,208100.0
Anderson,AK,111250.0,162500.0
Angoon,AK,42857.0,175900.0
Aniak,AK,72500.0,239300.0
Anvik,AK,58750.0,43800.0
Arctic Village,AK,35313.0,
Atka,AK,,100000.0
Atmautluak,AK,52500.0,
Atqasuk,AK,99750.0,99200.0
Attu Station,AK,,
Badger,AK,87169.0,274600.0
Bear Creek,AK,70156.0,300000.0
Beaver,AK,36964.0,
Beluga,AK,,
Bethel,AK,100852.0,340100.0
Bettles,AK,,
Big Delta,AK,96125.0,218300.0
Big Lake,AK,77292.0,275900.0
Birch Creek,AK,,
Brevig Mission,AK,58438.0,83400.0
Buckland,AK,53819.0,76700.0
Buffalo Soapstone,AK,76563.0,273000.0
Butte,AK,102171.0,297100.0
Cantwell,AK,36500.0,213600.0
Central,AK,16379.0,
Chalkyitsik,AK,31250.0,30400.0
Chase,AK,,
Chefornak,AK,47500.0,
Chena Ridge,AK,106688.0,359000.0
Chenega,AK,58750.0,
Chevak,AK,,92500.0
Chickaloon,AK,51875.0,239400.0
Chicken,AK,,
Chignik,AK,80469.0,90000.0
Chignik Lagoon,AK,65833.0,154200.0
Chignik Lake,AK,53750.0,
Chiniak,AK,,
Chisana,AK,,
Chistochina,AK,,237500.0
Chitina,AK,,
Chuathbaluk,AK,23750.0,162500.0
Circle,AK,18750.0,94400.0
Clam Gulch,AK,90156.0,185000.0
Clark's Point,AK,23333.0,103100.0
Coffman Cove,AK,63750.0,170800.0
Cohoe,AK,60341.0,215500.0
Cold Bay,AK,117969.0,
Coldfoot,AK,,
College,AK,76052.0,275100.0
Cooper Landing,AK,148021.0,437500.0
Copper Center,AK,65556.0,151600.0
Cordova,AK,79526.0,341100.0
Covenant Life,AK,,
Craig,AK,66146.0,231100.0
Crooked Creek,AK,26875.0,
Crown Point,AK,,275000.0
Deering,AK,49375.0,108800.0
Delta Junction,AK,80556.0,260500.0
Deltana,AK,105250.0,267700.0
Denali Park,AK,86250.0,473500.0
Diamond Ridge,AK,91923.0,304300.0
Dillingham,AK,92578.0,287500.0
Diomede,AK,,9999.0
Dot Lake,AK,,
Dot Lake Village,AK,,
Dry Creek,AK,,
Eagle,AK,47500.0,48300.0
Eagle Village,AK,34000.0,
Eareckson Station,AK,,
Edna Bay,AK,,
Eek,AK,48750.0,80600.0
Egegik,AK,,143800.0
Eielson AFB,AK,65139.0,
Ekwok,AK,39063.0,
Elfin Cove,AK,,
Elim,AK,35000.0,106300.0
Emmonak,AK,45655.0,107200.0
Ester,AK,72917.0,260300.0
Eureka Roadhouse,AK,,
Evansville,AK,89643.0,76700.0
Excursion Inlet,AK,,
Fairbanks,AK,69914.0,262000.0
False Pass,AK,62083.0,158300.0
Farmers Loop,AK,100638.0,289800.0
Farm Loop,AK,112683.0,351500.0
Ferry,AK,,
Fishhook,AK,98523.0,338200.0
Flat,AK,,
Fort Greely,AK,65785.0,
Fort Yukon,AK,46250.0,130000.0
Four Mile Road,AK,,
Fox,AK,,
Fox River,AK,70938.0,310000.0
Fritz Creek,AK,78125.0,309900.0
Funny River,AK,61162.0,226100.0
Gakona,AK,,437500.0
Galena,AK,77813.0,107400.0
Gambell,AK,39375.0,76700.0
Game Creek,AK,,
Gateway,AK,115735.0,397400.0
Glacier View,AK,31875.0,160200.0
Glennallen,AK,78173.0,
Goldstream,AK,86724.0,276200.0
Golovin,AK,54167.0,88800.0
Goodnews Bay,AK,27708.0,129200.0
Grayling,AK,36250.0,95800.0
Gulkana,AK,,
Gustavus,AK,77500.0,275000.0
Haines,AK,69612.0,293100.0
Halibut Cove,AK,80139.0,
Happy Valley,AK,52273.0,199000.0
Harding-Birch Lakes,AK,73281.0,322500.0
Healy,AK,97404.0,235500.0
Healy Lake,AK,,325000.0
Hobart Bay,AK,,
Hollis,AK,55547.0,227300.0
Holy Cross,AK,33571.0,51400.0
Homer,AK,69757.0,348000.0
Hoonah,AK,72969.0,246500.0
Hooper Bay,AK,35179.0,101500.0
Hope,AK,,242200.0
Houston,AK,53750.0,215500.0
Hughes,AK,,
Huslia,AK,49792.0,26900.0
Hydaburg,AK,53125.0,128800.0
Hyder,AK,,
Igiugig,AK,82500.0,346400.0
Iliamna,AK,,337500.0
Ivanof Bay,AK,,
Juneau and borough,AK,95711.0,404600.0
Kachemak,AK,65000.0,364800.0
Kake,AK,61250.0,171900.0
Kaktovik,AK,86458.0,93000.0
Kalifornsky,AK,90703.0,282900.0
Kaltag,AK,39688.0,
Karluk,AK,,135400.0
Kasaan,AK,87917.0,296400.0
Kasigluk,AK,31250.0,
Kasilof,AK,,619300.0
Kenai,AK,77335.0,250600.0
Kenny Lake,AK,39667.0,206700.0
Ketchikan,AK,73512.0,304300.0
Kiana,AK,62727.0,126800.0
King Cove,AK,79844.0,118200.0
King Salmon,AK,115625.0,255600.0
Kipnuk,AK,43750.0,43300.0
Kivalina,AK,68750.0,112500.0
Klawock,AK,60625.0,245200.0
Klukwan,AK,,
Knik-Fairview,AK,94047.0,287000.0
Knik River,AK,75000.0,250300.0
Kobuk,AK,36250.0,131300.0
Kodiak,AK,76765.0,283000.0
Kodiak Station,AK,94205.0,
Kokhanok,AK,,118800.0
Koliganek,AK,56250.0,121600.0
Kongiganak,AK,60938.0,175000.0
Kotlik,AK,42344.0,51100.0
Kotzebue,AK,101071.0,251900.0
Koyuk,AK,35313.0,83900.0
Koyukuk,AK,22143.0,81300.0
Kupreanof,AK,,181300.0
Kwethluk,AK,43750.0,
Kwigillingok,AK,61500.0,116700.0
Lake Louise,AK,,
Lake Minchumina,AK,,
Larsen Bay,AK,77500.0,106300.0
Lazy Mountain,AK,97750.0,330200.0
Levelock,AK,,
Lime Village,AK,,
Livengood,AK,,
Loring,AK,,
Lowell Point,AK,,
Lower Kalskag,AK,33125.0,172900.0
Lutak,AK,,
McCarthy,AK,,
McGrath,AK,44250.0,83600.0
Manley Hot Springs,AK,,
Manokotak,AK,51875.0,85600.0
Marshall,AK,53750.0,26300.0
Meadow Lakes,AK,80492.0,287900.0
Mekoryuk,AK,30417.0,89300.0
Mendeltna,AK,75804.0,226300.0
Mentasta Lake,AK,,
Mertarvik,AK,,
Metlakatla,AK,78750.0,163900.0
Mill Bay,AK,115409.0,428000.0
Minto,AK,36042.0,
Moose Creek,AK,74762.0,164900.0
Moose Pass,AK,89250.0,
Mosquito Lake,AK,96719.0,
Mountain Village,AK,45000.0,
Mud Bay,AK,,167900.0
Nabesna,AK,,
Naknek,AK,88333.0,262500.0
Nanwalek,AK,58000.0,206300.0
Napakiak,AK,23889.0,30800.0
Napaskiak,AK,34569.0,37400.0
Naukati Bay,AK,,
Nelchina,AK,,
Nelson Lagoon,AK,58750.0,146400.0
Nenana,AK,50357.0,99000.0
Newhalen,AK,48333.0,168800.0
New Stuyahok,AK,52083.0,94000.0
Newtok,AK,34583.0,75000.0
Nightmute,AK,58750.0,9999.0
Nikiski,AK,59809.0,291200.0
Nikolaevsk,AK,44286.0,178100.0
Nikolai,AK,,85000.0
Nikolski,AK,,
Ninilchik,AK,55357.0,235800.0
Noatak,AK,67500.0,157500.0
Nome,AK,103542.0,333300.0
Nondalton,AK,55000.0,179200.0
Noorvik,AK,56563.0,116700.0
North Lakes,AK,95556.0,311300.0
North Pole,AK,91583.0,261800.0
Northway,AK,,151600.0
Nuiqsut,AK,76250.0,131300.0
Nulato,AK,53839.0,
Nunam Iqua,AK,38214.0,45000.0
Nunapitchuk,AK,43352.0,87700.0
Old Harbor,AK,40156.0,122900.0
Oscarville,AK,,
Ouzinkie,AK,53750.0,
Palmer,AK,68929.0,256400.0
Paxson,AK,,
Pedro Bay,AK,75833.0,216700.0
Pelican,AK,,120000.0
Perryville,AK,27000.0,168800.0
Petersburg,AK,77670.0,277900.0
Petersville,AK,,
Pilot Point,AK,59375.0,137500.0
Pilot Station,AK,41964.0,34800.0
Pitkas Point,AK,57679.0,152800.0
Platinum,AK,,
Pleasant Valley,AK,,138100.0
Point Baker,AK,,
Point Hope,AK,56250.0,171900.0
Point Lay,AK,89583.0,118200.0
Point MacKenzie,AK,92125.0,303800.0
Point Possession,AK,,
Pope-Vannoy Landing,AK,,
Portage Creek,AK,,
Port Alexander,AK,37083.0,
Port Alsworth,AK,102083.0,500000.0
Port Clarence,AK,,
Port Graham,AK,58438.0,87100.0
Port Heiden,AK,,81000.0
Port Lions,AK,50000.0,210700.0
Port Protection,AK,,
Primrose,AK,,
Prudhoe Bay,AK,,
Quinhagak,AK,42083.0,20000.0
Rampart,AK,,75000.0
Red Devil,AK,,
Red Dog Mine,AK,,
Ridgeway,AK,101188.0,300000.0
Ruby,AK,32500.0,77000.0
Russian Mission,AK,,155400.0
St. George,AK,92500.0,91000.0
St. Mary's,AK,43750.0,106900.0
St. Michael,AK,46875.0,78800.0
St. Paul,AK,83214.0,103600.0
Salamatof,AK,63750.0,287500.0
Salcha,AK,64044.0,253200.0
Sand Point,AK,79922.0,213700.0
Savoonga,AK,53125.0,100000.0
Saxman,AK,50500.0,268800.0
Scammon Bay,AK,36250.0,77900.0
Selawik,AK,52917.0,61000.0
Seldovia,AK,84375.0,203800.0
Seldovia Village,AK,48571.0,200000.0
Seward,AK,77850.0,271000.0
Shageluk,AK,33125.0,
Shaktoolik,AK,62500.0,90000.0
Shishmaref,AK,56875.0,118300.0
Shungnak,AK,68750.0,127100.0
Silver Springs,AK,125938.0,247200.0
Sitka and borough,AK,95261.0,424700.0
Skagway,AK,88000.0,422900.0
Skwentna,AK,,
Slana,AK,,
Sleetmute,AK,28750.0,162500.0
Soldotna,AK,67365.0,245700.0
South Lakes,AK,88682.0,347700.0
South Naknek,AK,46667.0,
South Van Horn,AK,64757.0,25800.0
Stebbins,AK,52500.0,109300.0
Steele Creek,AK,118934.0,309900.0
Sterling,AK,98542.0,332400.0
Stevens Village,AK,,
Stony River,AK,106250.0,237500.0
Sunrise,AK,,
Susitna,AK,,
Susitna North,AK,38323.0,208700.0
Sutton-Alpine,AK,71058.0,218900.0
Takotna,AK,,
Talkeetna,AK,79091.0,240300.0
Tanacross,AK,53125.0,
Tanaina,AK,86418.0,288600.0
Tanana,AK,52031.0,66000.0
Tatitlek,AK,70417.0,98000.0
Tazlina,AK,115156.0,233300.0
Teller,AK,34688.0,109400.0
Tenakee Springs,AK,48846.0,275000.0
Tetlin,AK,20417.0,
Thorne Bay,AK,63365.0,230000.0
Togiak,AK,55833.0,104600.0
Tok,AK,45156.0,194800.0
Toksook Bay,AK,49167.0,86900.0
Tolsona,AK,,
Tonsina,AK,,
Trapper Creek,AK,51071.0,164800.0
Tuluksak,AK,,
Tuntutuliak,AK,43000.0,82700.0
Tununak,AK,38750.0,
Twin Hills,AK,,
Two Rivers,AK,,333600.0
Tyonek,AK,42159.0,46400.0
Ugashik,AK,,
Unalakleet,AK,84375.0,155400.0
Unalaska,AK,104706.0,434200.0
Upper Kalskag,AK,43750.0,175000.0
Utqiaġvik,AK,86810.0,248000.0
Valdez,AK,89255.0,251100.0
Venetie,AK,58281.0,
Wainwright,AK,79500.0,97100.0
Wales,AK,34167.0,86700.0
Wasilla,AK,69534.0,302200.0
Whale Pass,AK,49063.0,
White Mountain,AK,53125.0,101300.0
Whitestone,AK,,
Whitestone Logging Camp,AK,,
Whittier,AK,48828.0,79500.0
Willow,AK,71536.0,259500.0
Willow Creek,AK,72212.0,436800.0
Wiseman,AK,,
Womens Bay,AK,121250.0,444100.0
Wrangell and borough,AK,61000.0,273800.0
Yakutat,AK,76875.0,152100.0
Aguila,AZ,,309200.0
Ajo,AZ,46250.0,111700.0
Ak Chin,AZ,,
Ak-Chin Village,AZ,47917.0,131300.0
Alamo Lake,AZ,,
Ali Chuk,AZ,,137500.0
Ali Chukson,AZ,,
Ali Molina,AZ,,
Alpine,AZ,40000.0,165800.0
Amado,AZ,,
Anegam,AZ,,185700.0
Antares,AZ,,85000.0
Anthem,AZ,113294.0,458300.0
Apache Junction,AZ,56209.0,174100.0
Arivaca,AZ,31636.0,86000.0
Arivaca Junction,AZ,62059.0,145300.0
Arizona City,AZ,50218.0,187800.0
Arizona Village,AZ,43750.0,
Arlington,AZ,,236500.0
Ash Fork,AZ,79861.0,108500.0
Avenue B and C,AZ,37346.0,
Avondale,AZ,76496.0,306000.0
Avra Valley,AZ,51415.0,135400.0
Aztec,AZ,,
Bagdad,AZ,81417.0,
Bear Flat,AZ,,
Beaver Dam,AZ,45550.0,
Beaver Valley,AZ,32014.0,266700.0
Bellemont,AZ,111389.0,383400.0
Benson,AZ,49955.0,117800.0
Beyerville,AZ,60625.0,
Bisbee,AZ,43512.0,201000.0
Bitter Springs,AZ,34848.0,56800.0
Black Canyon City,AZ,48468.0,239300.0
Blackwater,AZ,25917.0,207700.0
Blue Ridge,AZ,79688.0,369400.0
Bluewater,AZ,58654.0,78600.0
Bouse,AZ,39279.0,134600.0
Bowie,AZ,47778.0,51000.0
Brenda,AZ,49040.0,61300.0
Bryce,AZ,,
Buckeye,AZ,94188.0,341700.0
Buckshot,AZ,,
Bullhead City,AZ,47129.0,187100.0
Burnside,AZ,28125.0,
Bylas,AZ,39688.0,34000.0
Cactus Flats,AZ,56111.0,260100.0
Cactus Forest,AZ,60882.0,140200.0
Cameron,AZ,38750.0,62900.0
Campo Bonito,AZ,,
Camp Verde,AZ,50247.0,257700.0
Cane Beds,AZ,,
Canyon Day,AZ,33284.0,78900.0
Carefree,AZ,122328.0,1009100.0
Carrizo,AZ,29022.0,45000.0
Casa Blanca,AZ,33372.0,66800.0
Casa Grande,AZ,64535.0,219900.0
Casas Adobes,AZ,75997.0,281000.0
Catalina,AZ,69243.0,231700.0
Catalina Foothills,AZ,110660.0,560400.0
Cave Creek,AZ,90824.0,725300.0
Cedar Creek,AZ,48393.0,81600.0
Centennial Park,AZ,68882.0,227400.0
Central,AZ,88645.0,241200.0
Central Heights-Midland City,AZ,68250.0,106600.0
Chandler,AZ,99374.0,423900.0
Charco,AZ,,
Chiawuli Tak,AZ,,
Chilchinbito,AZ,12941.0,50400.0
Chinle,AZ,44821.0,34100.0
Chino Valley,AZ,55682.0,322600.0
Chloride,AZ,30625.0,90700.0
Christopher Creek,AZ,71205.0,241700.0
Chuichu,AZ,,173300.0
Cibecue,AZ,18250.0,72400.0
Cibola,AZ,,37200.0
Cienega Springs,AZ,47438.0,173600.0
Circle City,AZ,33710.0,129600.0
Citrus Park,AZ,135398.0,582700.0
Clacks Canyon,AZ,67273.0,236400.0
Clarkdale,AZ,40313.0,311300.0
Claypool,AZ,53450.0,114000.0
Clay Springs,AZ,50724.0,155400.0
Clifton,AZ,78862.0,65500.0
Colorado City,AZ,,
Comobabi,AZ,,
Concho,AZ,,
Congress,AZ,61563.0,210400.0
Coolidge,AZ,60682.0,171800.0
Copper Hill,AZ,,
Cordes Lakes,AZ,51285.0,140700.0
Cornfields,AZ,21343.0,32800.0
Cornville,AZ,68929.0,303900.0
Corona de Tucson,AZ,106049.0,305400.0
Cottonwood,AZ,52500.0,47500.0
Cottonwood,AZ,43273.0,265700.0
Cowlic,AZ,,
Crozier,AZ,78333.0,
Crystal Beach,AZ,29792.0,
Cutter,AZ,,
Dateland,AZ,65313.0,
Deer Creek,AZ,35500.0,159700.0
Del Muerto,AZ,26974.0,49300.0
Dennehotso,AZ,19688.0,53400.0
Desert Hills,AZ,59911.0,214400.0
Dewey-Humboldt,AZ,56604.0,330300.0
Dilkon,AZ,40288.0,101000.0
Dolan Springs,AZ,36274.0,92300.0
Doney Park,AZ,90858.0,531400.0
Donovan Estates,AZ,36728.0,77200.0
Douglas,AZ,41594.0,125600.0
Dragoon,AZ,,209900.0
Drexel Heights,AZ,72567.0,200200.0
Dripping Springs,AZ,48125.0,
Drysdale,AZ,,
Dudleyville,AZ,63663.0,94900.0
Duncan,AZ,42969.0,126600.0
Eagar,AZ,82538.0,210100.0
East Fork,AZ,42500.0,151400.0
East Globe,AZ,64375.0,
East Verde Estates,AZ,125438.0,423300.0
Ehrenberg,AZ,37180.0,
El Capitan,AZ,,
Elephant Head,AZ,46167.0,284000.0
Elfrida,AZ,26250.0,98100.0
Elgin,AZ,47188.0,386500.0
El Mirage,AZ,72134.0,246800.0
Eloy,AZ,57364.0,181800.0
El Prado Estates,AZ,44071.0,
First Mesa,AZ,53229.0,60700.0
Flagstaff,AZ,65652.0,466600.0
Florence,AZ,74025.0,298900.0
Flowing Springs,AZ,,
Flowing Wells,AZ,37092.0,41200.0
Forest Lakes,AZ,83629.0,382000.0
Fort Apache,AZ,73393.0,59400.0
Fort Defiance,AZ,50320.0,33000.0
Fort Mohave,AZ,66702.0,252700.0
Fort Thomas,AZ,68295.0,153100.0
Fortuna Foothills,AZ,55347.0,156000.0
Fort Valley,AZ,138824.0,853300.0
Fountain Hills,AZ,100317.0,518200.0
Franklin,AZ,,113500.0
Fredonia,AZ,57762.0,227800.0
Freedom Acres,AZ,,625000.0
Gadsden,AZ,39601.0,163700.0
Ganado,AZ,46339.0,32500.0
Geronimo Estates,AZ,,
Gila Bend,AZ,52879.0,117300.0
Gila Crossing,AZ,51583.0,302200.0
Gilbert,AZ,115179.0,454300.0
Gisela,AZ,19909.0,158700.0
Glendale,AZ,66375.0,310000.0
Globe,AZ,64516.0,187100.0
Gold Canyon,AZ,83654.0,402400.0
Golden Shores,AZ,,166400.0
Golden Valley,AZ,45427.0,105400.0
Goodyear,AZ,97307.0,396100.0
Goodyear Village,AZ,,
Grand Canyon Village,AZ,67256.0,
Grand Canyon West,AZ,,
Greasewood,AZ,22708.0,
Greenehaven,AZ,,
Green Valley,AZ,57785.0,240800.0
Greer,AZ,,
Guadalupe,AZ,56423.0,203000.0
Gu Oidak,AZ,,90200.0
Hackberry,AZ,,151300.0
Haigler Creek,AZ,,
Haivana Nakya,AZ,,
Hard Rock,AZ,,176300.0
Hayden,AZ,33182.0,39500.0
Heber-Overgaard,AZ,39779.0,220200.0
Holbrook,AZ,58856.0,130600.0
Hondah,AZ,59148.0,85700.0
Hotevilla-Bacavi,AZ,31339.0,134600.0
Houck,AZ,25156.0,48400.0
Huachuca City,AZ,44360.0,111000.0
Hunter Creek,AZ,,
Icehouse Canyon,AZ,47161.0,123900.0
Indian Wells,AZ,43333.0,57000.0
Jakes Corner,AZ,38125.0,
Jeddito,AZ,30789.0,23100.0
Jerome,AZ,35208.0,320800.0
Joseph City,AZ,69643.0,153300.0
J-Six Ranchettes,AZ,64632.0,150400.0
Kachina Village,AZ,77701.0,341900.0
Kaibab,AZ,34375.0,116900.0
Kaibab Estates West,AZ,35263.0,170600.0
Kaibito,AZ,47212.0,63100.0
Kaka,AZ,,
Katherine,AZ,65809.0,
Kayenta,AZ,54051.0,45200.0
Keams Canyon,AZ,56958.0,73600.0
Kearny,AZ,58026.0,122000.0
Kingman,AZ,56360.0,220100.0
Kino Springs,AZ,43846.0,101000.0
Klagetoh,AZ,,
Kleindale,AZ,,
Kohatk,AZ,,
Kohls Ranch,AZ,81563.0,352200.0
Komatke,AZ,50331.0,148800.0
Ko Vaya,AZ,,
Kykotsmovi Village,AZ,52143.0,108400.0
Lake Havasu City,AZ,64027.0,363300.0
Lake Montezuma,AZ,57575.0,272700.0
Lake of the Woods,AZ,52480.0,207900.0
La Paz Valley,AZ,,
Lazy Y U,AZ,84000.0,442400.0
LeChee,AZ,61354.0,93900.0
Leupp,AZ,47083.0,57100.0
Linden,AZ,79531.0,358700.0
Litchfield Park,AZ,117601.0,470600.0
Littlefield,AZ,,
Lower Santan Village,AZ,33158.0,
Low Mountain,AZ,25313.0,114600.0
Lukachukai,AZ,28750.0,60200.0
Lupton,AZ,,
McConnico,AZ,,
McNary,AZ,67292.0,55000.0
McNeal,AZ,74063.0,96700.0
Maish Vaya,AZ,,
Mammoth,AZ,42650.0,81800.0
Many Farms,AZ,29659.0,42200.0
Marana,AZ,105624.0,347700.0
Maricopa,AZ,88795.0,292300.0
Maricopa Colony,AZ,26339.0,
Martinez Lake,AZ,75833.0,
Mayer,AZ,53424.0,219700.0
Mead Ranch,AZ,,
Meadview,AZ,55664.0,142700.0
Mesa,AZ,73766.0,327700.0
Mesa del Caballo,AZ,65313.0,209700.0
Mescal,AZ,52969.0,158100.0
Mesquite Creek,AZ,52125.0,164900.0
Miami,AZ,30417.0,75700.0
Miracle Valley,AZ,54107.0,87200.0
Moccasin,AZ,,
Moenkopi,AZ,51518.0,107200.0
Mohave Valley,AZ,69313.0,234300.0
Mojave Ranch Estates,AZ,,
Morenci,AZ,83144.0,
Mormon Lake,AZ,,273400.0
Morristown,AZ,68611.0,267900.0
Mountainaire,AZ,92788.0,427300.0
Mountain View Ranches,AZ,73375.0,425000.0
Munds Park,AZ,80152.0,358600.0
Naco,AZ,42500.0,75300.0
Nazlini,AZ,30357.0,
Nelson,AZ,52300.0,93900.0
New Kingman-Butler,AZ,42541.0,93900.0
New River,AZ,116837.0,560900.0
Nogales,AZ,36682.0,163100.0
Nolic,AZ,,
North Fork,AZ,78942.0,81500.0
Nutrioso,AZ,,
Oak Creek Canyon,AZ,49000.0,687500.0
Oak Springs,AZ,,26700.0
Oatman,AZ,,
Oljato-Monument Valley,AZ,,
Oracle,AZ,64247.0,187300.0
Orange Grove Mobile Manor,AZ,,
Oro Valley,AZ,101394.0,404500.0
Oxbow Estates,AZ,68750.0,541700.0
Padre Ranchitos,AZ,,
Page,AZ,79521.0,262500.0
Palominas,AZ,,186100.0
Paradise Valley,AZ,221333.0,2000001.0
Parker,AZ,67566.0,220600.0
Parker Strip,AZ,48333.0,215200.0
Parks,AZ,93854.0,515100.0
Patagonia,AZ,34609.0,317200.0
Paulden,AZ,65417.0,291300.0
Payson,AZ,60095.0,305700.0
Peach Springs,AZ,55000.0,
Peeples Valley,AZ,61500.0,197500.0
Peoria,AZ,86759.0,383600.0
Peridot,AZ,40074.0,
Phoenix,AZ,72092.0,340200.0
Picacho,AZ,52813.0,182600.0
Picture Rocks,AZ,57376.0,144800.0
Pima,AZ,67880.0,209300.0
Pinal,AZ,42167.0,
Pine,AZ,54720.0,355800.0
Pinedale,AZ,,302600.0
Pine Lake,AZ,,257300.0
Pinetop Country Club,AZ,86417.0,350800.0
Pinetop-Lakeside,AZ,57125.0,280800.0
Pinion Pines,AZ,70441.0,260300.0
Pinon,AZ,42750.0,
Pirtleville,AZ,48594.0,84800.0
Pisinemo,AZ,19643.0,91500.0
Poston,AZ,15625.0,
Prescott,AZ,66330.0,473900.0
Prescott Valley,AZ,66617.0,341900.0
Quartzsite,AZ,19017.0,39100.0
Queen Creek,AZ,127182.0,493700.0
Queen Valley,AZ,,192400.0
Rainbow City,AZ,,65500.0
Rancho Mesa Verde,AZ,,112800.0
Red Lake,AZ,74348.0,225200.0
Red Mesa,AZ,69659.0,
Red Rock (Apache County),AZ,37500.0,62700.0
Red Rock (Pinal County),AZ,76851.0,229700.0
Rillito,AZ,,
Rincon Valley,AZ,137500.0,475000.0
Rio Rico,AZ,62537.0,190400.0
Rio Verde,AZ,135457.0,650400.0
Rock House,AZ,39375.0,
Rock Point,AZ,42000.0,
Roosevelt,AZ,,
Roosevelt Estates,AZ,44313.0,183500.0
Rough Rock,AZ,40347.0,43300.0
Round Rock,AZ,45625.0,54700.0
Round Valley,AZ,,
Rye,AZ,,
Sacate Village,AZ,,
Sacaton,AZ,29347.0,94000.0
Sacaton Flats Village,AZ,69524.0,
Saddlebrooke,AZ,95313.0,448700.0
Safford,AZ,64860.0,178400.0
Sahuarita,AZ,97133.0,314600.0
St. David,AZ,51705.0,152600.0
St. Johns,AZ,83690.0,162600.0
St. Johns,AZ,40982.0,
St. Michaels,AZ,45208.0,156300.0
Salome,AZ,79745.0,116600.0
San Carlos,AZ,38125.0,54200.0
Sanders,AZ,29543.0,
San Jose,AZ,58295.0,176000.0
San Luis,AZ,46747.0,171700.0
San Manuel,AZ,45625.0,100100.0
San Miguel,AZ,,
San Simon,AZ,23750.0,35300.0
Santa Cruz,AZ,,
San Tan Valley,AZ,88466.0,304000.0
Santa Rosa,AZ,50500.0,91900.0
Sawmill,AZ,31875.0,32400.0
Scenic,AZ,32578.0,210400.0
Scottsdale,AZ,104197.0,651800.0
Seba Dalkai,AZ,58750.0,141700.0
Second Mesa,AZ,50700.0,101900.0
Sedona,AZ,62901.0,664300.0
Sehili,AZ,15750.0,22500.0
Seligman,AZ,62823.0,104300.0
Sells,AZ,44038.0,42400.0
Seven Mile,AZ,50956.0,110500.0
Shongopovi,AZ,27353.0,77800.0
Shonto,AZ,53571.0,
Show Low,AZ,57406.0,249200.0
Shumway,AZ,51659.0,141600.0
Sierra Vista,AZ,70899.0,215900.0
Sierra Vista Southeast,AZ,67893.0,236400.0
Six Shooter Canyon,AZ,57292.0,183800.0
Snowflake,AZ,71029.0,230900.0
So-Hi,AZ,48592.0,116400.0
Solomon,AZ,72344.0,164800.0
Somerton,AZ,64180.0,174700.0
Sonoita,AZ,83295.0,381400.0
South Komelik,AZ,,
South Tucson,AZ,34014.0,133100.0
Springerville,AZ,48475.0,160300.0
Spring Valley,AZ,41429.0,149500.0
Stanfield,AZ,,131300.0
Star Valley,AZ,62603.0,
Steamboat,AZ,28125.0,
Stotonic Village,AZ,,107900.0
Strawberry,AZ,43083.0,312600.0
Summerhaven,AZ,,
Summit,AZ,42133.0,119900.0
Sun City,AZ,51263.0,233600.0
Sun City West,AZ,61941.0,316900.0
Sunizona,AZ,21375.0,54800.0
Sun Lakes,AZ,62148.0,380500.0
Sunsites,AZ,51875.0,118800.0
Sun Valley,AZ,,
Sunwest,AZ,,
Supai,AZ,,
Superior,AZ,39600.0,123600.0
Surprise,AZ,87756.0,352600.0
Sweet Water Village,AZ,,
Swift Trail Junction,AZ,68775.0,176100.0
Tacna,AZ,37543.0,118800.0
Tanque Verde,AZ,120887.0,526100.0
Tat Momoli,AZ,,
Taylor,AZ,75125.0,271400.0
Teec Nos Pos,AZ,41458.0,80700.0
Tees Toh,AZ,52639.0,90900.0
Tempe,AZ,72022.0,382100.0
Thatcher,AZ,71591.0,226900.0
Theba,AZ,58889.0,
Three Points,AZ,55074.0,135200.0
Timberline-Fernwood,AZ,120203.0,495800.0
Tolani Lake,AZ,54185.0,
Tolleson,AZ,47875.0,275000.0
Tombstone,AZ,46667.0,141600.0
Tonalea,AZ,30972.0,9999.0
Tonopah,AZ,,
Tonto Basin,AZ,49567.0,192900.0
Tonto Village,AZ,62727.0,237500.0
Topawa,AZ,25050.0,
Topock,AZ,,
Top-of-the-World,AZ,,9999.0
Toyei,AZ,,
Truxton,AZ,30500.0,95300.0
Tsaile,AZ,39625.0,47500.0
Tubac,AZ,85893.0,472100.0
Tuba City,AZ,62136.0,61600.0
Tucson,AZ,52049.0,218200.0
Tucson Estates,AZ,61545.0,185400.0
Tucson Mountains,AZ,138158.0,428600.0
Tumacacori-Carmen,AZ,,
Turkey Creek,AZ,24583.0,80200.0
Tusayan,AZ,,
Upper Santan Village,AZ,,
Utting,AZ,,
Vail,AZ,120179.0,339700.0
Vaiva Vo,AZ,,
Valencia West,AZ,77969.0,252500.0
Valentine,AZ,63438.0,250000.0
Valle,AZ,,
Valle Vista,AZ,44929.0,229200.0
Ventana,AZ,,
Verde Village,AZ,63835.0,283900.0
Vernon,AZ,48203.0,
Vicksburg,AZ,66923.0,
Village of Oak Creek (Big Park),AZ,73188.0,588500.0
Wagon Wheel,AZ,54354.0,265100.0
Wahak Hotrontk,AZ,,
Wall Lane,AZ,44091.0,97500.0
Walnut Creek,AZ,42946.0,200400.0
Washington Park,AZ,,
Wellton,AZ,52654.0,84900.0
Wellton Hills,AZ,,9999.0
Wenden,AZ,36431.0,73000.0
Wet Camp Village,AZ,,
Wheatfields,AZ,68929.0,41800.0
Whetstone,AZ,50967.0,182400.0
Whispering Pines,AZ,67813.0,379200.0
Whitecone,AZ,25795.0,120800.0
White Hills,AZ,36600.0,120000.0
White Mountain Lake,AZ,36719.0,132700.0
Whiteriver,AZ,37165.0,59800.0
Why,AZ,,
Wickenburg,AZ,63301.0,398000.0
Wide Ruins,AZ,,
Wikieup,AZ,95625.0,188800.0
Wilhoit,AZ,43882.0,209700.0
Willcox,AZ,40884.0,116400.0
Williams,AZ,63141.0,377700.0
Williamson,AZ,84878.0,602500.0
Willow Canyon,AZ,,
Willow Valley,AZ,32981.0,250200.0
Window Rock,AZ,40242.0,82200.0
Winkelman,AZ,29457.0,55800.0
Winslow,AZ,43918.0,119500.0
Winslow West,AZ,43125.0,317400.0
Wintersburg,AZ,,
Wittmann,AZ,65774.0,214500.0
Woodruff,AZ,,
Yarnell,AZ,39847.0,224500.0
York,AZ,77321.0,153900.0
Young,AZ,47000.0,218000.0
Youngtown,AZ,56449.0,262500.0
Yucca,AZ,30625.0,81300.0
Yuma,AZ,59312.0,186500.0
Yuma Proving Ground,AZ,111481.0,
Acorn,AR,86354.0,
Adona,AR,46250.0,75000.0
Alexander,AR,68431.0,140300.0
Alicia,AR,26875.0,46000.0
Alix,AR,,
Alleene,AR,,
Allport,AR,25000.0,
Alma,AR,46273.0,178300.0
Almyra,AR,70125.0,73600.0
Alpena,AR,48500.0,86500.0
Alpine,AR,,
Altheimer,AR,31429.0,79000.0
Altus,AR,37768.0,107600.0
Amagon,AR,35938.0,
Amity,AR,39792.0,89000.0
Anthonyville,AR,13750.0,71700.0
Antoine,AR,30789.0,41900.0
Aplin,AR,71364.0,232100.0
Appleton,AR,41667.0,
Arkadelphia,AR,37634.0,157000.0
Arkansas City,AR,39038.0,89800.0
Armorel,AR,144688.0,183200.0
Ashdown,AR,60909.0,134100.0
Ash Flat,AR,39632.0,82100.0
Atkins,AR,51643.0,92400.0
Aubrey,AR,,54300.0
Augusta,AR,51535.0,133600.0
Austin,AR,93929.0,185400.0
Avilla,AR,131250.0,281800.0
Avoca,AR,57063.0,184000.0
Bald Knob,AR,47917.0,133800.0
Banks,AR,48750.0,81700.0
Barling,AR,50289.0,125000.0
Bassett,AR,50750.0,75000.0
Batavia,AR,,216300.0
Batesville,AR,52304.0,148500.0
Bauxite,AR,68125.0,132700.0
Bay,AR,58036.0,99200.0
Bearden,AR,24861.0,66300.0
Beaver,AR,55208.0,198200.0
Beebe,AR,55072.0,135200.0
Bee Branch,AR,,140800.0
Beedeville,AR,,
Beirne,AR,,
Bella Vista,AR,83989.0,233800.0
Bellefonte,AR,52778.0,160700.0
Belleville,AR,64239.0,85000.0
Ben Lomond,AR,46250.0,83200.0
Benton,AR,66868.0,186700.0
Bentonville,AR,99074.0,338500.0
Bergman,AR,58977.0,111600.0
Berryville,AR,43388.0,150000.0
Bethesda,AR,,
Bigelow,AR,69000.0,156800.0
Big Flat,AR,20625.0,154200.0
Biggers,AR,,53100.0
Birdsong,AR,,45000.0
Bismarck,AR,63831.0,
Black Oak,AR,51250.0,65200.0
Black Rock,AR,65347.0,58900.0
Black Springs,AR,55000.0,75000.0
Blevins,AR,57500.0,76600.0
Blue Eye,AR,26250.0,72500.0
Blue Mountain,AR,,
Bluff City,AR,,83200.0
Blytheville,AR,45746.0,104800.0
Board Camp,AR,23864.0,345500.0
Bodcaw,AR,49464.0,76500.0
Boles,AR,50625.0,149100.0
Bonanza,AR,52500.0,120600.0
Bono,AR,48611.0,131200.0
Booneville,AR,46182.0,92200.0
Bowman,AR,,
Bradford,AR,28333.0,72500.0
Bradley,AR,27604.0,60000.0
Branch,AR,34712.0,53000.0
Briarcliff,AR,53125.0,159700.0
Brinkley,AR,35087.0,85600.0
Brookland,AR,65688.0,149500.0
Bryant,AR,76282.0,209300.0
Buckner,AR,106875.0,19500.0
Buffalo City,AR,,
Bull Shoals,AR,45144.0,153900.0
Burdette,AR,94375.0,105100.0
Cabot,AR,69094.0,188400.0
Caddo Gap,AR,24034.0,
Caddo Valley,AR,63750.0,116100.0
Caldwell,AR,57679.0,107600.0
Cale,AR,38750.0,
Calico Rock,AR,36667.0,100000.0
Calion,AR,39205.0,83900.0
Camden,AR,48302.0,96700.0
Cammack Village,AR,84286.0,271600.0
Campbell Station,AR,72083.0,86000.0
Canehill,AR,,
Caraway,AR,47679.0,63200.0
Carlisle,AR,35769.0,114400.0
Carthage,AR,,76000.0
Casa,AR,80625.0,63900.0
Cash,AR,27130.0,80500.0
Caulksville,AR,36000.0,156300.0
Cave City,AR,40441.0,96700.0
Cave Springs,AR,143393.0,368100.0
Cedarville,AR,50866.0,128400.0
Center Point,AR,,76300.0
Center Ridge,AR,58426.0,85000.0
Centerton,AR,104464.0,247800.0
Centerville,AR,,
Central City,AR,73456.0,170300.0
Charleston,AR,63661.0,119600.0
Cherokee City,AR,,
Cherokee Village,AR,35257.0,86700.0
Cherry Valley,AR,34875.0,77900.0
Chester,AR,34375.0,
Chidester,AR,22167.0,66900.0
Cincinnati,AR,58833.0,91300.0
Clarendon,AR,27065.0,65000.0
Clarkedale,AR,119271.0,254800.0
Clarksville,AR,35911.0,152800.0
Clinton,AR,42292.0,121700.0
Coal Hill,AR,33661.0,90300.0
College Station,AR,,
Collins,AR,103317.0,57100.0
Colt,AR,,88100.0
Concord,AR,47857.0,110900.0
Conway,AR,54036.0,223900.0
Corinth,AR,46250.0,
Corning,AR,41607.0,86200.0
Cotter,AR,35221.0,152700.0
Cotton Plant,AR,18250.0,27700.0
Cove,AR,27500.0,58300.0
Coy,AR,38000.0,95000.0
Crawfordsville,AR,71250.0,142900.0
Crossett,AR,41250.0,102500.0
Crystal Springs,AR,90756.0,284300.0
Cushman,AR,41250.0,96700.0
Daisy,AR,76000.0,112500.0
Damascus,AR,62083.0,138600.0
Danville,AR,61726.0,114300.0
Dardanelle,AR,47724.0,126300.0
Datto,AR,25313.0,33200.0
Decatur,AR,39886.0,124100.0
Deer,AR,,
Delaplaine,AR,,72500.0
Delight,AR,30682.0,59100.0
Dell,AR,71250.0,122300.0
Dennard,AR,,
Denning,AR,36364.0,47500.0
De Queen,AR,55207.0,93300.0
Dermott,AR,23537.0,79100.0
Des Arc,AR,29226.0,71200.0
Desha,AR,73477.0,159000.0
De Valls Bluff,AR,23056.0,37400.0
DeWitt,AR,47147.0,70500.0
Diamond City,AR,39453.0,95000.0
Diaz,AR,46286.0,80800.0
Dierks,AR,26250.0,64800.0
Donaldson,AR,46250.0,54700.0
Dora,AR,,
Dover,AR,30764.0,103100.0
Drasco,AR,92917.0,
Dumas,AR,34554.0,79500.0
Dyer,AR,71250.0,185600.0
Dyess,AR,42083.0,49700.0
Earle,AR,41484.0,78000.0
East Camden,AR,41667.0,87900.0
East End,AR,76902.0,179200.0
Edgemont,AR,,
Edmondson,AR,25625.0,
Egypt,AR,29167.0,80700.0
Elaine,AR,39196.0,57800.0
El Dorado,AR,46869.0,110600.0
Elkins,AR,72940.0,173600.0
Elm Springs,AR,123015.0,344500.0
El Paso,AR,60875.0,132000.0
Emerson,AR,72875.0,131300.0
Emmet,AR,59417.0,62000.0
England,AR,53036.0,102400.0
Enola,AR,50461.0,173700.0
Etowah,AR,,77000.0
Eudora,AR,26942.0,53100.0
Eureka Springs,AR,40972.0,220600.0
Evansville,AR,,
Evening Shade,AR,28125.0,108000.0
Everton,AR,,
Fairfield Bay,AR,58750.0,154100.0
Fair Oaks,AR,,60500.0
Fargo,AR,,
Farmington,AR,83783.0,219900.0
Fayetteville,AR,56881.0,291300.0
Felsenthal,AR,30714.0,74400.0
Fifty-Six,AR,60441.0,159300.0
Fisher,AR,35000.0,55500.0
Flippin,AR,38686.0,104400.0
Floral,AR,,
Floyd,AR,79025.0,245000.0
Fordyce,AR,35116.0,84300.0
Foreman,AR,38266.0,78700.0
Forrest City,AR,36368.0,81100.0
Fort Smith,AR,50799.0,155600.0
Fouke,AR,33393.0,
Fountain Hill,AR,36750.0,50600.0
Fountain Lake,AR,55550.0,156900.0
Fourche,AR,,100000.0
Fox,AR,43616.0,100000.0
Franklin,AR,40000.0,54100.0
Fredonia (Biscoe),AR,39500.0,65000.0
Friendship,AR,69375.0,131300.0
Fulton,AR,36397.0,128700.0
Gamaliel,AR,,
Garfield,AR,66667.0,167000.0
Garland,AR,31029.0,33200.0
Garner,AR,80750.0,
Gassville,AR,46392.0,115400.0
Gateway,AR,41875.0,160300.0
Genoa,AR,56513.0,121800.0
Gentry,AR,62981.0,150300.0
Georgetown,AR,18750.0,45000.0
Gibson,AR,65833.0,148200.0
Gilbert,AR,,
Gillett,AR,65341.0,79700.0
Gillham,AR,71058.0,50500.0
Gilmore,AR,29077.0,
Glenwood,AR,33958.0,88000.0
Goodwin,AR,43750.0,91400.0
Goshen,AR,167961.0,590000.0
Gosnell,AR,43846.0,92000.0
Gould,AR,23350.0,76300.0
Grady,AR,28250.0,52200.0
Grannis,AR,62500.0,78800.0
Gravette,AR,65268.0,158200.0
Greenbrier,AR,57234.0,167200.0
Green Forest,AR,48587.0,94400.0
Greenland,AR,59638.0,176700.0
Greenway,AR,30625.0,30000.0
Greenwood,AR,63232.0,163900.0
Greers Ferry,AR,54315.0,171500.0
Gregory,AR,,
Griffithville,AR,36458.0,65300.0
Grubbs,AR,,
Guion,AR,,86700.0
Gum Springs,AR,41250.0,53100.0
Gurdon,AR,39625.0,79000.0
Guy,AR,70000.0,201000.0
Hackett,AR,41742.0,112000.0
Hagarville,AR,55556.0,
Halley,AR,,
Hamburg,AR,30134.0,79900.0
Hampton,AR,55417.0,79200.0
Hardy,AR,33984.0,59200.0
Harrell,AR,88750.0,105900.0
Harrisburg,AR,48008.0,104000.0
Harrison,AR,39677.0,146800.0
Hartford,AR,43750.0,72900.0
Hartman,AR,39375.0,95000.0
Haskell,AR,98571.0,149000.0
Hatfield,AR,36635.0,108300.0
Hattieville,AR,,264600.0
Havana,AR,44244.0,
Haynes,AR,42000.0,58300.0
Hazen,AR,47209.0,114300.0
Heber Springs,AR,50472.0,145900.0
Hector,AR,51705.0,95400.0
Helena-West Helena,AR,31118.0,69300.0
Henderson,AR,40595.0,166900.0
Hensley,AR,,
Hermitage,AR,22679.0,65000.0
Hickory Ridge,AR,40000.0,47800.0
Higden,AR,57188.0,221200.0
Higginson,AR,68056.0,88800.0
Highfill,AR,96989.0,208500.0
Highland,AR,50714.0,97500.0
Hindsville,AR,87672.0,82800.0
Holiday Island,AR,51938.0,189200.0
Holland,AR,61071.0,153400.0
Holly Grove,AR,30625.0,78800.0
Hope,AR,43018.0,89700.0
Horatio,AR,34625.0,87600.0
Horseshoe Bend,AR,38750.0,103200.0
Horseshoe Lake,AR,45795.0,85800.0
Hot Springs,AR,46537.0,148100.0
Hot Springs Village,AR,68580.0,251200.0
Houston,AR,42813.0,93600.0
Hoxie,AR,33354.0,80900.0
Hughes,AR,26250.0,69900.0
Humnoke,AR,41477.0,110600.0
Humphrey,AR,32813.0,53000.0
Hunter,AR,86389.0,94000.0
Huntington,AR,35000.0,48200.0
Huntsville,AR,48478.0,133100.0
Huttig,AR,44286.0,45700.0
Imboden,AR,39145.0,74700.0
Indian Bay,AR,,
Ivan,AR,,
Jacksonport,AR,,23600.0
Jacksonville,AR,47121.0,148600.0
Jasper,AR,28488.0,163500.0
Jennette,AR,58438.0,125000.0
Jericho,AR,,112500.0
Jerome,AR,,9999.0
Jerusalem,AR,,
Johnson,AR,82386.0,236100.0
Joiner,AR,27321.0,47000.0
Jonesboro,AR,51124.0,196100.0
Jones Mills,AR,73438.0,135900.0
Judsonia,AR,41232.0,97000.0
Junction City,AR,34714.0,108300.0
Keiser,AR,50136.0,98800.0
Kensett,AR,28225.0,83800.0
Keo,AR,41875.0,
Kibler,AR,76667.0,164400.0
Kingsland,AR,27583.0,36700.0
Kingston,AR,51845.0,126000.0
Kirby,AR,83828.0,101100.0
Knobel,AR,92866.0,9999.0
Knoxville,AR,46583.0,106300.0
Lacey,AR,,197300.0
Lafe,AR,33182.0,66300.0
LaGrange,AR,,
Lake City,AR,56414.0,121800.0
Lake Hamilton,AR,62130.0,364000.0
Lakeview,AR,54219.0,167000.0
Lake View,AR,28750.0,47300.0
Lake Village,AR,42143.0,104100.0
Lamar,AR,41188.0,129300.0
Landmark,AR,47742.0,113800.0
Lavaca,AR,87500.0,144000.0
Lawson,AR,115368.0,
Leachville,AR,31607.0,109400.0
Lead Hill,AR,58250.0,96700.0
Leola,AR,51375.0,52300.0
Lepanto,AR,40335.0,58000.0
Leslie,AR,20313.0,95000.0
Letona,AR,52813.0,110000.0
Lewisville,AR,29250.0,80300.0
Lexa,AR,43750.0,82200.0
Lincoln,AR,50625.0,135300.0
Little Flock,AR,55035.0,362800.0
Little Rock,AR,58697.0,205800.0
Lockesburg,AR,57875.0,87700.0
London,AR,50750.0,93900.0
Lonoke,AR,46786.0,99900.0
Lonsdale,AR,63224.0,135500.0
Lost Bridge Village,AR,66563.0,268300.0
Louann,AR,,54700.0
Lowell,AR,83827.0,224700.0
Luxora,AR,25263.0,24300.0
Lynn,AR,47153.0,83300.0
McAlmont,AR,30517.0,185200.0
McCaskill,AR,,137500.0
McCrory,AR,40568.0,97600.0
McDougal,AR,,70800.0
McGehee,AR,34917.0,103300.0
McNab,AR,34107.0,
McNeil,AR,34625.0,69400.0
McRae,AR,27452.0,82400.0
Madison,AR,45625.0,
Magazine,AR,45735.0,91400.0
Magness,AR,38438.0,130600.0
Magnet Cove,AR,82411.0,107600.0
Magnolia,AR,43000.0,152000.0
Malvern,AR,37210.0,88400.0
Mammoth Spring,AR,39118.0,92300.0
Manila,AR,105938.0,151800.0
Mansfield,AR,43235.0,102500.0
Marianna,AR,21057.0,76200.0
Marie,AR,41250.0,166100.0
Marion,AR,77350.0,187300.0
Marked Tree,AR,35087.0,66000.0
Marmaduke,AR,48021.0,107800.0
Marshall,AR,28290.0,98700.0
Marvell,AR,51293.0,55500.0
Maumelle,AR,89880.0,261100.0
Mayflower,AR,56216.0,130000.0
Maynard,AR,28500.0,90900.0
Maysville,AR,42972.0,
Melbourne,AR,41938.0,144000.0
Mellwood,AR,,
Mena,AR,53288.0,110700.0
Menifee,AR,59886.0,118800.0
Midland,AR,33966.0,62700.0
Midway,AR,36927.0,136200.0
Midway,AR,76161.0,153500.0
Mineral Springs,AR,39886.0,95000.0
Minturn,AR,53750.0,95000.0
Mitchellville,AR,28029.0,53600.0
Monette,AR,47684.0,110000.0
Monroe,AR,,
Monticello,AR,34176.0,131400.0
Montrose,AR,31250.0,
Moorefield,AR,46786.0,150000.0
Moro,AR,52188.0,100000.0
Morrilton,AR,43608.0,147600.0
Morrison Bluff,AR,56250.0,162500.0
Morrow,AR,58667.0,
Mountainburg,AR,49375.0,88900.0
Mountain Home,AR,42281.0,150500.0
Mountain Pine,AR,28542.0,49500.0
Mountain View,AR,23458.0,204500.0
Mount Holly,AR,,
Mount Ida,AR,42778.0,123000.0
Mount Judea,AR,,80500.0
Mount Olive,AR,,
Mount Pleasant,AR,33173.0,122700.0
Mount Vernon,AR,48625.0,104200.0
Mulberry,AR,41932.0,92100.0
Murfreesboro,AR,37206.0,94700.0
Nashville,AR,39836.0,132300.0
Natural Steps,AR,150530.0,396000.0
Newark,AR,33103.0,91600.0
New Blaine,AR,45379.0,197600.0
New Edinburg,AR,46016.0,108100.0
Newhope,AR,138050.0,
Newport,AR,32440.0,114900.0
Nimmons,AR,29167.0,
Norfork,AR,34444.0,189100.0
Norman,AR,70250.0,83900.0
Norphlet,AR,63917.0,90500.0
North Crossett,AR,40504.0,65800.0
North Little Rock,AR,49166.0,165600.0
Oak Grove,AR,46000.0,119200.0
Oak Grove,AR,,104200.0
Oak Grove Heights,AR,81181.0,153200.0
Oakhaven,AR,68125.0,97500.0
Oakland,AR,,
Oark,AR,,
Oden,AR,40986.0,75000.0
Ogden,AR,,46500.0
Oil Trough,AR,39028.0,87900.0
O'Kean,AR,48750.0,56700.0
Okolona,AR,46875.0,85600.0
Ola,AR,44042.0,64900.0
Omaha,AR,30938.0,100000.0
Oneida,AR,,
Oppelo,AR,64191.0,115600.0
Osceola,AR,44492.0,98400.0
Oxford,AR,42500.0,81700.0
Ozan,AR,62500.0,74000.0
Ozark,AR,41816.0,100400.0
Ozark Acres,AR,38000.0,62200.0
Ozone,AR,,
Palestine,AR,33386.0,57500.0
Pangburn,AR,29024.0,108000.0
Paragould,AR,54732.0,170700.0
Paris,AR,45505.0,112400.0
Parkdale,AR,26750.0,37500.0
Parkin,AR,27216.0,38400.0
Patmos,AR,30625.0,83000.0
Patterson,AR,32344.0,45800.0
Payneway,AR,29306.0,41000.0
Peach Orchard,AR,29500.0,71300.0
Pearcy,AR,41172.0,54000.0
Pea Ridge,AR,93113.0,222800.0
Pencil Bluff,AR,,
Perla,AR,26875.0,88600.0
Perry,AR,,68600.0
Perrytown,AR,52969.0,113500.0
Perryville,AR,53929.0,96200.0
Piggott,AR,43255.0,107400.0
Pindall,AR,39896.0,
Pine Bluff,AR,39411.0,88700.0
Pineville,AR,,
Piney,AR,45000.0,110000.0
Plainview,AR,42550.0,103600.0
Pleasant Grove,AR,,59600.0
Pleasant Plains,AR,47500.0,112500.0
Plumerville,AR,34375.0,88200.0
Pocahontas,AR,38912.0,99600.0
Pollard,AR,43036.0,75600.0
Ponca,AR,,
Poplar Grove,AR,,
Portia,AR,70694.0,84800.0
Portland,AR,46000.0,63500.0
Pottsville,AR,66250.0,158100.0
Powhatan,AR,58438.0,
Poyen,AR,64531.0,98000.0
Prairie Creek,AR,106250.0,323400.0
Prairie Grove,AR,56541.0,207300.0
Prattsville,AR,44205.0,95000.0
Prescott,AR,29899.0,93800.0
Princeton,AR,,
Pyatt,AR,60313.0,95000.0
Quitman,AR,34423.0,96500.0
Ratcliff,AR,51250.0,92000.0
Ravenden,AR,28162.0,80000.0
Ravenden Springs,AR,42159.0,81300.0
Reader,AR,,
Rector,AR,40772.0,71300.0
Redfield,AR,67614.0,144900.0
Reed,AR,25833.0,69500.0
Reyno,AR,52008.0,75000.0
Rison,AR,23056.0,107300.0
Rivervale,AR,,
Rockport,AR,62031.0,145700.0
Rockwell,AR,67344.0,256900.0
Roe,AR,,105000.0
Rogers,AR,78075.0,248900.0
Roland,AR,67917.0,
Rondo,AR,26250.0,58800.0
Rose Bud,AR,47604.0,127700.0
Rosston,AR,65875.0,31500.0
Rover,AR,70500.0,182500.0
Rudy,AR,48750.0,
Russell,AR,22895.0,69000.0
Russellville,AR,43669.0,155900.0
Rye,AR,,134000.0
St. Charles,AR,61250.0,107300.0
St. Francis,AR,34375.0,37800.0
St. Joe,AR,62750.0,86300.0
St. Paul,AR,40625.0,82900.0
Salado,AR,37311.0,80500.0
Salem,AR,32853.0,83000.0
Salem,AR,83426.0,189800.0
Salesville,AR,40625.0,99200.0
Saratoga,AR,,
Sardis,AR,52031.0,80300.0
Scott,AR,,
Scranton,AR,82750.0,105400.0
Searcy,AR,45588.0,174600.0
Sedgwick,AR,35714.0,58000.0
Shannon Hills,AR,74719.0,159500.0
Sheridan,AR,55520.0,179200.0
Sherrill,AR,20655.0,
Sherwood,AR,74917.0,182100.0
Shirley,AR,48750.0,120000.0
Sidney,AR,54375.0,107800.0
Siloam Springs,AR,59911.0,189900.0
Smackover,AR,52500.0,113300.0
Smithville,AR,53333.0,90000.0
South Lead Hill,AR,54375.0,80000.0
Southside,AR,49063.0,107700.0
Sparkman,AR,35870.0,
Springdale,AR,59985.0,206400.0
Springfield,AR,70521.0,154900.0
Springtown,AR,81250.0,
Stamps,AR,28720.0,63200.0
Star City,AR,58929.0,117700.0
Staves,AR,,
Stephens,AR,38516.0,54400.0
Strawberry,AR,38052.0,121400.0
Strong,AR,26635.0,55400.0
Stuttgart,AR,59124.0,150800.0
Subiaco,AR,55227.0,133500.0
Success,AR,51250.0,
Sulphur Rock,AR,44735.0,128900.0
Sulphur Springs,AR,36691.0,101900.0
Sulphur Springs,AR,32275.0,110700.0
Summers,AR,60096.0,160200.0
Summit,AR,62188.0,134600.0
Sunset,AR,16944.0,58100.0
Sweet Home,AR,23192.0,
Swifton,AR,53214.0,65400.0
Taylor,AR,47500.0,83300.0
Texarkana,AR,45233.0,153400.0
Thornton,AR,46563.0,53500.0
Tillar,AR,41447.0,
Tinsman,AR,38125.0,91400.0
Tollette,AR,40500.0,90000.0
Tontitown,AR,83705.0,368500.0
Traskwood,AR,69643.0,114900.0
Trumann,AR,37618.0,100600.0
Tucker,AR,,52000.0
Tuckerman,AR,47321.0,81300.0
Tull,AR,57500.0,138100.0
Tumbling Shoals,AR,39306.0,124400.0
Tupelo,AR,88438.0,39600.0
Turrell,AR,36111.0,60000.0
Twin Groves,AR,36429.0,76700.0
Tyronza,AR,36333.0,82900.0
Ulm,AR,60625.0,87400.0
Uniontown,AR,,
Urbana,AR,,202200.0
Valley Springs,AR,66875.0,96300.0
Van Buren,AR,56493.0,155400.0
Vandervoort,AR,65500.0,86900.0
Vanndale,AR,39643.0,80800.0
Victoria,AR,,
Vilonia,AR,77524.0,189300.0
Viola,AR,29844.0,88000.0
Violet Hill,AR,,
Wabbaseka,AR,36211.0,70500.0
Walcott,AR,,
Waldenburg,AR,48000.0,
Waldo,AR,34844.0,51500.0
Waldron,AR,39750.0,91500.0
Walnut Ridge,AR,45950.0,87300.0
Ward,AR,74688.0,159700.0
Warm Springs,AR,,
Warren,AR,39222.0,83900.0
Washington,AR,34167.0,61700.0
Watson,AR,30625.0,42500.0
Wayton,AR,83750.0,114800.0
Weiner,AR,52917.0,81100.0
Weldon,AR,46250.0,49700.0
Wesley,AR,75848.0,179900.0
West Crossett,AR,58906.0,92900.0
Western Grove,AR,43750.0,111500.0
West Fork,AR,68108.0,147900.0
West Memphis,AR,40904.0,109000.0
West Point,AR,24063.0,69400.0
Wheatley,AR,44342.0,108300.0
Whelen Springs,AR,81250.0,137500.0
White Hall,AR,85227.0,179700.0
Wickes,AR,28688.0,71000.0
Widener,AR,38472.0,37500.0
Wiederkehr Village,AR,141250.0,
Wilburn,AR,,96000.0
Williford,AR,26042.0,50600.0
Willisville,AR,46413.0,
Wilmar,AR,,95600.0
Wilmot,AR,31000.0,47200.0
Wilson,AR,72706.0,144400.0
Wilton,AR,58250.0,85400.0
Winchester,AR,,
Winslow,AR,43036.0,113400.0
Winthrop,AR,,85000.0
Witts Springs,AR,,
Woodlawn,AR,64348.0,210900.0
Woodson,AR,,
Wooster,AR,116964.0,314400.0
Wrightsville,AR,34063.0,66400.0
Wynne,AR,39280.0,122400.0
Yarborough Landing,AR,51542.0,94100.0
Yellville,AR,33983.0,136300.0
Zinc,AR,,
Acalanes Ridge,CA,174917.0,1361700.0
Acampo,CA,,
Acton,CA,119091.0,653000.0
Adelanto,CA,62582.0,276900.0
Adin,CA,35000.0,132100.0
Agoura Hills,CA,157930.0,972000.0
Agua Dulce,CA,121250.0,861500.0
Aguanga,CA,77813.0,
Ahwahnee,CA,79250.0,392700.0
Airport,CA,29479.0,388200.0
Alameda,CA,129917.0,1147600.0
Alamo,CA,250001.0,2000001.0
Albany,CA,124469.0,1129000.0
Albion,CA,,
Alderpoint,CA,,
Alhambra,CA,80234.0,766000.0
Alhambra Valley,CA,194000.0,1165700.0
Aliso Viejo,CA,131708.0,818500.0
Alleghany,CA,,
Allendale,CA,105250.0,845500.0
Allensworth,CA,53500.0,219400.0
Almanor,CA,,
Alondra Park,CA,79974.0,697600.0
Alpaugh,CA,39688.0,82200.0
Alpine,CA,106433.0,758900.0
Alpine Village,CA,68333.0,434400.0
Alta,CA,89152.0,471400.0
Altadena,CA,123869.0,991200.0
Alta Sierra (Kern County),CA,,
Alta Sierra (Nevada County),CA,94496.0,517300.0
Alto,CA,216495.0,2000001.0
Alturas,CA,51051.0,133500.0
Alum Rock,CA,108929.0,823400.0
Amador City,CA,63487.0,369200.0
Amador Pines,CA,101063.0,349300.0
American Canyon,CA,122694.0,638000.0
Amesti,CA,101141.0,785200.0
Anaheim,CA,88538.0,713600.0
Anchor Bay,CA,68452.0,845200.0
Anderson,CA,45896.0,248500.0
Angels,CA,55147.0,440700.0
Angwin,CA,117813.0,677600.0
Antelope,CA,92117.0,433400.0
Antioch,CA,90709.0,570900.0
Anza,CA,50956.0,311800.0
Apple Valley,CA,62898.0,345400.0
Aptos,CA,126364.0,1036900.0
Aptos Hills-Larkin Valley,CA,151000.0,1005200.0
Arbuckle,CA,80563.0,351500.0
Arcadia,CA,108214.0,1306700.0
Arcata,CA,43444.0,412100.0
Arden-Arcade,CA,64479.0,466300.0
Armona,CA,55197.0,220100.0
Arnold,CA,93047.0,414300.0
Aromas,CA,182536.0,922100.0
Arroyo Grande,CA,99143.0,730800.0
Artesia,CA,92702.0,697900.0
Artois,CA,,300000.0
Arvin,CA,47997.0,229300.0
Ashland,CA,75114.0,671100.0
Aspen Springs,CA,124006.0,
Atascadero,CA,88984.0,630300.0
Atherton,CA,250001.0,2000001.0
Atwater,CA,64195.0,315200.0
Auberry,CA,68320.0,341700.0
Auburn,CA,73074.0,620300.0
Auburn Lake Trails,CA,122639.0,470300.0
August,CA,51733.0,254900.0
Avalon,CA,89131.0,978100.0
Avenal,CA,51902.0,211100.0
Avery,CA,53289.0,335100.0
Avila Beach,CA,,1200300.0
Avocado Heights,CA,97500.0,647700.0
Azusa,CA,81516.0,575800.0
Baker,CA,31786.0,96100.0
Bakersfield,CA,73827.0,320600.0
Bakersfield Country Club,CA,93672.0,354000.0
Baldwin Park,CA,76002.0,553400.0
Ballard,CA,106458.0,1216200.0
Ballico,CA,159500.0,504800.0
Bangor,CA,92750.0,343400.0
Banning,CA,54083.0,297300.0
Barstow,CA,52200.0,173600.0
Bass Lake,CA,145083.0,913500.0
Bay Point,CA,79226.0,448300.0
Bayview (Contra Costa County),CA,152803.0,657400.0
Bayview (Humboldt County),CA,32553.0,228000.0
Baywood Park,CA,198750.0,2000001.0
Beale AFB,CA,55750.0,
Bear Creek,CA,,
Bear Valley (Alpine County),CA,,
Bear Valley (Mariposa County),CA,106250.0,546100.0
Bear Valley Springs,CA,115135.0,438500.0
Beaumont,CA,102469.0,428100.0
Beckwourth,CA,250001.0,342800.0
Belden,CA,,
Bell,CA,56685.0,551700.0
Bella Vista,CA,86583.0,415000.0
Bell Canyon,CA,237384.0,1906600.0
Bellflower,CA,75379.0,619400.0
Bell Gardens,CA,53935.0,478700.0
Belmont,CA,185944.0,2000001.0
Belvedere,CA,250001.0,2000001.0
Benbow,CA,40962.0,300000.0
Bend,CA,,425400.0
Benicia,CA,124375.0,736500.0
Ben Lomond,CA,115797.0,896300.0
Benton,CA,62760.0,269800.0
Benton Park,CA,60791.0,208800.0
Berkeley,CA,104716.0,1280300.0
Bermuda Dunes,CA,84694.0,452300.0
Berry Creek,CA,45547.0,254600.0
Bertsch-Oceanview,CA,67250.0,212500.0
Bethel Island,CA,85870.0,475400.0
Beverly Hills,CA,116771.0,2000001.0
Bieber,CA,46667.0,140400.0
Big Bear City,CA,67782.0,393600.0
Big Bear Lake,CA,70020.0,487500.0
Big Bend,CA,,
Big Creek,CA,,
Biggs,CA,80729.0,271000.0
Big Lagoon,CA,,472400.0
Big Pine,CA,62576.0,307900.0
Big River,CA,47222.0,128200.0
Biola,CA,39896.0,204000.0
Bishop,CA,75451.0,387200.0
Blackhawk,CA,234773.0,1694100.0
Blacklake,CA,125100.0,784100.0
Black Point-Green Point,CA,159737.0,1570600.0
Blairsden,CA,,
Bloomfield,CA,124250.0,1014700.0
Bloomington,CA,74414.0,410600.0
Blue Lake,CA,48807.0,401300.0
Bluewater,CA,,
Blythe,CA,52377.0,191500.0
Bodega,CA,170129.0,821200.0
Bodega Bay,CA,157391.0,1303000.0
Bodfish,CA,27215.0,139000.0
Bolinas,CA,99191.0,1588200.0
Bombay Beach,CA,22344.0,
Bonadelle Ranchos,CA,120417.0,441400.0
Bonita,CA,115118.0,841400.0
Bonny Doon,CA,139375.0,1147100.0
Bonsall,CA,98529.0,863900.0
Boonville,CA,50577.0,604500.0
Bootjack,CA,,349100.0
Boron,CA,52969.0,121800.0
Boronda,CA,59398.0,539500.0
Borrego Springs,CA,101458.0,397000.0
Bostonia,CA,73305.0,392600.0
Boulder Creek,CA,112426.0,729700.0
Boulevard,CA,,
Bowles,CA,,356300.0
Boyes Hot Springs,CA,91553.0,707300.0
Bradbury,CA,158438.0,1828100.0
Bradley,CA,41964.0,305000.0
Brawley,CA,56229.0,260300.0
Brea,CA,120226.0,834600.0
Brentwood,CA,134689.0,735500.0
Bret Harte,CA,36125.0,217700.0
Bridgeport,CA,107500.0,256700.0
Brisbane,CA,137583.0,1118400.0
Broadmoor,CA,155137.0,1113500.0
Brookdale,CA,85294.0,822100.0
Brooks,CA,,
Brooktrails,CA,94457.0,355000.0
Buckhorn,CA,72117.0,318000.0
Buck Meadows,CA,,
Bucks Lake,CA,,
Buellton,CA,102361.0,695600.0
Buena Park,CA,101586.0,702600.0
Buena Vista,CA,65259.0,214300.0
Burbank,CA,91455.0,959700.0
Burbank,CA,137929.0,1086100.0
Burlingame,CA,165940.0,2000001.0
Burney,CA,64655.0,210800.0
Burnt Ranch,CA,55357.0,500000.0
Butte Creek Canyon,CA,77813.0,835000.0
Butte Meadows,CA,,
Butte Valley,CA,91528.0,489900.0
Buttonwillow,CA,38750.0,168800.0
Byron,CA,79196.0,730400.0
Bystrom,CA,34569.0,202100.0
Cabazon,CA,72266.0,235900.0
Calabasas,CA,154079.0,1334700.0
Calexico,CA,51667.0,263100.0
California City,CA,55410.0,217000.0
California Hot Springs,CA,,
California Pines,CA,47045.0,226000.0
California Polytechnic State University,CA,183750.0,558000.0
Calimesa,CA,74236.0,343200.0
Calipatria,CA,43095.0,173200.0
Calistoga,CA,96667.0,710200.0
Callender,CA,155677.0,985700.0
Calpella,CA,98867.0,462000.0
Calpine,CA,,
Calwa,CA,48495.0,206400.0
Camanche North Shore,CA,48974.0,341900.0
Camanche Village,CA,151390.0,411300.0
Camarillo,CA,105141.0,713900.0
Cambria,CA,95460.0,842200.0
Cambrian Park,CA,232000.0,1919600.0
Cameron Park,CA,91170.0,603700.0
Camino,CA,117258.0,462900.0
Camino Tassajara,CA,250001.0,1815100.0
Campbell,CA,141794.0,1473700.0
Camp Nelson,CA,,
Campo,CA,55529.0,305800.0
Camp Pendleton Mainside,CA,64840.0,
Camp Pendleton South,CA,62020.0,
Camptonville,CA,59688.0,358700.0
Canby,CA,,
Cantua Creek,CA,41306.0,
Canyondam,CA,,
Canyon Lake,CA,120938.0,601000.0
Capitola,CA,91850.0,846200.0
Caribou,CA,,
Carlsbad,CA,134139.0,1070500.0
Carmel-by-the-Sea,CA,126406.0,1763300.0
Carmel Valley Village,CA,166117.0,1038000.0
Carmet,CA,85927.0,
Carmichael,CA,80138.0,495400.0
Carnelian Bay,CA,130750.0,748000.0
Carpinteria,CA,103879.0,904700.0
Carrick,CA,,
Carson,CA,103045.0,616000.0
Cartago,CA,75547.0,
Caruthers,CA,63528.0,286800.0
Casa Conejo,CA,142847.0,705000.0
Casa de Oro-Mount Helix,CA,111702.0,841500.0
Casa Loma,CA,34967.0,216000.0
Casmalia,CA,,
Caspar,CA,235805.0,1078800.0
Cassel,CA,,
Castaic,CA,132429.0,664500.0
Castella,CA,51875.0,301800.0
Castle Hill,CA,233879.0,1712300.0
Castro Valley,CA,132174.0,1013900.0
Castroville,CA,74592.0,655600.0
Cathedral City,CA,63209.0,381800.0
Catheys Valley,CA,63750.0,352000.0
Cayucos,CA,81366.0,903700.0
Cazadero,CA,113000.0,675000.0
Cedar Flat,CA,123977.0,900400.0
Cedar Ridge,CA,73750.0,349600.0
Cedar Slope,CA,,
Cedarville,CA,45568.0,184500.0
Centerville (Fresno County),CA,97788.0,659700.0
Centerville (Shasta County),CA,109432.0,499700.0
Ceres,CA,70191.0,363300.0
Cerritos,CA,124460.0,862100.0
Chalfant,CA,67857.0,287500.0
Challenge-Brownsville,CA,89866.0,324500.0
Channel Islands Beach,CA,95250.0,943900.0
Charleston View,CA,,
Charter Oak,CA,79803.0,567900.0
Cherokee,CA,65850.0,464000.0
Cherokee Strip,CA,29500.0,110100.0
Cherryland,CA,80921.0,649300.0
Cherry Valley,CA,83994.0,348900.0
Chester,CA,78657.0,237700.0
Chico,CA,65932.0,427600.0
Chilcoot-Vinton,CA,,431700.0
China Lake Acres,CA,48063.0,162500.0
Chinese Camp,CA,,
Chino,CA,99385.0,599200.0
Chino Hills,CA,117548.0,776200.0
Choctaw Valley,CA,,
Chowchilla,CA,67212.0,298200.0
Chualar,CA,,603600.0
Chula Vista,CA,101984.0,647100.0
Citrus,CA,91130.0,577400.0
Citrus Heights,CA,75022.0,407500.0
Claremont,CA,115091.0,835700.0
Clarksburg,CA,,
Clay,CA,118000.0,743600.0
Clayton,CA,164899.0,924900.0
Clear Creek,CA,48472.0,233100.0
Clearlake,CA,41047.0,184200.0
Clearlake Oaks,CA,43024.0,205800.0
Clearlake Riviera,CA,93750.0,289800.0
Cleone,CA,,586100.0
Clio,CA,33261.0,
Clipper Mills,CA,,
Cloverdale,CA,96894.0,600200.0
Clovis,CA,98554.0,420700.0
Clyde,CA,73910.0,616400.0
Coachella,CA,52466.0,301300.0
Coalinga,CA,68976.0,226000.0
Coarsegold,CA,81814.0,317600.0
Cobb,CA,109241.0,325500.0
Coffee Creek,CA,61250.0,401800.0
Cohasset,CA,76696.0,351400.0
Cold Springs (El Dorado County),CA,69531.0,
Cold Springs (Tuolumne County),CA,,
Coleville,CA,42071.0,
Colfax,CA,70720.0,354400.0
College City,CA,79265.0,490000.0
Collierville,CA,95403.0,773700.0
Colma,CA,123864.0,994600.0
Coloma,CA,114201.0,
Colton,CA,66725.0,376600.0
Columbia,CA,50491.0,391600.0
Colusa,CA,59400.0,331100.0
Commerce,CA,66071.0,560500.0
Comptche,CA,,
Compton,CA,69728.0,489400.0
Concord,CA,107789.0,706700.0
Concow,CA,35179.0,263800.0
Contra Costa Centre,CA,124586.0,711600.0
Copperopolis,CA,96250.0,376100.0
Corcoran,CA,53103.0,211000.0
Corning,CA,54766.0,248300.0
Corona,CA,103727.0,624200.0
Coronado,CA,125558.0,1872000.0
Coronita,CA,110625.0,572300.0
Corralitos,CA,152036.0,1248100.0
Corte Madera,CA,210560.0,1640900.0
Costa Mesa,CA,104981.0,959800.0
Cotati,CA,107321.0,644900.0
Coto de Caza,CA,227593.0,1353900.0
Cottonwood (Kern County),CA,36467.0,260200.0
Cottonwood (Shasta County),CA,90231.0,286600.0
Coulterville,CA,,
Country Club,CA,76758.0,334700.0
Courtland,CA,68742.0,614000.0
Covelo,CA,45162.0,342700.0
Covina,CA,89650.0,628600.0
Cowan,CA,72857.0,261900.0
Crescent City,CA,39812.0,281300.0
Crescent Mills,CA,2499.0,2000001.0
Cressey,CA,74875.0,175000.0
Crest,CA,108417.0,672100.0
Crestline,CA,76022.0,331000.0
Creston,CA,,
C-Road,CA,,
Crockett,CA,94167.0,706300.0
Cromberg,CA,78750.0,406300.0
Crowley Lake,CA,102143.0,576400.0
Crows Landing,CA,34648.0,471900.0
Cudahy,CA,49596.0,470300.0
Culver City,CA,114429.0,1121300.0
Cupertino,CA,223667.0,2000001.0
Cutler,CA,58692.0,188100.0
Cutten,CA,89728.0,408100.0
Cuyama,CA,,
Cypress,CA,117461.0,825800.0
Dales,CA,,
Daly City,CA,114910.0,1073100.0
Dana Point,CA,119632.0,1141400.0
Danville,CA,209518.0,1475600.0
Daphnedale Park,CA,,
Darwin,CA,,40600.0
Davenport,CA,65855.0,992200.0
Davis,CA,83592.0,803100.0
Day Valley,CA,143295.0,1138800.0
Deer Park,CA,104830.0,995200.0
Del Aire,CA,132114.0,850400.0
Delano,CA,53639.0,246900.0
Del Dios,CA,93542.0,742900.0
Delft Colony,CA,33594.0,
Delhi,CA,70552.0,326700.0
Delleker,CA,50769.0,261800.0
Del Mar,CA,185335.0,2000001.0
Del Monte Forest,CA,145250.0,1596800.0
Del Rey,CA,48897.0,191900.0
Del Rey Oaks,CA,121667.0,804700.0
Del Rio,CA,186333.0,1128300.0
Denair,CA,92234.0,357100.0
Derby Acres,CA,55125.0,170800.0
Descanso,CA,128555.0,532300.0
Desert Center,CA,77500.0,164100.0
Desert Edge,CA,38668.0,53600.0
Desert Hot Springs,CA,45863.0,276500.0
Desert Palms,CA,73697.0,466200.0
Desert Shores,CA,22939.0,103800.0
Desert View Highlands,CA,66912.0,323200.0
Diablo,CA,250001.0,2000001.0
Diablo Grande,CA,109875.0,483100.0
Diamond Bar,CA,106881.0,829000.0
Diamond Springs,CA,71279.0,385700.0
Di Giorgio,CA,33846.0,
Dillon Beach,CA,202692.0,1318500.0
Dinuba,CA,54590.0,259800.0
Discovery Bay,CA,147608.0,769700.0
Dixon,CA,92138.0,522900.0
Dixon Lane-MeadowCreek,CA,49708.0,211900.0
Dobbins,CA,48984.0,386600.0
Dogtown,CA,142368.0,706700.0
Dollar Point,CA,113269.0,923800.0
Dorrington,CA,128304.0,392400.0
Dorris,CA,35313.0,123600.0
Dos Palos,CA,51230.0,263200.0
Dos Palos Y,CA,37857.0,500000.0
Douglas City,CA,53750.0,308100.0
Downey,CA,84236.0,679000.0
Downieville,CA,,
Doyle,CA,51750.0,193600.0
Drytown,CA,,
Duarte,CA,93908.0,667900.0
Dublin,CA,191039.0,1164100.0
Ducor,CA,61786.0,153300.0
Dunnigan,CA,42375.0,153600.0
Dunsmuir,CA,42500.0,232900.0
Durham,CA,125789.0,622100.0
Dustin Acres,CA,50903.0,169600.0
Dutch Flat,CA,,325000.0
Eagleville,CA,,
Earlimart,CA,48438.0,211300.0
East Bakersfield,CA,31323.0,156600.0
Eastern Goleta Valley,CA,133263.0,1101800.0
East Foothills,CA,179891.0,1153300.0
East Hemet,CA,73921.0,332400.0
East Los Angeles,CA,64119.0,582400.0
East Nicolaus,CA,79063.0,346900.0
East Niles,CA,50668.0,206900.0
East Oakdale,CA,124010.0,805700.0
Easton,CA,82368.0,288800.0
East Orosi,CA,,
East Palo Alto,CA,103248.0,1087200.0
East Pasadena,CA,100985.0,962500.0
East Porterville,CA,31816.0,155500.0
East Quincy,CA,71654.0,269600.0
East Rancho Dominguez,CA,64673.0,479800.0
East Richmond Heights,CA,112344.0,860600.0
East San Gabriel,CA,100952.0,907100.0
East Shore,CA,110729.0,458600.0
East Sonora,CA,73466.0,283300.0
East Tulare Villa,CA,64722.0,224200.0
Eastvale,CA,151615.0,676500.0
East Whittier,CA,92650.0,676500.0
Edgewood,CA,93125.0,266700.0
Edison,CA,98158.0,
Edmundson Acres,CA,60833.0,226100.0
Edna,CA,157692.0,1115700.0
Edwards AFB,CA,77155.0,
El Adobe,CA,49219.0,283300.0
El Cajon,CA,64128.0,593500.0
El Centro,CA,54922.0,266500.0
El Centro Naval Air Facility,CA,56750.0,
El Cerrito,CA,120414.0,1050700.0
El Cerrito,CA,122885.0,581900.0
El Dorado Hills,CA,156126.0,810000.0
Eldridge,CA,137109.0,891100.0
Elfin Forest,CA,141618.0,1256800.0
El Granada,CA,216104.0,1408400.0
Elizabeth Lake,CA,99811.0,360400.0
Elk Creek,CA,119167.0,175000.0
Elk Grove,CA,115864.0,560500.0
Elkhorn,CA,114375.0,721600.0
El Macero,CA,170811.0,1248800.0
Elmira,CA,98720.0,
El Monte,CA,59929.0,597200.0
El Monte Mobile Village,CA,,
El Nido,CA,52716.0,
El Paso de Robles (Paso Robles),CA,83948.0,620300.0
El Portal,CA,51786.0,268100.0
El Rancho,CA,,
El Rio,CA,69665.0,619600.0
El Segundo,CA,142596.0,1479000.0
El Sobrante (Contra Costa County),CA,107725.0,684100.0
El Sobrante (Riverside County),CA,180761.0,706600.0
El Verano,CA,87180.0,809600.0
Elverta,CA,89745.0,441400.0
Emerald Lake Hills,CA,250001.0,2000001.0
Emeryville,CA,114345.0,625100.0
Empire,CA,45769.0,257100.0
Encinitas,CA,142506.0,1354600.0
Escalon,CA,82563.0,445900.0
Escondido,CA,77554.0,616400.0
Esparto,CA,97039.0,412500.0
Etna,CA,51667.0,227700.0
Eucalyptus Hills,CA,123750.0,765800.0
Eureka,CA,51971.0,348900.0
Exeter,CA,65750.0,251100.0
Fairbanks Ranch,CA,250001.0,2000001.0
Fairfax,CA,51179.0,244600.0
Fairfax,CA,126034.0,1006100.0
Fairfield,CA,98857.0,546200.0
Fairhaven,CA,76583.0,403600.0
Fairmead,CA,53203.0,
Fair Oaks,CA,112138.0,622600.0
Fairview,CA,147931.0,904000.0
Fallbrook,CA,78479.0,666600.0
Fall River Mills,CA,,268800.0
Farmersville,CA,52714.0,226500.0
Farmington,CA,,
Fellows,CA,153750.0,92500.0
Felton,CA,108370.0,850600.0
Ferndale,CA,64028.0,471500.0
Fetters Hot Springs-Agua Caliente,CA,110577.0,724300.0
Fiddletown,CA,,
Fieldbrook,CA,82500.0,552100.0
Fields Landing,CA,71310.0,237500.0
Fillmore,CA,85255.0,508500.0
Firebaugh,CA,36078.0,221200.0
Fish Camp,CA,,
Florence-Graham,CA,58200.0,480500.0
Florin,CA,62677.0,339000.0
Floriston,CA,,
Flournoy,CA,82000.0,450000.0
Folsom,CA,134935.0,673000.0
Fontana,CA,93230.0,506600.0
Foothill Farms,CA,65793.0,344500.0
Forbestown,CA,67438.0,257100.0
Ford City,CA,42826.0,178000.0
Foresta,CA,,
Foresthill,CA,,648300.0
Forest Meadows,CA,90954.0,419300.0
Forest Ranch,CA,147348.0,472900.0
Forestville,CA,105536.0,685700.0
Fort Bidwell,CA,,183300.0
Fort Bragg,CA,47662.0,458600.0
Fort Dick,CA,74297.0,265700.0
Fort Hunter Liggett,CA,,
Fort Irwin,CA,63369.0,
Fort Jones,CA,44911.0,208000.0
Fortuna,CA,58633.0,342700.0
Fort Washington,CA,104436.0,850500.0
Foster City,CA,191267.0,1673100.0
Fountain Valley,CA,108860.0,932800.0
Fowler,CA,56410.0,339700.0
Franklin (Merced County),CA,55911.0,277600.0
Franklin (Sacramento County),CA,,
Frazier Park,CA,39211.0,228200.0
Freedom,CA,123224.0,646000.0
Freeport,CA,,
Fremont,CA,169023.0,1231500.0
French Camp,CA,69444.0,380600.0
French Gulch,CA,41563.0,87900.0
French Valley,CA,124115.0,611700.0
Fresno,CA,63001.0,321800.0
Friant,CA,49534.0,174700.0
Fruitdale,CA,161250.0,1349200.0
Fruitridge Pocket,CA,47604.0,294700.0
Fuller Acres,CA,39125.0,154000.0
Fullerton,CA,99279.0,791000.0
Fulton,CA,159006.0,812500.0
Furnace Creek,CA,41583.0,9999.0
Galt,CA,85069.0,445200.0
Garberville,CA,34167.0,370500.0
Gardena,CA,75443.0,619900.0
Garden Acres,CA,53902.0,271000.0
Garden Farms,CA,,
Garden Grove,CA,86139.0,702600.0
Garey,CA,97083.0,368200.0
Garnet,CA,61021.0,231600.0
Gasquet,CA,26736.0,
Gazelle,CA,52750.0,208300.0
Georgetown,CA,88596.0,351800.0
Gerber,CA,31324.0,121200.0
Geyserville,CA,115046.0,817500.0
Gilroy,CA,127391.0,915200.0
Glendale,CA,81219.0,992000.0
Glendora,CA,106718.0,749400.0
Glen Ellen,CA,250001.0,1380900.0
Glennville,CA,25714.0,
Golden Hills,CA,96676.0,369700.0
Gold Mountain,CA,,
Gold River,CA,153438.0,644200.0
Goleta,CA,113889.0,910700.0
Gonzales,CA,75638.0,577100.0
Good Hope,CA,53934.0,291800.0
Goodmanville,CA,208750.0,835900.0
Goodyears Bar,CA,,
Goshen,CA,62216.0,225300.0
Graeagle,CA,45000.0,365300.0
Grand Terrace,CA,89781.0,447900.0
Grangeville,CA,89044.0,461900.0
Granite Bay,CA,177803.0,1012100.0
Granite Hills,CA,141774.0,859100.0
Graniteville,CA,,
Grass Valley,CA,49855.0,434100.0
Graton,CA,94436.0,868500.0
Grayson,CA,,367300.0
Greeley Hill,CA,,252900.0
Greenacres,CA,85550.0,279400.0
Green Acres,CA,68972.0,243000.0
Greenfield,CA,73167.0,258600.0
Greenfield,CA,73904.0,423100.0
Greenhorn,CA,28984.0,270800.0
Green Valley (Los Angeles County),CA,82083.0,397500.0
Green Valley (Solano County),CA,135729.0,1112700.0
Greenview,CA,,
Greenville,CA,66172.0,240200.0
Grenada,CA,47083.0,193800.0
Gridley,CA,56428.0,279800.0
Grimes,CA,,
Grizzly Flats,CA,84843.0,313500.0
Groveland,CA,55313.0,318200.0
Grover Beach,CA,80438.0,639400.0
Guadalupe,CA,66026.0,409700.0
Guerneville,CA,80159.0,591500.0
Guinda,CA,128750.0,
Gustine,CA,51636.0,406000.0
Hacienda Heights,CA,101420.0,742500.0
Half Moon Bay,CA,148702.0,1425500.0
Hamilton Branch,CA,93750.0,364400.0
Hamilton City,CA,46887.0,276400.0
Hanford,CA,73819.0,294100.0
Happy Camp,CA,37841.0,178600.0
Happy Valley,CA,69068.0,299300.0
Harbison Canyon,CA,111689.0,621200.0
Hardwick,CA,,
Harmony Grove,CA,204279.0,964100.0
Hartland,CA,,
Hartley,CA,139904.0,850900.0
Hasley Canyon,CA,132875.0,1155600.0
Hat Creek,CA,,
Hawaiian Gardens,CA,73510.0,474400.0
Hawthorne,CA,72298.0,731200.0
Hayfork,CA,40653.0,283900.0
Hayward,CA,105371.0,775700.0
Healdsburg,CA,94799.0,933400.0
Heber,CA,56604.0,252000.0
Hemet,CA,49901.0,277200.0
Herald,CA,108571.0,523800.0
Hercules,CA,125880.0,690000.0
Herlong,CA,61250.0,
Hermosa Beach,CA,149500.0,1862400.0
Hesperia,CA,67698.0,337600.0
Hickman,CA,83676.0,472000.0
Hidden Hills,CA,250001.0,2000001.0
Hidden Meadows,CA,134519.0,747600.0
Hidden Valley Lake,CA,82673.0,408300.0
Highgrove,CA,100540.0,570900.0
Highland,CA,72222.0,418400.0
Highlands,CA,250001.0,2000001.0
Hillcrest,CA,50184.0,226200.0
Hillsborough,CA,250001.0,2000001.0
Hilmar-Irwin,CA,71710.0,358900.0
Hiouchi,CA,,456900.0
Hollister,CA,95764.0,638500.0
Holtville,CA,44939.0,263000.0
Home Garden,CA,42258.0,159800.0
Home Gardens,CA,88125.0,479400.0
Homeland,CA,55467.0,168400.0
Homestead Valley,CA,38834.0,186300.0
Homewood Canyon,CA,,
Honcut,CA,161250.0,
Hood,CA,,
Hoopa,CA,55000.0,259300.0
Hopland,CA,59792.0,570900.0
Hornbrook,CA,46607.0,
Hornitos,CA,,
Hughson,CA,99449.0,429500.0
Humboldt Hill,CA,80938.0,359200.0
Huntington Beach,CA,114747.0,976800.0
Huntington Park,CA,54073.0,506700.0
Huron,CA,43664.0,234500.0
Hyampom,CA,31747.0,
Hydesville,CA,62500.0,484700.0
Hypericum,CA,100500.0,
Idlewild,CA,,
Idyllwild-Pine Cove,CA,86442.0,450900.0
Igo,CA,118750.0,350000.0
Imperial,CA,83029.0,297800.0
Imperial Beach,CA,75731.0,744100.0
Independence,CA,57917.0,246400.0
Indian Falls,CA,,
Indianola,CA,50104.0,455600.0
Indian Wells,CA,132479.0,941200.0
Indio,CA,68436.0,373200.0
Indio Hills,CA,48601.0,321100.0
Industry,CA,77000.0,687500.0
Inglewood,CA,67563.0,689700.0
Interlaken,CA,108695.0,657100.0
Inverness,CA,75091.0,1477800.0
Inyokern,CA,65240.0,215500.0
Ione,CA,78469.0,454100.0
Iron Horse,CA,53484.0,
Irvine,CA,122948.0,1025700.0
Irwindale,CA,101181.0,602900.0
Isla Vista,CA,23121.0,1078100.0
Isleton,CA,52321.0,246400.0
Ivanhoe,CA,49012.0,205800.0
Jackson,CA,70805.0,386200.0
Jacumba,CA,,329800.0
Jamestown,CA,47917.0,293800.0
Jamul,CA,142768.0,869700.0
Janesville,CA,64180.0,279100.0
Jenner,CA,,
Johannesburg,CA,2499.0,
Johnson Park,CA,50294.0,121300.0
Johnstonville,CA,93375.0,276800.0
Johnsville,CA,,
Jones Valley,CA,85192.0,164000.0
Joshua Tree,CA,54678.0,257900.0
Jovista,CA,41750.0,
Julian,CA,81126.0,573100.0
Junction City,CA,60377.0,365700.0
June Lake,CA,108239.0,588100.0
Jurupa Valley,CA,91562.0,481500.0
Keddie,CA,,
Keeler,CA,,
Keene,CA,102361.0,297800.0
Kelly Ridge,CA,59665.0,243700.0
Kelseyville,CA,42880.0,225000.0
Kennedy,CA,55337.0,297900.0
Kennedy Meadows,CA,,
Kensington,CA,199808.0,1307300.0
Kentfield,CA,208977.0,2000001.0
Kenwood,CA,122292.0,890500.0
Kep'el,CA,22083.0,266700.0
Kerman,CA,53956.0,297900.0
Kernville,CA,41497.0,240300.0
Keswick,CA,39167.0,376900.0
Kettleman City,CA,46261.0,136900.0
Keyes,CA,57710.0,317900.0
King City,CA,70145.0,389400.0
Kings Beach,CA,50220.0,617400.0
Kingsburg,CA,74897.0,335300.0
Kingvale,CA,,
Kirkwood,CA,138295.0,529800.0
Klamath,CA,49353.0,256800.0
Knightsen,CA,128750.0,828700.0
Knights Ferry,CA,57292.0,625000.0
Knights Landing,CA,47201.0,339100.0
La Cañada Flintridge,CA,210625.0,1983300.0
La Crescenta-Montrose,CA,115734.0,1091000.0
La Cresta,CA,41669.0,216700.0
Ladera,CA,190486.0,2000001.0
Ladera Heights,CA,157824.0,1482600.0
Ladera Ranch,CA,188299.0,978000.0
Lafayette,CA,219250.0,1914700.0
La Grange,CA,16250.0,159400.0
Laguna Beach,CA,141875.0,2000001.0
Laguna Hills,CA,122902.0,861800.0
Laguna Niguel,CA,135822.0,1052800.0
Laguna Woods,CA,56928.0,358300.0
Lagunitas-Forest Knolls,CA,117109.0,919000.0
La Habra,CA,93801.0,680100.0
La Habra Heights,CA,179990.0,1069300.0
La Honda,CA,250001.0,968400.0
Lake Almanor Country Club,CA,71875.0,495300.0
Lake Almanor Peninsula,CA,103636.0,345000.0
Lake Almanor West,CA,153125.0,639900.0
Lake Arrowhead,CA,84449.0,485800.0
Lake California,CA,93750.0,313300.0
Lake City,CA,157679.0,
Lake Davis,CA,,
Lake Don Pedro,CA,87955.0,308600.0
Lake Elsinore,CA,89788.0,466000.0
Lake Forest,CA,128358.0,836800.0
Lakehead,CA,62683.0,228900.0
Lake Hughes,CA,95278.0,473200.0
Lake Isabella,CA,27116.0,121700.0
Lakeland Village,CA,77589.0,379900.0
Lake Los Angeles,CA,58512.0,258700.0
Lake Mathews,CA,102537.0,615700.0
Lake Nacimiento,CA,78250.0,440400.0
Lake of the Pines,CA,110688.0,605100.0
Lake of the Woods,CA,53125.0,237800.0
Lakeport,CA,61100.0,310900.0
Lake Riverside,CA,88438.0,418000.0
Lake San Marcos,CA,94811.0,712800.0
Lake Shastina,CA,73644.0,294300.0
Lake Sherwood,CA,233462.0,2000001.0
Lakeside (Kern County),CA,,396400.0
Lakeside (San Diego County),CA,87386.0,539100.0
Lakeview,CA,72550.0,458100.0
Lake Wildwood,CA,77004.0,481200.0
Lakewood,CA,113030.0,695200.0
La Mesa,CA,83649.0,684200.0
La Mirada,CA,104130.0,706500.0
Lamont,CA,37164.0,198800.0
Lanare,CA,44398.0,
Lancaster,CA,71367.0,368800.0
La Palma,CA,113398.0,865100.0
La Porte,CA,,
La Presa,CA,82845.0,562800.0
La Puente,CA,77702.0,561800.0
La Quinta,CA,92776.0,560500.0
La Riviera,CA,85744.0,389800.0
Larkfield-Wikiup,CA,93150.0,645200.0
Larkspur,CA,147772.0,1691900.0
La Selva Beach,CA,171250.0,1191200.0
Las Flores (Orange County),CA,138750.0,970000.0
Las Flores (Tehama County),CA,48480.0,234500.0
Las Lomas,CA,74800.0,622800.0
Lathrop,CA,108732.0,542900.0
Laton,CA,69145.0,230900.0
La Verne,CA,103816.0,734600.0
La Vina,CA,,221700.0
Lawndale,CA,76213.0,687200.0
Laytonville,CA,73429.0,372200.0
Lebec,CA,,
Lee Vining,CA,135017.0,399300.0
Leggett,CA,15577.0,
Le Grand,CA,56563.0,240400.0
Lemon Cove,CA,,262000.0
Lemon Grove,CA,77833.0,593200.0
Lemon Hill,CA,47080.0,287900.0
Lemoore,CA,78366.0,300500.0
Lemoore Station,CA,63870.0,
Lennox,CA,54611.0,655400.0
Lenwood,CA,68882.0,102300.0
Leona Valley,CA,115611.0,627600.0
Lewiston,CA,57212.0,342000.0
Lexington Hills,CA,245536.0,1173900.0
Likely,CA,,
Lincoln,CA,99434.0,594500.0
Lincoln Village,CA,77679.0,396600.0
Linda,CA,57427.0,320900.0
Lindcove,CA,50938.0,240600.0
Linden,CA,103712.0,536700.0
Lindsay,CA,44816.0,260600.0
Linnell Camp,CA,33292.0,
Litchfield,CA,,
Little Grass Valley,CA,,
Little River,CA,,452300.0
Littlerock,CA,68194.0,319400.0
Little Valley,CA,,
Live Oak,CA,99541.0,899200.0
Live Oak,CA,66750.0,297200.0
Livermore,CA,152590.0,965600.0
Livingston,CA,70918.0,301600.0
Lockeford,CA,106087.0,431700.0
Lockwood (Amador County),CA,149917.0,499200.0
Lockwood (Monterey County),CA,,507100.0
Lodi,CA,78468.0,439400.0
Lodoga,CA,,212500.0
Loleta,CA,69318.0,375000.0
Loma Linda,CA,70685.0,487500.0
Loma Mar,CA,,
Loma Rica,CA,93782.0,453200.0
Lomita,CA,87717.0,729700.0
Lompico,CA,87545.0,628900.0
Lompoc,CA,66947.0,408300.0
London,CA,51324.0,159900.0
Lone Pine,CA,39881.0,238800.0
Long Barn,CA,,
Long Beach,CA,78995.0,709700.0
Lookout,CA,,
Loomis,CA,100159.0,610900.0
Los Alamitos,CA,100987.0,940800.0
Los Alamos,CA,46930.0,639000.0
Los Altos,CA,250001.0,2000001.0
Los Altos Hills,CA,250001.0,2000001.0
Los Angeles,CA,76244.0,822600.0
Los Banos,CA,76164.0,389500.0
Los Berros,CA,,
Los Gatos,CA,198117.0,2000001.0
Los Molinos,CA,28385.0,197600.0
Los Olivos,CA,150882.0,1224400.0
Los Osos,CA,91902.0,701900.0
Los Ranchos,CA,148500.0,1153800.0
Lost Hills,CA,41250.0,159500.0
Lower Lake,CA,35930.0,198800.0
Loyalton,CA,71250.0,197400.0
Loyola,CA,250001.0,2000001.0
Lucas Valley-Marinwood,CA,216524.0,1271400.0
Lucerne,CA,46026.0,237800.0
Lucerne Valley,CA,45444.0,203900.0
Lynwood,CA,67350.0,540100.0
Lytle Creek,CA,56607.0,458500.0
Mabie,CA,,
McArthur,CA,,
McClellan Park,CA,24766.0,
McClenney Tract,CA,,
McCloud,CA,42500.0,293800.0
Macdoel,CA,,
McFarland,CA,42641.0,235100.0
McGee Creek,CA,,
McKinleyville,CA,68239.0,389200.0
McKittrick,CA,43750.0,
McSwain,CA,122235.0,601800.0
Madeline,CA,,
Madera,CA,61626.0,296800.0
Madera Acres,CA,80221.0,300700.0
Madera Ranchos,CA,105690.0,394400.0
Madison,CA,,237500.0
Mad River,CA,,283300.0
Magalia,CA,57170.0,235300.0
Malaga,CA,60481.0,244600.0
Malibu,CA,186905.0,2000001.0
Mammoth Lakes,CA,80795.0,573900.0
Manchester,CA,58342.0,333300.0
Manhattan Beach,CA,187217.0,2000001.0
Manila,CA,57188.0,318200.0
Manteca,CA,89966.0,506900.0
Manton,CA,128125.0,341700.0
March ARB,CA,82375.0,276100.0
Maricopa,CA,45685.0,132300.0
Marina,CA,85783.0,676600.0
Marina del Rey,CA,135584.0,848000.0
Marin City,CA,80793.0,930600.0
Mariposa,CA,33750.0,303700.0
Markleeville,CA,93333.0,447600.0
Martell,CA,149239.0,
Martinez,CA,124669.0,772600.0
Marysville,CA,52012.0,269300.0
Matheny,CA,65927.0,128100.0
Mather,CA,135329.0,530700.0
Maxwell,CA,64583.0,182500.0
Mayfair,CA,57326.0,222600.0
Mayflower Village,CA,98250.0,823600.0
Maywood,CA,57615.0,565500.0
Meadowbrook,CA,52475.0,304400.0
Meadow Valley,CA,61182.0,292600.0
Meadow Vista,CA,96108.0,616300.0
Mead Valley,CA,85600.0,358300.0
Mecca,CA,38411.0,204600.0
Meiners Oaks,CA,87567.0,614900.0
Mendocino,CA,80795.0,417200.0
Mendota,CA,43315.0,236700.0
Menifee,CA,87871.0,442600.0
Menlo Park,CA,198273.0,2000001.0
Mentone,CA,67240.0,378400.0
Merced,CA,59233.0,322600.0
Meridian,CA,50917.0,261900.0
Mesa,CA,130882.0,481300.0
Mesa Verde,CA,60214.0,109900.0
Mesa Vista,CA,132500.0,604200.0
Mettler,CA,68333.0,148500.0
Mexican Colony,CA,50071.0,66500.0
Meyers,CA,102727.0,527700.0
Middletown,CA,163247.0,461100.0
Midpines,CA,64242.0,385700.0
Midway City,CA,62176.0,687000.0
Milford,CA,,
Millbrae,CA,146649.0,1874100.0
Millerton,CA,172344.0,596000.0
Mill Valley,CA,202986.0,2000001.0
Millville,CA,112500.0,354000.0
Milpitas,CA,166769.0,1155000.0
Mineral,CA,,196300.0
Minkler,CA,60853.0,561200.0
Mira Monte,CA,77847.0,793900.0
Miranda,CA,,267800.0
Mission Canyon,CA,196667.0,1746900.0
Mission Hills,CA,102024.0,450000.0
Mission Viejo,CA,136570.0,883600.0
Mi-Wuk Village,CA,91848.0,480900.0
Modesto,CA,73375.0,381800.0
Modjeska,CA,116354.0,847000.0
Mohawk Vista,CA,,
Mojave,CA,46035.0,147800.0
Mokelumne Hill,CA,81483.0,366800.0
Monmouth,CA,39167.0,
Mono City,CA,102108.0,
Mono Vista,CA,69668.0,385700.0
Monrovia,CA,93827.0,843600.0
Monson,CA,49750.0,
Montague,CA,57500.0,174500.0
Montalvin Manor,CA,77083.0,437700.0
Montara,CA,184692.0,1400400.0
Montclair,CA,72789.0,485100.0
Montebello,CA,72317.0,628400.0
Montecito,CA,212154.0,2000001.0
Monterey,CA,98003.0,929400.0
Monterey Park,CA,76892.0,770100.0
Monterey Park Tract,CA,,332500.0
Monte Rio,CA,48906.0,669100.0
Monte Sereno,CA,250001.0,2000001.0
Montgomery Creek,CA,,
Monument Hills,CA,236131.0,869300.0
Moorpark,CA,143218.0,800500.0
Morada,CA,102500.0,652600.0
Moraga,CA,193707.0,1481800.0
Moreno Valley,CA,82637.0,421400.0
Morgan Hill,CA,152199.0,1066800.0
Morongo Valley,CA,45938.0,230900.0
Morro Bay,CA,88547.0,802700.0
Moskowite Corner,CA,136518.0,
Moss Beach,CA,116950.0,1080400.0
Moss Landing,CA,,
Mountain Center,CA,41786.0,345500.0
Mountain Gate,CA,24250.0,141200.0
Mountain House,CA,166821.0,737200.0
Mountain Meadows,CA,213606.0,503000.0
Mountain Mesa,CA,47068.0,199000.0
Mountain Ranch,CA,153231.0,
Mountain View,CA,86136.0,545700.0
Mountain View,CA,174156.0,1833300.0
Mountain View Acres,CA,68693.0,318700.0
Mt. Bullion,CA,,
Mount Hebron,CA,75694.0,
Mount Hermon,CA,152632.0,1036400.0
Mount Laguna,CA,,275000.0
Mount Shasta,CA,47279.0,280700.0
Muir Beach,CA,198229.0,1839300.0
Murphys,CA,51989.0,430400.0
Murrieta,CA,106925.0,567700.0
Muscoy,CA,54464.0,341900.0
Myers Flat,CA,,
Myrtletown,CA,60032.0,389400.0
Napa,CA,100273.0,771700.0
National City,CA,59850.0,505800.0
Needles,CA,38368.0,132500.0
Nevada City,CA,65032.0,540600.0
Newark,CA,159465.0,1034900.0
Newcastle,CA,101925.0,520300.0
New Cuyama,CA,55104.0,179800.0
Newell,CA,32955.0,
Newman,CA,76520.0,351400.0
New Pine Creek,CA,,
Newport Beach,CA,149471.0,2000001.0
Nicasio,CA,210833.0,1895800.0
Nice,CA,69653.0,170600.0
Nicolaus,CA,99464.0,595200.0
Niland,CA,2499.0,
Nipinnawasee,CA,71622.0,344700.0
Nipomo,CA,95982.0,663200.0
Norco,CA,120636.0,683200.0
Nord,CA,63875.0,432700.0
Norris Canyon,CA,250001.0,2000001.0
North Auburn,CA,74315.0,465800.0
North Edwards,CA,44231.0,86700.0
North El Monte,CA,104491.0,841200.0
North Fair Oaks,CA,114925.0,1172700.0
North Fork,CA,65850.0,321300.0
North Gate,CA,225066.0,2000001.0
North Highlands,CA,62156.0,319300.0
North Lakeport,CA,59239.0,301200.0
North Richmond,CA,81046.0,497900.0
North San Juan,CA,,403800.0
North Shore,CA,37852.0,161800.0
North Tustin,CA,173853.0,1155400.0
Norwalk,CA,91259.0,593100.0
Novato,CA,110948.0,936100.0
Nubieber,CA,,
Nuevo,CA,103603.0,459800.0
Oakdale,CA,83110.0,408800.0
Oak Glen,CA,105583.0,875000.0
Oak Hills,CA,95738.0,450200.0
Oakhurst,CA,73333.0,369900.0
Oakland,CA,94389.0,883800.0
Oakley,CA,120915.0,611200.0
Oak Park,CA,150898.0,927400.0
Oak Run,CA,21468.0,333100.0
Oak Shores,CA,68292.0,382500.0
Oak View,CA,108400.0,691400.0
Oakville,CA,,
Oasis,CA,25335.0,34500.0
Occidental,CA,86042.0,1163900.0
Oceano,CA,73084.0,483000.0
Oceanside,CA,86701.0,644600.0
Ocotillo,CA,20761.0,158700.0
Oildale,CA,45976.0,199000.0
Ojai,CA,76569.0,877500.0
Olancha,CA,,
Olde Stockdale,CA,157167.0,575000.0
Old Fig Garden,CA,105648.0,446200.0
Old River,CA,,
Old Station,CA,,
Old Stine,CA,56786.0,231900.0
Olivehurst,CA,69595.0,299500.0
Ono,CA,,450000.0
Ontario,CA,78070.0,513000.0
Onyx,CA,25982.0,130000.0
Orange,CA,109335.0,848200.0
Orange Blossom,CA,84250.0,695500.0
Orange Cove,CA,33671.0,208000.0
Orangevale,CA,95212.0,474500.0
Orcutt,CA,108225.0,549600.0
Orick,CA,39375.0,405600.0
Orinda,CA,250001.0,1737200.0
Orland,CA,61587.0,278800.0
Orosi,CA,52692.0,221000.0
Oroville,CA,46362.0,266100.0
Oroville East,CA,85672.0,340400.0
Oxnard,CA,90409.0,587200.0
Pacheco,CA,100904.0,240600.0
Pacifica,CA,151849.0,1188000.0
Pacific Grove,CA,102553.0,1059900.0
Pajaro,CA,81475.0,532000.0
Pajaro Dunes,CA,84115.0,2000001.0
Pala,CA,91875.0,211100.0
Palermo,CA,46905.0,265700.0
Palmdale,CA,78414.0,397500.0
Palm Desert,CA,75691.0,452000.0
Palm Springs,CA,67451.0,504700.0
Palo Alto,CA,214118.0,2000001.0
Palo Cedro,CA,111771.0,521800.0
Palos Verdes Estates,CA,224766.0,2000001.0
Palo Verde,CA,,
Panorama Heights,CA,14333.0,
Paradise,CA,54842.0,344100.0
Paradise,CA,100833.0,679700.0
Paradise Park,CA,94750.0,437800.0
Paramount,CA,67197.0,471500.0
Parklawn,CA,68704.0,
Parksdale,CA,45281.0,258200.0
Parkway,CA,58016.0,330700.0
Parkwood,CA,55087.0,140600.0
Parlier,CA,50026.0,216200.0
Pasadena,CA,97818.0,981600.0
Pasatiempo,CA,148468.0,1262900.0
Paskenta,CA,46875.0,105400.0
Patterson,CA,86031.0,418800.0
Patterson Tract,CA,83750.0,435600.0
Patton Village,CA,46311.0,66600.0
Paxton,CA,,
Paynes Creek,CA,21648.0,231300.0
Pearsonville,CA,,
Penngrove,CA,97237.0,1128300.0
Penn Valley,CA,65882.0,525500.0
Penryn,CA,89205.0,752400.0
Pepperdine University,CA,170197.0,689500.0
Perris,CA,78352.0,383800.0
Pescadero,CA,,1962500.0
Petaluma,CA,108527.0,805800.0
Petaluma Center,CA,75455.0,
Peters,CA,118942.0,516700.0
Phelan,CA,74853.0,335300.0
Phillipsville,CA,,
Philo,CA,,
Phoenix Lake,CA,72173.0,413200.0
Pico Rivera,CA,82539.0,596500.0
Piedmont,CA,250001.0,2000001.0
Pierpoint,CA,,241900.0
Pike,CA,47917.0,
Pine Canyon,CA,115210.0,353700.0
Pine Flat,CA,48750.0,
Pine Grove,CA,62568.0,365100.0
Pine Hills,CA,78047.0,415200.0
Pine Mountain Club,CA,48828.0,345900.0
Pine Mountain Lake,CA,73125.0,377500.0
Pine Valley,CA,116477.0,549500.0
Pinole,CA,113630.0,666700.0
Piñon Hills,CA,60156.0,364800.0
Pioneer,CA,71278.0,328900.0
Piru,CA,80313.0,467600.0
Pismo Beach,CA,109196.0,943700.0
Pittsburg,CA,98408.0,555200.0
Pixley,CA,48975.0,188900.0
Placentia,CA,106155.0,835600.0
Placerville,CA,68640.0,426200.0
Plainview,CA,61250.0,110700.0
Planada,CA,44792.0,225500.0
Platina,CA,,
Pleasant Hill,CA,137685.0,960200.0
Pleasanton,CA,181639.0,1338200.0
Pleasure Point,CA,117551.0,1154000.0
Plumas Eureka,CA,86250.0,451300.0
Plumas Lake,CA,109860.0,471200.0
Plymouth,CA,77386.0,344300.0
Point Arena,CA,51719.0,370800.0
Point Reyes Station,CA,60714.0,1466700.0
Pollock Pines,CA,70489.0,364400.0
Pomona,CA,73515.0,524700.0
Ponderosa,CA,,
Poplar-Cotton Center,CA,47951.0,202000.0
Port Costa,CA,,589700.0
Porterville,CA,55785.0,246900.0
Port Hueneme,CA,71695.0,498100.0
Portola,CA,52500.0,196200.0
Portola Valley,CA,250001.0,2000001.0
Posey,CA,,
Poso Park,CA,,
Post Mountain,CA,,
Potomac Park,CA,51739.0,178100.0
Potrero,CA,,363000.0
Potter Valley,CA,76250.0,477300.0
Poway,CA,135605.0,911500.0
Prattville,CA,51319.0,1076400.0
Princeton,CA,71875.0,415900.0
Proberta,CA,,
Prunedale,CA,106150.0,697900.0
Pumpkin Center,CA,,
Quartz Hill,CA,98847.0,420900.0
Quincy,CA,75469.0,287000.0
Rackerby,CA,57917.0,418500.0
Rail Road Flat,CA,55078.0,370800.0
Rainbow,CA,69844.0,635600.0
Raisin City,CA,54583.0,182500.0
Ramona,CA,104649.0,667400.0
Rancho Calaveras,CA,81144.0,392600.0
Rancho Cordova,CA,85099.0,415900.0
Rancho Cucamonga,CA,105534.0,657400.0
Rancho Mirage,CA,105557.0,690100.0
Rancho Mission Viejo,CA,176000.0,979900.0
Rancho Murieta,CA,127128.0,610700.0
Rancho Palos Verdes,CA,166747.0,1411800.0
Rancho San Diego,CA,115155.0,805100.0
Rancho Santa Fe,CA,231319.0,2000001.0
Rancho Santa Margarita,CA,150146.0,861100.0
Rancho Tehama Reserve,CA,28889.0,144600.0
Randsburg,CA,,
Red Bluff,CA,47367.0,257900.0
Red Corral,CA,,396500.0
Redcrest,CA,,
Redding,CA,67323.0,343000.0
Redlands,CA,94473.0,535800.0
Redondo Beach,CA,134033.0,1192300.0
Redway,CA,66378.0,385500.0
Redwood City,CA,145620.0,1777600.0
Redwood Valley,CA,53600.0,550300.0
Reedley,CA,61629.0,268900.0
Reliez Valley,CA,249063.0,1437900.0
Rexland Acres,CA,51942.0,163800.0
Rialto,CA,80750.0,418300.0
Richfield,CA,23125.0,217300.0
Richgrove,CA,27276.0,174400.0
Richmond,CA,86618.0,624800.0
Richvale,CA,86402.0,
Ridgecrest,CA,85872.0,224600.0
Ridgecrest Heights,CA,41875.0,
Ridgemark,CA,125388.0,745900.0
Rio Dell,CA,45703.0,276900.0
Rio del Mar,CA,145938.0,1213000.0
Rio Linda,CA,88102.0,390400.0
Rio Oso,CA,174583.0,500000.0
Rio Vista,CA,83538.0,456000.0
Ripley,CA,27932.0,
Ripon,CA,115583.0,627900.0
Riverbank,CA,89504.0,411300.0
Riverdale,CA,55458.0,244200.0
Riverdale Park,CA,,
Rivergrove,CA,,583300.0
River Pines,CA,,
Riverside,CA,83448.0,485500.0
Robbins,CA,88929.0,354000.0
Robinson Mill,CA,,
Rocklin,CA,116006.0,637200.0
Rodeo,CA,91875.0,627000.0
Rodriguez Camp,CA,,
Rohnert Park,CA,93322.0,620200.0
Rolling Hills,CA,250001.0,2000001.0
Rolling Hills,CA,109688.0,529600.0
Rolling Hills Estates,CA,179917.0,1576900.0
Rollingwood,CA,106786.0,588000.0
Romoland,CA,73500.0,400800.0
Rosamond,CA,77318.0,298400.0
Rosedale,CA,123036.0,519300.0
Rose Hills,CA,139615.0,859500.0
Rosemead,CA,70073.0,684200.0
Rosemont,CA,86818.0,405000.0
Roseville,CA,112265.0,596700.0
Ross,CA,250001.0,2000001.0
Rossmoor,CA,184712.0,1196700.0
Rough and Ready,CA,,630300.0
Round Mountain,CA,35208.0,
Round Valley,CA,50313.0,550900.0
Rouse,CA,38164.0,277600.0
Rowland Heights,CA,85842.0,757000.0
Rumsey,CA,,
Running Springs,CA,84060.0,339200.0
Ruth,CA,58333.0,356700.0
Rutherford,CA,,
Sacramento,CA,78954.0,450500.0
Sage,CA,64397.0,383600.0
St. Helena,CA,135781.0,1631700.0
Salida,CA,90476.0,416700.0
Salinas,CA,84250.0,573600.0
Salmon Creek,CA,,
Salton City,CA,33850.0,173700.0
Salton Sea Beach,CA,,101800.0
Salyer,CA,33375.0,470500.0
Samoa,CA,44737.0,
San Andreas,CA,36450.0,362200.0
San Anselmo,CA,165366.0,1473100.0
San Antonio Heights,CA,133250.0,1053600.0
San Ardo,CA,70417.0,342400.0
San Bernardino,CA,61323.0,347100.0
San Bruno,CA,131669.0,1187600.0
San Buenaventura (Ventura),CA,96036.0,714000.0
San Carlos,CA,219413.0,2000001.0
San Clemente,CA,134730.0,1161000.0
Sand City,CA,68333.0,660700.0
San Diego,CA,98657.0,783300.0
San Diego Country Estates,CA,135785.0,656500.0
San Dimas,CA,102241.0,715400.0
San Fernando,CA,70950.0,604300.0
San Francisco,CA,136689.0,1348700.0
San Gabriel,CA,84056.0,850700.0
Sanger,CA,69333.0,325200.0
San Geronimo,CA,217375.0,1160700.0
San Jacinto,CA,73682.0,345800.0
San Joaquin,CA,43750.0,220000.0
San Jose,CA,136010.0,1149600.0
San Juan Bautista,CA,103036.0,654500.0
San Juan Capistrano,CA,123474.0,888200.0
San Leandro,CA,97141.0,772700.0
San Lorenzo,CA,102860.0,797000.0
San Lucas,CA,64750.0,225000.0
San Luis Obispo,CA,65000.0,841700.0
San Marcos,CA,99413.0,728800.0
San Marino,CA,174253.0,2000001.0
San Martin,CA,141296.0,1256700.0
San Mateo,CA,149152.0,1508900.0
San Miguel (Contra Costa County),CA,238472.0,1562500.0
San Miguel (San Luis Obispo County),CA,73008.0,367200.0
San Pablo,CA,72552.0,476700.0
San Pasqual,CA,132500.0,1192100.0
San Rafael,CA,113839.0,1212000.0
San Ramon,CA,190829.0,1254900.0
San Simeon,CA,58125.0,289700.0
Santa Ana,CA,84210.0,624000.0
Santa Barbara,CA,98346.0,1346800.0
Santa Clara,CA,165352.0,1440200.0
Santa Clarita,CA,116186.0,669200.0
Santa Cruz,CA,105491.0,1116100.0
Santa Fe Springs,CA,81500.0,585200.0
Santa Margarita,CA,,650900.0
Santa Maria,CA,81237.0,438100.0
Santa Monica,CA,106797.0,1654800.0
Santa Nella,CA,84912.0,445100.0
Santa Paula,CA,72014.0,519700.0
Santa Rosa,CA,92604.0,661700.0
Santa Rosa Valley,CA,176058.0,1462800.0
Santa Susana,CA,,680700.0
Santa Venetia,CA,120446.0,925100.0
Santa Ynez,CA,144792.0,1068300.0
Santee,CA,101777.0,601600.0
Saranap,CA,139729.0,1324300.0
Saratoga,CA,237730.0,2000001.0
Saticoy,CA,81491.0,365700.0
Sattley,CA,,
Sausalito,CA,163170.0,1735000.0
Scotia,CA,61250.0,275000.0
Scotts Valley,CA,136867.0,1051700.0
Seacliff,CA,109269.0,1041200.0
Seal Beach,CA,75507.0,483100.0
Sea Ranch,CA,92260.0,1104800.0
Searles Valley,CA,54013.0,78000.0
Seaside,CA,80239.0,652200.0
Sebastopol,CA,98185.0,824400.0
Seeley,CA,55035.0,162000.0
Selma,CA,53874.0,251300.0
Sequoia Crest,CA,,
Sereno del Mar,CA,,1201600.0
Seville,CA,39500.0,145800.0
Shafter,CA,66418.0,248600.0
Shandon,CA,82344.0,394100.0
Shasta,CA,108438.0,385600.0
Shasta Lake,CA,54490.0,245200.0
Shaver Lake,CA,125000.0,606700.0
Shell Ridge,CA,234160.0,1666100.0
Shelter Cove,CA,41732.0,435000.0
Sheridan,CA,68859.0,351000.0
Shingle Springs,CA,105789.0,647300.0
Shingletown,CA,71225.0,246300.0
Shoshone,CA,,
Sierra Brooks,CA,60307.0,270700.0
Sierra City,CA,87759.0,385700.0
Sierra Madre,CA,128056.0,1141200.0
Sierra Village,CA,,
Sierraville,CA,,781300.0
Signal Hill,CA,96385.0,684900.0
Silverado,CA,89479.0,646200.0
Silverado Resort,CA,161778.0,1237600.0
Silver City,CA,,
Silver Lakes,CA,105993.0,329700.0
Simi Valley,CA,112144.0,704200.0
Sisquoc,CA,72000.0,437500.0
Sky Valley,CA,45985.0,131500.0
Sleepy Hollow,CA,207847.0,2000001.0
Smartsville,CA,76213.0,429100.0
Smith Corner,CA,41250.0,99600.0
Smith River,CA,95350.0,335300.0
Snelling,CA,44861.0,232900.0
Soda Bay,CA,87443.0,278800.0
Soda Springs,CA,,
Solana Beach,CA,137647.0,1617500.0
Soledad,CA,85040.0,527400.0
Solvang,CA,108074.0,868000.0
Somis,CA,128750.0,1033300.0
Sonoma,CA,96090.0,924700.0
Sonoma State University,CA,,
Sonora,CA,60492.0,376100.0
Soquel,CA,113918.0,876100.0
Soulsbyville,CA,75344.0,328100.0
South Dos Palos,CA,,242500.0
South El Monte,CA,67724.0,570100.0
South Gate,CA,67188.0,578900.0
South Lake Tahoe,CA,67686.0,571700.0
South Monrovia Island,CA,110000.0,639700.0
South Oroville,CA,66150.0,223600.0
South Pasadena,CA,127882.0,1453500.0
South San Francisco,CA,127062.0,1113000.0
South San Gabriel,CA,71944.0,632800.0
South San Jose Hills,CA,87961.0,505600.0
South Taft,CA,28333.0,112200.0
South Whittier,CA,94149.0,624000.0
Spaulding,CA,23378.0,217900.0
Spreckels,CA,,860000.0
Spring Garden,CA,,
Spring Valley (Lake County),CA,41486.0,354100.0
Spring Valley (San Diego County),CA,98099.0,600400.0
Spring Valley Lake,CA,90663.0,398600.0
Springville,CA,81319.0,264800.0
Squaw Valley,CA,82969.0,289500.0
Squirrel Mountain Valley,CA,,343400.0
Stallion Springs,CA,71765.0,347400.0
Stanford,CA,69631.0,2000001.0
Stanton,CA,76123.0,505000.0
Stebbins,CA,103750.0,286900.0
Stevenson Ranch,CA,147083.0,967500.0
Stevinson,CA,118667.0,
Stinson Beach,CA,74405.0,1656300.0
Stirling City,CA,,271500.0
Stockton,CA,71612.0,382000.0
Stones Landing,CA,144464.0,195600.0
Stonyford,CA,,186300.0
Stratford,CA,,137000.0
Strathmore,CA,40106.0,119300.0
Strawberry (Marin County),CA,135375.0,1925000.0
Strawberry (Tuolumne County),CA,,
Sugarloaf Saw Mill,CA,,
Sugarloaf Village,CA,,
Suisun City,CA,95394.0,486000.0
Sultana,CA,38125.0,318800.0
Summerland,CA,128311.0,2000001.0
Sunnyside,CA,106750.0,400700.0
Sunnyside-Tahoe City,CA,125144.0,921300.0
Sunny Slopes,CA,250001.0,687500.0
Sunnyvale,CA,174506.0,1680700.0
Sunol,CA,182250.0,1210400.0
Sun Village,CA,66158.0,329500.0
Susanville,CA,52997.0,203100.0
Sutter,CA,89539.0,345400.0
Sutter Creek,CA,59028.0,456400.0
Swall Meadows,CA,179792.0,777300.0
Taft,CA,52414.0,219400.0
Taft Heights,CA,60675.0,179700.0
Taft Mosswood,CA,63750.0,313900.0
Tahoe Vista,CA,91944.0,720300.0
Tahoma,CA,83971.0,783200.0
Talmage,CA,37017.0,614300.0
Tamalpais-Homestead Valley,CA,237786.0,1651200.0
Tancred,CA,,
Tara Hills,CA,113333.0,598800.0
Tarina,CA,,
Tarpey Village,CA,70982.0,315800.0
Taylorsville,CA,,
Tecopa,CA,31563.0,
Tehachapi,CA,62788.0,321800.0
Tehama,CA,53750.0,242600.0
Temecula,CA,111881.0,604300.0
Temelec,CA,66773.0,609500.0
Temescal Valley,CA,116672.0,613500.0
Temple City,CA,95263.0,877300.0
Templeton,CA,116316.0,698500.0
Tennant,CA,,93100.0
Terminous,CA,59000.0,279400.0
Terra Bella,CA,25370.0,213500.0
Teviston,CA,48500.0,
Thermal,CA,,151500.0
Thermalito,CA,48013.0,223200.0
Thornton,CA,43839.0,409100.0
Thousand Oaks,CA,125399.0,900600.0
Thousand Palms,CA,68504.0,252800.0
Three Rivers,CA,78590.0,403800.0
Three Rocks,CA,,163200.0
Tiburon,CA,200886.0,2000001.0
Timber Cove,CA,87500.0,812500.0
Tipton,CA,47695.0,213400.0
Tobin,CA,,
Tomales,CA,,821000.0
Tonyville,CA,23295.0,58900.0
Tooleville,CA,,
Topanga,CA,138400.0,1481700.0
Topaz,CA,,
Toro Canyon,CA,174929.0,2000001.0
Torrance,CA,109554.0,962300.0
Trabuco Canyon,CA,163750.0,1114800.0
Tracy,CA,111717.0,617300.0
Tranquillity,CA,54632.0,316500.0
Traver,CA,53438.0,211000.0
Tres Pinos,CA,222891.0,1044500.0
Trinidad,CA,82250.0,658500.0
Trinity Center,CA,36875.0,272400.0
Trinity Village,CA,80505.0,409500.0
Trona,CA,,
Trowbridge,CA,138750.0,548900.0
Truckee,CA,107423.0,785700.0
Tulare,CA,65933.0,286200.0
Tulelake,CA,41154.0,126900.0
Tuolumne City,CA,56429.0,341800.0
Tupman,CA,,110400.0
Turlock,CA,74559.0,400500.0
Tustin,CA,102065.0,850200.0
Tuttle,CA,,
Tuttletown,CA,73807.0,354500.0
Twain,CA,,
Twain Harte,CA,83538.0,435100.0
Twentynine Palms,CA,51392.0,214500.0
Twin Lakes (Mono County),CA,,
Twin Lakes (Santa Cruz County),CA,71769.0,864900.0
Ukiah,CA,62934.0,440500.0
Union City,CA,138013.0,1006600.0
University of California-Davis,CA,19541.0,115900.0
University of California-Merced,CA,,
University of California-Santa Barbara,CA,78214.0,455000.0
Upland,CA,93994.0,647400.0
Upper Lake,CA,104839.0,286400.0
Vacaville,CA,106764.0,560400.0
Valinda,CA,95244.0,588200.0
Vallecito,CA,,481000.0
Vallejo,CA,86112.0,515500.0
Valle Vista,CA,62440.0,281800.0
Valley Acres,CA,80694.0,194600.0
Valley Center,CA,104115.0,755700.0
Valley Ford,CA,,
Valley Home,CA,84297.0,700000.0
Valley Ranch,CA,,
Valley Springs,CA,90408.0,384500.0
Valley Wells,CA,,
Val Verde,CA,107381.0,468000.0
Vandenberg AFB,CA,69031.0,
Vandenberg Village,CA,93817.0,552100.0
Verdi,CA,,875000.0
Vernon,CA,69345.0,
Victor,CA,45446.0,
Victorville,CA,65746.0,300600.0
View Park-Windsor Hills,CA,112674.0,979700.0
Villa Park,CA,189306.0,1469200.0
Vina,CA,70833.0,
Vincent,CA,97417.0,570800.0
Vine Hill,CA,123523.0,600300.0
Vineyard,CA,108607.0,489400.0
Virginia Lakes,CA,,
Visalia,CA,75658.0,316600.0
Vista,CA,88715.0,622900.0
Vista Santa Rosa,CA,64375.0,387300.0
Volcano,CA,,
Volta,CA,,
Walker,CA,55149.0,444400.0
Wallace,CA,67614.0,465300.0
Walnut,CA,130444.0,942100.0
Walnut Creek,CA,129971.0,972800.0
Walnut Grove,CA,70852.0,625000.0
Walnut Park,CA,71683.0,555000.0
Warm Springs,CA,70750.0,316500.0
Warner Valley,CA,,
Wasco,CA,48109.0,224700.0
Washington,CA,,
Waterford,CA,64349.0,346700.0
Waterloo,CA,250001.0,867000.0
Watsonville,CA,72295.0,630100.0
Waukena,CA,78750.0,517900.0
Wautec,CA,,
Wawona,CA,64896.0,
Weaverville,CA,49539.0,324000.0
Weed,CA,35641.0,198800.0
Weedpatch,CA,21651.0,126500.0
Weitchpec,CA,,
Weldon,CA,27377.0,111400.0
Weott,CA,,
West Athens,CA,67552.0,638700.0
West Bishop,CA,105685.0,542600.0
West Carson,CA,91495.0,580500.0
West Covina,CA,96219.0,664500.0
West Goshen,CA,,
Westhaven-Moonstone,CA,88036.0,529200.0
West Hollywood,CA,89034.0,898900.0
Westlake Village,CA,188681.0,1208700.0
Westley,CA,29464.0,
West Menlo Park,CA,250001.0,2000001.0
Westminster,CA,80271.0,777100.0
West Modesto,CA,55500.0,280700.0
Westmont,CA,49958.0,592500.0
Westmorland,CA,31827.0,176100.0
West Park,CA,71250.0,193800.0
West Point,CA,65139.0,126300.0
West Puente Valley,CA,84365.0,578000.0
West Rancho Dominguez,CA,73375.0,533600.0
West Sacramento,CA,87044.0,460400.0
Westside,CA,,9999.0
West Whittier-Los Nietos,CA,88064.0,583700.0
Westwood,CA,34960.0,151900.0
Wheatland,CA,76991.0,328100.0
Whitehawk,CA,79107.0,
Whitewater,CA,74602.0,267000.0
Whitley Gardens,CA,,
Whitmore,CA,43250.0,331000.0
Whittier,CA,89686.0,707700.0
Wildomar,CA,89912.0,476500.0
Wilkerson,CA,103409.0,310000.0
Williams,CA,84457.0,330400.0
Williams Canyon,CA,,
Willits,CA,45592.0,294700.0
Willowbrook,CA,52384.0,469600.0
Willow Creek,CA,45451.0,298200.0
Willows,CA,61806.0,258800.0
Wilsonia,CA,,
Wilton,CA,176875.0,835000.0
Winchester,CA,70865.0,417700.0
Windsor,CA,128115.0,722700.0
Winter Gardens,CA,86009.0,543600.0
Winterhaven,CA,11699.0,
Winters,CA,128679.0,523300.0
Winton,CA,54503.0,267400.0
Wofford Heights,CA,36614.0,148900.0
Woodacre,CA,144632.0,1103800.0
Woodbridge,CA,116190.0,576000.0
Woodcrest,CA,139115.0,636300.0
Woodlake,CA,44719.0,238900.0
Woodland,CA,84494.0,476400.0
Woodlands,CA,151736.0,1031300.0
Woodside,CA,250001.0,2000001.0
Woodville,CA,38750.0,164800.0
Woodville Farm Labor Camp,CA,26438.0,
Woody,CA,113125.0,258300.0
Wrightwood,CA,70882.0,420000.0
Yankee Hill,CA,70469.0,278100.0
Yermo,CA,54242.0,
Yettem,CA,,
Yolo,CA,,
Yorba Linda,CA,148325.0,991400.0
Yosemite Lakes,CA,99491.0,350600.0
Yosemite Valley,CA,40987.0,
Yosemite West,CA,,
Yountville,CA,75134.0,645800.0
Yreka,CA,46387.0,209100.0
Yuba City,CA,70412.0,378900.0
Yucaipa,CA,85075.0,429700.0
Yucca Valley,CA,54153.0,278600.0
Zayante,CA,158176.0,675400.0
Acres Green,CO,124219.0,477600.0
Aetna Estates,CO,60857.0,52800.0
Aguilar,CO,27066.0,86900.0
Air Force Academy,CO,79250.0,
Akron,CO,52813.0,176500.0
Alamosa,CO,50239.0,187000.0
Alamosa East,CO,,260000.0
Allenspark,CO,144265.0,589000.0
Alma,CO,50795.0,405200.0
Alpine,CO,,271200.0
Altona,CO,250001.0,1128900.0
Amherst,CO,,
Antonito,CO,28639.0,69400.0
Applewood,CO,125455.0,679000.0
Arapahoe,CO,99000.0,56000.0
Arboles,CO,53571.0,234100.0
Aristocrat Ranchettes,CO,83500.0,351700.0
Arriba,CO,27500.0,132900.0
Arvada,CO,106014.0,553000.0
Aspen,CO,94338.0,842700.0
Aspen Park,CO,111964.0,605500.0
Atwood,CO,56985.0,175600.0
Ault,CO,76215.0,301400.0
Aurora,CO,78685.0,409700.0
Avon,CO,85817.0,609400.0
Avondale,CO,,112900.0
Bark Ranch,CO,,532400.0
Basalt,CO,103049.0,1106800.0
Battlement Mesa,CO,66737.0,200900.0
Bayfield,CO,84609.0,377600.0
Bennett,CO,82035.0,371300.0
Berkley,CO,77390.0,422600.0
Berthoud,CO,101817.0,458600.0
Bethune,CO,42917.0,99600.0
Beulah Valley,CO,46667.0,243800.0
Black Forest,CO,135859.0,743200.0
Black Hawk,CO,65417.0,463900.0
Blanca,CO,50125.0,96300.0
Blende,CO,58750.0,234500.0
Blue River,CO,150074.0,1094100.0
Blue Sky,CO,,
Blue Valley,CO,120208.0,611100.0
Bonanza,CO,,
Bonanza Mountain Estates,CO,,574600.0
Boone,CO,52708.0,36300.0
Boulder,CO,80243.0,919700.0
Bow Mar,CO,215714.0,1625000.0
Brandon,CO,,
Branson,CO,27500.0,50000.0
Breckenridge,CO,129481.0,903200.0
Brick Center,CO,134635.0,281100.0
Briggsdale,CO,53917.0,265600.0
Brighton,CO,86975.0,429600.0
Brook Forest,CO,145521.0,589900.0
Brookside,CO,57188.0,235500.0
Broomfield,CO,117541.0,581600.0
Brush,CO,64475.0,251000.0
Buena Vista,CO,58168.0,413900.0
Burlington,CO,61528.0,162400.0
Byers,CO,93750.0,354100.0
Calhan,CO,41477.0,225000.0
Campo,CO,,31700.0
Cañon City,CO,54308.0,262200.0
Capulin,CO,81131.0,
Carbonate,CO,,
Carbondale,CO,92083.0,750000.0
Cascade-Chipita Park,CO,78542.0,464000.0
Castle Pines,CO,189280.0,775200.0
Castle Pines Village,CO,250001.0,1210300.0
Castle Rock,CO,135985.0,577500.0
Cathedral,CO,,431300.0
Catherine,CO,,
Cattle Creek,CO,41926.0,
Cedaredge,CO,40395.0,231100.0
Centennial,CO,124617.0,586500.0
Center,CO,50203.0,100000.0
Central City,CO,58388.0,353300.0
Chacra,CO,,734400.0
Cheraw,CO,45750.0,93800.0
Cherry Creek,CO,146583.0,804400.0
Cherry Hills Village,CO,250001.0,2000001.0
Cheyenne Wells,CO,58125.0,149700.0
Cimarron Hills,CO,74646.0,314100.0
City of Creede,CO,51033.0,334400.0
Clifton,CO,55108.0,208400.0
Coal Creek,CO,129091.0,557000.0
Coal Creek,CO,37339.0,189600.0
Coaldale,CO,,275000.0
Cokedale,CO,44000.0,109700.0
Collbran,CO,43750.0,187100.0
Colona,CO,119625.0,
Colorado City,CO,55759.0,200000.0
Colorado Springs,CO,79026.0,383000.0
Columbine,CO,122048.0,550500.0
Columbine Valley,CO,250001.0,1294600.0
Comanche Creek,CO,215323.0,642900.0
Commerce City,CO,96484.0,436500.0
Conejos,CO,,
Cope,CO,48750.0,
Copper Mountain,CO,117926.0,
Cortez,CO,55962.0,204100.0
Cotopaxi,CO,,
Craig,CO,52443.0,230800.0
Crawford,CO,55375.0,180900.0
Crested Butte,CO,67625.0,1013000.0
Crestone,CO,,178500.0
Cripple Creek,CO,36783.0,220200.0
Crisman,CO,162500.0,891200.0
Crook,CO,23500.0,112500.0
Crowley,CO,34167.0,71200.0
Dacono,CO,94783.0,421100.0
Dakota Ridge,CO,116683.0,511800.0
De Beque,CO,60625.0,189700.0
Deer Trail,CO,64333.0,343800.0
Del Norte,CO,40756.0,127000.0
Delta,CO,45950.0,225200.0
Denver,CO,85853.0,540400.0
Derby,CO,77261.0,312700.0
Dillon,CO,79792.0,782500.0
Dinosaur,CO,48865.0,23200.0
Divide,CO,70294.0,297100.0
Dolores,CO,27251.0,223300.0
Dotsero,CO,79957.0,396800.0
Dove Creek,CO,70855.0,120100.0
Dove Valley,CO,73336.0,371000.0
Downieville-Lawson-Dumont,CO,54868.0,321300.0
Durango,CO,76177.0,569100.0
Eads,CO,44352.0,103900.0
Eagle,CO,101373.0,659400.0
East Pleasant View,CO,,363700.0
Eaton,CO,102314.0,399500.0
Echo Hills,CO,192206.0,471100.0
Eckley,CO,47031.0,106800.0
Edgewater,CO,71964.0,575300.0
Edwards,CO,89399.0,738900.0
Elbert,CO,54500.0,253400.0
Eldora,CO,,
Eldorado Springs,CO,100139.0,1165000.0
Elizabeth,CO,99889.0,405800.0
El Jebel,CO,120278.0,775400.0
Ellicott,CO,44219.0,
El Moro,CO,91250.0,236700.0
Empire,CO,60877.0,291700.0
Englewood,CO,79375.0,472400.0
Erie,CO,154509.0,644300.0
Estes Park,CO,63598.0,576500.0
Evans,CO,75544.0,305700.0
Evergreen,CO,144858.0,676300.0
Fairmount,CO,153600.0,724700.0
Fairplay,CO,80179.0,331700.0
Federal Heights,CO,56316.0,95300.0
Firestone,CO,106960.0,459600.0
Flagler,CO,38625.0,128400.0
Fleming,CO,48125.0,119600.0
Florence,CO,58167.0,215400.0
Florissant,CO,,
Floyd Hill,CO,153920.0,691100.0
Fort Carson,CO,62582.0,
Fort Collins,CO,78977.0,497400.0
Fort Garland,CO,36750.0,211800.0
Fort Lupton,CO,71293.0,346800.0
Fort Morgan,CO,55407.0,251000.0
Fountain,CO,80311.0,338000.0
Four Square Mile,CO,77125.0,422600.0
Fowler,CO,38162.0,121500.0
Foxfield,CO,168125.0,927200.0
Franktown,CO,,1007400.0
Fraser,CO,75893.0,498700.0
Frederick,CO,128078.0,484900.0
Frisco,CO,101140.0,704600.0
Fruita,CO,71550.0,331700.0
Fruitvale,CO,71747.0,271900.0
Fulford,CO,,
Garden City,CO,41250.0,168800.0
Gardner,CO,,
Garfield,CO,,
Genesee,CO,174375.0,963900.0
Genoa,CO,46250.0,85000.0
Georgetown,CO,56458.0,426900.0
Gerrard,CO,89474.0,
Gilcrest,CO,64583.0,267200.0
Glendale,CO,63143.0,351600.0
Glendale,CO,,
Gleneagle,CO,134332.0,499000.0
Glenwood Springs,CO,80806.0,530500.0
Golden,CO,90990.0,698700.0
Goldfield,CO,,157100.0
Gold Hill,CO,,
Granada,CO,44323.0,85000.0
Granby,CO,77679.0,346000.0
Grand Junction,CO,62993.0,317700.0
Grand Lake,CO,,346400.0
Grand View Estates,CO,144583.0,703200.0
Greeley,CO,65525.0,346400.0
Green Mountain Falls,CO,66953.0,418500.0
Greenwood Village,CO,139144.0,1140900.0
Grover,CO,46875.0,171900.0
Guffey,CO,,
Gunbarrel,CO,105335.0,712800.0
Gunnison,CO,63229.0,408600.0
Gypsum,CO,99726.0,481000.0
Hartman,CO,,
Hartsel,CO,,
Hasty,CO,24821.0,94200.0
Haswell,CO,51250.0,127500.0
Haxtun,CO,50500.0,203000.0
Hayden,CO,74028.0,332600.0
Heeney,CO,72153.0,
Hidden Lake,CO,,
Highlands Ranch,CO,148227.0,637400.0
Hillrose,CO,45313.0,201100.0
Hoehne,CO,,250000.0
Holly,CO,37679.0,94500.0
Holly Hills,CO,129700.0,611400.0
Holyoke,CO,51435.0,258000.0
Hooper,CO,42143.0,158300.0
Hotchkiss,CO,53214.0,189900.0
Hot Sulphur Springs,CO,83125.0,315800.0
Howard,CO,55970.0,379900.0
Hudson,CO,73542.0,303600.0
Hugo,CO,60500.0,207100.0
Idaho Springs,CO,72101.0,412600.0
Idalia,CO,137375.0,
Idledale,CO,,448000.0
Ignacio,CO,62833.0,243300.0
Iliff,CO,70750.0,117900.0
Indian Hills,CO,166429.0,691700.0
Inverness,CO,109339.0,678100.0
Jackson Lake,CO,75625.0,357400.0
Jamestown,CO,168063.0,460000.0
Jansen,CO,50417.0,153400.0
Joes,CO,,
Johnson Village,CO,65655.0,311400.0
Johnstown,CO,120395.0,461100.0
Julesburg,CO,37232.0,121300.0
Keenesburg,CO,86827.0,375500.0
Ken Caryl,CO,113459.0,498700.0
Kersey,CO,61111.0,300400.0
Keystone,CO,48847.0,910200.0
Kim,CO,28750.0,
Kiowa,CO,53500.0,327200.0
Kirk,CO,68333.0,
Kit Carson,CO,54792.0,129200.0
Kittredge,CO,143147.0,638400.0
Kremmling,CO,64141.0,314200.0
Lafayette,CO,105819.0,611500.0
Laird,CO,,
La Jara,CO,43333.0,145000.0
La Junta,CO,50799.0,145500.0
La Junta Gardens,CO,78906.0,221700.0
Lake City,CO,57548.0,341700.0
Lakeside,CO,34375.0,
Lakewood,CO,82786.0,494100.0
Lamar,CO,48422.0,116500.0
Laporte,CO,69732.0,355700.0
Larkspur,CO,62679.0,137500.0
La Salle,CO,91080.0,339100.0
Las Animas,CO,45355.0,71400.0
La Veta,CO,48297.0,291700.0
Lazear,CO,50667.0,
Lazy Acres,CO,150927.0,877300.0
Leadville,CO,80100.0,316800.0
Leadville North,CO,79942.0,378200.0
Lewis,CO,86591.0,376500.0
Leyner,CO,,
Limon,CO,49034.0,233900.0
Lincoln Park,CO,79408.0,263900.0
Littleton,CO,90273.0,552100.0
Lochbuie,CO,84556.0,333900.0
Loghill Village,CO,83542.0,731200.0
Log Lane Village,CO,58958.0,145000.0
Loma,CO,137995.0,599100.0
Lone Tree,CO,121066.0,768800.0
Longmont,CO,89720.0,488100.0
Louisville,CO,135840.0,781100.0
Louviers,CO,79438.0,381600.0
Loveland,CO,81898.0,426900.0
Lynn,CO,,
Lyons,CO,131179.0,814800.0
McClave,CO,70250.0,112500.0
McCoy,CO,,
Manassa,CO,60441.0,147000.0
Mancos,CO,63185.0,281000.0
Manitou Springs,CO,72775.0,498700.0
Manzanola,CO,33011.0,82500.0
Marble,CO,129792.0,625000.0
Marvel,CO,65833.0,259400.0
Matheson,CO,110313.0,316700.0
Maybell,CO,,
Maysville,CO,,948500.0
Mead,CO,120532.0,476400.0
Meeker,CO,69295.0,209800.0
Meridian,CO,89573.0,552600.0
Meridian Village,CO,192813.0,656300.0
Merino,CO,55000.0,181300.0
Midland,CO,53281.0,305000.0
Milliken,CO,96772.0,388000.0
Minturn,CO,103333.0,878400.0
Moffat,CO,,61300.0
Monte Vista,CO,51071.0,178100.0
Montezuma,CO,,554700.0
Montrose,CO,60132.0,317500.0
Monument,CO,102969.0,497900.0
Morgan Heights,CO,136648.0,398100.0
Morrison,CO,126250.0,690800.0
Mountain Meadows,CO,157976.0,629300.0
Mountain View,CO,120625.0,481400.0
Mountain Village,CO,56917.0,2000001.0
Mount Crested Butte,CO,93194.0,603000.0
Mulford,CO,132072.0,886400.0
Nathrop,CO,,263800.0
Naturita,CO,25278.0,155400.0
Nederland,CO,115120.0,617100.0
New Castle,CO,82473.0,436200.0
Niwot,CO,135758.0,818900.0
No Name,CO,145679.0,841300.0
Norrie,CO,,
Northglenn,CO,77797.0,399700.0
North La Junta,CO,51042.0,102300.0
North Washington,CO,,369000.0
Norwood,CO,53603.0,286500.0
Nucla,CO,40000.0,142000.0
Nunn,CO,86250.0,304500.0
Oak Creek,CO,87228.0,323100.0
Olathe,CO,60966.0,221400.0
Olney Springs,CO,48036.0,93400.0
Ophir,CO,121667.0,772100.0
Orchard,CO,36477.0,239500.0
Orchard City,CO,69556.0,280200.0
Orchard Mesa,CO,64688.0,284400.0
Ordway,CO,45938.0,78900.0
Otis,CO,52125.0,108900.0
Ouray,CO,68750.0,455400.0
Ovid,CO,28409.0,79300.0
Padroni,CO,,
Pagosa Springs,CO,32500.0,366700.0
Palisade,CO,56359.0,261600.0
Palmer Lake,CO,104712.0,396100.0
Paoli,CO,38750.0,175000.0
Paonia,CO,54643.0,276600.0
Parachute,CO,55089.0,245200.0
Paragon Estates,CO,170556.0,1640200.0
Park Center,CO,66830.0,305400.0
Parker,CO,126615.0,573000.0
Parshall,CO,,
Peetz,CO,51094.0,137500.0
Penrose,CO,77286.0,284700.0
Peoria,CO,114000.0,456300.0
Perry Park,CO,147548.0,726500.0
Peyton,CO,,
Phippsburg,CO,79397.0,293100.0
Piedra,CO,49167.0,116700.0
Pierce,CO,71071.0,289000.0
Pine Brook Hill,CO,,1127100.0
Pine Valley,CO,132778.0,910000.0
Pitkin,CO,80938.0,311100.0
Placerville,CO,94107.0,833300.0
Platteville,CO,76406.0,340100.0
Poncha Springs,CO,69015.0,394200.0
Ponderosa Park,CO,127901.0,626900.0
Portland,CO,,705400.0
Pritchett,CO,63750.0,
Pueblo,CO,52794.0,197700.0
Pueblo West,CO,89530.0,330000.0
Ramah,CO,,
Rangely,CO,70363.0,187400.0
Raymer (New Raymer),CO,36250.0,137500.0
Red Cliff,CO,74688.0,669900.0
Red Feather Lakes,CO,,341900.0
Redlands,CO,93223.0,426100.0
Redstone,CO,,
Redvale,CO,84107.0,171400.0
Rico,CO,83281.0,450000.0
Ridgway,CO,82903.0,599100.0
Rifle,CO,72955.0,323700.0
Rock Creek Park,CO,150250.0,625000.0
Rockvale,CO,54091.0,168500.0
Rocky Ford,CO,31418.0,101200.0
Rollinsville,CO,,476000.0
Romeo,CO,40000.0,105200.0
Roxborough Park,CO,150086.0,565500.0
Rye,CO,48875.0,213800.0
Saddle Ridge,CO,,841700.0
Saguache,CO,35795.0,129600.0
St. Ann Highlands,CO,,869100.0
St. Mary's,CO,67348.0,338900.0
Salida,CO,63775.0,459200.0
Salt Creek,CO,51731.0,240700.0
San Acacio,CO,,
Sanford,CO,50461.0,147500.0
San Luis,CO,27895.0,110400.0
Sawpit,CO,,
Security-Widefield,CO,80458.0,323300.0
Sedalia,CO,105938.0,
Sedgwick,CO,,117500.0
Segundo,CO,61250.0,131700.0
Seibert,CO,40625.0,70000.0
Seven Hills,CO,,
Severance,CO,121047.0,452200.0
Shaw Heights,CO,89125.0,416500.0
Sheridan,CO,53707.0,337900.0
Sheridan Lake,CO,58125.0,73300.0
Sherrelwood,CO,70086.0,368100.0
Sierra Ridge,CO,145417.0,682200.0
Silt,CO,72450.0,371900.0
Silver Cliff,CO,35583.0,225000.0
Silver Plume,CO,,509300.0
Silverthorne,CO,97558.0,650600.0
Silverton,CO,64000.0,340600.0
Simla,CO,41625.0,198400.0
Smeltertown,CO,130313.0,
Snowmass Village,CO,94761.0,
Snyder,CO,43482.0,
Somerset,CO,11161.0,
Southern Ute,CO,,287500.0
South Fork,CO,70804.0,354700.0
Springfield,CO,36354.0,121400.0
Starkville,CO,70600.0,
Steamboat Springs,CO,93280.0,776300.0
Stepping Stone,CO,218831.0,729200.0
Sterling,CO,44556.0,183000.0
Sterling Ranch,CO,197330.0,786900.0
Stonegate,CO,150741.0,595600.0
Stonewall Gap,CO,,277500.0
Strasburg,CO,88482.0,423900.0
Stratmoor,CO,66607.0,253200.0
Stratton,CO,51806.0,144900.0
Sugar City,CO,42634.0,62100.0
Sugarloaf,CO,,1057700.0
Sunshine,CO,78365.0,
Superior,CO,149464.0,739200.0
Swink,CO,56513.0,126500.0
Tabernash,CO,104335.0,1182700.0
Tall Timber,CO,190457.0,918300.0
Telluride,CO,81429.0,370700.0
The Pinery,CO,154404.0,666300.0
Thornton,CO,95064.0,445200.0
Timnath,CO,162976.0,678100.0
Todd Creek,CO,173604.0,799200.0
Towaoc,CO,46466.0,
Towner,CO,,
Trail Side,CO,,256800.0
Trinidad,CO,47908.0,185000.0
Twin Lakes (Adams County),CO,87352.0,486400.0
Twin Lakes (Lake County),CO,46016.0,575700.0
Two Buttes,CO,33393.0,32500.0
Upper Bear Creek,CO,177856.0,1038500.0
Upper Witter Gulch,CO,250001.0,710500.0
Vail,CO,96667.0,846600.0
Valdez,CO,,
Valmont,CO,42083.0,875000.0
Vernon,CO,,
Victor,CO,57679.0,177500.0
Vilas,CO,,63800.0
Vineland,CO,118977.0,294000.0
Vona,CO,66250.0,197500.0
Walden,CO,35278.0,172800.0
Walsenburg,CO,37725.0,138500.0
Walsh,CO,26793.0,54100.0
Ward,CO,33750.0,279200.0
Watkins,CO,153000.0,632300.0
Welby,CO,72436.0,321800.0
Weldona,CO,42250.0,183900.0
Wellington,CO,101259.0,413800.0
Westcliffe,CO,52500.0,308500.0
Westcreek,CO,136699.0,442900.0
Westminster,CO,90651.0,467200.0
Weston,CO,71250.0,
West Pleasant View,CO,84839.0,429900.0
Wheat Ridge,CO,79567.0,538300.0
Wiggins,CO,77083.0,294600.0
Wiley,CO,70208.0,143800.0
Williamsburg,CO,66875.0,201400.0
Windsor,CO,121754.0,533300.0
Winter Park,CO,80000.0,463000.0
Wolcott,CO,,
Woodland Park,CO,89341.0,459900.0
Woodmoor,CO,170068.0,642500.0
Woody Creek,CO,62639.0,171700.0
Wray,CO,67596.0,193900.0
Yampa,CO,65625.0,279600.0
Yuma,CO,46314.0,165800.0
Ansonia,CT,67474.0,257100.0
Ball Pond,CT,138165.0,351200.0
Baltic,CT,91250.0,196800.0
Bantam borough,CT,52431.0,263500.0
Bethel,CT,79500.0,368700.0
Bethlehem Village,CT,115455.0,315500.0
Bigelow Corners,CT,118828.0,427000.0
Blue Hills,CT,63844.0,183800.0
Bogus Hill,CT,240568.0,
Botsford,CT,250001.0,453100.0
Branchville,CT,,
Branford Center,CT,76500.0,282300.0
Bridgeport,CT,54440.0,227200.0
Bridgewater,CT,131563.0,476100.0
Bristol,CT,82094.0,235700.0
Broad Brook,CT,93243.0,292800.0
Brookfield Center,CT,245526.0,529400.0
Brooklyn,CT,71543.0,243100.0
Byram,CT,92500.0,853500.0
Canaan,CT,31130.0,188900.0
Candlewood Isle,CT,250001.0,834400.0
Candlewood Knolls,CT,101458.0,344400.0
Candlewood Lake Club,CT,250001.0,
Candlewood Orchards,CT,120652.0,358400.0
Candlewood Shores,CT,144722.0,388000.0
Cannondale,CT,250001.0,
Canton Valley,CT,70389.0,309900.0
Cheshire Village,CT,107577.0,380000.0
Chester Center,CT,73611.0,387800.0
Chimney Point,CT,,
Clinton,CT,80083.0,312000.0
Colchester,CT,74035.0,252300.0
Coleytown,CT,228981.0,1349300.0
Collinsville,CT,101336.0,367400.0
Compo,CT,208833.0,1285700.0
Conning Towers-Nautilus Park,CT,75753.0,250000.0
Cornwall,CT,121250.0,287500.0
Cornwall Bridge,CT,41250.0,343500.0
Cos Cob,CT,185125.0,1138300.0
Coventry Lake,CT,86394.0,239900.0
Crystal Lake,CT,156595.0,358600.0
Danbury,CT,79983.0,355500.0
Daniels Farm,CT,188698.0,564100.0
Danielson borough,CT,69007.0,229000.0
Darien Downtown,CT,163375.0,892500.0
Dayville,CT,56111.0,245500.0
Deep River Center,CT,75296.0,297000.0
Derby,CT,69835.0,220600.0
Dodgingtown,CT,,559000.0
Durham,CT,127361.0,361000.0
East Brooklyn,CT,63938.0,270500.0
East Hampton,CT,122426.0,306300.0
East Hartford,CT,64244.0,201500.0
East Haven,CT,83489.0,262600.0
East Village,CT,177633.0,516100.0
Essex Village,CT,98611.0,737200.0
Fairfield University,CT,,
Falls Village,CT,,407700.0
Fenwick borough,CT,167500.0,2000001.0
Gales Ferry,CT,91083.0,271000.0
Gaylordsville,CT,102237.0,403800.0
Georgetown,CT,159242.0,630500.0
Glastonbury Center,CT,104557.0,360900.0
Glenville,CT,197619.0,986600.0
Greens Farms,CT,250001.0,1194700.0
Greenwich,CT,128839.0,1566500.0
Groton,CT,64611.0,257300.0
Groton Long Point borough,CT,118056.0,873200.0
Guilford Center,CT,88850.0,550800.0
Hartford,CT,41841.0,198900.0
Hawleyville,CT,250001.0,
Hazardville,CT,93486.0,222100.0
Heritage Village,CT,46663.0,181300.0
Higganum,CT,130411.0,388100.0
Indian Field,CT,250001.0,2000001.0
Inglenook,CT,126667.0,243300.0
Jewett City borough,CT,52283.0,175500.0
Kellogg Point,CT,,
Kensington,CT,99423.0,289500.0
Knollcrest,CT,,488900.0
Lake Bungee,CT,82109.0,236500.0
Lake Chaffee,CT,81140.0,224100.0
Lake Pocotopaug,CT,105750.0,303300.0
Lakes East,CT,203804.0,553200.0
Lakeside Woods,CT,193393.0,447600.0
Lakes West,CT,215750.0,667900.0
Lakeville,CT,87401.0,
Litchfield borough,CT,121346.0,380200.0
Long Hill (Greater Bridgeport County),CT,136750.0,441200.0
Long Hill (Southeastern Connecticut County),CT,81750.0,161000.0
Lordship,CT,81929.0,422800.0
Madison Center,CT,130625.0,641700.0
Mamanasco Lake,CT,233188.0,845800.0
Manchester,CT,73265.0,195200.0
Mansfield Center,CT,115655.0,260300.0
Mashantucket,CT,103750.0,283300.0
Mechanicsville,CT,70543.0,203700.0
Meriden,CT,63671.0,199100.0
Middletown,CT,75120.0,257800.0
Milford (balance),CT,104503.0,361900.0
Mill Plain,CT,182625.0,724900.0
Moodus,CT,96032.0,283700.0
Moosup,CT,64466.0,222500.0
Murray,CT,250001.0,929600.0
Mystic,CT,126854.0,460100.0
Naugatuck borough,CT,91145.0,226200.0
New Britain,CT,53766.0,188700.0
New Canaan,CT,167614.0,1019800.0
New Hartford Center,CT,71456.0,178600.0
New Haven,CT,54305.0,236500.0
Newington,CT,100239.0,266200.0
New London,CT,56237.0,220300.0
New Milford,CT,70625.0,286400.0
New Preston,CT,85357.0,382100.0
Newtown borough,CT,144375.0,451400.0
Niantic,CT,82398.0,376900.0
Noank,CT,156842.0,474400.0
Norfolk,CT,69750.0,305200.0
Noroton,CT,250001.0,1408600.0
Noroton Heights,CT,250001.0,1121000.0
Northford,CT,115000.0,345100.0
North Granby,CT,114519.0,362400.0
North Grosvenor Dale,CT,85982.0,185800.0
North Haven,CT,121250.0,344500.0
Northwest Harwinton,CT,93521.0,329600.0
Norwalk,CT,97879.0,491800.0
Norwich,CT,62713.0,200400.0
Oakville,CT,82701.0,261800.0
Old Greenwich,CT,240417.0,1632000.0
Old Hill,CT,250001.0,1195800.0
Old Mystic,CT,112734.0,302500.0
Old Saybrook Center,CT,79712.0,396100.0
Orange,CT,138514.0,447000.0
Oronoque,CT,67069.0,303300.0
Oxoboxo River,CT,69740.0,214800.0
Pawcatuck,CT,70927.0,315400.0
Pemberwick,CT,122546.0,819700.0
Plainfield Village,CT,62638.0,218900.0
Plantsville,CT,105674.0,290000.0
Plattsville,CT,161786.0,588500.0
Pleasant Valley,CT,,234700.0
Poplar Plains,CT,250001.0,1316100.0
Poquonock Bridge,CT,61994.0,182000.0
Portland,CT,94923.0,256000.0
Putnam,CT,60539.0,217000.0
Quasset Lake,CT,,341700.0
Quinebaug,CT,73565.0,197600.0
Quinnipiac University,CT,,
Redding Center,CT,175833.0,590900.0
Ridgebury,CT,205125.0,840600.0
Ridgefield,CT,139490.0,783300.0
Riverside,CT,250001.0,1626900.0
Riverton,CT,113673.0,335800.0
Rock Ridge,CT,212083.0,2000001.0
Rockville,CT,49823.0,182700.0
Route 7 Gateway,CT,140568.0,575900.0
Sacred Heart University,CT,,
Sail Harbor,CT,250001.0,869600.0
Salmon Brook,CT,77500.0,286500.0
Sandy Hook,CT,148750.0,434400.0
Saugatuck,CT,199196.0,1241700.0
Saybrook Manor,CT,110526.0,445500.0
Sharon,CT,153431.0,275200.0
Shelton,CT,112366.0,410400.0
Sherman,CT,,
Sherwood Manor,CT,98980.0,230200.0
Simsbury Center,CT,120435.0,350000.0
Somers,CT,79952.0,335700.0
South Coventry,CT,100145.0,313900.0
Southport,CT,156406.0,885100.0
South Wilton,CT,132381.0,719100.0
South Windham,CT,69327.0,185500.0
Southwood Acres,CT,101939.0,234900.0
South Woodstock,CT,75763.0,262200.0
Stafford Springs,CT,68929.0,203200.0
Stamford,CT,100718.0,584700.0
Staples,CT,213158.0,1163100.0
Stepney,CT,137226.0,425600.0
Stonington borough,CT,84583.0,757800.0
Storrs,CT,27793.0,311400.0
Stratford Downtown,CT,71364.0,269800.0
Suffield Depot,CT,83926.0,378200.0
Taylor Corners,CT,59395.0,393600.0
Tariffville,CT,83607.0,256900.0
Tashua,CT,168646.0,617400.0
Terramuggus,CT,133482.0,339700.0
Terryville,CT,69444.0,213100.0
Thomaston,CT,71301.0,229700.0
Thompsonville,CT,57662.0,219000.0
Tokeneke,CT,250001.0,2000001.0
Topstone,CT,139219.0,641300.0
Torrington,CT,66616.0,180800.0
Trumbull Center,CT,120952.0,439100.0
Wallingford Center,CT,83618.0,281300.0
Waterbury,CT,51451.0,162800.0
Waterford,CT,74701.0,222100.0
Watertown,CT,67252.0,263000.0
Wauregan,CT,81964.0,221400.0
Weatogue,CT,154716.0,367700.0
Westbrook Center,CT,69544.0,463400.0
West Cornwall,CT,103333.0,321400.0
West Hartford,CT,124150.0,370500.0
West Haven,CT,72827.0,247800.0
West Mountain,CT,250001.0,870800.0
Weston,CT,250001.0,1005900.0
Westport Village,CT,215526.0,1204200.0
West Simsbury,CT,175045.0,457700.0
Wethersfield,CT,108656.0,286000.0
Willimantic,CT,45723.0,173100.0
Wilton Center,CT,130543.0,491000.0
Windsor Locks,CT,85570.0,236200.0
Winsted,CT,66250.0,186700.0
Witches Woods,CT,250001.0,435900.0
Woodbury Center,CT,89563.0,417100.0
Woodmont borough,CT,97171.0,420800.0
Arden,DE,74620.0,477100.0
Ardencroft,DE,120658.0,416200.0
Ardentown,DE,81250.0,340000.0
Bear,DE,83852.0,257500.0
Bellefonte,DE,81563.0,258900.0
Bethany Beach,DE,104167.0,610300.0
Bethel,DE,90250.0,233500.0
Blades,DE,61625.0,192000.0
Bowers,DE,69500.0,259700.0
Bridgeville,DE,61523.0,348900.0
Brookside,DE,66485.0,242700.0
Camden,DE,60549.0,267700.0
Cheswold,DE,68083.0,147500.0
Claymont,DE,72840.0,248200.0
Clayton,DE,98367.0,302100.0
Dagsboro,DE,65625.0,271400.0
Delaware City,DE,71513.0,226300.0
Delmar,DE,55625.0,212800.0
Dewey Beach,DE,98500.0,812500.0
Dover,DE,54438.0,222800.0
Dover Base Housing,DE,67174.0,
Edgemoor,DE,70672.0,287100.0
Ellendale,DE,64886.0,214500.0
Elsmere,DE,70773.0,200700.0
Farmington,DE,,141300.0
Felton,DE,55536.0,250300.0
Fenwick Island,DE,118438.0,1166700.0
Frankford,DE,72841.0,245200.0
Frederica,DE,63200.0,196700.0
Georgetown,DE,47238.0,257200.0
Glasgow,DE,104692.0,320000.0
Greenville,DE,133614.0,936500.0
Greenwood,DE,68418.0,207300.0
Harrington,DE,63814.0,198000.0
Hartly,DE,143153.0,
Henlopen Acres,DE,168750.0,2000001.0
Highland Acres,DE,104762.0,282800.0
Hockessin,DE,164848.0,546600.0
Houston,DE,92500.0,253100.0
Kent Acres,DE,68162.0,209100.0
Kenton,DE,50804.0,221300.0
Laurel,DE,42710.0,168000.0
Leipsic,DE,46250.0,205000.0
Lewes,DE,87458.0,778800.0
Lincoln,DE,83125.0,240500.0
Little Creek,DE,57917.0,154700.0
Long Neck,DE,59563.0,119200.0
Magnolia,DE,,183300.0
Middletown,DE,104662.0,363800.0
Milford,DE,53472.0,255300.0
Millsboro,DE,64622.0,247300.0
Millville,DE,92961.0,430700.0
Milton,DE,67763.0,374000.0
Newark,DE,67738.0,334400.0
New Castle,DE,95884.0,240800.0
Newport,DE,62875.0,250800.0
North Star,DE,165179.0,508100.0
Ocean View,DE,88004.0,436700.0
Odessa,DE,87321.0,333300.0
Pike Creek,DE,129614.0,398100.0
Pike Creek Valley,DE,86953.0,281800.0
Port Penn,DE,,
Rehoboth Beach,DE,147273.0,1230700.0
Rising Sun-Lebanon,DE,78205.0,408900.0
Riverview,DE,87708.0,261500.0
Rodney Village,DE,33534.0,151400.0
St. Georges,DE,161346.0,428000.0
Seaford,DE,49469.0,208400.0
Selbyville,DE,93971.0,374500.0
Slaughter Beach,DE,,757500.0
Smyrna,DE,68260.0,246400.0
South Bethany,DE,106840.0,774300.0
Townsend,DE,147917.0,378600.0
Viola,DE,88750.0,250000.0
Wilmington,DE,54731.0,203600.0
Wilmington Manor,DE,72432.0,198700.0
Woodside,DE,77500.0,255200.0
Woodside East,DE,53517.0,
Wyoming,DE,63398.0,251600.0
Washington,DC,101722.0,705000.0
Acacia Villas,FL,,
Alachua,FL,72491.0,269300.0
Alafaya,FL,93251.0,361800.0
Alford,FL,45915.0,
Allentown,FL,37527.0,228000.0
Altamonte Springs,FL,61714.0,247200.0
Altha,FL,29250.0,84500.0
Altoona,FL,,
Alturas,FL,65625.0,166200.0
Alva,FL,81361.0,291400.0
Andrews,FL,34636.0,108000.0
Anna Maria,FL,93478.0,1022700.0
Apalachicola,FL,61322.0,242800.0
Apollo Beach,FL,110425.0,377900.0
Apopka,FL,87394.0,330900.0
Arcadia,FL,34598.0,150600.0
Archer,FL,41154.0,157600.0
Aripeka,FL,34458.0,194500.0
Asbury Lake,FL,102454.0,278300.0
Astatula,FL,61893.0,193100.0
Astor,FL,53929.0,114400.0
Atlantic Beach,FL,99628.0,482000.0
Atlantis,FL,96920.0,492600.0
Auburndale,FL,67661.0,229400.0
Aucilla,FL,,158100.0
Avalon,FL,80809.0,276700.0
Ave Maria,FL,89113.0,387400.0
Aventura,FL,75211.0,396900.0
Avon Park,FL,35340.0,101300.0
Azalea Park,FL,59231.0,225900.0
Babson Park,FL,58750.0,139000.0
Bagdad,FL,78182.0,218000.0
Baldwin,FL,54628.0,121600.0
Bal Harbour,FL,86172.0,1608700.0
Balm,FL,102162.0,296800.0
Bardmoor,FL,83852.0,254500.0
Bartow,FL,60974.0,195200.0
Bascom,FL,68000.0,93000.0
Bay Harbor Islands,FL,73587.0,480600.0
Bay Hill,FL,135063.0,652100.0
Bay Lake,FL,119107.0,111700.0
Bayonet Point,FL,42932.0,136400.0
Bay Pines,FL,71635.0,271100.0
Bayport,FL,,
Bayshore Gardens,FL,49003.0,150600.0
Beacon Square,FL,46233.0,129500.0
Bear Creek,FL,70298.0,371400.0
Bee Ridge,FL,75718.0,322200.0
Bell,FL,53750.0,98900.0
Bellair-Meadowbrook Terrace,FL,55496.0,196700.0
Belleair,FL,114556.0,566200.0
Belleair Beach,FL,128750.0,954000.0
Belleair Bluffs,FL,51913.0,362300.0
Belleair Shore,FL,178750.0,2000001.0
Belle Glade,FL,42314.0,136500.0
Belle Isle,FL,111836.0,426900.0
Belleview,FL,49007.0,160000.0
Bellview,FL,63596.0,151700.0
Berkshire Lakes,FL,88659.0,295100.0
Berrydale,FL,,77900.0
Beverly Beach,FL,42273.0,284100.0
Beverly Hills,FL,42165.0,126300.0
Big Coppitt Key,FL,102943.0,481200.0
Big Pine Key,FL,74375.0,456000.0
Biscayne Park,FL,69830.0,580200.0
Bithlo,FL,95904.0,338400.0
Black Diamond,FL,115045.0,421600.0
Black Hammock,FL,,
Bloomingdale,FL,102740.0,339300.0
Blountstown,FL,38051.0,117400.0
Boca Raton,FL,95570.0,597100.0
Bokeelia,FL,66691.0,263400.0
Bonifay,FL,32750.0,112100.0
Bonita Springs,FL,84668.0,420400.0
Boulevard Gardens,FL,58878.0,224900.0
Bowling Green,FL,46429.0,95000.0
Boynton Beach,FL,68875.0,285500.0
Bradenton,FL,55795.0,252400.0
Bradenton Beach,FL,66667.0,419400.0
Bradfordville,FL,118515.0,317500.0
Bradley Junction,FL,43679.0,133200.0
Brandon,FL,71156.0,266400.0
Branford,FL,33750.0,93900.0
Brent,FL,44053.0,106500.0
Briny Breezes,FL,60313.0,221400.0
Bristol,FL,45042.0,113600.0
Broadview Park,FL,60791.0,291200.0
Bronson,FL,57557.0,128100.0
Brooker,FL,65179.0,157300.0
Brookridge,FL,49240.0,113100.0
Brooksville,FL,42047.0,75300.0
Brownsdale,FL,86250.0,230800.0
Brownsville,FL,34779.0,242900.0
Buckhead Ridge,FL,34911.0,112400.0
Buckingham,FL,103563.0,352500.0
Buenaventura Lakes,FL,59443.0,252500.0
Bunnell,FL,42831.0,213600.0
Burnt Store Marina,FL,104924.0,374000.0
Bushnell,FL,41700.0,91100.0
Butler Beach,FL,83661.0,446200.0
Cabana Colony,FL,92635.0,358600.0
Callahan,FL,52688.0,214800.0
Callaway,FL,61743.0,193200.0
Campbell,FL,38117.0,
Campbellton,FL,42917.0,83000.0
Canal Point,FL,102679.0,157200.0
Cape Canaveral,FL,68495.0,322500.0
Cape Coral,FL,72474.0,302400.0
Capitola,FL,46607.0,118200.0
Captiva,FL,,
Carrabelle,FL,41563.0,141600.0
Carrollwood,FL,73150.0,340400.0
Caryville,FL,48438.0,67500.0
Casselberry,FL,56833.0,244800.0
Cedar Grove,FL,45041.0,148500.0
Cedar Key,FL,69886.0,304200.0
Celebration,FL,99642.0,584700.0
Center Hill,FL,59514.0,137500.0
Century,FL,25500.0,65000.0
Chaires,FL,94643.0,386100.0
Charleston Park,FL,,
Charlotte Harbor,FL,38951.0,176800.0
Charlotte Park,FL,64893.0,222500.0
Chattahoochee,FL,51473.0,73900.0
Cheval,FL,79963.0,449800.0
Chiefland,FL,38536.0,137900.0
Chipley,FL,35469.0,105600.0
Chokoloskee,FL,91080.0,213000.0
Christmas,FL,92550.0,332300.0
Chuluota,FL,80250.0,379600.0
Chumuckla,FL,103727.0,282900.0
Cinco Bayou,FL,76141.0,297200.0
Citrus Hills,FL,79206.0,341700.0
Citrus Park,FL,80249.0,323800.0
Citrus Springs,FL,60175.0,193900.0
Clarcona,FL,38154.0,229900.0
Clearwater,FL,59358.0,287900.0
Clermont,FL,75951.0,335100.0
Cleveland,FL,44971.0,147200.0
Clewiston,FL,50538.0,161000.0
Cloud Lake,FL,65966.0,230700.0
Cobbtown,FL,,
Cocoa,FL,53900.0,182700.0
Cocoa Beach,FL,80880.0,417500.0
Cocoa West,FL,31266.0,124900.0
Coconut Creek,FL,72740.0,249200.0
Coleman,FL,53750.0,115500.0
Combee Settlement,FL,37763.0,153200.0
Connerton,FL,115757.0,408800.0
Conway,FL,90548.0,344100.0
Cooper City,FL,119567.0,487900.0
Coral Gables,FL,118203.0,952000.0
Coral Springs,FL,87488.0,453100.0
Coral Terrace,FL,72999.0,448100.0
Cortez,FL,74769.0,380700.0
Cottondale,FL,49375.0,84500.0
Country Club,FL,66140.0,316100.0
Country Walk,FL,106510.0,449200.0
Crawfordville,FL,92813.0,228000.0
Crescent Beach,FL,104432.0,512700.0
Crescent City,FL,36625.0,176900.0
Crestview,FL,61311.0,220000.0
Crooked Lake Park,FL,54479.0,159200.0
Cross City,FL,44500.0,91000.0
Crystal Lake,FL,45166.0,144900.0
Crystal River,FL,46795.0,268900.0
Crystal Springs,FL,47411.0,130300.0
Cudjoe Key,FL,95086.0,667800.0
Cutler Bay,FL,78569.0,378900.0
Cypress Gardens,FL,83812.0,239900.0
Cypress Lake,FL,58943.0,211800.0
Cypress Quarters,FL,29375.0,213400.0
Dade City,FL,63493.0,175900.0
Dade City North,FL,42877.0,97500.0
Dania Beach,FL,46330.0,256600.0
Davenport,FL,64428.0,274900.0
Davie,FL,84346.0,405100.0
Day,FL,65536.0,247800.0
Daytona Beach,FL,47608.0,211800.0
Daytona Beach Shores,FL,65334.0,365600.0
DeBary,FL,83678.0,283000.0
Deerfield Beach,FL,53741.0,243900.0
DeFuniak Springs,FL,56455.0,157700.0
DeLand,FL,71439.0,279400.0
DeLand Southwest,FL,39000.0,284500.0
De Leon Springs,FL,52111.0,204800.0
Delray Beach,FL,76558.0,352400.0
Deltona,FL,69074.0,226800.0
Desoto Acres,FL,78077.0,456300.0
Desoto Lakes,FL,71920.0,299200.0
Destin,FL,86777.0,429400.0
Dickerson City,FL,,
Dixonville,FL,,166300.0
Doctor Phillips,FL,100034.0,458800.0
Doral,FL,83823.0,468800.0
Dover,FL,36055.0,218600.0
Duck Key,FL,124063.0,1052700.0
Dundee,FL,44936.0,194500.0
Dunedin,FL,63824.0,292600.0
Dunnellon,FL,34930.0,149200.0
Eagle Lake,FL,71705.0,172700.0
East Bronson,FL,49447.0,140800.0
East Lake,FL,92445.0,435000.0
East Lake-Orient Park,FL,56401.0,203300.0
East Milton,FL,61923.0,191200.0
East Palatka,FL,63047.0,210400.0
Eastpoint,FL,54096.0,164400.0
East Williston,FL,,
Eatonville,FL,29667.0,123100.0
Ebro,FL,59375.0,172900.0
Edgewater,FL,56886.0,218200.0
Edgewood,FL,81184.0,369400.0
Eglin AFB,FL,67153.0,
Egypt Lake-Leto,FL,51136.0,264200.0
Elfers,FL,50467.0,141800.0
Ellenton,FL,66005.0,231200.0
El Portal,FL,102614.0,608300.0
Englewood,FL,61734.0,277600.0
Ensley,FL,57232.0,159700.0
Estero,FL,100543.0,392300.0
Esto,FL,45469.0,85000.0
Eustis,FL,59941.0,223600.0
Everglades,FL,,394100.0
Fairview Shores,FL,64556.0,290900.0
Fanning Springs,FL,48281.0,137800.0
Feather Sound,FL,93273.0,359900.0
Fellsmere,FL,43482.0,126100.0
Fernandina Beach,FL,86494.0,426100.0
Ferndale,FL,,288600.0
Fern Park,FL,58516.0,288600.0
Ferry Pass,FL,62420.0,203200.0
Fidelis,FL,83438.0,171900.0
Fisher Island,FL,250001.0,2000001.0
Fish Hawk,FL,129580.0,464800.0
Five Points,FL,40000.0,209700.0
Flagler Beach,FL,64242.0,448800.0
Flagler Estates,FL,59875.0,188000.0
Fleming Island,FL,117414.0,355200.0
Floral City,FL,55616.0,187100.0
Florida City,FL,44774.0,235300.0
Florida Gulf Coast University,FL,25179.0,
Florida Ridge,FL,60439.0,212000.0
Floridatown,FL,,503200.0
Forest City,FL,81928.0,350200.0
Fort Braden,FL,60714.0,122000.0
Fort Denaud,FL,70169.0,300000.0
Fort Green,FL,70417.0,211300.0
Fort Green Springs,FL,76078.0,65500.0
Fort Lauderdale,FL,75376.0,417600.0
Fort Meade,FL,34474.0,133000.0
Fort Myers,FL,57403.0,318900.0
Fort Myers Beach,FL,87204.0,538600.0
Fort Myers Shores,FL,66034.0,207600.0
Fort Pierce,FL,45121.0,191200.0
Fort Pierce North,FL,31458.0,117300.0
Fort Pierce South,FL,53302.0,185900.0
Fort Walton Beach,FL,61820.0,272400.0
Fort White,FL,48935.0,201000.0
Fountainebleau,FL,60623.0,267100.0
Four Corners,FL,72931.0,275100.0
Franklin Park,FL,32177.0,
Freeport,FL,81594.0,336900.0
Frostproof,FL,43487.0,145300.0
Fruit Cove,FL,134535.0,406700.0
Fruitland Park,FL,70167.0,342200.0
Fruitville,FL,84070.0,351700.0
Fuller Heights,FL,77787.0,228400.0
Fussels Corner,FL,50761.0,61900.0
Gainesville,FL,43783.0,216600.0
Garcon Point,FL,101788.0,353700.0
Garden Grove,FL,83190.0,233300.0
Gardner,FL,33788.0,110900.0
Gateway,FL,110317.0,355200.0
Geneva,FL,140094.0,527700.0
Gibsonton,FL,73167.0,246100.0
Gifford,FL,23969.0,175200.0
Gladeview,FL,42490.0,197700.0
Glencoe,FL,51192.0,298800.0
Glen Ridge,FL,119000.0,588000.0
Glen St. Mary,FL,48462.0,212000.0
Glenvar Heights,FL,72852.0,474700.0
Golden Beach,FL,250001.0,2000001.0
Golden Gate,FL,61905.0,323100.0
Golden Glades,FL,51075.0,313600.0
Goldenrod,FL,61495.0,310500.0
Golf,FL,250001.0,1500000.0
Gonzalez,FL,78835.0,231600.0
Goodland,FL,,
Gotha,FL,174750.0,726100.0
Goulding,FL,25799.0,59500.0
Goulds,FL,55232.0,341300.0
Graceville,FL,36625.0,95800.0
Grand Ridge,FL,37065.0,96900.0
Grant-Valkaria,FL,109850.0,434800.0
Greenacres,FL,58981.0,220800.0
Greenbriar,FL,66801.0,276900.0
Green Cove Springs,FL,63760.0,229100.0
Greensboro,FL,43342.0,138700.0
Greenville,FL,52204.0,62500.0
Greenwood,FL,56250.0,84000.0
Grenelefe,FL,57692.0,234400.0
Gretna,FL,27419.0,95000.0
Grove City,FL,48194.0,265000.0
Groveland,FL,84347.0,310600.0
Gulf Breeze,FL,107202.0,463700.0
Gulf Gate,FL,66232.0,302100.0
Gulfport,FL,60461.0,293100.0
Gulf Stream,FL,227500.0,2000001.0
Gun Club Estates,FL,83304.0,218800.0
Haines City,FL,57718.0,222100.0
Hallandale Beach,FL,45417.0,244400.0
Hampton,FL,38056.0,
Harbor Bluffs,FL,108403.0,479800.0
Harbour Heights,FL,54877.0,288600.0
Harlem,FL,,64800.0
Harlem Heights,FL,29878.0,129000.0
Harold,FL,,158300.0
Hastings,FL,,169100.0
Havana,FL,51321.0,196600.0
Haverhill,FL,73636.0,315000.0
Hawthorne,FL,49479.0,134100.0
Heathrow,FL,119762.0,509200.0
Heritage Bay,FL,,711100.0
Heritage Pines,FL,64767.0,231800.0
Hernando,FL,41019.0,155900.0
Hernando Beach,FL,84154.0,401000.0
Hialeah,FL,49531.0,324300.0
Hialeah Gardens,FL,58497.0,278400.0
Highland Beach,FL,140045.0,696300.0
Highland City,FL,85301.0,265200.0
Highland Park,FL,84688.0,297900.0
High Point,FL,46083.0,122300.0
High Springs,FL,76760.0,254600.0
Hillcrest Heights,FL,110536.0,211400.0
Hilliard,FL,64375.0,226400.0
Hill 'n Dale,FL,52250.0,98000.0
Hillsboro Beach,FL,86250.0,561200.0
Hillsboro Pines,FL,79583.0,447100.0
Hobe Sound,FL,62677.0,313300.0
Holden Heights,FL,44057.0,174800.0
Holden Lakes,FL,61950.0,334000.0
Holiday,FL,40852.0,118400.0
Holley,FL,98125.0,351000.0
Holly Hill,FL,40908.0,155600.0
Hollywood,FL,61958.0,345300.0
Holmes Beach,FL,94545.0,662900.0
Homeland,FL,65469.0,120800.0
Homestead,FL,57739.0,316200.0
Homestead Base,FL,,
Homosassa,FL,55112.0,258500.0
Homosassa Springs,FL,46047.0,121100.0
Horizon West,FL,118064.0,459500.0
Horseshoe Beach,FL,,
Hosford,FL,67344.0,111900.0
Howey-in-the-Hills,FL,83750.0,334800.0
Hudson,FL,45752.0,203700.0
Hunters Creek,FL,92053.0,385600.0
Hurlburt Field,FL,45596.0,
Hutchinson Island South,FL,63300.0,351000.0
Hypoluxo,FL,76510.0,239900.0
Immokalee,FL,46700.0,177800.0
Indialantic,FL,74237.0,517600.0
Indian Creek,FL,,2000001.0
Indian Harbour Beach,FL,78774.0,356800.0
Indian Lake Estates,FL,56129.0,178600.0
Indian River Estates,FL,47023.0,219700.0
Indian River Shores,FL,153242.0,991300.0
Indian Rocks Beach,FL,92283.0,667200.0
Indian Shores,FL,110163.0,577500.0
Indiantown,FL,47627.0,110000.0
Inglis,FL,48571.0,144600.0
Interlachen,FL,50776.0,89500.0
Inverness,FL,42282.0,147200.0
Inverness Highlands North,FL,51827.0,149000.0
Inverness Highlands South,FL,58480.0,185400.0
Inwood,FL,34815.0,109800.0
Iona,FL,62655.0,259200.0
Islamorada,FL,93750.0,840600.0
Island Walk,FL,76315.0,539100.0
Istachatta,FL,,
Ives Estates,FL,67605.0,255300.0
Jacksonville,FL,64138.0,243000.0
Jacksonville Beach,FL,109649.0,476400.0
Jacob City,FL,40469.0,69600.0
Jan Phyl Village,FL,63023.0,211700.0
Jasmine Estates,FL,46672.0,149000.0
Jasper,FL,38456.0,100700.0
Jay,FL,41875.0,96700.0
Jennings,FL,26207.0,57100.0
Jensen Beach,FL,62699.0,318500.0
June Park,FL,78675.0,317000.0
Juno Beach,FL,62566.0,591600.0
Juno Ridge,FL,90972.0,283000.0
Jupiter,FL,105413.0,489700.0
Jupiter Farms,FL,135334.0,537500.0
Jupiter Inlet Colony,FL,135000.0,2000001.0
Jupiter Island,FL,235500.0,2000001.0
Kathleen,FL,55186.0,160900.0
Kendale Lakes,FL,65517.0,352000.0
Kendall,FL,84026.0,474000.0
Kendall West,FL,62839.0,334900.0
Kenneth City,FL,51073.0,216400.0
Kensington Park,FL,64274.0,264100.0
Kenwood Estates,FL,63214.0,258300.0
Key Biscayne,FL,173015.0,1331900.0
Key Colony Beach,FL,103096.0,828800.0
Key Largo,FL,74239.0,595500.0
Keystone,FL,153047.0,528700.0
Keystone Heights,FL,73750.0,197100.0
Key Vista,FL,52644.0,274100.0
Key West,FL,80828.0,814200.0
Kissimmee,FL,45319.0,253000.0
LaBelle,FL,49371.0,123500.0
Lacoochee,FL,,97100.0
La Crosse,FL,91250.0,117600.0
Lady Lake,FL,46694.0,192300.0
Laguna Beach,FL,74911.0,329500.0
Lake Alfred,FL,62311.0,204000.0
Lake Belvedere Estates,FL,70250.0,315500.0
Lake Buena Vista,FL,,104200.0
Lake Butler,FL,150316.0,767400.0
Lake Butler,FL,41941.0,129000.0
Lake City,FL,46172.0,156800.0
Lake Clarke Shores,FL,133333.0,472500.0
Lake Hamilton,FL,47692.0,177800.0
Lake Harbor,FL,,
Lake Hart,FL,66250.0,
Lake Helen,FL,91861.0,286800.0
Lake Kathryn,FL,49292.0,88500.0
Lake Kerr,FL,46531.0,120700.0
Lakeland,FL,58290.0,207800.0
Lakeland Highlands,FL,101221.0,329100.0
Lake Lindsey,FL,,
Lake Lorraine,FL,85313.0,360900.0
Lake Mack-Forest Hills,FL,103363.0,127700.0
Lake Magdalene,FL,69898.0,306800.0
Lake Mary,FL,106971.0,403800.0
Lake Mary Jane,FL,152663.0,438600.0
Lake Mystic,FL,57422.0,302300.0
Lake Panasoffkee,FL,45222.0,129400.0
Lake Park,FL,54741.0,322400.0
Lake Placid,FL,45019.0,269900.0
Lake Sarasota,FL,100958.0,284600.0
Lakeside,FL,79270.0,221300.0
Lake Wales,FL,55833.0,208500.0
Lakewood Park,FL,58004.0,220200.0
Lakewood Ranch,FL,114511.0,568600.0
Lake Worth Beach,FL,57489.0,290600.0
Lamont,FL,,
Land O' Lakes,FL,91300.0,318200.0
Lantana,FL,67009.0,306600.0
Largo,FL,56266.0,184500.0
Lauderdale-by-the-Sea,FL,76855.0,577600.0
Lauderdale Lakes,FL,41644.0,188400.0
Lauderhill,FL,48523.0,224500.0
Laurel,FL,84095.0,396300.0
Laurel Hill,FL,58967.0,92300.0
Lawtey,FL,48355.0,137500.0
Layton,FL,63542.0,625000.0
Lazy Lake,FL,18843.0,450700.0
Lealman,FL,45522.0,163600.0
Lecanto,FL,48832.0,264100.0
Lee,FL,40588.0,87100.0
Leesburg,FL,43733.0,188000.0
Lehigh Acres,FL,59733.0,231500.0
Leisure City,FL,40656.0,294200.0
Lely,FL,59167.0,269600.0
Lely Resort,FL,80290.0,561500.0
Lemon Grove,FL,,237900.0
Liberty Triangle,FL,61072.0,214500.0
Lighthouse Point,FL,86586.0,627500.0
Limestone,FL,,
Limestone Creek,FL,85691.0,335500.0
Lisbon,FL,82873.0,
Live Oak,FL,43664.0,136100.0
Lloyd,FL,,
Lochmoor Waterway Estates,FL,80512.0,285400.0
Lockhart,FL,68658.0,230800.0
Longboat Key,FL,141250.0,909700.0
Longwood,FL,75197.0,292000.0
Loughman,FL,54944.0,256400.0
Lower Grand Lagoon,FL,72083.0,314200.0
Loxahatchee Groves,FL,113942.0,545700.0
Lutz,FL,101159.0,403200.0
Lynn Haven,FL,81378.0,259800.0
Macclenny,FL,62134.0,218200.0
McGregor,FL,74877.0,380000.0
McIntosh,FL,57279.0,266700.0
Madeira Beach,FL,71712.0,657000.0
Madison,FL,29831.0,74100.0
Maitland,FL,89871.0,484700.0
Malabar,FL,99954.0,407900.0
Malone,FL,45855.0,69100.0
Manalapan,FL,162000.0,2000001.0
Manasota Key,FL,111250.0,584200.0
Manatee Road,FL,42500.0,141300.0
Mango,FL,43571.0,198700.0
Mangonia Park,FL,44632.0,266300.0
Marathon,FL,70313.0,644600.0
Marco Island,FL,105315.0,808800.0
Marco Shores-Hammock Bay,FL,81932.0,408800.0
Margate,FL,56324.0,262100.0
Marianna,FL,27296.0,96900.0
Marineland,FL,,
Marion Oaks,FL,68180.0,196300.0
Mary Esther,FL,75167.0,236400.0
Masaryktown,FL,45616.0,157500.0
Mascotte,FL,64896.0,234100.0
Matlacha,FL,77841.0,370100.0
Matlacha Isles-Matlacha Shores,FL,103641.0,332100.0
Mayo,FL,40511.0,110700.0
Meadow Oaks,FL,54970.0,180500.0
Meadow Woods,FL,74319.0,315600.0
Medley,FL,38583.0,58500.0
Medulla,FL,72639.0,269500.0
Melbourne,FL,60917.0,247300.0
Melbourne Beach,FL,80795.0,563300.0
Melbourne Village,FL,92292.0,331100.0
Memphis,FL,70049.0,268700.0
Merritt Island,FL,82172.0,350800.0
Mexico Beach,FL,61167.0,341300.0
Miami,FL,54858.0,433900.0
Miami Beach,FL,65116.0,532300.0
Miami Gardens,FL,56071.0,299700.0
Miami Lakes,FL,90339.0,485900.0
Miami Shores,FL,120833.0,682100.0
Miami Springs,FL,88196.0,477300.0
Micanopy,FL,59457.0,214100.0
Micco,FL,46434.0,142000.0
Miccosukee,FL,74706.0,369000.0
Middleburg,FL,68158.0,221500.0
Midway,FL,58393.0,186300.0
Midway (Santa Rosa County),FL,87318.0,327400.0
Midway (Seminole County),FL,47586.0,178600.0
Milton,FL,70299.0,167200.0
Mims,FL,57969.0,214900.0
Minneola,FL,91435.0,348700.0
Miramar,FL,81812.0,378200.0
Miramar Beach,FL,81196.0,554400.0
Molino,FL,87614.0,187500.0
Monticello,FL,48043.0,165000.0
Montura,FL,37670.0,121900.0
Montverde,FL,97614.0,422800.0
Moon Lake,FL,34205.0,54900.0
Moore Haven,FL,40375.0,89600.0
Morriston,FL,21776.0,
Mount Carmel,FL,,189200.0
Mount Dora,FL,65774.0,306700.0
Mount Plymouth,FL,83633.0,286300.0
Mulat,FL,141685.0,387000.0
Mulberry,FL,50645.0,49800.0
Munson,FL,39018.0,212800.0
Myrtle Grove,FL,59266.0,161900.0
Naples,FL,135657.0,1200100.0
Naples Manor,FL,60785.0,312900.0
Naples Park,FL,71416.0,513600.0
Naranja,FL,46045.0,276200.0
Nassau Village-Ratliff,FL,54311.0,185700.0
Navarre,FL,97376.0,319500.0
Navarre Beach,FL,121266.0,607900.0
Neptune Beach,FL,109375.0,559300.0
Newberry,FL,90547.0,258100.0
New Port Richey,FL,42254.0,139500.0
New Port Richey East,FL,44294.0,159900.0
New Smyrna Beach,FL,73096.0,330600.0
Niceville,FL,92345.0,356700.0
Nobleton,FL,29132.0,180100.0
Nocatee,FL,131738.0,503900.0
Nokomis,FL,40375.0,212400.0
Noma,FL,41319.0,56700.0
North Bay Village,FL,76815.0,429600.0
North Brooksville,FL,61098.0,162500.0
Northdale,FL,92824.0,341900.0
North DeLand,FL,39542.0,181900.0
North Fort Myers,FL,53705.0,122100.0
North Key Largo,FL,,1769700.0
North Lauderdale,FL,60168.0,234300.0
North Merritt Island,FL,119514.0,429600.0
North Miami,FL,49069.0,303800.0
North Miami Beach,FL,56122.0,287900.0
North Palm Beach,FL,89175.0,418100.0
North Port,FL,78815.0,283400.0
North Redington Beach,FL,83750.0,758300.0
North River Shores,FL,65682.0,240200.0
North Sarasota,FL,60615.0,218100.0
North Weeki Wachee,FL,57208.0,239200.0
Oak Hill,FL,73350.0,272200.0
Oakland,FL,131645.0,435900.0
Oakland Park,FL,64989.0,318700.0
Oakleaf Plantation,FL,102791.0,284600.0
Oak Ridge,FL,50322.0,194200.0
Ocala,FL,50618.0,190400.0
Ocala Estates,FL,38327.0,61400.0
Ocean Breeze,FL,71875.0,207100.0
Ocean City,FL,53181.0,285900.0
Ocean Ridge,FL,107813.0,1055100.0
Ocklawaha,FL,31716.0,155000.0
Ocoee,FL,88828.0,325100.0
Odessa,FL,112258.0,448000.0
Ojus,FL,58750.0,288000.0
Okahumpka,FL,,
Okeechobee,FL,44922.0,155600.0
Old Miakka,FL,129265.0,574900.0
Oldsmar,FL,73984.0,323200.0
Olga,FL,75880.0,279400.0
Olympia Heights,FL,101042.0,457200.0
Ona,FL,,
On Top of the World,FL,51943.0,238900.0
Opa-locka,FL,30101.0,259600.0
Orange City,FL,49681.0,198900.0
Orange Park,FL,67035.0,245100.0
Orangetree,FL,107109.0,380600.0
Orchid,FL,159688.0,1708300.0
Oriole Beach,FL,71080.0,337700.0
Orlando,FL,66292.0,332700.0
Orlovista,FL,43333.0,182000.0
Ormond Beach,FL,65238.0,297700.0
Ormond-by-the-Sea,FL,59598.0,310100.0
Osprey,FL,94860.0,669200.0
Otter Creek,FL,60665.0,24100.0
Oviedo,FL,116764.0,397300.0
Pace,FL,75761.0,240500.0
Page Park,FL,50313.0,114100.0
Pahokee,FL,36289.0,114400.0
Paisley,FL,68635.0,101700.0
Palatka,FL,30945.0,97800.0
Palm Bay,FL,62538.0,226200.0
Palm Beach,FL,190824.0,1679800.0
Palm Beach Gardens,FL,106544.0,482900.0
Palm Beach Shores,FL,78240.0,619900.0
Palm City,FL,111394.0,496100.0
Palm Coast,FL,68824.0,283300.0
Palmer Ranch,FL,98923.0,515400.0
Palmetto,FL,55584.0,219700.0
Palmetto Bay,FL,144987.0,715700.0
Palmetto Estates,FL,79096.0,353100.0
Palm Harbor,FL,70493.0,319300.0
Palmona Park,FL,26979.0,59500.0
Palm River-Clair Mel,FL,57772.0,206000.0
Palm Shores,FL,98125.0,324700.0
Palm Springs,FL,55254.0,213600.0
Palm Springs North,FL,92714.0,471100.0
Palm Valley,FL,118245.0,604200.0
Panacea,FL,36250.0,102100.0
Panama City,FL,57221.0,213600.0
Panama City Beach,FL,76091.0,363900.0
Paradise Heights,FL,,
Parker,FL,64478.0,175100.0
Parkland,FL,188544.0,797400.0
Pasadena Hills,FL,71369.0,288900.0
Patrick AFB,FL,76667.0,
Paxton,FL,53295.0,130200.0
Pea Ridge,FL,58490.0,183300.0
Pebble Creek,FL,108307.0,363200.0
Pelican Bay,FL,153125.0,1168200.0
Pelican Marsh,FL,122222.0,943200.0
Pembroke Park,FL,41875.0,55300.0
Pembroke Pines,FL,77657.0,379900.0
Penney Farms,FL,63333.0,217300.0
Pensacola,FL,67722.0,248100.0
Pensacola Station,FL,61094.0,
Perry,FL,45833.0,128300.0
Pierson,FL,50179.0,217600.0
Pine Air,FL,47237.0,236000.0
Pine Castle,FL,43224.0,239400.0
Pinecraft,FL,34102.0,331700.0
Pinecrest,FL,178095.0,1129900.0
Pine Hills,FL,49474.0,216400.0
Pine Island,FL,,
Pine Island Center,FL,55565.0,252800.0
Pine Lakes,FL,72509.0,84000.0
Pineland,FL,93594.0,401800.0
Pine Level,FL,,204200.0
Pinellas Park,FL,62306.0,225600.0
Pine Manor,FL,31796.0,168000.0
Pine Ridge (Citrus County),FL,65522.0,302900.0
Pine Ridge (Collier County),FL,124079.0,675000.0
Pinewood,FL,41283.0,278300.0
Pioneer,FL,42750.0,141100.0
Pittman,FL,58571.0,560200.0
Plantation,FL,83074.0,412000.0
Plantation,FL,72209.0,344500.0
Plantation Island,FL,,
Plantation Mobile Home Park,FL,44113.0,
Plant City,FL,62015.0,225700.0
Poinciana,FL,60928.0,241500.0
Point Baker,FL,51130.0,207100.0
Polk City,FL,69886.0,233100.0
Pomona Park,FL,35000.0,97000.0
Pompano Beach,FL,61155.0,293300.0
Ponce de Leon,FL,53438.0,99400.0
Ponce Inlet,FL,98125.0,470500.0
Port Charlotte,FL,58799.0,229600.0
Port LaBelle,FL,40250.0,163000.0
Port Orange,FL,65026.0,263600.0
Port Richey,FL,44872.0,243600.0
Port St. Joe,FL,59429.0,232600.0
Port St. John,FL,80037.0,233600.0
Port St. Lucie,FL,75040.0,292900.0
Port Salerno,FL,65847.0,305100.0
Pretty Bayou,FL,78008.0,256300.0
Princeton,FL,78356.0,353500.0
Progress Village,FL,77677.0,241000.0
Punta Gorda,FL,75898.0,446100.0
Punta Rassa,FL,90000.0,587500.0
Quail Ridge,FL,81583.0,
Quincy,FL,33786.0,107100.0
Raiford,FL,45833.0,119200.0
Rainbow Lakes Estates,FL,50833.0,124100.0
Rainbow Park,FL,60560.0,129600.0
Rainbow Springs,FL,53208.0,227400.0
Raleigh,FL,58438.0,
Reddick,FL,47778.0,83200.0
Redington Beach,FL,104474.0,684800.0
Redington Shores,FL,96250.0,663300.0
Richmond Heights,FL,60365.0,293200.0
Richmond West,FL,88817.0,418400.0
Ridgecrest,FL,42412.0,271200.0
Ridge Manor,FL,51033.0,180800.0
Ridge Wood Heights,FL,64296.0,307800.0
Rio,FL,93720.0,286000.0
Rio Pinar,FL,97060.0,366300.0
River Park,FL,49514.0,176100.0
River Ridge,FL,97039.0,252200.0
Riverview,FL,87383.0,292700.0
Riviera Beach,FL,57851.0,281300.0
Rockledge,FL,80759.0,283800.0
Roeville,FL,85379.0,
Roosevelt Gardens,FL,45146.0,223700.0
Roseland,FL,62520.0,284900.0
Rotonda,FL,61085.0,301400.0
Royal Palm Beach,FL,90143.0,348500.0
Royal Palm Estates,FL,47982.0,319600.0
Ruskin,FL,73828.0,243600.0
Safety Harbor,FL,102670.0,368700.0
St. Augustine,FL,72806.0,355400.0
St. Augustine Beach,FL,87019.0,497500.0
St. Augustine Shores,FL,67882.0,267900.0
St. Augustine South,FL,73795.0,290300.0
St. Cloud,FL,69366.0,289500.0
St. George Island,FL,90000.0,577500.0
St. James City,FL,62415.0,251600.0
St. Leo,FL,82115.0,385300.0
St. Lucie Village,FL,74167.0,414300.0
St. Marks,FL,47500.0,210000.0
St. Pete Beach,FL,112578.0,615300.0
St. Petersburg,FL,70333.0,289000.0
Samoset,FL,45188.0,124200.0
Samsula-Spruce Creek,FL,81484.0,368600.0
San Antonio,FL,87750.0,310700.0
San Carlos Park,FL,78022.0,266500.0
San Castle,FL,47953.0,197000.0
Sanford,FL,59181.0,241400.0
Sanibel,FL,111683.0,844500.0
Sarasota,FL,68870.0,372000.0
Sarasota Springs,FL,88630.0,274400.0
Satellite Beach,FL,103819.0,428600.0
Sawgrass,FL,119349.0,769100.0
Schall Circle,FL,45682.0,232900.0
Scottsmoor,FL,52656.0,191500.0
Sea Ranch Lakes,FL,238750.0,1588500.0
Sebastian,FL,65650.0,255900.0
Sebring,FL,38024.0,152000.0
Seffner,FL,87847.0,277600.0
Seminole,FL,69417.0,279000.0
Seminole Manor,FL,90635.0,239500.0
Seville,FL,88594.0,
Sewall's Point,FL,122391.0,994200.0
Shady Hills,FL,60538.0,197000.0
Shalimar,FL,104265.0,421000.0
Sharpes,FL,64777.0,247200.0
Siesta Key,FL,113500.0,857000.0
Silver Lake,FL,73700.0,282700.0
Silver Springs,FL,33671.0,28800.0
Silver Springs Shores,FL,52899.0,163900.0
Silver Springs Shores East,FL,61090.0,207300.0
Sky Lake,FL,56563.0,221500.0
Sneads,FL,41827.0,94100.0
Solana,FL,38167.0,140400.0
Sopchoppy,FL,67031.0,200000.0
Sorrento,FL,87578.0,235100.0
South Apopka,FL,44056.0,228000.0
South Bay,FL,48438.0,118500.0
South Beach,FL,193281.0,813500.0
South Bradenton,FL,44347.0,130300.0
South Brooksville,FL,55594.0,122200.0
Southchase,FL,77325.0,320400.0
South Daytona,FL,54898.0,190200.0
Southeast Arcadia,FL,44659.0,125100.0
Southgate,FL,71711.0,340400.0
South Gate Ridge,FL,76884.0,346400.0
South Highpoint,FL,51316.0,162900.0
South Miami,FL,78830.0,692400.0
South Miami Heights,FL,59946.0,326100.0
South Palm Beach,FL,82917.0,314700.0
South Pasadena,FL,48490.0,269100.0
South Patrick Shores,FL,81964.0,384200.0
South Sarasota,FL,83438.0,584800.0
South Venice,FL,71241.0,267600.0
Southwest Ranches,FL,165556.0,782600.0
Springfield,FL,52188.0,137700.0
Spring Hill,FL,61588.0,221500.0
Springhill,FL,66750.0,325000.0
Spring Lake,FL,74327.0,351500.0
Spring Ridge,FL,57232.0,271300.0
Stacey Street,FL,56675.0,
Starke,FL,42976.0,122200.0
Steinhatchee,FL,28750.0,
Stock Island,FL,62309.0,372800.0
Stuart,FL,61878.0,276500.0
Sugarmill Woods,FL,66824.0,259800.0
Sumatra,FL,20714.0,
Sun City Center,FL,64661.0,249900.0
Suncoast Estates,FL,41188.0,93800.0
Sunny Isles Beach,FL,57145.0,424300.0
Sunrise,FL,66001.0,296100.0
Sunset,FL,108333.0,482000.0
Surfside,FL,73160.0,699300.0
Sweetwater,FL,53159.0,223000.0
Taft,FL,40536.0,163700.0
Tallahassee,FL,52899.0,256400.0
Tamarac,FL,59140.0,236500.0
Tamiami,FL,72645.0,414400.0
Tampa,FL,66802.0,333200.0
Tangelo Park,FL,55227.0,214000.0
Tangerine,FL,107880.0,401500.0
Tarpon Springs,FL,63836.0,292400.0
Tavares,FL,54271.0,200500.0
Tavernier,FL,47820.0,557700.0
Taylor Creek,FL,41538.0,113000.0
Temple Terrace,FL,62415.0,278900.0
Tequesta,FL,92457.0,470200.0
The Acreage,FL,100417.0,426000.0
The Crossings,FL,82566.0,380100.0
The Hammocks,FL,79139.0,406700.0
The Meadows,FL,64653.0,301300.0
The Villages,FL,73415.0,346900.0
Thonotosassa,FL,56477.0,234700.0
Three Lakes,FL,84133.0,416700.0
Three Oaks,FL,98401.0,380200.0
Tice,FL,48177.0,177900.0
Tierra Verde,FL,143913.0,666100.0
Tiger Point,FL,116711.0,355800.0
Tildenville,FL,,
Timber Pines,FL,52720.0,230200.0
Titusville,FL,56700.0,207900.0
Town 'n' Country,FL,63947.0,261300.0
Treasure Island,FL,87941.0,496600.0
Trenton,FL,45486.0,150000.0
Trilby,FL,,
Trinity,FL,106862.0,388700.0
Tropical Park,FL,28005.0,172400.0
Tyndall AFB,FL,90104.0,
Umatilla,FL,67505.0,195400.0
Union Park,FL,79970.0,247700.0
University (Hillsborough County),FL,34833.0,141400.0
University (Orange County),FL,56314.0,255200.0
Upper Grand Lagoon,FL,64935.0,316400.0
Valparaiso,FL,77837.0,328300.0
Valrico,FL,91704.0,326600.0
Vamo,FL,81875.0,285500.0
Venice,FL,68843.0,342300.0
Venice Gardens,FL,59591.0,260900.0
Verandah,FL,121136.0,493900.0
Vernon,FL,36875.0,100800.0
Vero Beach,FL,59335.0,347700.0
Vero Beach South,FL,70252.0,276900.0
Vero Lake Estates,FL,62093.0,255100.0
Verona Walk,FL,73911.0,463400.0
Viera East,FL,88417.0,346900.0
Viera West,FL,86131.0,478800.0
Vilano Beach,FL,130556.0,579700.0
Villas,FL,55165.0,216300.0
Vineyards,FL,120287.0,577000.0
Virginia Gardens,FL,75455.0,432000.0
Wabasso,FL,53011.0,424700.0
Wabasso Beach,FL,120673.0,586000.0
Wacissa,FL,,
Wahneta,FL,45392.0,70400.0
Waldo,FL,27258.0,111200.0
Wallace,FL,113221.0,384500.0
Warm Mineral Springs,FL,49007.0,161800.0
Warrington,FL,51016.0,160600.0
Washington Park,FL,52944.0,235900.0
Watergate,FL,61750.0,183700.0
Watertown,FL,41303.0,115600.0
Wauchula,FL,32854.0,136500.0
Waukeenah,FL,,205600.0
Wausau,FL,27083.0,94800.0
Waverly,FL,,188800.0
Webster,FL,53125.0,227600.0
Wedgefield,FL,107446.0,367000.0
Weeki Wachee Gardens,FL,44167.0,388100.0
Wekiwa Springs,FL,102914.0,384600.0
Welaka,FL,43295.0,261500.0
Wellington,FL,105848.0,492300.0
Wesley Chapel,FL,100983.0,325600.0
West Bradenton,FL,83833.0,344900.0
West Canaveral Groves,FL,48840.0,
Westchase,FL,114434.0,442600.0
Westchester,FL,74175.0,441100.0
West DeLand,FL,66768.0,222700.0
Westgate,FL,42449.0,219100.0
Westlake,FL,117620.0,503800.0
West Lealman,FL,44373.0,155100.0
West Little River,FL,46518.0,235000.0
West Melbourne,FL,86398.0,306300.0
West Miami,FL,73525.0,412300.0
Weston,FL,132832.0,612800.0
West Palm Beach,FL,64044.0,324800.0
West Park,FL,58712.0,305400.0
West Pensacola,FL,38263.0,93500.0
West Perrine,FL,57188.0,323400.0
West Samoset,FL,45334.0,167300.0
West Vero Corridor,FL,61512.0,155400.0
Westview,FL,44538.0,285400.0
Westville,FL,65833.0,102800.0
Westwood Lakes,FL,80940.0,427700.0
Wewahitchka,FL,43287.0,115300.0
Whiskey Creek,FL,94432.0,310900.0
White City,FL,96932.0,316000.0
White Springs,FL,38631.0,74000.0
Whitfield (Manatee County),FL,102598.0,355100.0
Whitfield (Santa Rosa County),FL,60526.0,225000.0
Wildwood,FL,68121.0,363900.0
Williamsburg,FL,71853.0,283900.0
Williston,FL,58028.0,194100.0
Williston Highlands,FL,67348.0,172400.0
Willow Oak,FL,50108.0,192100.0
Wilton Manors,FL,81424.0,457800.0
Wimauma,FL,56321.0,313800.0
Windermere,FL,143988.0,748700.0
Winding Cypress,FL,142768.0,847200.0
Windsor,FL,226738.0,
Winter Beach,FL,82045.0,401900.0
Winter Garden,FL,101953.0,408700.0
Winter Haven,FL,56425.0,220800.0
Winter Park,FL,96563.0,590200.0
Winter Springs,FL,83732.0,317100.0
Wiscon,FL,40833.0,121000.0
Woodlawn Beach,FL,107321.0,366100.0
Woodville,FL,40313.0,151600.0
World Golf Village,FL,103019.0,382300.0
Worthington Springs,FL,,
Wright,FL,61256.0,245500.0
Yalaha,FL,122644.0,503300.0
Yankeetown,FL,49833.0,247700.0
Yeehaw Junction,FL,85688.0,236300.0
Yulee,FL,79818.0,252300.0
Zellwood,FL,56733.0,162200.0
Zephyrhills,FL,45745.0,158000.0
Zephyrhills North,FL,40603.0,74300.0
Zephyrhills South,FL,39684.0,33300.0
Zephyrhills West,FL,42479.0,87900.0
Zolfo Springs,FL,44038.0,91700.0
Abbeville,GA,25972.0,72500.0
Acworth,GA,74643.0,270600.0
Adairsville,GA,90062.0,186900.0
Adel,GA,26800.0,125600.0
Adrian,GA,45795.0,65500.0
Ailey,GA,54531.0,109100.0
Alamo,GA,43298.0,90700.0
Alapaha,GA,40294.0,105400.0
Albany,GA,43724.0,111200.0
Aldora,GA,,
Allenhurst,GA,51667.0,168900.0
Allentown,GA,42750.0,89600.0
Alma,GA,35354.0,85900.0
Alpharetta,GA,141402.0,562000.0
Alston,GA,41250.0,135300.0
Alto,GA,59375.0,152700.0
Ambrose,GA,24722.0,
Americus,GA,36498.0,117900.0
Andersonville,GA,22656.0,
Antioch,GA,155633.0,412900.0
Appling,GA,,316200.0
Arabi,GA,77579.0,45300.0
Aragon,GA,55563.0,103000.0
Arcade,GA,65202.0,210900.0
Argyle,GA,,73000.0
Arlington,GA,43750.0,105400.0
Arnoldsville,GA,42292.0,161100.0
Ashburn,GA,35987.0,88300.0
Athens-Clarke County unified government (balance),GA,47798.0,242300.0
Atlanta,GA,77655.0,395600.0
Attapulgus,GA,34028.0,67300.0
Auburn,GA,77896.0,194200.0
Augusta-Richmond County consolidated government (balance),GA,50492.0,141900.0
Austell,GA,64071.0,199700.0
Avalon,GA,43906.0,158300.0
Avera,GA,62750.0,56800.0
Avondale Estates,GA,136250.0,492500.0
Axson,GA,75950.0,
Baconton,GA,54850.0,83500.0
Bainbridge,GA,42093.0,137900.0
Baldwin,GA,48234.0,150700.0
Ball Ground,GA,103429.0,318100.0
Barnesville,GA,46116.0,157800.0
Bartow,GA,43750.0,92200.0
Barwick,GA,29306.0,49400.0
Baxley,GA,27303.0,88300.0
Bellville,GA,94350.0,202200.0
Belvedere Park,GA,66881.0,245800.0
Bemiss,GA,82134.0,178300.0
Berkeley Lake,GA,152908.0,644100.0
Berlin,GA,49571.0,78100.0
Berry College,GA,,
Bethlehem,GA,67250.0,223200.0
Between,GA,123854.0,325000.0
Bishop,GA,126875.0,392000.0
Blackshear,GA,34963.0,119600.0
Blairsville,GA,21827.0,165100.0
Blakely,GA,43008.0,136400.0
Bloomingdale,GA,62250.0,177700.0
Blue Ridge,GA,34659.0,208300.0
Bluffton,GA,,
Blythe,GA,48611.0,122900.0
Bogart,GA,83333.0,235300.0
Bolingbroke,GA,,233300.0
Bonanza,GA,68257.0,163600.0
Boston,GA,37500.0,92500.0
Bostwick,GA,88125.0,300000.0
Bowdon,GA,40938.0,137200.0
Bowersville,GA,55000.0,102400.0
Bowman,GA,29464.0,89500.0
Box Springs,GA,23333.0,
Boykin,GA,,
Braselton,GA,111080.0,395200.0
Braswell,GA,72813.0,183300.0
Bremen,GA,88545.0,240800.0
Brinson,GA,68077.0,114300.0
Bristol,GA,62574.0,211800.0
Bronwood,GA,37159.0,48200.0
Brookhaven,GA,114570.0,626800.0
Brooklet,GA,63462.0,216900.0
Brooks,GA,103125.0,410500.0
Broxton,GA,24634.0,102600.0
Brunswick,GA,29781.0,116800.0
Buchanan,GA,46071.0,157800.0
Buckhead,GA,134464.0,405200.0
Buckhead,GA,68854.0,184100.0
Buena Vista,GA,31308.0,94600.0
Buford,GA,68165.0,292300.0
Butler,GA,27656.0,85600.0
Byromville,GA,48603.0,70400.0
Byron,GA,83996.0,202200.0
Cadwell,GA,41250.0,79200.0
Cairo,GA,39784.0,115800.0
Calhoun,GA,54927.0,211200.0
Calvary,GA,,
Camak,GA,62000.0,
Camilla,GA,27306.0,82200.0
Candler-McAfee,GA,57633.0,211400.0
Canon,GA,37443.0,94200.0
Canoochee,GA,57697.0,
Canton,GA,75414.0,324000.0
Carl,GA,55982.0,326300.0
Carlton,GA,43409.0,154700.0
Carnesville,GA,63813.0,107100.0
Carrollton,GA,46722.0,259700.0
Cartersville,GA,75407.0,274800.0
Cataula,GA,123534.0,314400.0
Cave Spring,GA,40250.0,137500.0
Cecil,GA,39000.0,71000.0
Cedar Springs,GA,,
Cedartown,GA,30655.0,122000.0
Centerville,GA,74250.0,189300.0
Centralhatchee,GA,46875.0,118800.0
Chamblee,GA,76682.0,395900.0
Chatsworth,GA,59028.0,171300.0
Chattahoochee Hills,GA,84605.0,296800.0
Chattanooga Valley,GA,45222.0,122600.0
Chauncey,GA,60536.0,
Cherry Log,GA,,
Chester,GA,26786.0,60600.0
Chickamauga,GA,71319.0,226100.0
Clarkesville,GA,64848.0,178000.0
Clarkston,GA,51122.0,212500.0
Claxton,GA,40870.0,120100.0
Clayton,GA,56369.0,196200.0
Clermont,GA,96875.0,275800.0
Cleveland,GA,46994.0,245500.0
Climax,GA,33906.0,106300.0
Clyattville,GA,70152.0,
Cobbtown,GA,50036.0,87200.0
Cochran,GA,31326.0,118800.0
Cogdell,GA,,
Cohutta,GA,62500.0,170700.0
Colbert,GA,53917.0,172800.0
Coleman,GA,,
College Park,GA,47706.0,286900.0
Collins,GA,57591.0,
Colquitt,GA,26125.0,98500.0
Columbus,GA,54561.0,168400.0
Comer,GA,34880.0,176400.0
Commerce,GA,58763.0,219600.0
Concord,GA,61250.0,121500.0
Conley,GA,47429.0,98100.0
Conyers,GA,53500.0,170600.0
Coolidge,GA,38750.0,130400.0
Cordele,GA,33166.0,92800.0
Cornelia,GA,46211.0,170800.0
Country Club Estates,GA,57816.0,144400.0
Covington,GA,47278.0,219400.0
Crawford,GA,21696.0,160800.0
Crawfordville,GA,42341.0,66700.0
Crescent,GA,34010.0,201000.0
Crooked Creek,GA,27366.0,110100.0
Culloden,GA,,192200.0
Cumming,GA,71855.0,331900.0
Cusseta-Chattahoochee County unified government,GA,52943.0,129300.0
Cuthbert,GA,21278.0,69700.0
Dacula,GA,81322.0,305500.0
Dahlonega,GA,57941.0,392600.0
Daisy,GA,,168100.0
Dallas,GA,60032.0,207300.0
Dalton,GA,57163.0,182500.0
Damascus,GA,53313.0,
Danielsville,GA,60069.0,172000.0
Danville,GA,46750.0,78800.0
Darien,GA,53325.0,138900.0
Dasher,GA,58750.0,148600.0
Davisboro,GA,45647.0,67300.0
Dawson,GA,31310.0,80600.0
Dawsonville,GA,79479.0,278400.0
Dearing,GA,53958.0,92000.0
Decatur,GA,129992.0,654400.0
Deenwood,GA,49417.0,135800.0
Deepstep,GA,111250.0,112500.0
Demorest,GA,59500.0,176800.0
Denton,GA,30250.0,
De Soto,GA,27813.0,
Dewy Rose,GA,48516.0,
Dexter,GA,34350.0,78600.0
Dillard,GA,47500.0,233000.0
Dixie,GA,250001.0,
Dixie Union,GA,40938.0,
Dock Junction,GA,44438.0,129300.0
Doerun,GA,38125.0,104300.0
Donalsonville,GA,37433.0,105200.0
Dooling,GA,,63300.0
Doraville,GA,59636.0,272800.0
Douglas,GA,39716.0,128200.0
Douglasville,GA,72753.0,274500.0
Druid Hills,GA,138262.0,744600.0
Dublin,GA,37734.0,153400.0
Dudley,GA,59375.0,158700.0
Duluth,GA,88915.0,334800.0
Dunwoody,GA,106710.0,545200.0
Du Pont,GA,24688.0,86400.0
Dutch Island,GA,169063.0,601600.0
Eagle Grove,GA,,
East Dublin,GA,54601.0,134900.0
East Ellijay,GA,26691.0,167700.0
East Griffin,GA,38681.0,63300.0
Eastman,GA,41213.0,112900.0
East Newnan,GA,36192.0,134400.0
East Point,GA,59602.0,217300.0
Eatonton,GA,53870.0,137500.0
Echols County consolidated government,GA,61184.0,114900.0
Edge Hill,GA,,
Edison,GA,36250.0,59800.0
Elberton,GA,38562.0,86900.0
Ellaville,GA,50000.0,150800.0
Ellenton,GA,52019.0,43000.0
Ellerslie,GA,107031.0,271500.0
Ellijay,GA,37227.0,275500.0
Emerson,GA,74432.0,188300.0
Empire,GA,,98300.0
Enigma,GA,,93200.0
Ephesus,GA,66875.0,148400.0
Epworth,GA,69329.0,151800.0
Eton,GA,85313.0,185800.0
Euharlee,GA,92766.0,204600.0
Eulonia,GA,,214500.0
Evans,GA,125325.0,314100.0
Everett,GA,,
Experiment,GA,28955.0,78100.0
Faceville,GA,37031.0,
Fairburn,GA,67245.0,213000.0
Fairfield Plantation,GA,96063.0,275000.0
Fairmount,GA,61042.0,101000.0
Fair Oaks,GA,57582.0,193800.0
Fairplay,GA,94571.0,227100.0
Fairview,GA,48902.0,153300.0
Fargo,GA,68960.0,73100.0
Fayetteville,GA,79865.0,299500.0
Fitzgerald,GA,32500.0,95200.0
Flemington,GA,99063.0,226200.0
Flovilla,GA,,179400.0
Flowery Branch,GA,93684.0,369700.0
Folkston,GA,36712.0,72000.0
Forest Park,GA,41837.0,95900.0
Forsyth,GA,63396.0,175100.0
Fort Gaines,GA,36161.0,62900.0
Fort Oglethorpe,GA,49789.0,163800.0
Fort Stewart,GA,48538.0,
Fort Valley,GA,31807.0,109400.0
Franklin,GA,32500.0,303800.0
Franklin Springs,GA,60417.0,161400.0
Funston,GA,56563.0,91000.0
Gainesville,GA,64163.0,296400.0
Garden City,GA,46063.0,143800.0
Gardi,GA,,
Garfield,GA,60368.0,90400.0
Gay,GA,86250.0,231300.0
Geneva,GA,76111.0,
Georgetown,GA,70640.0,232700.0
Georgetown-Quitman County unified government,GA,38889.0,85800.0
Gibson,GA,34050.0,93000.0
Gillsville,GA,69000.0,250000.0
Girard,GA,58309.0,73100.0
Glenn,GA,,
Glennville,GA,47227.0,155600.0
Glenwood,GA,21250.0,94700.0
Godfrey,GA,112950.0,
Good Hope,GA,72188.0,247100.0
Gordon,GA,32083.0,86700.0
Gough,GA,14091.0,
Graham,GA,32222.0,59700.0
Grantville,GA,81815.0,165900.0
Gray,GA,61136.0,180000.0
Grayson,GA,121421.0,396500.0
Greensboro,GA,42534.0,133300.0
Greenville,GA,53092.0,97700.0
Gresham Park,GA,66071.0,242600.0
Griffin,GA,42047.0,185500.0
Grovetown,GA,67222.0,201900.0
Gumbranch,GA,88750.0,96100.0
Gumlog,GA,63735.0,152100.0
Guyton,GA,75625.0,184500.0
Hagan,GA,63750.0,150400.0
Hahira,GA,67143.0,144200.0
Hamilton,GA,86607.0,256500.0
Hampton,GA,67808.0,224900.0
Hannahs Mill,GA,52069.0,127600.0
Hapeville,GA,62117.0,209200.0
Haralson,GA,,189900.0
Hardwick,GA,34587.0,81600.0
Harlem,GA,51855.0,211700.0
Harrison,GA,32569.0,79200.0
Hartwell,GA,46875.0,152900.0
Hawkinsville,GA,36042.0,125500.0
Hazlehurst,GA,35208.0,130300.0
Helen,GA,74375.0,328600.0
Henderson,GA,69646.0,292900.0
Hephzibah,GA,63836.0,154200.0
Heron Bay,GA,123750.0,325000.0
Hiawassee,GA,40917.0,322000.0
Hickox,GA,,178700.0
Higgston,GA,32196.0,87500.0
Hilltop,GA,,
Hiltonia,GA,40750.0,55800.0
Hinesville,GA,54447.0,156000.0
Hiram,GA,81055.0,205900.0
Hoboken,GA,71154.0,138400.0
Hogansville,GA,44712.0,147200.0
Holly Springs,GA,108332.0,377600.0
Homeland,GA,52222.0,55500.0
Homer,GA,73542.0,240700.0
Homerville,GA,29815.0,82600.0
Hortense,GA,191615.0,173600.0
Hoschton,GA,87021.0,305700.0
Howard,GA,,
Hull,GA,,267900.0
Ideal,GA,21800.0,52800.0
Ila,GA,55625.0,182300.0
Indian Springs,GA,82784.0,170600.0
Iron City,GA,40568.0,94400.0
Irondale,GA,53598.0,156000.0
Irwinton,GA,33929.0,89000.0
Isle of Hope,GA,96934.0,417800.0
Ivey,GA,40938.0,57700.0
Jackson,GA,43824.0,147300.0
Jacksonville,GA,34375.0,44300.0
Jakin,GA,49318.0,205900.0
Jasper,GA,43192.0,246200.0
Jefferson,GA,95850.0,313100.0
Jeffersonville,GA,40500.0,90700.0
Jekyll Island,GA,72689.0,518400.0
Jenkinsburg,GA,71912.0,192000.0
Jersey,GA,36736.0,252900.0
Jesup,GA,53096.0,148300.0
Johns Creek,GA,153882.0,525100.0
Jonesboro,GA,33621.0,123600.0
Juliette,GA,,175300.0
Junction City,GA,45000.0,
Kennesaw,GA,81467.0,262000.0
Kennesaw State University,GA,,
Keysville,GA,42813.0,80400.0
Kings Bay Base,GA,70625.0,
Kingsland,GA,73839.0,206300.0
Kingston,GA,50000.0,82300.0
Kite,GA,28906.0,
Knoxville,GA,,
LaFayette,GA,30284.0,121000.0
LaGrange,GA,41030.0,148500.0
Lake City,GA,62941.0,144400.0
Lakeland,GA,28920.0,134500.0
Lake Park,GA,,229800.0
Lakeview,GA,54792.0,124900.0
Lakeview Estates,GA,43219.0,45900.0
Lavonia,GA,33056.0,201500.0
Lawrenceville,GA,55608.0,286400.0
Leary,GA,35385.0,50000.0
Leesburg,GA,55417.0,165900.0
Lenox,GA,28977.0,74500.0
Leslie,GA,51688.0,87800.0
Lexington,GA,70625.0,162500.0
Lilburn,GA,61347.0,257500.0
Lilly,GA,24688.0,83300.0
Lincoln Park,GA,46116.0,
Lincolnton,GA,38681.0,185200.0
Lindale,GA,39472.0,110300.0
Lithia Springs,GA,50694.0,171600.0
Lithonia,GA,45431.0,166500.0
Locust Grove,GA,67143.0,193800.0
Loganville,GA,77750.0,268700.0
Lone Oak,GA,,
Lookout Mountain,GA,145625.0,451200.0
Louisville,GA,43194.0,122000.0
Lovejoy,GA,59184.0,192700.0
Ludowici,GA,26944.0,180600.0
Lula,GA,60174.0,187900.0
Lumber City,GA,31429.0,
Lumpkin,GA,31250.0,45300.0
Luthersville,GA,52917.0,153600.0
Lyerly,GA,50250.0,91300.0
Lyons,GA,29037.0,123000.0
Mableton,GA,79069.0,278300.0
McCaysville,GA,43553.0,135500.0
McDonough,GA,77804.0,246800.0
McIntyre,GA,49773.0,84700.0
Macon-Bibb County,GA,48897.0,155200.0
McRae-Helena,GA,,89300.0
Madison,GA,73965.0,270200.0
Manassas,GA,74167.0,
Manchester,GA,48301.0,110800.0
Manor,GA,,
Mansfield,GA,71023.0,179000.0
Marietta,GA,67589.0,376400.0
Marshallville,GA,18839.0,64800.0
Martin,GA,41842.0,154200.0
Martinez,GA,80130.0,211200.0
Matthews,GA,41397.0,
Maxeys,GA,34972.0,180600.0
Maysville,GA,57788.0,178400.0
Meansville,GA,43750.0,160000.0
Meigs,GA,26667.0,68500.0
Mendes,GA,111477.0,146600.0
Menlo,GA,33589.0,75000.0
Mershon,GA,,
Metter,GA,31786.0,151700.0
Midville,GA,41875.0,55200.0
Midway,GA,69750.0,213400.0
Milan,GA,22188.0,63000.0
Milledgeville,GA,40672.0,161200.0
Millen,GA,34213.0,63200.0
Millwood,GA,,
Milner,GA,66125.0,178300.0
Milstead,GA,,98300.0
Milton,GA,142845.0,642500.0
Mineral Bluff,GA,,
Mitchell,GA,44896.0,83600.0
Molena,GA,37426.0,96700.0
Monroe,GA,45307.0,189600.0
Montezuma,GA,46315.0,81400.0
Montgomery,GA,88828.0,393900.0
Monticello,GA,41779.0,167800.0
Montrose,GA,64500.0,91000.0
Moody AFB,GA,,
Moreland,GA,86250.0,262100.0
Morgan,GA,38750.0,86900.0
Morganton,GA,40417.0,211800.0
Morrow,GA,64890.0,143700.0
Morven,GA,21750.0,82800.0
Moultrie,GA,41228.0,135800.0
Mountain City,GA,43269.0,121300.0
Mountain Park,GA,130208.0,323700.0
Mountain Park,GA,92718.0,278300.0
Mount Airy,GA,72981.0,179700.0
Mount Vernon,GA,33788.0,90000.0
Mount Zion,GA,50786.0,168600.0
Musella,GA,,
Nahunta,GA,48542.0,57400.0
Nashville,GA,45500.0,87600.0
Naylor,GA,,
Nelson,GA,66719.0,224200.0
Newborn,GA,64028.0,156300.0
New England,GA,28172.0,49100.0
Newington,GA,70196.0,112700.0
Newnan,GA,74606.0,284600.0
Newton,GA,31406.0,90900.0
Nicholls,GA,24500.0,32800.0
Nicholson,GA,50000.0,128200.0
Norcross,GA,74921.0,337100.0
Norman Park,GA,53833.0,93700.0
Norristown,GA,,
North Decatur,GA,103468.0,410800.0
North Druid Hills,GA,92893.0,460100.0
North High Shoals,GA,95938.0,309800.0
Norwood,GA,24375.0,56300.0
Nunez,GA,44306.0,87500.0
Oak Park,GA,37727.0,
Oakwood,GA,60696.0,222100.0
Ochlocknee,GA,55375.0,83300.0
Ocilla,GA,33208.0,89600.0
Oconee,GA,71429.0,184700.0
Odum,GA,51797.0,104500.0
Offerman,GA,27321.0,95000.0
Oglethorpe,GA,23958.0,66600.0
Ohoopee,GA,,
Oliver,GA,56563.0,89300.0
Omega,GA,43269.0,74200.0
Orchard Hill,GA,32679.0,100000.0
Oxford,GA,51995.0,151600.0
Palmetto,GA,52444.0,149600.0
Panthersville,GA,48876.0,174600.0
Parrott,GA,70000.0,85000.0
Patterson,GA,46923.0,114800.0
Pavo,GA,37250.0,83300.0
Peachtree City,GA,111850.0,435300.0
Peachtree Corners,GA,74716.0,444000.0
Pearson,GA,30455.0,65100.0
Pelham,GA,34761.0,94200.0
Pembroke,GA,66488.0,161700.0
Pendergrass,GA,73947.0,274400.0
Perkins,GA,,
Perry,GA,68507.0,187800.0
Phillipsburg,GA,23942.0,
Pinehurst,GA,34375.0,82500.0
Pine Lake,GA,68359.0,258800.0
Pine Mountain,GA,59471.0,250000.0
Pineview,GA,31167.0,53400.0
Piney Grove,GA,60630.0,84900.0
Pitts,GA,81250.0,87500.0
Plains,GA,36138.0,225000.0
Plainville,GA,40125.0,123200.0
Pooler,GA,89812.0,269800.0
Portal,GA,60500.0,77500.0
Porterdale,GA,36563.0,119800.0
Port Wentworth,GA,61409.0,168100.0
Poulan,GA,63182.0,69800.0
Powder Springs,GA,88311.0,241800.0
Pulaski,GA,61786.0,99600.0
Putney,GA,64182.0,124000.0
Quitman,GA,20333.0,136300.0
Ranger,GA,29219.0,112500.0
Raoul,GA,56675.0,90100.0
Ray City,GA,46875.0,116400.0
Rayle,GA,30313.0,56000.0
Rebecca,GA,59934.0,93000.0
Redan,GA,60306.0,170900.0
Reed Creek,GA,68765.0,259600.0
Register,GA,72596.0,120800.0
Reidsville,GA,42576.0,93800.0
Remerton,GA,25052.0,
Rentz,GA,36000.0,81200.0
Resaca,GA,56154.0,135800.0
Rest Haven,GA,59063.0,87500.0
Reynolds,GA,30333.0,83000.0
Rhine,GA,24750.0,69000.0
Riceboro,GA,43913.0,85700.0
Richland,GA,41458.0,109700.0
Richmond Hill,GA,83519.0,244800.0
Riddleville,GA,78269.0,176700.0
Rincon,GA,73708.0,215700.0
Ringgold,GA,56684.0,197400.0
Riverdale,GA,61622.0,145800.0
Roberta,GA,41500.0,139400.0
Robins AFB,GA,84910.0,
Rochelle,GA,27404.0,66700.0
Rockingham,GA,19399.0,
Rockmart,GA,49438.0,182600.0
Rock Spring,GA,111140.0,166200.0
Rocky Ford,GA,56875.0,70700.0
Rome,GA,48512.0,192700.0
Roopville,GA,73594.0,148400.0
Rossville,GA,42845.0,89600.0
Roswell,GA,122924.0,479400.0
Royston,GA,30332.0,204200.0
Russell,GA,53750.0,102400.0
Rutledge,GA,46452.0,233700.0
St. Marys,GA,68199.0,240400.0
St. Simons,GA,99432.0,445500.0
Sale City,GA,43571.0,93300.0
Salem,GA,36618.0,91300.0
Sandersville,GA,45502.0,114300.0
Sandy Springs,GA,93303.0,556300.0
Santa Claus,GA,46250.0,90000.0
Sardis,GA,50636.0,
Sasser,GA,27442.0,102700.0
Satilla,GA,,90400.0
Sautee-Nacoochee,GA,43530.0,98800.0
Savannah,GA,54748.0,203300.0
Scotland,GA,,116300.0
Scottdale,GA,73623.0,287300.0
Screven,GA,44643.0,97500.0
Senoia,GA,114423.0,358400.0
Seville,GA,,22700.0
Shady Dale,GA,60000.0,101400.0
Shannon,GA,61938.0,136800.0
Sharon,GA,38438.0,56300.0
Sharpsburg,GA,69531.0,233600.0
Shellman,GA,24737.0,93200.0
Shiloh,GA,76250.0,150000.0
Siloam,GA,21635.0,51700.0
Skidaway Island,GA,119210.0,682900.0
Sky Valley,GA,,293200.0
Smarr,GA,183553.0,254800.0
Smithville,GA,46250.0,103200.0
Smyrna,GA,92258.0,380100.0
Snellville,GA,88586.0,259500.0
Social Circle,GA,68333.0,222300.0
Soperton,GA,28607.0,93300.0
South Fulton,GA,77488.0,242200.0
Sparks,GA,37226.0,73300.0
Sparta,GA,22102.0,53500.0
Springfield,GA,46936.0,159500.0
Stapleton,GA,47500.0,97900.0
Statesboro,GA,38845.0,142600.0
Statham,GA,62441.0,199100.0
Sterling,GA,67780.0,69200.0
Stillmore,GA,45938.0,83600.0
Stockbridge,GA,72175.0,241400.0
Stockton,GA,86111.0,168800.0
Stonecrest,GA,63438.0,183700.0
Stone Mountain,GA,44950.0,162700.0
Sugar Hill,GA,94520.0,330100.0
Summertown,GA,,66300.0
Summerville,GA,27694.0,68300.0
Sumner,GA,46786.0,80700.0
Sunny Side,GA,30833.0,
Sunnyside,GA,42045.0,82900.0
Sunset Village,GA,60104.0,126400.0
Surrency,GA,32250.0,72900.0
Suwanee,GA,100780.0,375500.0
Swainsboro,GA,44491.0,103100.0
Sycamore,GA,41538.0,72900.0
Sylvania,GA,36682.0,98700.0
Sylvester,GA,48599.0,101500.0
Talahi Island,GA,104625.0,420600.0
Talbotton,GA,25114.0,140400.0
Talking Rock,GA,52143.0,248100.0
Tallapoosa,GA,58008.0,142500.0
Tallulah Falls,GA,48750.0,164300.0
Talmo,GA,91250.0,292600.0
Tarrytown,GA,40313.0,
Tate City,GA,,
Taylorsville,GA,41250.0,205000.0
Tazewell,GA,,
Temple,GA,71917.0,159700.0
Tennille,GA,27426.0,86900.0
The Rock,GA,,
Thomaston,GA,30298.0,133400.0
Thomasville,GA,45789.0,190400.0
Thomson,GA,42793.0,120000.0
Thunderbolt,GA,63148.0,288900.0
Tifton,GA,42200.0,157000.0
Tiger,GA,43594.0,180400.0
Tignall,GA,80122.0,85600.0
Toccoa,GA,49860.0,124400.0
Toomsboro,GA,60000.0,61300.0
Trenton,GA,43882.0,155900.0
Trion,GA,39073.0,96000.0
Tucker,GA,80311.0,331100.0
Tunnel Hill,GA,57188.0,161400.0
Turin,GA,139167.0,442700.0
Twin City,GA,36498.0,85000.0
Tybee Island,GA,101289.0,564500.0
Tyrone,GA,112898.0,372700.0
Ty Ty,GA,36083.0,46900.0
Unadilla,GA,40250.0,66400.0
Union City,GA,46696.0,201400.0
Union Point,GA,47963.0,88600.0
Unionville,GA,49149.0,38700.0
Uvalda,GA,65192.0,99100.0
Valdosta,GA,41365.0,152100.0
Varnell,GA,62552.0,160000.0
Vernonburg,GA,211250.0,781300.0
Vidalia,GA,47124.0,147100.0
Vidette,GA,24184.0,
Vienna,GA,38371.0,96900.0
Villa Rica,GA,82373.0,219800.0
Vinings,GA,91071.0,559900.0
Waco,GA,33500.0,123100.0
Wadley,GA,36406.0,56700.0
Waleska,GA,50000.0,295800.0
Walnut Grove,GA,78750.0,208500.0
Walthourville,GA,60446.0,124200.0
Waresboro,GA,,84700.0
Warm Springs,GA,44792.0,124200.0
Warner Robins,GA,63678.0,159000.0
Warrenton,GA,34944.0,85000.0
Warthen,GA,16763.0,138800.0
Warwick,GA,47738.0,
Washington,GA,48235.0,88700.0
Watkinsville,GA,78750.0,291200.0
Waverly,GA,78636.0,75000.0
Waverly Hall,GA,38281.0,154300.0
Waycross,GA,36818.0,78300.0
Waynesboro,GA,41932.0,121900.0
Waynesville,GA,60991.0,184000.0
Webster County unified government,GA,35000.0,77100.0
Wenona,GA,,
West Brow,GA,82404.0,260500.0
West Point,GA,52995.0,147900.0
Whigham,GA,58750.0,140000.0
White,GA,63750.0,150900.0
Whitemarsh Island,GA,89710.0,319100.0
White Plains,GA,52000.0,64500.0
Whitesburg,GA,63750.0,150000.0
Wildwood,GA,73900.0,107400.0
Willacoochee,GA,32202.0,56400.0
Williamson,GA,102500.0,287500.0
Wilmington Island,GA,87441.0,324800.0
Winder,GA,57365.0,229000.0
Winterville,GA,96883.0,249700.0
Woodbine,GA,42788.0,142700.0
Woodbury,GA,47292.0,86800.0
Woodland,GA,31850.0,85000.0
Woodstock,GA,100913.0,359800.0
Woodville,GA,29310.0,69300.0
Woolsey,GA,105625.0,470800.0
Wrens,GA,35585.0,98200.0
Wrightsville,GA,32745.0,86700.0
Yatesville,GA,62019.0,116700.0
Yonah,GA,58580.0,185600.0
Young Harris,GA,27500.0,260700.0
Zebulon,GA,43456.0,195800.0
Ahuimanu,HI,124018.0,843800.0
Aiea,HI,130507.0,954000.0
Ainaloa,HI,48534.0,215500.0
Anahola,HI,88667.0,499200.0
Black Sands,HI,,101200.0
Captain Cook,HI,120323.0,571100.0
Discovery Harbour,HI,61417.0,414300.0
East Honolulu,HI,151224.0,1117200.0
East Kapolei,HI,97039.0,760900.0
Eden Roc,HI,24515.0,187500.0
Eleele,HI,107734.0,630700.0
Ewa Beach,HI,114207.0,647500.0
Ewa Gentry,HI,125300.0,715000.0
Ewa Villages,HI,82903.0,761700.0
Fern Acres,HI,48125.0,251500.0
Fern Forest,HI,28036.0,166800.0
Haena,HI,108906.0,1185300.0
Haiku-Pauwela,HI,94495.0,912300.0
Halaula,HI,61250.0,465200.0
Halawa,HI,100321.0,969300.0
Haleiwa,HI,92173.0,1000400.0
Haliimaile,HI,64440.0,797800.0
Hana,HI,51188.0,558400.0
Hanalei,HI,97292.0,2000001.0
Hanamaulu,HI,74511.0,616600.0
Hanapepe,HI,88385.0,656100.0
Hauula,HI,108800.0,858300.0
Hawaiian Acres,HI,74851.0,314300.0
Hawaiian Beaches,HI,43707.0,208600.0
Hawaiian Ocean View,HI,36462.0,210600.0
Hawaiian Paradise Park,HI,81236.0,427700.0
Hawi,HI,77589.0,606600.0
Heeia,HI,143214.0,1125700.0
Helemano,HI,78108.0,
Hickam Housing,HI,111139.0,
Hilo,HI,75589.0,417600.0
Holualoa,HI,90385.0,1074600.0
Honalo,HI,54947.0,579500.0
Honaunau-Napoopoo,HI,71106.0,672100.0
Honokaa,HI,70819.0,494300.0
Honomu,HI,69306.0,380600.0
Iroquois Point,HI,100794.0,
Kaaawa,HI,130257.0,874000.0
Kaanapali,HI,119044.0,1571900.0
Kahaluu,HI,123365.0,1132500.0
Kahaluu-Keauhou,HI,87472.0,759900.0
Kahuku,HI,71758.0,678900.0
Kahului,HI,94712.0,765300.0
Kailua (Hawaii County),HI,87268.0,619700.0
Kailua (Honolulu County),HI,138363.0,1208600.0
Kaiminani,HI,93893.0,677600.0
Kalaeloa,HI,82188.0,
Kalaheo,HI,95625.0,801400.0
Kalapana,HI,27212.0,252500.0
Kalihiwai,HI,98333.0,1604200.0
Kaloko,HI,83403.0,1045700.0
Kamaili,HI,,
Kaneohe,HI,120451.0,941500.0
Kaneohe Base,HI,61763.0,1279400.0
Kapaa,HI,87895.0,691400.0
Kapaau,HI,65076.0,481700.0
Kapalua,HI,178750.0,1468800.0
Kapolei,HI,121768.0,699500.0
Kaumakani,HI,82652.0,
Kaunakakai,HI,67083.0,334900.0
Kawela Bay,HI,71429.0,711800.0
Keaau,HI,79821.0,298500.0
Kealakekua,HI,78646.0,562200.0
Kekaha,HI,70375.0,489500.0
Keokea,HI,113450.0,713400.0
Kihei,HI,89892.0,753800.0
Kilauea,HI,85227.0,893800.0
Koloa,HI,72143.0,745000.0
Ko Olina,HI,122614.0,781700.0
Kualapuu,HI,46711.0,234000.0
Kukuihaele,HI,86250.0,
Kula,HI,93452.0,1144000.0
Kurtistown,HI,80625.0,416100.0
Lahaina,HI,83443.0,803300.0
Laie,HI,108965.0,943300.0
Lanai City,HI,80464.0,481400.0
Launiupoko,HI,171875.0,2000001.0
Laupahoehoe,HI,50956.0,466700.0
Lawai,HI,99138.0,824000.0
Leilani Estates,HI,23750.0,226300.0
Lihue,HI,73641.0,797000.0
Maalaea,HI,101250.0,493800.0
Mahinahina,HI,155278.0,1081000.0
Maili,HI,105625.0,610500.0
Makaha,HI,57235.0,402500.0
Makaha Valley,HI,250000.0,1510400.0
Makakilo,HI,115435.0,755500.0
Makawao,HI,109385.0,769200.0
Makena,HI,148750.0,2000001.0
Manele,HI,,2000001.0
Maunaloa,HI,51842.0,344400.0
Mauna Loa Estates,HI,57176.0,293900.0
Maunawili,HI,169375.0,1285800.0
Mililani Mauka,HI,132043.0,852800.0
Mililani Town,HI,119502.0,846100.0
Mokuleia,HI,83688.0,904200.0
Mountain View,HI,60057.0,285500.0
Naalehu,HI,54688.0,190100.0
Nanakuli,HI,77453.0,453100.0
Nanawale Estates,HI,36250.0,179900.0
Napili-Honokowai,HI,101939.0,757100.0
Ocean Pointe,HI,136540.0,800200.0
Olinda,HI,93125.0,1088000.0
Olowalu,HI,101250.0,953100.0
Omao,HI,87656.0,915700.0
Orchidlands Estates,HI,55700.0,267400.0
Paauilo,HI,66250.0,346500.0
Pahala,HI,59432.0,204000.0
Pahoa,HI,54486.0,330300.0
Paia,HI,113750.0,875000.0
Pakala Village,HI,,
Papaikou,HI,87639.0,369700.0
Paukaa,HI,85750.0,490700.0
Pearl City,HI,116938.0,839100.0
Pepeekeo,HI,51471.0,384200.0
Poipu,HI,134028.0,1117300.0
Princeville,HI,82250.0,992600.0
Puako,HI,110000.0,1198500.0
Puhi,HI,118676.0,563700.0
Pukalani,HI,119426.0,896900.0
Punaluu,HI,83929.0,687500.0
Pupukea,HI,99180.0,1188500.0
Royal Hawaiian Estates,HI,59858.0,203200.0
Royal Kunia,HI,128791.0,803100.0
Schofield Barracks,HI,69755.0,
Seaview,HI,,232000.0
Tiki Gardens,HI,18739.0,168500.0
Ualapue,HI,54457.0,293000.0
Urban Honolulu,HI,82772.0,805500.0
Volcano,HI,81875.0,563200.0
Volcano Golf Course,HI,133799.0,521500.0
Wahiawa,HI,81433.0,655400.0
Waiahole-Waikane,HI,79306.0,
Waialua,HI,87266.0,874600.0
Waianae,HI,77435.0,476600.0
Waihee-Waiehu,HI,124601.0,679300.0
Waikapu,HI,117500.0,751800.0
Waikele,HI,115858.0,677300.0
Waikoloa Beach Resort,HI,73125.0,1043300.0
Waikoloa Village,HI,103135.0,617700.0
Wailea,HI,89088.0,1295500.0
Wailua,HI,67258.0,663400.0
Wailua Homesteads,HI,113306.0,835200.0
Wailuku,HI,93908.0,719800.0
Waimalu,HI,85710.0,552900.0
Waimanalo,HI,127143.0,676000.0
Waimanalo Beach,HI,104643.0,769500.0
Waimea (Hawaii County),HI,100075.0,617500.0
Waimea (Kauai County),HI,95972.0,520200.0
Wainaku,HI,62880.0,456100.0
Wainiha,HI,,884600.0
Waiohinu,HI,82500.0,391700.0
Waipahu,HI,87961.0,805400.0
Waipio,HI,99815.0,649900.0
Waipio Acres,HI,91703.0,557400.0
West Loch Estate,HI,119250.0,807200.0
Wheeler AFB,HI,74844.0,
Whitmore Village,HI,96136.0,706000.0
Aberdeen,ID,62944.0,140200.0
Acequia,ID,49286.0,89200.0
Albion,ID,64922.0,211100.0
American Falls,ID,55465.0,169700.0
Ammon,ID,76471.0,295100.0
Arbon Valley,ID,57841.0,140900.0
Arco,ID,35585.0,149500.0
Arimo,ID,64028.0,188100.0
Ashton,ID,62819.0,171600.0
Athol,ID,48500.0,232400.0
Atomic City,ID,,
Avimor,ID,106447.0,490600.0
Bancroft,ID,76250.0,168400.0
Banks,ID,,
Basalt,ID,72917.0,211300.0
Bellevue,ID,70089.0,413400.0
Bennington,ID,95341.0,
Blackfoot,ID,57951.0,213400.0
Blanchard,ID,52555.0,266500.0
Bliss,ID,64545.0,
Bloomington,ID,72500.0,325000.0
Boise City,ID,76402.0,401800.0
Bonners Ferry,ID,46667.0,199500.0
Bovill,ID,43125.0,90500.0
Bruneau,ID,,
Buhl,ID,51307.0,166600.0
Burley,ID,58889.0,173900.0
Butte City,ID,14653.0,75300.0
Caldwell,ID,65259.0,284000.0
Cambridge,ID,36932.0,170800.0
Carey,ID,50000.0,174600.0
Cascade,ID,48700.0,320800.0
Castleford,ID,33750.0,
Challis,ID,35921.0,181600.0
Chubbuck,ID,69992.0,287800.0
Clark Fork,ID,47411.0,157800.0
Clayton,ID,,
Clifton,ID,96750.0,240000.0
Coeur d'Alene,ID,65786.0,384700.0
Conkling Park,ID,32118.0,556500.0
Coolin,ID,,
Cottonwood,ID,55147.0,163200.0
Council,ID,42222.0,145800.0
Craigmont,ID,55139.0,154700.0
Crouch,ID,73029.0,359100.0
Culdesac,ID,44375.0,130200.0
Dalton Gardens,ID,87902.0,581700.0
Dayton,ID,81667.0,236800.0
Deary,ID,73250.0,202800.0
Declo,ID,48438.0,175000.0
De Smet,ID,44286.0,92100.0
Dietrich,ID,71250.0,150000.0
Donnelly,ID,,330800.0
Dover,ID,90875.0,622700.0
Downey,ID,43125.0,125000.0
Driggs,ID,86587.0,405400.0
Drummond,ID,,
Dubois,ID,52625.0,167500.0
Eagle,ID,114271.0,637600.0
East Hope,ID,71500.0,376500.0
Eden,ID,32125.0,137500.0
Elk City,ID,57063.0,357100.0
Elk River,ID,51250.0,161500.0
Emmett,ID,54575.0,228100.0
Fairfield,ID,77083.0,188200.0
Ferdinand,ID,45000.0,171300.0
Fernan Lake Village,ID,117500.0,486700.0
Fernwood,ID,,
Filer,ID,48559.0,195300.0
Firth,ID,64583.0,157500.0
Fort Hall,ID,37786.0,160600.0
Franklin,ID,58370.0,298100.0
Fruitland,ID,64167.0,239500.0
Gannett,ID,,254200.0
Garden City,ID,61548.0,363000.0
Garden Valley,ID,94583.0,294600.0
Genesee,ID,77266.0,248400.0
Georgetown,ID,70417.0,157600.0
Glenns Ferry,ID,36413.0,139400.0
Gooding,ID,42470.0,136600.0
Grace,ID,69858.0,158800.0
Grand View,ID,39722.0,162500.0
Grangeville,ID,47572.0,220000.0
Greenleaf,ID,56289.0,270700.0
Groveland,ID,54115.0,250000.0
Hagerman,ID,66250.0,150800.0
Hailey,ID,77035.0,423700.0
Hamer,ID,103750.0,250000.0
Hammett,ID,27445.0,136300.0
Hansen,ID,41625.0,137900.0
Harrison,ID,75833.0,296400.0
Hauser,ID,54875.0,277400.0
Hayden,ID,72227.0,382300.0
Hayden Lake,ID,111094.0,703000.0
Hazelton,ID,44468.0,142800.0
Heyburn,ID,61443.0,166200.0
Hidden Springs,ID,152328.0,667100.0
Hollister,ID,55833.0,110800.0
Homedale,ID,50125.0,141300.0
Hope,ID,63125.0,300000.0
Horseshoe Bend,ID,50809.0,171300.0
Huetter,ID,36282.0,233300.0
Idaho City,ID,42361.0,95600.0
Idaho Falls,ID,66463.0,266800.0
Inkom,ID,68594.0,223800.0
Iona,ID,87619.0,310400.0
Irwin,ID,62188.0,338300.0
Island Park,ID,68333.0,286700.0
Jerome,ID,59656.0,192000.0
Juliaetta,ID,54135.0,241800.0
Kamiah,ID,34803.0,193200.0
Kellogg,ID,38316.0,147400.0
Kendrick,ID,63333.0,165200.0
Ketchum,ID,87478.0,562500.0
Kimberly,ID,72063.0,271900.0
Kooskia,ID,37292.0,152300.0
Kootenai,ID,68750.0,287200.0
Kuna,ID,83960.0,358000.0
Laclede,ID,84911.0,
Lapwai,ID,58558.0,110100.0
Lava Hot Springs,ID,45000.0,218500.0
Leadore,ID,28942.0,76500.0
Letha,ID,,424200.0
Lewiston,ID,63109.0,259800.0
Lewisville,ID,68750.0,214100.0
Lincoln,ID,77623.0,223400.0
Lost River,ID,,
Lowman,ID,82813.0,228100.0
McCall,ID,57788.0,507500.0
McCammon,ID,74583.0,217200.0
Mackay,ID,39848.0,167800.0
Malad City,ID,68594.0,197600.0
Malta,ID,,131100.0
Marsing,ID,55192.0,193800.0
Melba,ID,42147.0,188600.0
Menan,ID,68750.0,214900.0
Meridian,ID,93296.0,425800.0
Middleton,ID,68947.0,289900.0
Midvale,ID,53333.0,129200.0
Minidoka,ID,37946.0,98800.0
Montpelier,ID,50668.0,158000.0
Moore,ID,,164700.0
Moreland,ID,56391.0,240400.0
Moscow,ID,53679.0,311200.0
Mountain Home,ID,53108.0,223600.0
Mountain Home AFB,ID,60764.0,
Moyie Springs,ID,59096.0,322800.0
Mud Lake,ID,52206.0,126600.0
Mullan,ID,56250.0,156700.0
Murphy,ID,71302.0,310400.0
Murtaugh,ID,65625.0,104200.0
Nampa,ID,67346.0,289400.0
Newdale,ID,82500.0,250000.0
New Meadows,ID,60278.0,225000.0
New Plymouth,ID,57250.0,182900.0
Nezperce,ID,55625.0,144500.0
Notus,ID,73250.0,220500.0
Oakley,ID,77500.0,203000.0
Oldtown,ID,54620.0,213200.0
Onaway,ID,74000.0,189300.0
Orofino,ID,51518.0,202700.0
Osburn,ID,41833.0,155900.0
Oxford,ID,56250.0,262500.0
Paris,ID,76750.0,192600.0
Parker,ID,72000.0,231400.0
Parkline,ID,,117300.0
Parma,ID,48702.0,194000.0
Paul,ID,59853.0,221100.0
Payette,ID,51477.0,174500.0
Peck,ID,52917.0,127500.0
Pierce,ID,44643.0,150000.0
Pinehurst,ID,52109.0,207800.0
Placerville,ID,59688.0,187500.0
Plummer,ID,50227.0,145700.0
Pocatello,ID,56115.0,206200.0
Ponderay,ID,42670.0,355600.0
Post Falls,ID,71042.0,368600.0
Potlatch,ID,58125.0,226900.0
Preston,ID,51914.0,246100.0
Priest River,ID,49868.0,235800.0
Princeton,ID,,
Rathdrum,ID,80934.0,330400.0
Reubens,ID,70938.0,143800.0
Rexburg,ID,46286.0,333400.0
Richfield,ID,54167.0,171200.0
Rigby,ID,73807.0,236500.0
Riggins,ID,31250.0,278600.0
Ririe,ID,61591.0,112500.0
Riverside,ID,94583.0,200900.0
Roberts,ID,45156.0,140600.0
Robie Creek,ID,117422.0,492000.0
Rockford,ID,56250.0,185400.0
Rockford Bay,ID,123750.0,862100.0
Rockland,ID,49000.0,170000.0
Rupert,ID,53348.0,157100.0
St. Anthony,ID,44313.0,170700.0
St. Charles,ID,86500.0,175000.0
St. Maries,ID,47564.0,188200.0
Salmon,ID,45130.0,170900.0
Sandpoint,ID,60208.0,410200.0
Shelley,ID,64783.0,231300.0
Shoshone,ID,44375.0,161300.0
Silverton,ID,93576.0,260100.0
Smelterville,ID,46078.0,107600.0
Smiths Ferry,ID,,837000.0
Soda Springs,ID,44301.0,194300.0
Spencer,ID,67857.0,112500.0
Spirit Lake,ID,61625.0,332700.0
Stanley,ID,,
Star,ID,88625.0,449700.0
State Line,ID,46667.0,
Stites,ID,31250.0,118800.0
Sugar City,ID,56439.0,270600.0
Sun Valley,ID,67386.0,921300.0
Swan Valley,ID,85000.0,
Sweetwater,ID,81458.0,176400.0
Tensed,ID,23750.0,106300.0
Teton,ID,57083.0,219000.0
Tetonia,ID,54931.0,356800.0
Troy,ID,74444.0,259700.0
Twin Falls,ID,58024.0,243700.0
Tyhee,ID,90677.0,391500.0
Ucon,ID,81771.0,273600.0
Victor,ID,70923.0,503200.0
Viola,ID,82321.0,
Wallace,ID,49052.0,162900.0
Wardner,ID,34643.0,300000.0
Warm River,ID,,
Weippe,ID,27422.0,107900.0
Weiser,ID,41491.0,172200.0
Wendell,ID,46875.0,200200.0
Weston,ID,80000.0,293900.0
White Bird,ID,15500.0,155700.0
Wilder,ID,54375.0,169500.0
Winchester,ID,44167.0,170600.0
Worley,ID,41563.0,133900.0
Yellow Pine,ID,,
Abingdon,IL,55313.0,73900.0
Adair,IL,,93100.0
Adams,IL,,
Addieville,IL,103750.0,134400.0
Addison,IL,82547.0,301500.0
Adeline,IL,58333.0,75000.0
Albany,IL,64000.0,146800.0
Albers,IL,110977.0,205800.0
Albion,IL,55848.0,94300.0
Alden,IL,,
Aledo,IL,57795.0,132500.0
Alexander,IL,103750.0,
Alexis,IL,71250.0,87200.0
Algonquin,IL,129658.0,305900.0
Alhambra,IL,59886.0,145100.0
Allendale,IL,74583.0,83800.0
Allenville,IL,61719.0,101600.0
Allerton,IL,58750.0,97900.0
Alma,IL,60000.0,50000.0
Alpha,IL,66719.0,105600.0
Alsey,IL,50000.0,53500.0
Alsip,IL,63131.0,198600.0
Altamont,IL,64688.0,104500.0
Alton,IL,49439.0,93500.0
Altona,IL,64861.0,93500.0
Alto Pass,IL,58393.0,102800.0
Alvan (Alvin),IL,71771.0,87500.0
Amboy,IL,72829.0,121300.0
Anchor,IL,67596.0,95200.0
Andalusia,IL,68155.0,146100.0
Andover,IL,64464.0,133200.0
Andres,IL,,
Anna,IL,36786.0,125400.0
Annapolis,IL,80875.0,183800.0
Annawan,IL,56350.0,120100.0
Antioch,IL,112546.0,271800.0
Apple Canyon Lake,IL,98214.0,311600.0
Apple River,IL,50208.0,82500.0
Arbury Hills,IL,98594.0,206500.0
Arcola,IL,73188.0,118300.0
Arenzville,IL,76250.0,102300.0
Argenta,IL,77396.0,102500.0
Argyle,IL,159135.0,260800.0
Arlington,IL,50417.0,112500.0
Arlington Heights,IL,113502.0,396500.0
Armington,IL,49500.0,93100.0
Aroma Park,IL,59583.0,142800.0
Arrowsmith,IL,78438.0,95000.0
Arthur,IL,50192.0,128100.0
Ashkum,IL,68333.0,141800.0
Ashland,IL,66319.0,109800.0
Ashley,IL,45000.0,74300.0
Ashmore,IL,53603.0,84300.0
Ashton,IL,57344.0,100800.0
Assumption,IL,52746.0,78300.0
Astoria,IL,48365.0,57700.0
Athens,IL,78542.0,158600.0
Atkinson,IL,51593.0,115200.0
Atlanta,IL,67981.0,120700.0
Atwood,IL,56563.0,111100.0
Auburn,IL,84750.0,140400.0
Augusta,IL,38656.0,69100.0
Aurora,IL,85943.0,241600.0
Ava,IL,58750.0,80000.0
Aviston,IL,99821.0,196100.0
Avon,IL,41607.0,55500.0
Baileyville,IL,,
Baldwin,IL,44886.0,91300.0
Banner,IL,40000.0,86300.0
Bannockburn,IL,161875.0,1027400.0
Bardolph,IL,31071.0,45300.0
Barrington,IL,160171.0,543700.0
Barrington Hills,IL,185278.0,842000.0
Barry,IL,59922.0,88300.0
Barstow,IL,44028.0,113900.0
Bartelso,IL,93250.0,184300.0
Bartlett,IL,126555.0,334600.0
Bartonville,IL,65347.0,129900.0
Basco,IL,43750.0,33600.0
Batavia,IL,113824.0,349700.0
Batchtown,IL,54375.0,125000.0
Bath,IL,44205.0,61400.0
Baylis,IL,,55000.0
Bay View Gardens,IL,41071.0,114200.0
Beach Park,IL,79402.0,205300.0
Beardstown,IL,58804.0,78700.0
Beason,IL,52981.0,80000.0
Beaverville,IL,53125.0,93500.0
Beckemeyer,IL,63816.0,98300.0
Bedford Park,IL,107396.0,256400.0
Beecher,IL,98153.0,226400.0
Beecher City,IL,39297.0,84300.0
Belgium,IL,57885.0,81500.0
Belknap,IL,97500.0,66700.0
Belle Prairie City,IL,,95000.0
Belle Rive,IL,53750.0,82900.0
Belleville,IL,60573.0,122700.0
Bellevue,IL,58495.0,126300.0
Bellflower,IL,76875.0,102000.0
Bellmont,IL,40000.0,44300.0
Bellwood,IL,72228.0,207100.0
Belvidere,IL,59216.0,139100.0
Bement,IL,67011.0,97900.0
Benld,IL,52738.0,78500.0
Bensenville,IL,76489.0,255700.0
Benson,IL,75139.0,114700.0
Bentley,IL,46250.0,
Benton,IL,48784.0,81200.0
Berkeley,IL,79691.0,214300.0
Berlin,IL,63750.0,90000.0
Berwyn,IL,71300.0,272900.0
Bethalto,IL,67569.0,156300.0
Bethany,IL,50238.0,88800.0
Beverly,IL,,
Big Foot Prairie,IL,,
Biggsville,IL,83750.0,78600.0
Big Rock,IL,122000.0,281500.0
Bingham,IL,48750.0,10800.0
Bishop Hill,IL,52321.0,96300.0
Bismarck,IL,73125.0,111200.0
Blairsville,IL,66548.0,99400.0
Blandinsville,IL,53750.0,67100.0
Bloomfield,IL,,
Bloomingdale,IL,96779.0,353600.0
Bloomington,IL,73119.0,190700.0
Blue Island,IL,57537.0,164300.0
Blue Mound,IL,57097.0,100200.0
Bluffs,IL,73214.0,79400.0
Bluford,IL,59688.0,88100.0
Bolingbrook,IL,102057.0,276400.0
Bondville,IL,55500.0,162100.0
Bone Gap,IL,52500.0,70300.0
Bonfield,IL,75000.0,176600.0
Bonnie,IL,66563.0,78200.0
Bonnie Brae,IL,83409.0,192600.0
Boody,IL,58583.0,105800.0
Boulder Hill,IL,76875.0,214600.0
Bourbonnais,IL,77738.0,238000.0
Bowen,IL,65804.0,66700.0
Braceville,IL,89688.0,158200.0
Bradford,IL,50313.0,76700.0
Bradley,IL,59746.0,154600.0
Braidwood,IL,76683.0,187200.0
Breese,IL,63224.0,179300.0
Bridgeport,IL,47778.0,53400.0
Bridgeview,IL,61426.0,223400.0
Brighton,IL,71786.0,121500.0
Brimfield,IL,58750.0,138000.0
Broadlands,IL,61250.0,108300.0
Broadview,IL,59261.0,216000.0
Broadwell,IL,61667.0,100000.0
Brocton,IL,56786.0,70600.0
Brookfield,IL,98867.0,298600.0
Brooklyn,IL,19286.0,32600.0
Brookport,IL,38319.0,70800.0
Broughton,IL,48438.0,
Browning,IL,,72000.0
Browns,IL,61250.0,39400.0
Brownstown,IL,52841.0,85500.0
Brussels,IL,52222.0,133300.0
Bryant,IL,50278.0,95000.0
Buckingham,IL,80694.0,129500.0
Buckley,IL,51875.0,89300.0
Buckner,IL,43068.0,53500.0
Buda,IL,49297.0,72300.0
Buffalo,IL,71250.0,113000.0
Buffalo Grove,IL,127553.0,380700.0
Buffalo Prairie,IL,,
Bull Valley,IL,147500.0,438800.0
Bulpitt,IL,71250.0,79200.0
Buncombe,IL,56563.0,65000.0
Bunker Hill,IL,67422.0,127100.0
Burbank,IL,81060.0,250100.0
Bureau Junction,IL,48750.0,46400.0
Burlington,IL,79531.0,275000.0
Burnham,IL,53397.0,141900.0
Burnt Prairie,IL,,54000.0
Burr Ridge,IL,174342.0,706400.0
Burton,IL,,
Burtons Bridge,IL,64896.0,215000.0
Bush,IL,53125.0,75400.0
Bushnell,IL,52227.0,72400.0
Butler,IL,60030.0,83600.0
Byron,IL,76212.0,165700.0
Cabery,IL,53750.0,96300.0
Cable,IL,66932.0,
Cahokia Heights,IL,30488.0,53100.0
Cairo,IL,31429.0,33100.0
Caledonia,IL,103125.0,150800.0
Calhoun,IL,67083.0,47800.0
Calumet City,IL,56727.0,125600.0
Calumet Park,IL,55717.0,141200.0
Camargo,IL,63750.0,136900.0
Cambria,IL,46894.0,143500.0
Cambridge,IL,74145.0,118100.0
Camden,IL,27500.0,86300.0
Cameron,IL,54770.0,98100.0
Campbell Hill,IL,52500.0,95000.0
Campbell's Island,IL,66250.0,110400.0
Camp Point,IL,49479.0,104100.0
Campton Hills,IL,192432.0,491400.0
Campus,IL,98958.0,131700.0
Candlewick Lake,IL,107589.0,161200.0
Canton,IL,52749.0,100600.0
Cantrall,IL,81875.0,140600.0
Capron,IL,86458.0,150000.0
Carbon Cliff,IL,50208.0,107400.0
Carbondale,IL,27360.0,124900.0
Carbon Hill,IL,93438.0,202500.0
Carlinville,IL,53583.0,104200.0
Carlock,IL,76000.0,122500.0
Carlyle,IL,65286.0,149300.0
Carman,IL,,
Carmi,IL,50116.0,97800.0
Carol Stream,IL,103525.0,297600.0
Carpentersville,IL,82866.0,214500.0
Carrier Mills,IL,49922.0,56200.0
Carrollton,IL,63026.0,108900.0
Carterville,IL,59174.0,177900.0
Carthage,IL,75962.0,111400.0
Cary,IL,107158.0,280300.0
Casey,IL,46296.0,84800.0
Caseyville,IL,55871.0,94500.0
Catlin,IL,62039.0,112700.0
Cave-In-Rock,IL,27625.0,35800.0
Cedar Point,IL,60313.0,92000.0
Cedarville,IL,65417.0,110000.0
Central City,IL,39688.0,46400.0
Centralia,IL,46468.0,84700.0
Cerro Gordo,IL,67303.0,106400.0
Chadwick,IL,66438.0,88800.0
Champaign,IL,58273.0,191200.0
Chandlerville,IL,42031.0,49300.0
Channahon,IL,112771.0,288500.0
Channel Lake,IL,57930.0,199500.0
Chapin,IL,67308.0,85500.0
Charleston,IL,47533.0,122700.0
Chatham,IL,104000.0,220000.0
Chatsworth,IL,56830.0,98100.0
Chebanse,IL,82143.0,156700.0
Chemung,IL,63069.0,161300.0
Chenoa,IL,65417.0,121400.0
Cherry,IL,42500.0,87600.0
Cherry Valley,IL,78125.0,209500.0
Chester,IL,68826.0,111100.0
Chesterfield,IL,57500.0,78100.0
Chestnut,IL,,135900.0
Chicago,IL,71673.0,304500.0
Chicago Heights,IL,56755.0,134600.0
Chicago Ridge,IL,65168.0,203300.0
Chillicothe,IL,59161.0,129200.0
Chrisman,IL,59271.0,86100.0
Christopher,IL,42650.0,68200.0
Cicero,IL,64325.0,224300.0
Cisco,IL,53906.0,103800.0
Cisne,IL,46389.0,76000.0
Cissna Park,IL,47171.0,113400.0
Claremont,IL,39688.0,52900.0
Clarendon Hills,IL,115923.0,570600.0
Clay City,IL,51583.0,79200.0
Clayton,IL,54028.0,81700.0
Clear Lake,IL,55625.0,87700.0
Cleveland,IL,74583.0,143800.0
Clifton,IL,83542.0,169500.0
Clinton,IL,51270.0,95900.0
Coal City,IL,77939.0,214600.0
Coalton,IL,66731.0,81100.0
Coal Valley,IL,97917.0,199300.0
Coatsburg,IL,57396.0,77000.0
Cobden,IL,38929.0,106100.0
Coffeen,IL,57500.0,55500.0
Colchester,IL,56875.0,78900.0
Coleta,IL,57500.0,93900.0
Colfax,IL,63750.0,117800.0
Collinsville,IL,63155.0,149600.0
Colona,IL,64375.0,136500.0
Colp,IL,,73400.0
Columbia,IL,106603.0,277100.0
Columbus,IL,71250.0,112500.0
Como,IL,65156.0,159600.0
Compton,IL,58393.0,74400.0
Concord,IL,41000.0,105000.0
Congerville,IL,75670.0,186200.0
Cooksville,IL,63438.0,106700.0
Coral,IL,,
Cordova,IL,73125.0,180900.0
Cornell,IL,62750.0,83400.0
Cornland,IL,,
Cortland,IL,76869.0,196300.0
Coulterville,IL,49583.0,91700.0
Country Club Hills,IL,73554.0,163400.0
Countryside,IL,78603.0,303200.0
Cowden,IL,43750.0,72700.0
Coyne Center,IL,116310.0,207400.0
Crab Orchard,IL,100625.0,98600.0
Crainville,IL,63393.0,169700.0
Creal Springs,IL,55658.0,57700.0
Crescent City,IL,58750.0,106900.0
Crest Hill,IL,68377.0,207700.0
Creston,IL,69762.0,146600.0
Crestwood,IL,73219.0,185800.0
Crete,IL,91549.0,197600.0
Creve Coeur,IL,50958.0,83800.0
Crossville,IL,38750.0,59300.0
Crystal Lake,IL,103018.0,271100.0
Crystal Lawns,IL,102250.0,215000.0
Cuba,IL,43750.0,65300.0
Cullom,IL,58472.0,88200.0
Curran,IL,58125.0,85000.0
Custer Park,IL,165708.0,214300.0
Cutler,IL,51250.0,55000.0
Cypress,IL,49000.0,70000.0
Dahlgren,IL,45000.0,62800.0
Dakota,IL,66146.0,108800.0
Dallas City,IL,48125.0,72900.0
Dalton City,IL,72500.0,98800.0
Dalzell,IL,69219.0,148900.0
Damiansville,IL,90938.0,170500.0
Dana,IL,53333.0,80600.0
Danforth,IL,46094.0,118100.0
Danvers,IL,71382.0,156000.0
Danville,IL,42424.0,79200.0
Darien,IL,110546.0,380600.0
Darmstadt,IL,,
Davis,IL,59063.0,136700.0
Davis Junction,IL,97788.0,187400.0
Dawson,IL,77750.0,96000.0
Dayton,IL,109931.0,237500.0
Decatur,IL,49039.0,96800.0
Deer Creek,IL,82273.0,147600.0
Deerfield,IL,185762.0,594000.0
Deer Grove,IL,72188.0,100000.0
Deer Park,IL,172586.0,619700.0
DeKalb,IL,47410.0,192200.0
De Land,IL,46250.0,80000.0
Delavan,IL,68170.0,128800.0
De Pue,IL,66042.0,60300.0
De Soto,IL,53188.0,86300.0
Des Plaines,IL,86552.0,304100.0
Detroit,IL,,67000.0
Dewey,IL,31250.0,
De Witt,IL,61500.0,93800.0
Diamond,IL,67167.0,198800.0
Dieterich,IL,74375.0,170200.0
Divernon,IL,69643.0,114600.0
Dix,IL,,85800.0
Dixmoor,IL,57823.0,86900.0
Dixon,IL,52208.0,110800.0
Dolton,IL,54748.0,128800.0
Dongola,IL,38393.0,85800.0
Donnellson,IL,,48300.0
Donovan,IL,46429.0,91100.0
Dorchester,IL,84167.0,121400.0
Dover,IL,41875.0,107100.0
Dowell,IL,47500.0,42200.0
Downers Grove,IL,115461.0,425000.0
Downs,IL,104890.0,236700.0
Du Bois,IL,82639.0,75600.0
Dundas,IL,120104.0,78600.0
Dunfermline,IL,53750.0,107000.0
Dunlap,IL,131643.0,266500.0
Dupo,IL,61736.0,89900.0
Du Quoin,IL,48770.0,82100.0
Durand,IL,59970.0,130000.0
Dwight,IL,66948.0,145100.0
Eagarville,IL,61875.0,69500.0
Eagle Lake,IL,,
Earlville,IL,59028.0,119400.0
East Alton,IL,48313.0,97100.0
East Brooklyn,IL,84375.0,145800.0
East Cape Girardeau,IL,41250.0,57500.0
East Carondelet,IL,57000.0,56200.0
East Dubuque,IL,62440.0,148400.0
East Dundee,IL,71116.0,246000.0
East Galesburg,IL,70536.0,106800.0
East Gillespie,IL,65000.0,129200.0
East Hazel Crest,IL,53346.0,139300.0
East Lynn,IL,228199.0,578000.0
East Moline,IL,60032.0,130800.0
Easton,IL,58125.0,85600.0
East Peoria,IL,73720.0,158900.0
East St. Louis,IL,28519.0,55100.0
Eddyville,IL,26406.0,
Edgewood,IL,41250.0,72000.0
Edgington,IL,93385.0,195000.0
Edinburg,IL,67159.0,106900.0
Edwardsville,IL,87094.0,277000.0
Effingham,IL,62358.0,155900.0
Elburn,IL,106347.0,328000.0
El Dara,IL,,56100.0
Eldorado,IL,35799.0,55400.0
Eldred,IL,48036.0,85600.0
Elgin,IL,85998.0,242500.0
Eliza,IL,,
Elizabeth,IL,50357.0,111400.0
Elizabethtown,IL,20000.0,67400.0
Elk Grove Village,IL,93832.0,324600.0
Elkhart,IL,89792.0,117800.0
Elkville,IL,47619.0,71100.0
Elliott,IL,50893.0,79000.0
Ellis Grove,IL,60000.0,81400.0
Ellisville,IL,47981.0,37500.0
Ellsworth,IL,54167.0,122500.0
Elmhurst,IL,143492.0,516900.0
Elmwood,IL,84766.0,145700.0
Elmwood Park,IL,75784.0,311500.0
El Paso,IL,61696.0,143500.0
Elsah,IL,83125.0,187500.0
Elvaston,IL,35250.0,59200.0
Elwin,IL,,114100.0
Elwood,IL,78214.0,206600.0
Emden,IL,66442.0,101000.0
Emington,IL,70625.0,72500.0
Energy,IL,67713.0,130200.0
Enfield,IL,39643.0,55900.0
Equality,IL,40833.0,83100.0
Erie,IL,82266.0,137700.0
Essex,IL,102788.0,215200.0
Eureka,IL,48250.0,150700.0
Evanston,IL,93188.0,454600.0
Evansville,IL,63472.0,79200.0
Evergreen Park,IL,92266.0,244000.0
Ewing,IL,69615.0,73300.0
Exeter,IL,53750.0,90000.0
Fairbury,IL,64150.0,148400.0
Fairfield,IL,43681.0,88900.0
Fairmont,IL,61103.0,151300.0
Fairmont City,IL,42417.0,74500.0
Fairmount,IL,68125.0,94000.0
Fairview,IL,70417.0,79300.0
Fairview Heights,IL,74038.0,158700.0
Fall Creek,IL,,
Farina,IL,39938.0,80400.0
Farmer City,IL,65000.0,126800.0
Farmersville,IL,63636.0,119000.0
Farmington,IL,59091.0,92800.0
Fayetteville,IL,63750.0,86100.0
Ferris,IL,68750.0,77700.0
Fidelity,IL,43125.0,94000.0
Fieldon,IL,66250.0,85000.0
Fillmore,IL,46250.0,63900.0
Findlay,IL,54205.0,82900.0
Fisher,IL,80156.0,155000.0
Fithian,IL,75938.0,107600.0
Flanagan,IL,69375.0,101700.0
Flat Rock,IL,52625.0,56300.0
Flora,IL,50407.0,88400.0
Floraville,IL,,
Florence,IL,26000.0,
Flossmoor,IL,140703.0,293400.0
Foosland,IL,66250.0,63300.0
Ford Heights,IL,43086.0,42200.0
Forest City,IL,53750.0,63100.0
Forest Lake,IL,112031.0,312500.0
Forest Park,IL,78625.0,267600.0
Forest View,IL,104091.0,249600.0
Forrest,IL,68317.0,111400.0
Forreston,IL,65179.0,113800.0
Forsyth,IL,107944.0,276800.0
Fowler,IL,,
Fox Lake,IL,65528.0,211200.0
Fox Lake Hills,IL,100875.0,217200.0
Fox River Grove,IL,121705.0,252700.0
Frankfort,IL,157615.0,438700.0
Frankfort Square,IL,121500.0,274800.0
Franklin,IL,62813.0,98900.0
Franklin Grove,IL,55278.0,117300.0
Franklin Park,IL,74167.0,246200.0
Franklinville,IL,,
Freeburg,IL,73065.0,205300.0
Freeman Spur,IL,32083.0,70800.0
Freeport,IL,44658.0,81000.0
Fulton,IL,47292.0,117100.0
Fults,IL,113750.0,
Gages Lake,IL,104273.0,276200.0
Galatia,IL,46875.0,68600.0
Galena,IL,52734.0,176500.0
Galesburg,IL,42346.0,86500.0
Galt,IL,65813.0,121100.0
Galva,IL,53487.0,77300.0
Garden Prairie,IL,37303.0,92500.0
Gardner,IL,77566.0,172000.0
Garrett,IL,44750.0,56900.0
Gays,IL,56667.0,98300.0
Geneseo,IL,64010.0,177300.0
Geneva,IL,132799.0,392800.0
Genoa,IL,80408.0,187000.0
Georgetown,IL,70655.0,95600.0
Georgetown,IL,54247.0,69800.0
Germantown,IL,76467.0,175500.0
Germantown Hills,IL,145438.0,248300.0
German Valley,IL,75000.0,112900.0
Gibson City,IL,51275.0,120600.0
Gifford,IL,76382.0,168400.0
Gilberts,IL,120568.0,317600.0
Gillespie,IL,60924.0,91600.0
Gilman,IL,64583.0,109400.0
Gilson,IL,64063.0,
Girard,IL,43750.0,96200.0
Gladstone,IL,34875.0,53800.0
Glasford,IL,73125.0,101100.0
Glasgow,IL,48750.0,47800.0
Glen Carbon,IL,92002.0,272000.0
Glencoe,IL,228750.0,1195100.0
Glendale Heights,IL,83588.0,234700.0
Glen Ellyn,IL,128132.0,516600.0
Glenview,IL,134910.0,590600.0
Glenwood,IL,69614.0,157100.0
Godfrey,IL,84920.0,169200.0
Godley,IL,47171.0,121100.0
Golconda,IL,37000.0,102800.0
Golden,IL,58500.0,110400.0
Golden Gate,IL,15764.0,
Golf,IL,228750.0,944900.0
Goodenow,IL,,
Goodfield,IL,103750.0,230100.0
Good Hope,IL,61875.0,91500.0
Goofy Ridge,IL,,52000.0
Goreville,IL,73523.0,110400.0
Gorham,IL,,20900.0
Grafton,IL,89808.0,235800.0
Grand Detour,IL,71953.0,255700.0
Grand Ridge,IL,73929.0,151800.0
Grand Tower,IL,56944.0,26700.0
Grandview,IL,56750.0,72800.0
Grandwood Park,IL,133553.0,306600.0
Granite City,IL,58681.0,95600.0
Grantfork,IL,104375.0,175800.0
Grant Park,IL,76750.0,180500.0
Granville,IL,65577.0,128800.0
Grayslake,IL,110662.0,278600.0
Grayville,IL,53977.0,69700.0
Greenfield,IL,66985.0,97300.0
Green Oaks,IL,135217.0,649400.0
Greenup,IL,53583.0,92500.0
Green Valley,IL,60781.0,106800.0
Greenview,IL,66250.0,84200.0
Greenville,IL,49635.0,119000.0
Greenwood,IL,104500.0,384500.0
Gridley,IL,56818.0,130700.0
Griggsville,IL,42642.0,79700.0
Gulfport,IL,69375.0,230000.0
Gurnee,IL,112633.0,314600.0
Hainesville,IL,122750.0,192400.0
Hamburg,IL,43281.0,77800.0
Hamel,IL,85139.0,228400.0
Hamilton,IL,49402.0,100500.0
Hamlet,IL,,
Hammond,IL,72292.0,96600.0
Hampshire,IL,104746.0,305700.0
Hampton,IL,81287.0,167500.0
Hanaford,IL,61875.0,51700.0
Hanna City,IL,67500.0,127200.0
Hanover,IL,43802.0,85700.0
Hanover Park,IL,88460.0,247500.0
Hardin,IL,83472.0,86400.0
Harding,IL,,
Harmon,IL,54500.0,103100.0
Harmony,IL,,
Harrisburg,IL,38937.0,83100.0
Harrison,IL,52422.0,106900.0
Harristown,IL,74609.0,107900.0
Hartford,IL,42591.0,71100.0
Hartland,IL,,
Hartsburg,IL,58750.0,73600.0
Harvard,IL,67938.0,161400.0
Harvel,IL,50313.0,52100.0
Harvey,IL,40898.0,88500.0
Harwood Heights,IL,77617.0,306500.0
Havana,IL,52917.0,88700.0
Hawthorn Woods,IL,215817.0,580400.0
Hazel Crest,IL,57247.0,162900.0
Hebron,IL,82159.0,210300.0
Hecker,IL,76484.0,151000.0
Henderson,IL,55000.0,96900.0
Hennepin,IL,77500.0,161500.0
Henning,IL,74688.0,82700.0
Henry,IL,55643.0,115700.0
Heritage Lake,IL,123169.0,207500.0
Herrick,IL,57778.0,66900.0
Herrin,IL,54555.0,102400.0
Herscher,IL,96250.0,197300.0
Hettick,IL,49750.0,112500.0
Heyworth,IL,83462.0,198300.0
Hickory Hills,IL,81385.0,270800.0
Hidalgo,IL,61875.0,65000.0
Highland,IL,75779.0,176300.0
Highland Park,IL,159567.0,593000.0
Highwood,IL,105282.0,502800.0
Hillcrest,IL,73750.0,147100.0
Hillsboro,IL,48302.0,106900.0
Hillsdale,IL,91154.0,91000.0
Hillside,IL,68250.0,228600.0
Hillview,IL,69375.0,66700.0
Hinckley,IL,79821.0,256500.0
Hindsboro,IL,69375.0,71700.0
Hinsdale,IL,250001.0,962700.0
Hodgkins,IL,61563.0,38100.0
Hoffman,IL,67708.0,103100.0
Hoffman Estates,IL,107428.0,330300.0
Holcomb,IL,51875.0,136500.0
Holiday Hills,IL,77813.0,186700.0
Holiday Shores,IL,97366.0,194800.0
Hollowayville,IL,121250.0,45000.0
Homer,IL,66711.0,117600.0
Homer Glen,IL,130235.0,382600.0
Hometown,IL,56841.0,151400.0
Homewood,IL,86437.0,192600.0
Hoopeston,IL,46973.0,67200.0
Hooppole,IL,39457.0,70000.0
Hopedale,IL,59167.0,121900.0
Hopewell,IL,98750.0,179300.0
Hopkins Park,IL,32500.0,79600.0
Hoyleton,IL,71250.0,103300.0
Hudson,IL,99511.0,210000.0
Huey,IL,,86500.0
Hull,IL,56495.0,83800.0
Humboldt,IL,55750.0,76600.0
Hume,IL,63750.0,72500.0
Huntley,IL,83357.0,299900.0
Hurst,IL,37639.0,71700.0
Hutsonville,IL,54688.0,65000.0
Illinois City,IL,,
Illiopolis,IL,77292.0,91500.0
Ina,IL,48125.0,77300.0
Indian Creek,IL,144688.0,433500.0
Indian Head Park,IL,100455.0,322400.0
Indianola,IL,56250.0,55800.0
Industry,IL,60179.0,78200.0
Ingalls Park,IL,53257.0,135200.0
Inverness,IL,207623.0,699400.0
Iola,IL,,55000.0
Ipava,IL,44375.0,70800.0
Iroquois,IL,60000.0,94000.0
Irving,IL,50000.0,43100.0
Irvington,IL,61250.0,78500.0
Irwin,IL,73750.0,141700.0
Island Lake,IL,91852.0,223100.0
Itasca,IL,113162.0,379700.0
Iuka,IL,45125.0,57900.0
Ivesdale,IL,59167.0,114100.0
Jacksonville,IL,55944.0,117600.0
Janesville,IL,,
Jeffersonville,IL,44464.0,57100.0
Jeisyville,IL,77375.0,84000.0
Jerome,IL,52083.0,114800.0
Jerseyville,IL,65736.0,117400.0
Jewett,IL,57500.0,61700.0
Johnsburg,IL,110000.0,297200.0
Johnsonville,IL,43750.0,
Johnston City,IL,51429.0,75800.0
Joliet,IL,84971.0,233800.0
Jonesboro,IL,52604.0,97000.0
Joppa,IL,39464.0,
Joslin,IL,50069.0,
Joy,IL,65625.0,79000.0
Junction,IL,32375.0,93000.0
Junction City,IL,44318.0,57400.0
Justice,IL,60083.0,228600.0
Kampsville,IL,60000.0,74600.0
Kane,IL,48125.0,81700.0
Kaneville,IL,81146.0,289800.0
Kangley,IL,63750.0,98200.0
Kankakee,IL,42180.0,99600.0
Kansas,IL,50125.0,62100.0
Kappa,IL,71667.0,160700.0
Karnak,IL,39375.0,65400.0
Kaskaskia,IL,,162500.0
Keenes,IL,54545.0,
Keensburg,IL,69886.0,57500.0
Keithsburg,IL,52917.0,52800.0
Kell,IL,53333.0,56400.0
Kempton,IL,68667.0,53400.0
Kenilworth,IL,250001.0,1358000.0
Kenney,IL,74125.0,77000.0
Kewanee,IL,46305.0,63400.0
Keyesport,IL,39620.0,63200.0
Kilbourne,IL,40000.0,67000.0
Kildeer,IL,250001.0,683900.0
Kincaid,IL,63810.0,83100.0
Kinderhook,IL,59583.0,82100.0
Kings,IL,68125.0,121900.0
Kingston,IL,,
Kingston,IL,81875.0,193600.0
Kingston Mines,IL,51719.0,80300.0
Kinmundy,IL,30625.0,77500.0
Kinsman,IL,58750.0,95000.0
Kirkland,IL,86950.0,176900.0
Kirkwood,IL,58333.0,87200.0
Knollwood,IL,157396.0,350000.0
Knoxville,IL,76161.0,130100.0
La Clede,IL,38603.0,62600.0
Lacon,IL,57262.0,106600.0
Ladd,IL,62500.0,123600.0
La Fayette,IL,48125.0,49100.0
La Grange,IL,141235.0,547200.0
La Grange Park,IL,113419.0,394500.0
La Harpe,IL,47944.0,84800.0
Lake Barrington,IL,126316.0,445200.0
Lake Bluff,IL,190179.0,722300.0
Lake Camelot,IL,138043.0,221200.0
Lake Carroll,IL,99297.0,285400.0
Lake Catherine,IL,91667.0,233200.0
Lake City,IL,46500.0,
Lake Forest,IL,202153.0,894400.0
Lake Holiday,IL,105580.0,218500.0
Lake in the Hills,IL,110988.0,280000.0
Lake Ka-Ho,IL,44444.0,64200.0
Lakemoor,IL,100764.0,247500.0
Lake of the Woods,IL,69191.0,197100.0
Lake Petersburg,IL,113897.0,315600.0
Lake Summerset,IL,104375.0,219500.0
Lake Villa,IL,126711.0,309400.0
Lakewood,IL,172891.0,471200.0
Lakewood,IL,,
Lakewood Shores,IL,70000.0,180700.0
Lake Zurich,IL,135211.0,396200.0
La Moille,IL,63973.0,98700.0
Lanark,IL,67031.0,94800.0
Lane,IL,,
Langleyville,IL,70179.0,111100.0
Lansing,IL,68766.0,158300.0
LaPlace,IL,87768.0,116300.0
La Prairie,IL,78333.0,92800.0
La Rose,IL,47679.0,72500.0
LaSalle,IL,49583.0,101200.0
Latham,IL,61250.0,81800.0
Lawrence,IL,92303.0,232100.0
Lawrenceville,IL,42213.0,89000.0
Leaf River,IL,69500.0,91100.0
Lebanon,IL,86548.0,126200.0
Lee,IL,71875.0,155300.0
Lee Center,IL,,
Leland,IL,75250.0,168800.0
Leland Grove,IL,127500.0,267100.0
Lemont,IL,128694.0,445000.0
Lena,IL,65607.0,146400.0
Lenzburg,IL,44286.0,67300.0
Leonore,IL,,80400.0
Lerna,IL,46000.0,79200.0
Le Roy,IL,96176.0,160100.0
Lewistown,IL,46875.0,80000.0
Lexington,IL,81389.0,169700.0
Liberty,IL,72917.0,135400.0
Libertyville,IL,161302.0,488800.0
Lily Lake,IL,129583.0,379000.0
Lima,IL,66875.0,97500.0
Limestone,IL,105750.0,201100.0
Lincoln,IL,54002.0,101100.0
Lincolnshire,IL,155395.0,598100.0
Lincolnwood,IL,99390.0,450700.0
Lindenhurst,IL,124690.0,251700.0
Lisbon,IL,78125.0,186900.0
Lisle,IL,106265.0,401000.0
Litchfield,IL,50443.0,96500.0
Literberry,IL,103636.0,92200.0
Littleton,IL,56042.0,82500.0
Little York,IL,52375.0,80500.0
Liverpool,IL,41563.0,56700.0
Livingston,IL,57614.0,96900.0
Loami,IL,50000.0,96900.0
Lockport,IL,106923.0,287600.0
Lockport Heights,IL,74750.0,186700.0
Loda,IL,55000.0,97800.0
Lomax,IL,45972.0,75900.0
Lombard,IL,95509.0,308900.0
London Mills,IL,50568.0,53300.0
Long Creek,IL,78681.0,158100.0
Long Grove,IL,236172.0,721100.0
Long Lake,IL,95950.0,171300.0
Long Point,IL,47188.0,82100.0
Longview,IL,83750.0,51300.0
Loraine,IL,54241.0,80700.0
Lorenzo,IL,,
Lostant,IL,75625.0,95500.0
Lost Nation,IL,104904.0,214300.0
Louisville,IL,39517.0,79500.0
Loves Park,IL,56370.0,138900.0
Lovington,IL,52566.0,83100.0
Lowpoint,IL,,80400.0
Ludlow,IL,45417.0,65000.0
Lyndon,IL,50682.0,109400.0
Lynn Center,IL,,
Lynnville,IL,47917.0,58000.0
Lynwood,IL,80789.0,195900.0
Lyons,IL,59399.0,222700.0
McClure,IL,56250.0,58600.0
McCook,IL,73125.0,275000.0
McCullom Lake,IL,69915.0,155500.0
Macedonia,IL,22500.0,
McHenry,IL,83651.0,227300.0
Machesney Park,IL,71098.0,151900.0
Mackinaw,IL,71058.0,149200.0
McLean,IL,90781.0,120200.0
McLeansboro,IL,44871.0,79700.0
McNabb,IL,88500.0,122600.0
Macomb,IL,35064.0,103800.0
Macon,IL,64412.0,109700.0
Madison,IL,41429.0,51700.0
Maeystown,IL,75625.0,225000.0
Magnolia,IL,66250.0,122100.0
Mahomet,IL,114083.0,275200.0
Makanda,IL,76563.0,251300.0
Malden,IL,61042.0,95800.0
Malta,IL,82212.0,171800.0
Manchester,IL,70893.0,84500.0
Manhattan,IL,123307.0,298500.0
Manito,IL,65066.0,109300.0
Manlius,IL,61250.0,84000.0
Mansfield,IL,76875.0,129700.0
Manteno,IL,90370.0,235600.0
Maple Park,IL,116806.0,254500.0
Mapleton,IL,63182.0,96400.0
Maquon,IL,55250.0,67000.0
Marcelline,IL,,
Marengo,IL,71196.0,188500.0
Marietta,IL,63125.0,80000.0
Marine,IL,71042.0,149400.0
Marion,IL,54052.0,143600.0
Marissa,IL,48644.0,86900.0
Mark,IL,82500.0,153400.0
Markham,IL,47955.0,101700.0
Marley,IL,,
Maroa,IL,62500.0,128500.0
Marquette Heights,IL,65202.0,119000.0
Marseilles,IL,57583.0,119000.0
Marshall,IL,64018.0,111000.0
Martinsville,IL,53875.0,73200.0
Martinton,IL,93125.0,112500.0
Maryville,IL,96373.0,240000.0
Mascoutah,IL,93403.0,202200.0
Mason,IL,60417.0,71700.0
Mason City,IL,59250.0,91800.0
Matherville,IL,70556.0,131300.0
Matteson,IL,88591.0,226000.0
Mattoon,IL,45953.0,90600.0
Maunie,IL,34000.0,42500.0
Maywood,IL,64767.0,195700.0
Mazon,IL,75227.0,192600.0
Mechanicsburg,IL,76875.0,204800.0
Media,IL,70357.0,82900.0
Medora,IL,70500.0,85500.0
Melrose Park,IL,64400.0,248500.0
Melvin,IL,50000.0,64300.0
Mendon,IL,65875.0,98700.0
Mendota,IL,60601.0,122200.0
Menominee,IL,94375.0,243800.0
Meredosia,IL,54554.0,74000.0
Merrionette Park,IL,52286.0,145900.0
Merritt,IL,,
Metamora,IL,83793.0,200700.0
Metcalf,IL,52188.0,50800.0
Metropolis,IL,46397.0,97700.0
Mettawa,IL,158281.0,779200.0
Meyer,IL,,
Middletown,IL,58750.0,57000.0
Midlothian,IL,66994.0,182300.0
Milan,IL,60304.0,125700.0
Milford,IL,48162.0,58400.0
Millbrook,IL,116875.0,307500.0
Mill Creek,IL,,38800.0
Milledgeville,IL,54583.0,83400.0
Millersburg,IL,23836.0,131500.0
Millington,IL,78864.0,187900.0
Mill Shoals,IL,56667.0,70600.0
Millstadt,IL,97031.0,195600.0
Milton,IL,45893.0,68800.0
Mineral,IL,40833.0,65800.0
Minier,IL,74792.0,130600.0
Minonk,IL,57169.0,120000.0
Minooka,IL,119730.0,266600.0
Mitchell,IL,52000.0,97200.0
Modesto,IL,66458.0,74100.0
Mokena,IL,122235.0,369200.0
Moline,IL,63553.0,141100.0
Momence,IL,54207.0,151900.0
Monee,IL,86849.0,221100.0
Monmouth,IL,58991.0,90000.0
Monroe Center,IL,86375.0,137900.0
Montgomery,IL,105240.0,263600.0
Monticello,IL,78295.0,196700.0
Montrose,IL,57500.0,105000.0
Moro,IL,81090.0,233800.0
Morris,IL,73909.0,232000.0
Morrison,IL,67683.0,113700.0
Morrisonville,IL,74583.0,100400.0
Morton,IL,86000.0,223000.0
Morton Grove,IL,102940.0,366300.0
Mossville,IL,,91700.0
Mound City,IL,37500.0,46100.0
Mounds,IL,26667.0,
Mound Station,IL,71979.0,110800.0
Mount Auburn,IL,48750.0,81900.0
Mount Carmel,IL,44723.0,84500.0
Mount Carroll,IL,63992.0,95200.0
Mount Clare,IL,48750.0,89000.0
Mount Erie,IL,47250.0,78800.0
Mount Morris,IL,38359.0,122700.0
Mount Olive,IL,46824.0,93900.0
Mount Prospect,IL,100526.0,367900.0
Mount Pulaski,IL,67970.0,112200.0
Mount Sterling,IL,55000.0,98800.0
Mount Vernon,IL,48786.0,88800.0
Mount Zion,IL,99798.0,177600.0
Moweaqua,IL,69583.0,101200.0
Muddy,IL,,
Mulberry Grove,IL,55132.0,78400.0
Mulkeytown,IL,,99500.0
Muncie,IL,76500.0,77700.0
Mundelein,IL,99924.0,274700.0
Murphysboro,IL,41535.0,80200.0
Murrayville,IL,57841.0,100700.0
Nachusa,IL,88750.0,98700.0
Naperville,IL,143754.0,482600.0
Naplate,IL,51000.0,131300.0
Naples,IL,,53000.0
Nashville,IL,65719.0,142900.0
Nason,IL,49609.0,74300.0
Nauvoo,IL,46429.0,116300.0
Nebo,IL,40000.0,40400.0
Nekoma,IL,18625.0,
Nelson,IL,38750.0,93000.0
Neoga,IL,65313.0,106400.0
Neponset,IL,71250.0,69100.0
Newark,IL,123036.0,208400.0
New Athens,IL,62639.0,116400.0
New Baden,IL,72295.0,172600.0
New Bedford,IL,57500.0,72500.0
New Berlin,IL,73750.0,153000.0
New Boston,IL,54821.0,85000.0
New Burnside,IL,50313.0,74000.0
New Canton,IL,34643.0,58100.0
New Douglas,IL,48150.0,83300.0
New Grand Chain,IL,37500.0,51900.0
New Haven,IL,34432.0,53300.0
New Holland,IL,83750.0,85800.0
New Lenox,IL,129797.0,357000.0
Newman,IL,70597.0,98600.0
New Milford,IL,68833.0,115800.0
New Minden,IL,64531.0,91600.0
New Salem,IL,57292.0,95200.0
Newton,IL,55109.0,90800.0
Niantic,IL,61307.0,99800.0
Niles,IL,75783.0,336200.0
Nilwood,IL,44583.0,39800.0
Niota,IL,,
Noble,IL,42875.0,53900.0
Nokomis,IL,60938.0,80900.0
Nora,IL,51473.0,68000.0
Normal,IL,63965.0,194400.0
Norridge,IL,84539.0,342200.0
Norris,IL,57750.0,66300.0
Norris City,IL,38558.0,71700.0
North Aurora,IL,104547.0,300900.0
North Barrington,IL,212321.0,675700.0
Northbrook,IL,150236.0,621600.0
North Chicago,IL,52011.0,130400.0
North City,IL,49167.0,107400.0
Northfield,IL,146538.0,719700.0
North Henderson,IL,77500.0,90800.0
Northlake,IL,71767.0,227300.0
North Pekin,IL,76076.0,114400.0
North Riverside,IL,63625.0,291200.0
North Utica,IL,95938.0,208200.0
Norwood,IL,64500.0,95300.0
Oak Brook,IL,158663.0,825600.0
Oakbrook Terrace,IL,68125.0,355800.0
Oakdale,IL,84286.0,96700.0
Oakford,IL,63182.0,92500.0
Oak Forest,IL,89758.0,232400.0
Oak Grove,IL,40486.0,
Oakland,IL,48750.0,91700.0
Oak Lawn,IL,77221.0,250900.0
Oak Park,IL,103264.0,440500.0
Oak Run,IL,117375.0,267300.0
Oakwood,IL,47344.0,103800.0
Oakwood Hills,IL,107857.0,249700.0
Oblong,IL,53611.0,74200.0
Oconee,IL,62813.0,91000.0
Odell,IL,62292.0,113700.0
Odin,IL,41010.0,95300.0
O'Fallon,IL,102560.0,260700.0
Ogden,IL,83750.0,152700.0
Oglesby,IL,64178.0,123100.0
Ohio,IL,58375.0,94000.0
Ohlman,IL,49063.0,104200.0
Okawville,IL,78950.0,154100.0
Old Mill Creek,IL,69688.0,
Old Ripley,IL,55750.0,58800.0
Old Shawneetown,IL,,13600.0
Olive Branch,IL,,63800.0
Olivet,IL,67778.0,110400.0
Olmsted,IL,45000.0,77500.0
Olney,IL,57260.0,92300.0
Olympia Fields,IL,98659.0,275500.0
Omaha,IL,54107.0,47500.0
Onarga,IL,57188.0,95500.0
Oneida,IL,62700.0,98600.0
Opdyke,IL,60972.0,54100.0
Ophiem,IL,63571.0,94300.0
Oquawka,IL,41694.0,85500.0
Orangeville,IL,63690.0,136100.0
Oreana,IL,90469.0,126500.0
Oregon,IL,72443.0,133200.0
Orient,IL,37938.0,46700.0
Orion,IL,88529.0,162800.0
Orland Hills,IL,92830.0,245300.0
Orland Park,IL,97365.0,337800.0
Osco,IL,,129800.0
Oswego,IL,112109.0,300400.0
Ottawa,IL,67940.0,140200.0
Otterville,IL,60795.0,54700.0
Owaneco,IL,67273.0,85900.0
Oxville,IL,,93600.0
Paderborn,IL,,
Palatine,IL,93383.0,337200.0
Palestine,IL,59659.0,71000.0
Palmer,IL,51964.0,81100.0
Palmyra,IL,39583.0,78800.0
Paloma,IL,,126600.0
Palos Heights,IL,105366.0,334700.0
Palos Hills,IL,79306.0,241000.0
Palos Park,IL,128370.0,445200.0
Pana,IL,47763.0,82300.0
Panama,IL,59643.0,68600.0
Panola,IL,,119600.0
Papineau,IL,46250.0,100000.0
Paris,IL,50080.0,78600.0
Park City,IL,58540.0,24500.0
Parkersburg,IL,44722.0,54300.0
Park Forest,IL,58907.0,94700.0
Park Ridge,IL,137964.0,518500.0
Patoka,IL,69091.0,77000.0
Pawnee,IL,75602.0,146200.0
Paw Paw,IL,58571.0,141700.0
Paxton,IL,59040.0,114000.0
Payson,IL,64313.0,114500.0
Pearl,IL,51875.0,31500.0
Pearl City,IL,61000.0,121900.0
Pecatonica,IL,69250.0,129000.0
Pekin,IL,52507.0,114700.0
Penfield,IL,96667.0,95700.0
Peoria,IL,58068.0,146700.0
Peoria Heights,IL,59286.0,105300.0
Peotone,IL,84375.0,246000.0
Percy,IL,40556.0,110100.0
Perry,IL,36250.0,66300.0
Peru,IL,61809.0,155300.0
Pesotum,IL,80938.0,153500.0
Petersburg,IL,70762.0,176900.0
Phillipstown,IL,,147900.0
Philo,IL,103621.0,181900.0
Phoenix,IL,24491.0,82800.0
Pierron,IL,60417.0,98300.0
Pinckneyville,IL,36893.0,108500.0
Pingree Grove,IL,106597.0,292400.0
Piper City,IL,38750.0,83400.0
Pistakee Highlands,IL,91406.0,191800.0
Pittsburg,IL,60536.0,95300.0
Pittsfield,IL,47950.0,108100.0
Plainfield,IL,143064.0,377200.0
Plainville,IL,65750.0,85000.0
Plano,IL,88018.0,202800.0
Plattville,IL,106875.0,252100.0
Pleasant Hill,IL,50179.0,69700.0
Pleasant Plains,IL,78611.0,137500.0
Plum Valley,IL,205444.0,284100.0
Plymouth,IL,50341.0,54600.0
Pocahontas,IL,47143.0,86900.0
Polo,IL,57931.0,107000.0
Pontiac,IL,55226.0,111300.0
Pontoon Beach,IL,62176.0,141400.0
Pontoosuc,IL,51250.0,95000.0
Poplar Grove,IL,91023.0,232200.0
Port Barrington,IL,146000.0,353800.0
Port Byron,IL,92159.0,256300.0
Posen,IL,60094.0,152500.0
Potomac,IL,54500.0,84600.0
Prairie City,IL,39167.0,80600.0
Prairie du Rocher,IL,71000.0,89900.0
Prairie Grove,IL,130938.0,425200.0
Prairietown,IL,103547.0,107200.0
Preemption,IL,75972.0,150000.0
Prestbury,IL,126667.0,348400.0
Preston Heights,IL,47656.0,139500.0
Princeton,IL,55926.0,136400.0
Princeville,IL,78333.0,161800.0
Prophetstown,IL,65250.0,109400.0
Prospect Heights,IL,84459.0,336900.0
Pulaski,IL,31184.0,85700.0
Quincy,IL,54199.0,141200.0
Radom,IL,46750.0,64300.0
Raleigh,IL,49861.0,77200.0
Ramsey,IL,43083.0,58600.0
Rankin,IL,36607.0,58700.0
Ransom,IL,67250.0,108000.0
Rantoul,IL,46078.0,102000.0
Rapids City,IL,89500.0,202600.0
Raritan,IL,80417.0,75000.0
Raymond,IL,64167.0,98800.0
Red Bud,IL,66563.0,166900.0
Reddick,IL,68750.0,126500.0
Redmon,IL,56786.0,74400.0
Rentchler,IL,,
Rest Haven,IL,,189500.0
Reynolds,IL,75000.0,140000.0
Richfield,IL,,
Richmond,IL,62756.0,226200.0
Richton Park,IL,69691.0,182800.0
Richview,IL,56875.0,85000.0
Ridge Farm,IL,52961.0,77000.0
Ridgefield,IL,109554.0,264900.0
Ridgewood,IL,76250.0,128900.0
Ridgway,IL,44777.0,69600.0
Ridott,IL,55625.0,99300.0
Riggston,IL,,
Riley,IL,,
Ringwood,IL,142750.0,339200.0
Rio,IL,73750.0,101800.0
Ripley,IL,45417.0,39200.0
Ritchie,IL,62143.0,183100.0
Riverdale,IL,41144.0,97700.0
River Forest,IL,144784.0,668900.0
River Grove,IL,72466.0,240700.0
Riverside,IL,149464.0,471100.0
Riverton,IL,54613.0,132000.0
Riverwoods,IL,233036.0,776900.0
Roanoke,IL,69250.0,140900.0
Robbins,IL,47174.0,105600.0
Roberts,IL,61818.0,62700.0
Robinson,IL,57500.0,94700.0
Rochelle,IL,55974.0,138800.0
Rochester,IL,107800.0,225800.0
Rockbridge,IL,81429.0,90700.0
Rock City,IL,57083.0,119200.0
Rockdale,IL,49246.0,164400.0
Rock Falls,IL,48390.0,83300.0
Rockford,IL,50744.0,114100.0
Rock Island,IL,55732.0,115600.0
Rock Island Arsenal,IL,50972.0,
Rockport,IL,87969.0,48000.0
Rockton,IL,111065.0,217400.0
Rockwood,IL,51250.0,77500.0
Rolling Meadows,IL,91287.0,281300.0
Rome,IL,83533.0,152600.0
Romeoville,IL,96409.0,233900.0
Roodhouse,IL,49911.0,64800.0
Roscoe,IL,98750.0,213300.0
Rose Hill,IL,38750.0,52000.0
Roselle,IL,104167.0,301600.0
Rosemont,IL,70455.0,382100.0
Roseville,IL,52798.0,100800.0
Rosewood Heights,IL,79842.0,121800.0
Rosiclare,IL,41406.0,62500.0
Rossville,IL,62500.0,93300.0
Round Lake,IL,92165.0,248100.0
Round Lake Beach,IL,83293.0,172000.0
Round Lake Heights,IL,77174.0,194900.0
Round Lake Park,IL,56097.0,151100.0
Roxana,IL,61528.0,94400.0
Royal,IL,88250.0,146600.0
Royal Lakes,IL,,55800.0
Royalton,IL,44313.0,55400.0
Ruma,IL,74375.0,133100.0
Rushville,IL,49719.0,82800.0
Russellville,IL,38929.0,43500.0
Rutland,IL,51250.0,76100.0
Sadorus,IL,73750.0,126300.0
Sailor Springs,IL,71607.0,
St. Anne,IL,61705.0,121100.0
St. Augustine,IL,48750.0,56400.0
St. Charles,IL,110346.0,351300.0
St. David,IL,50792.0,61600.0
St. Elmo,IL,46250.0,75900.0
Ste. Marie,IL,73125.0,95800.0
St. Francisville,IL,56806.0,58900.0
St. Jacob,IL,94531.0,181400.0
St. Johns,IL,43125.0,95000.0
St. Joseph,IL,101087.0,231500.0
St. Libory,IL,108167.0,160200.0
St. Peter,IL,65208.0,91700.0
St. Rose,IL,107500.0,192200.0
Salem,IL,55536.0,95300.0
Sammons Point,IL,47188.0,170800.0
Sandoval,IL,50148.0,58500.0
Sandwich,IL,81280.0,219100.0
San Jose,IL,62833.0,63100.0
Sauget,IL,58684.0,55300.0
Sauk Village,IL,50393.0,82700.0
Saunemin,IL,65625.0,84600.0
Savanna,IL,45474.0,64700.0
Savoy,IL,86605.0,260800.0
Sawyerville,IL,46161.0,97900.0
Saybrook,IL,50625.0,91900.0
Scales Mound,IL,63125.0,142300.0
Schaumburg,IL,92818.0,303000.0
Schiller Park,IL,65862.0,269700.0
Schram City,IL,58750.0,84400.0
Sciota,IL,,104400.0
Scott AFB,IL,86722.0,
Scottville,IL,,106300.0
Seaton,IL,59375.0,85000.0
Seatonville,IL,45000.0,94600.0
Secor,IL,60625.0,94500.0
Seneca,IL,88487.0,192100.0
Serena,IL,,
Sesser,IL,49681.0,82000.0
Seymour,IL,120703.0,126000.0
Shabbona,IL,60625.0,179700.0
Shannon,IL,59688.0,109000.0
Shawneetown,IL,40231.0,71300.0
Sheffield,IL,68250.0,92700.0
Shelbyville,IL,53859.0,100500.0
Sheldon,IL,42708.0,70300.0
Sheridan,IL,71667.0,162600.0
Sherman,IL,139475.0,285700.0
Sherrard,IL,81696.0,134600.0
Shiloh,IL,94539.0,263900.0
Shipman,IL,54891.0,98400.0
Shirley,IL,55000.0,78300.0
Shorewood,IL,119904.0,304000.0
Shumway,IL,83750.0,96400.0
Sibley,IL,50000.0,69500.0
Sidell,IL,56944.0,67300.0
Sidney,IL,82868.0,173000.0
Sigel,IL,85000.0,151000.0
Silvis,IL,67622.0,130400.0
Simpson,IL,48750.0,
Sims,IL,46364.0,41400.0
Skokie,IL,91892.0,362500.0
Sleepy Hollow,IL,139955.0,351900.0
Smithboro,IL,54375.0,103100.0
Smithfield,IL,58125.0,46400.0
Smithton,IL,106012.0,220700.0
Smithville,IL,121131.0,218000.0
Solon Mills,IL,146122.0,255400.0
Somonauk,IL,78750.0,207700.0
Sorento,IL,44375.0,50800.0
South Barrington,IL,226042.0,891700.0
South Beloit,IL,78781.0,155700.0
South Chicago Heights,IL,52115.0,121500.0
South Elgin,IL,118293.0,283700.0
Southern View,IL,51311.0,99800.0
South Holland,IL,79567.0,181300.0
South Jacksonville,IL,52083.0,138900.0
South Pekin,IL,63542.0,94400.0
South Roxana,IL,59097.0,87000.0
South Wilmington,IL,89063.0,154800.0
Sparland,IL,46250.0,89100.0
Sparta,IL,60407.0,113400.0
Spaulding,IL,110139.0,210400.0
Spillertown,IL,68125.0,118300.0
Spring Bay,IL,58214.0,144500.0
Springerton,IL,44583.0,47100.0
Springfield,IL,62419.0,147700.0
Spring Grove,IL,137891.0,349900.0
Spring Valley,IL,60861.0,118500.0
Standard,IL,45625.0,100800.0
Standard City,IL,60833.0,76500.0
Stanford,IL,80417.0,105100.0
Staunton,IL,61250.0,125400.0
Steeleville,IL,51154.0,153000.0
Steger,IL,58816.0,121900.0
Sterling,IL,49007.0,102400.0
Steward,IL,102188.0,144500.0
Stewardson,IL,57750.0,106600.0
Stickney,IL,67067.0,217600.0
Stillman Valley,IL,81515.0,159100.0
Stockton,IL,50366.0,85600.0
Stonefort,IL,41696.0,59300.0
Stone Park,IL,74448.0,215500.0
Stonington,IL,51406.0,93000.0
Stoy,IL,73021.0,102100.0
Strasburg,IL,66250.0,94800.0
Strawn,IL,66250.0,65000.0
Streamwood,IL,94951.0,244100.0
Streator,IL,46615.0,79000.0
Stronghurst,IL,65446.0,104900.0
Sublette,IL,52813.0,144700.0
Sugar Grove,IL,118628.0,340200.0
Sullivan,IL,63917.0,98200.0
Summerfield,IL,51250.0,70600.0
Summit,IL,51040.0,214200.0
Sumner,IL,44167.0,63400.0
Sunnyland,IL,60341.0,138100.0
Sun River Terrace,IL,39444.0,101300.0
Swansea,IL,85603.0,205500.0
Swedona,IL,,
Sycamore,IL,80785.0,250000.0
Symerton,IL,58750.0,161400.0
Table Grove,IL,48750.0,77300.0
Tallula,IL,63500.0,96700.0
Tamaroa,IL,47500.0,72000.0
Tamms,IL,46146.0,82800.0
Tampico,IL,61429.0,89100.0
Taylor Ridge,IL,,141000.0
Taylor Springs,IL,43155.0,64600.0
Taylorville,IL,49471.0,105000.0
Tennessee,IL,61250.0,70000.0
Teutopolis,IL,89044.0,214800.0
Thawville,IL,41250.0,77900.0
Thayer,IL,57321.0,89000.0
Thebes,IL,51750.0,52200.0
The Galena Territory,IL,112250.0,291300.0
Third Lake,IL,152593.0,318400.0
Thomasboro,IL,60833.0,108700.0
Thompsonville,IL,43352.0,83000.0
Thomson,IL,67500.0,100700.0
Thornton,IL,65714.0,130400.0
Tilden,IL,42411.0,65800.0
Tilton,IL,51364.0,58200.0
Timberlane,IL,179167.0,342900.0
Time,IL,42500.0,70000.0
Tinley Park,IL,99628.0,278300.0
Tiskilwa,IL,55536.0,86800.0
Toledo,IL,58917.0,93800.0
Tolono,IL,82623.0,169300.0
Toluca,IL,51979.0,104400.0
Tonica,IL,65313.0,129400.0
Topeka,IL,72500.0,65000.0
Toulon,IL,51705.0,92000.0
Tovey,IL,84500.0,67800.0
Towanda,IL,67500.0,160800.0
Tower Hill,IL,49688.0,61600.0
Tower Lakes,IL,162083.0,483800.0
Tremont,IL,75469.0,200100.0
Trenton,IL,68500.0,169400.0
Trilla,IL,,95900.0
Triumph,IL,,
Trivoli,IL,64811.0,163700.0
Trout Valley,IL,204688.0,406700.0
Troy,IL,93850.0,232900.0
Troy Grove,IL,76250.0,163800.0
Tuscola,IL,66791.0,150900.0
Twin Grove,IL,105313.0,246500.0
Ullin,IL,67188.0,93500.0
Union,IL,108563.0,218900.0
Union Hill,IL,112750.0,160000.0
Unity,IL,58958.0,78300.0
University Park,IL,63380.0,126600.0
Urbana,IL,41115.0,175100.0
Ursa,IL,57750.0,152800.0
Valier,IL,40469.0,70000.0
Valley City,IL,,
Valmeyer,IL,95625.0,186000.0
Vandalia,IL,37380.0,84800.0
Varna,IL,62344.0,93500.0
Venedy,IL,65000.0,114600.0
Venetian Village,IL,92500.0,203700.0
Venice,IL,34414.0,52300.0
Vergennes,IL,50500.0,86200.0
Vermilion,IL,49464.0,55800.0
Vermont,IL,44375.0,48200.0
Vernon,IL,56250.0,58100.0
Vernon Hills,IL,117253.0,370700.0
Verona,IL,39250.0,111300.0
Versailles,IL,58393.0,91800.0
Victoria,IL,48125.0,68800.0
Vienna,IL,47000.0,81000.0
Villa Grove,IL,61691.0,99500.0
Villa Park,IL,90287.0,293400.0
Viola,IL,68929.0,111400.0
Virden,IL,70292.0,93600.0
Virgil,IL,103750.0,277300.0
Virginia,IL,48438.0,91900.0
Volo,IL,128389.0,273300.0
Wadsworth,IL,115707.0,378300.0
Waggoner,IL,68333.0,55000.0
Walnut,IL,55515.0,102000.0
Walnut Hill,IL,,34500.0
Walshville,IL,68125.0,49300.0
Waltonville,IL,62321.0,92500.0
Wamac,IL,42273.0,26700.0
Wapella,IL,57750.0,94900.0
Warren,IL,71211.0,98300.0
Warrensburg,IL,82778.0,133500.0
Warrenville,IL,95919.0,252900.0
Warsaw,IL,56321.0,89500.0
Washburn,IL,60250.0,86700.0
Washington,IL,87104.0,210400.0
Washington Park,IL,33036.0,34800.0
Wataga,IL,56563.0,88600.0
Waterloo,IL,88019.0,227600.0
Waterman,IL,87292.0,194100.0
Watseka,IL,41774.0,88600.0
Watson,IL,67734.0,90000.0
Wauconda,IL,108229.0,261100.0
Waukegan,IL,66077.0,164400.0
Waverly,IL,52375.0,93800.0
Wayne,IL,165313.0,664100.0
Wayne City,IL,55733.0,100600.0
Waynesville,IL,75972.0,85900.0
Wedron,IL,,
Weldon,IL,46625.0,81700.0
Wellington,IL,43977.0,74000.0
Wenona,IL,38382.0,87900.0
Wenonah,IL,91250.0,95000.0
West Brooklyn,IL,81875.0,107700.0
Westchester,IL,101414.0,284600.0
West Chicago,IL,92335.0,297300.0
West City,IL,44375.0,69200.0
West Dundee,IL,99653.0,332000.0
Western Springs,IL,198836.0,680900.0
Westervelt,IL,,
Westfield,IL,56750.0,66700.0
West Frankfort,IL,41974.0,71700.0
Westlake Village,IL,144688.0,212700.0
West Liberty,IL,56389.0,73800.0
Westmont,IL,82519.0,361200.0
West Peoria,IL,55000.0,93300.0
West Point,IL,73750.0,47500.0
West Salem,IL,53304.0,69600.0
West Union,IL,68906.0,
Westville,IL,54766.0,93600.0
West York,IL,,49400.0
Wheaton,IL,113523.0,430600.0
Wheeler,IL,,
Wheeling,IL,80054.0,237000.0
Whiteash,IL,,
White City,IL,66944.0,111100.0
White Hall,IL,46250.0,54400.0
White Heath,IL,116818.0,165600.0
Williamsfield,IL,72500.0,97400.0
Williamson,IL,55750.0,61000.0
Williamsville,IL,99938.0,181800.0
Willisville,IL,57014.0,56700.0
Willowbrook,IL,95649.0,347200.0
Willowbrook,IL,91324.0,273500.0
Willow Hill,IL,33864.0,55000.0
Willow Lake,IL,85982.0,145500.0
Willow Springs,IL,100775.0,356000.0
Wilmette,IL,183750.0,771500.0
Wilmington,IL,,
Wilmington,IL,66538.0,196900.0
Wilsonville,IL,56250.0,73500.0
Wilton Center,IL,91339.0,259200.0
Winchester,IL,51667.0,94000.0
Windsor,IL,58333.0,93800.0
Windsor,IL,53304.0,87100.0
Winfield,IL,136696.0,351000.0
Winnebago,IL,82708.0,166700.0
Winnetka,IL,250001.0,1192600.0
Winslow,IL,60313.0,95000.0
Winthrop Harbor,IL,94167.0,232400.0
Witt,IL,53301.0,46500.0
Wonder Lake,IL,99844.0,226500.0
Wood Dale,IL,86441.0,280600.0
Woodhull,IL,66000.0,115300.0
Woodland,IL,53269.0,81700.0
Woodlawn,IL,79250.0,131400.0
Woodridge,IL,95756.0,332100.0
Wood River,IL,58813.0,100100.0
Woodson,IL,75250.0,119700.0
Woodstock,IL,82287.0,215600.0
Worden,IL,73833.0,137700.0
Worth,IL,54893.0,212000.0
Wyanet,IL,57188.0,93600.0
Wyoming,IL,55804.0,96600.0
Xenia,IL,47500.0,90400.0
Yale,IL,,90300.0
Yates City,IL,55781.0,91300.0
Yorkville,IL,105322.0,308900.0
Zeigler,IL,41518.0,53700.0
Zion,IL,65018.0,163500.0
Aberdeen,IN,129792.0,342600.0
Abington,IN,70167.0,
Adams,IN,21111.0,81800.0
Adams Lake,IN,89923.0,192600.0
Advance,IN,71042.0,138800.0
Akron,IN,58958.0,112500.0
Alamo,IN,,55000.0
Albany,IN,53246.0,95000.0
Albion,IN,62813.0,115300.0
Alexandria,IN,58269.0,86100.0
Alford,IN,,152100.0
Alfordsville,IN,42917.0,108300.0
Alton,IN,60625.0,
Altona,IN,61392.0,109900.0
Ambia,IN,50000.0,48800.0
Amboy,IN,53750.0,110000.0
Americus,IN,135147.0,357700.0
Amity,IN,31678.0,184500.0
Amo,IN,71932.0,144200.0
Anderson,IN,44974.0,101700.0
Andersonville,IN,39236.0,
Andrews,IN,44570.0,71400.0
Angola,IN,58627.0,166900.0
Anoka,IN,45083.0,11900.0
Antioch,IN,74643.0,184100.0
Arcadia,IN,63750.0,155500.0
Arcola,IN,82917.0,107000.0
Ardmore,IN,42632.0,90200.0
Argos,IN,57283.0,100900.0
Arlington,IN,54565.0,143200.0
Arthur,IN,,
Ashley,IN,59333.0,110200.0
Atlanta,IN,57159.0,111300.0
Attica,IN,60694.0,112800.0
Auburn,IN,58635.0,147300.0
Aurora,IN,44636.0,116600.0
Austin,IN,29880.0,84000.0
Avilla,IN,77583.0,153200.0
Avoca,IN,71591.0,
Avon,IN,98162.0,272800.0
Azalia,IN,,114100.0
Bainbridge,IN,56250.0,125400.0
Barbee,IN,53004.0,168500.0
Bargersville,IN,102045.0,366000.0
Bass Lake,IN,70110.0,170300.0
Batesville,IN,72794.0,208700.0
Battle Ground,IN,94205.0,254200.0
Bear Lake,IN,,57900.0
Beaver Dam,IN,41406.0,
Bedford,IN,49492.0,123200.0
Beech Grove,IN,51352.0,143900.0
Belleville,IN,60197.0,208600.0
Bennetts Switch,IN,92171.0,165400.0
Benton,IN,99583.0,151300.0
Berne,IN,55223.0,138100.0
Bethany,IN,63333.0,
Bethel Village,IN,73158.0,146600.0
Beverly Shores,IN,116071.0,505100.0
Bicknell,IN,49420.0,55400.0
Big Lake,IN,78929.0,139300.0
Billtown,IN,51125.0,46400.0
Bippus,IN,,61000.0
Birdseye,IN,55000.0,101500.0
Blairsville,IN,63804.0,225900.0
Blanford,IN,,
Blocher,IN,93235.0,
Bloomfield,IN,50063.0,98400.0
Bloomingdale,IN,62500.0,83300.0
Blooming Grove,IN,,
Bloomington,IN,46543.0,267900.0
Blountsville,IN,49722.0,67300.0
Blue Ridge,IN,63750.0,
Bluffton,IN,56955.0,121300.0
Boggstown,IN,,
Boone Grove,IN,71500.0,185000.0
Boonville,IN,59229.0,130200.0
Borden,IN,62917.0,165700.0
Boston,IN,55750.0,74200.0
Boswell,IN,46310.0,74000.0
Bourbon,IN,59531.0,145300.0
Bowling Green,IN,,158400.0
Boxley,IN,,
Brazil,IN,50153.0,101300.0
Bremen,IN,63179.0,171200.0
Bretzville,IN,105880.0,260900.0
Bridgeton,IN,,135200.0
Bright,IN,102568.0,228500.0
Brimfield,IN,45221.0,
Bringhurst,IN,,85000.0
Bristol,IN,75046.0,180700.0
Brook,IN,52065.0,95000.0
Brooklyn,IN,66425.0,119600.0
Brooksburg,IN,50313.0,87500.0
Brookston,IN,60370.0,123000.0
Brookville,IN,54537.0,138700.0
Brownsburg,IN,101883.0,253700.0
Browns Crossing,IN,125788.0,118200.0
Brownstown,IN,60393.0,123300.0
Brownsville,IN,65515.0,110500.0
Bruceville,IN,52955.0,69200.0
Bryant,IN,50000.0,47700.0
Buck Creek,IN,85429.0,109600.0
Buckskin,IN,,
Buffalo,IN,120333.0,137800.0
Bunker Hill,IN,50221.0,78800.0
Burket,IN,48676.0,100700.0
Burlington,IN,66111.0,128500.0
Burnett,IN,45313.0,
Burnettsville,IN,63750.0,92900.0
Burney,IN,,
Burns City,IN,,
Burns Harbor,IN,96382.0,224200.0
Burrows,IN,,
Butler,IN,53233.0,92400.0
Butlerville,IN,,
Cadiz,IN,99750.0,58400.0
Cambridge City,IN,46694.0,88700.0
Camden,IN,53750.0,91300.0
Campbellsburg,IN,47083.0,103500.0
Canaan,IN,29550.0,
Cannelburg,IN,52292.0,159700.0
Cannelton,IN,38047.0,79800.0
Canton,IN,69271.0,120400.0
Carbon,IN,67750.0,74300.0
Carlisle,IN,49250.0,58800.0
Carmel,IN,132859.0,425900.0
Carrollton,IN,133491.0,247000.0
Cartersburg,IN,,
Carthage,IN,43958.0,103400.0
Cass,IN,,
Cassville,IN,105313.0,185100.0
Cates,IN,11843.0,10500.0
Cayuga,IN,49449.0,73900.0
Cedar Grove,IN,58906.0,180000.0
Cedar Lake,IN,84444.0,231300.0
Celestine,IN,146719.0,230400.0
Centenary,IN,,130000.0
Center,IN,75446.0,216900.0
Center Point,IN,61250.0,93500.0
Centerton,IN,,
Centerville,IN,51071.0,128300.0
Chain-O-Lakes,IN,53227.0,247600.0
Chalmers,IN,68889.0,116200.0
Chandler,IN,63500.0,127700.0
Charlestown,IN,66285.0,184300.0
Charlottesville,IN,90357.0,142000.0
Chesterfield,IN,49211.0,84800.0
Chesterton,IN,90753.0,265800.0
Chili,IN,65833.0,58300.0
Chrisney,IN,49375.0,88900.0
Churubusco,IN,52009.0,124800.0
Cicero,IN,63288.0,235200.0
Clarksburg,IN,,
Clarks Hill,IN,46875.0,92300.0
Clarksville,IN,53620.0,160400.0
Clay City,IN,56250.0,84700.0
Claypool,IN,51875.0,87100.0
Clayton,IN,87639.0,190100.0
Clear Lake,IN,87813.0,715000.0
Clermont,IN,81818.0,166400.0
Clifford,IN,62125.0,122500.0
Clinton,IN,42092.0,89400.0
Cloverdale,IN,46354.0,116000.0
Cloverland,IN,68472.0,
Coal City,IN,,
Coalmont,IN,103512.0,132400.0
Coatesville,IN,76667.0,155700.0
Coesse,IN,91250.0,118800.0
Colburn,IN,,
Colfax,IN,62500.0,109000.0
Columbia City,IN,58019.0,157300.0
Columbus,IN,75114.0,211700.0
Commiskey,IN,,
Connersville,IN,41769.0,89900.0
Converse,IN,54479.0,94200.0
Cordry Sweetwater Lakes,IN,105673.0,283300.0
Cortland,IN,,
Corunna,IN,63333.0,81700.0
Cory,IN,,117300.0
Corydon,IN,54125.0,113900.0
Country Club Heights,IN,105000.0,241400.0
Country Squire Lakes,IN,50078.0,27900.0
Covington,IN,56136.0,128000.0
Cowan,IN,84063.0,159400.0
Craigville,IN,,
Crandall,IN,41111.0,129200.0
Crane,IN,67500.0,85000.0
Crawfordsville,IN,46918.0,131000.0
Cree Lake,IN,51316.0,
Cromwell,IN,40417.0,116700.0
Cross Plains,IN,36250.0,
Crothersville,IN,50875.0,101700.0
Crown Point,IN,92810.0,250800.0
Crows Nest,IN,206875.0,1656300.0
Culver,IN,40556.0,227400.0
Cumberland,IN,83718.0,204600.0
Cutler,IN,,
Cynthiana,IN,68750.0,100900.0
Dale,IN,52596.0,113800.0
Daleville,IN,54519.0,97000.0
Dana,IN,50425.0,54500.0
Danville,IN,90686.0,232300.0
Darlington,IN,50714.0,113400.0
Darmstadt,IN,89167.0,276700.0
Dayton,IN,69550.0,155800.0
Decatur,IN,54369.0,123900.0
Decker,IN,47500.0,28600.0
Deer Creek,IN,41985.0,93200.0
Delaware,IN,,
Delphi,IN,47688.0,118900.0
De Motte,IN,64415.0,190400.0
Denver,IN,67639.0,93700.0
Depauw,IN,,
Deputy,IN,,
Dillsboro,IN,46510.0,122500.0
Donaldson,IN,,
Dover Hill,IN,,
Dresser,IN,,
Dublin,IN,56641.0,91900.0
Dubois,IN,,86500.0
Dugger,IN,56140.0,74800.0
Dune Acres,IN,212083.0,662500.0
Duneland Beach,IN,,690800.0
Dunkirk,IN,42857.0,65300.0
Dunlap,IN,82368.0,193000.0
Dunreith,IN,56667.0,90000.0
Dupont,IN,59643.0,120800.0
Dyer,IN,98631.0,272900.0
Earl Park,IN,62750.0,88300.0
East Chicago,IN,39434.0,84900.0
East Enterprise,IN,,159700.0
East Germantown,IN,48929.0,86400.0
East Oolitic,IN,73355.0,88900.0
Eaton,IN,46048.0,77900.0
Eckerty,IN,25625.0,96900.0
Economy,IN,50000.0,60000.0
Eden,IN,125446.0,166400.0
Edgewood,IN,77273.0,160300.0
Edinburgh,IN,51496.0,131100.0
Edwardsport,IN,51563.0,54800.0
Elberfeld,IN,100000.0,156500.0
Elizabeth,IN,80000.0,143800.0
Elizabethtown,IN,51875.0,102300.0
Elizaville,IN,,
Elkhart,IN,46534.0,119300.0
Ellettsville,IN,79455.0,207400.0
Elnora,IN,50909.0,79100.0
Elrod,IN,,
Elwood,IN,52139.0,85200.0
Eminence,IN,43542.0,116700.0
Emison,IN,,
Enchanted Hills,IN,61613.0,187900.0
English,IN,26599.0,84600.0
Etna Green,IN,60536.0,100000.0
Eugene,IN,,
Evansville,IN,49853.0,121100.0
Everton,IN,61750.0,97400.0
Fairbanks,IN,96563.0,151700.0
Fairland,IN,45000.0,175300.0
Fairmount,IN,48235.0,92200.0
Fair Oaks,IN,59844.0,
Fairview,IN,,
Fairview Park,IN,48750.0,106000.0
Farmersburg,IN,64167.0,74100.0
Farmland,IN,39639.0,89600.0
Ferdinand,IN,71453.0,160000.0
Fillmore,IN,80366.0,104000.0
Fishers,IN,126548.0,339000.0
Fishersburg,IN,,102600.0
Fish Lake,IN,66554.0,159200.0
Flat Rock,IN,65662.0,136000.0
Flora,IN,58295.0,110400.0
Florence,IN,,
Floyds Knobs,IN,127667.0,310900.0
Folsomville,IN,,341700.0
Fontanet,IN,,
Forest,IN,,93000.0
Fort Branch,IN,64034.0,169000.0
Fortville,IN,79806.0,217000.0
Fort Wayne,IN,58233.0,152500.0
Foster,IN,58625.0,165600.0
Fountain City,IN,48802.0,86400.0
Fountaintown,IN,,152200.0
Fowler,IN,49495.0,106600.0
Fowlerton,IN,41688.0,75400.0
Foxcliff Estates,IN,141016.0,377900.0
Francesville,IN,71538.0,117500.0
Francisco,IN,63750.0,89500.0
Frankfort,IN,49821.0,111200.0
Franklin,IN,72344.0,195100.0
Frankton,IN,57250.0,106300.0
Fredericksburg,IN,,
Freelandville,IN,56250.0,82600.0
Freetown,IN,,94400.0
Fremont,IN,57500.0,119900.0
French Lick,IN,55074.0,80000.0
Fulton,IN,44844.0,74000.0
Galena,IN,105379.0,249500.0
Galveston,IN,53955.0,114200.0
Garrett,IN,61814.0,131600.0
Gary,IN,36874.0,81800.0
Gas City,IN,58778.0,115100.0
Gaston,IN,49271.0,80500.0
Geneva,IN,57500.0,114800.0
Geneva,IN,57431.0,
Gentryville,IN,46901.0,112500.0
Georgetown,IN,105368.0,236500.0
Gilmer Park,IN,73580.0,130200.0
Glenwood,IN,64375.0,85600.0
Glezen,IN,,126200.0
Goldsmith,IN,151114.0,273200.0
Goodland,IN,56494.0,85600.0
Goshen,IN,52233.0,163700.0
Gosport,IN,59219.0,105600.0
Grabill,IN,57222.0,145400.0
Grammer,IN,122778.0,
Grandview,IN,46161.0,103400.0
Grandview Lake,IN,,637100.0
Granger,IN,112734.0,279800.0
Grantsburg,IN,62875.0,
Grayford,IN,,116900.0
Graysville,IN,,
Greencastle,IN,51836.0,148600.0
Greendale,IN,70668.0,168600.0
Greenfield,IN,69571.0,181500.0
Green Hill,IN,,220800.0
Greensboro,IN,,96900.0
Greensburg,IN,61864.0,160800.0
Greens Fork,IN,69844.0,88300.0
Greentown,IN,57083.0,113400.0
Greenville,IN,124073.0,274800.0
Greenwood,IN,75398.0,226500.0
Griffin,IN,61250.0,69000.0
Griffith,IN,74350.0,182800.0
Grissom AFB,IN,53542.0,80100.0
Groveland,IN,83511.0,215500.0
Groverton,IN,2499.0,66600.0
Gwynneville,IN,108523.0,142000.0
Hagerstown,IN,66500.0,115000.0
Hamburg,IN,,
Hamilton,IN,64547.0,245100.0
Hamlet,IN,55000.0,98500.0
Hammond,IN,52368.0,129100.0
Hanna,IN,36272.0,123600.0
Hanover,IN,55313.0,126600.0
Hardinsburg,IN,31667.0,100900.0
Harlan,IN,76750.0,160800.0
Harmony,IN,59375.0,117300.0
Harrison Lake,IN,173618.0,612200.0
Harrodsburg,IN,,200000.0
Hartford City,IN,37584.0,68300.0
Hartsville,IN,62321.0,127800.0
Hashtown,IN,,
Hatfield,IN,46289.0,108600.0
Haubstadt,IN,78033.0,215000.0
Hayden,IN,124309.0,96500.0
Haysville,IN,111442.0,96600.0
Hazleton,IN,50536.0,58800.0
Hartz Lake,IN,,
Hebron,IN,70500.0,175300.0
Hedrick,IN,,
Helmer,IN,46458.0,93500.0
Helmsburg,IN,,76600.0
Heltonville,IN,57750.0,
Hemlock,IN,,
Henryville,IN,72768.0,175300.0
Herbst,IN,36325.0,
Heritage Lake,IN,76573.0,226400.0
Hessen Cassel,IN,133500.0,337900.0
Hidden Valley,IN,112500.0,235600.0
Highland,IN,74991.0,197700.0
Highland,IN,90787.0,206700.0
Hillisburg,IN,,
Hillsboro,IN,63542.0,85300.0
Hillsdale,IN,83375.0,96800.0
Hoagland,IN,65750.0,151800.0
Hobart,IN,69398.0,193500.0
Hobbs,IN,81250.0,134100.0
Hoffman Lake,IN,79643.0,194800.0
Holiday Woods,IN,,75900.0
Holland,IN,61667.0,106800.0
Holton,IN,65714.0,82000.0
Homecroft,IN,83125.0,181400.0
Homer,IN,138041.0,87400.0
Hope,IN,60268.0,118100.0
Hortonville,IN,66964.0,
Howe,IN,48051.0,136800.0
Hudson,IN,58333.0,84600.0
Hudson Lake,IN,88885.0,119700.0
Huntertown,IN,102067.0,225100.0
Huntingburg,IN,50023.0,112100.0
Huntington,IN,50748.0,95000.0
Huron,IN,82907.0,
Hymera,IN,45438.0,81900.0
Idaville,IN,46304.0,94700.0
Independence,IN,,
Indianapolis (balance),IN,59110.0,184600.0
Indian Village,IN,75125.0,181300.0
Ingalls,IN,70313.0,143600.0
Ireland,IN,111328.0,
Jalapa,IN,,
Jamestown,IN,67821.0,149300.0
Jasonville,IN,37866.0,56500.0
Jasper,IN,62657.0,185500.0
Jefferson,IN,36061.0,133000.0
Jeffersonville,IN,67566.0,187700.0
Jerome,IN,,
Jimmerson Lake,IN,96653.0,359400.0
Johnson,IN,36426.0,
Jonesboro,IN,42500.0,73700.0
Jonesville,IN,48750.0,99000.0
Judah,IN,113385.0,140500.0
Judson,IN,13194.0,
Judyville,IN,,
Kempton,IN,44323.0,79500.0
Kendallville,IN,59971.0,119800.0
Kennard,IN,59750.0,103100.0
Kent,IN,,
Kentland,IN,55329.0,95100.0
Kewanna,IN,52143.0,56500.0
Keystone,IN,53977.0,
Kimmell,IN,36667.0,126800.0
Kingman,IN,26667.0,92800.0
Kingsbury,IN,51250.0,128100.0
Kingsford Heights,IN,54387.0,86300.0
Kirklin,IN,49643.0,84700.0
Knightstown,IN,53375.0,109000.0
Knightsville,IN,52500.0,92300.0
Knox,IN,47967.0,121300.0
Kokomo,IN,53967.0,118400.0
Koontz Lake,IN,68875.0,116800.0
Kouts,IN,74609.0,198100.0
Kramer,IN,,
Laconia,IN,39375.0,48300.0
La Crosse,IN,59464.0,121900.0
Ladoga,IN,63750.0,101900.0
Lafayette,IN,50674.0,145200.0
La Fontaine,IN,53558.0,77700.0
Lagrange,IN,48611.0,115200.0
Lagro,IN,49318.0,58000.0
Lake Bruce,IN,30781.0,130800.0
Lake Cicott,IN,89306.0,148400.0
Lake Dalecarlia,IN,107214.0,243600.0
Lake Eliza,IN,82560.0,160200.0
Lake Everett,IN,91250.0,119600.0
Lake Holiday,IN,106131.0,237300.0
Lake Holiday Hideaway,IN,58162.0,93100.0
Lake of the Woods,IN,63472.0,211500.0
Lake Santee,IN,132167.0,234400.0
Lakeshore Resort,IN,,
Lakes of the Four Seasons,IN,112063.0,285000.0
Lake Station,IN,53588.0,103200.0
Laketon,IN,51111.0,113800.0
Lake View,IN,2499.0,
Lake Village,IN,,135100.0
Lakeville,IN,46500.0,109700.0
Lakewood,IN,99351.0,237900.0
Lamb,IN,95922.0,
Landess,IN,,
Lanesville,IN,79800.0,210100.0
Laotto,IN,44347.0,148000.0
La Paz,IN,73098.0,118100.0
Lapel,IN,69028.0,172000.0
La Porte,IN,55031.0,135800.0
Larwill,IN,55625.0,80700.0
Laud,IN,100313.0,
Laurel,IN,23125.0,72400.0
Lawrence,IN,70762.0,193100.0
Lawrenceburg,IN,41557.0,165700.0
Lawrenceport,IN,,
Leavenworth,IN,53385.0,101800.0
Lebanon,IN,63125.0,170500.0
Leesburg,IN,97083.0,166500.0
Leiters Ford,IN,40236.0,283000.0
Leo-Cedarville,IN,101042.0,259300.0
Leopold,IN,,
Letts,IN,,
Lewis,IN,,
Lewisville,IN,46250.0,89200.0
Liberty,IN,57754.0,121300.0
Liberty Center,IN,68594.0,103800.0
Liberty Mills,IN,53750.0,
Libertyville,IN,57759.0,69400.0
Ligonier,IN,54701.0,98900.0
Lincoln,IN,67039.0,96300.0
Linden,IN,55417.0,99800.0
Linn Grove,IN,,
Linnsburg,IN,,
Linton,IN,38438.0,77900.0
Little York,IN,67500.0,146400.0
Livonia,IN,61250.0,107100.0
Lizton,IN,103365.0,180000.0
Logansport,IN,45335.0,80400.0
London,IN,,
Long Beach,IN,112813.0,601200.0
Loogootee,IN,46136.0,106000.0
Losantville,IN,49583.0,75900.0
Lowell,IN,77375.0,206900.0
Lucerne,IN,40625.0,79200.0
Lyford,IN,81000.0,120800.0
Lynn,IN,43864.0,77700.0
Lynnville,IN,63958.0,117400.0
Lyons,IN,49176.0,68400.0
McCordsville,IN,103539.0,298800.0
Mace,IN,83491.0,129700.0
Mackey,IN,,122500.0
Macy,IN,60625.0,52500.0
Madison,IN,53113.0,169900.0
Malden,IN,66863.0,
Manilla,IN,55192.0,100400.0
Maples,IN,54205.0,111100.0
Marengo,IN,36944.0,75900.0
Mariah Hill,IN,,262500.0
Marietta,IN,108333.0,118500.0
Marion,IN,42366.0,79500.0
Marion,IN,66635.0,273400.0
Markle,IN,59500.0,118300.0
Markleville,IN,74167.0,134800.0
Marshall,IN,40625.0,85500.0
Marshfield,IN,157917.0,
Martinsburg,IN,,
Martinsville,IN,57383.0,136000.0
Matthews,IN,43281.0,73300.0
Mauckport,IN,,
Maxwell,IN,,
Mays,IN,42022.0,
Mecca,IN,39688.0,53300.0
Medaryville,IN,61786.0,73500.0
Medora,IN,50852.0,72200.0
Mellott,IN,,128100.0
Melody Hill,IN,87727.0,179700.0
Memphis,IN,86875.0,220200.0
Mentone,IN,62396.0,96800.0
Meridian Hills,IN,198889.0,648400.0
Merom,IN,40938.0,49600.0
Merriam,IN,67574.0,181900.0
Merrillville,IN,62221.0,176600.0
Metamora,IN,,121700.0
Metz,IN,,
Mexico,IN,78125.0,100400.0
Miami,IN,,
Michiana Shores,IN,87500.0,414900.0
Michigan City,IN,51554.0,116000.0
Michigantown,IN,63750.0,116900.0
Middlebury,IN,58355.0,89700.0
Middlebury,IN,78056.0,223200.0
Middletown,IN,56090.0,97100.0
Midland,IN,,114300.0
Mier,IN,,
Milan,IN,53047.0,131300.0
Milford,IN,,81100.0
Milford,IN,46650.0,126500.0
Millersburg,IN,73750.0,151000.0
Millgrove,IN,65938.0,85600.0
Millhousen,IN,70000.0,165900.0
Milltown,IN,56071.0,118200.0
Millville,IN,,
Milroy,IN,82917.0,92000.0
Milton,IN,40139.0,82300.0
Mineral Springs,IN,108246.0,197500.0
Mishawaka,IN,51543.0,128200.0
Mitchell,IN,51025.0,97100.0
Modoc,IN,58625.0,73300.0
Mongo,IN,98913.0,
Monon,IN,52596.0,80900.0
Monroe,IN,68125.0,131700.0
Monroe City,IN,54375.0,87800.0
Monroeville,IN,51732.0,99600.0
Monrovia,IN,84688.0,190000.0
Monterey,IN,37134.0,87500.0
Montezuma,IN,53152.0,71000.0
Montgomery,IN,81364.0,212500.0
Monticello,IN,48847.0,120800.0
Montmorenci,IN,,233100.0
Montpelier,IN,47734.0,68200.0
Mooreland,IN,49464.0,77200.0
Moores Hill,IN,60125.0,108700.0
Mooresville,IN,68089.0,178500.0
Morgantown,IN,50257.0,122900.0
Morocco,IN,53472.0,109000.0
Morris,IN,59922.0,194600.0
Morristown,IN,49702.0,114500.0
Mount Auburn,IN,65714.0,112500.0
Mount Ayr,IN,46750.0,86000.0
Mount Carmel,IN,80625.0,
Mount Etna,IN,51875.0,83900.0
Mount Summit,IN,64000.0,137500.0
Mount Vernon,IN,58370.0,156900.0
Mulberry,IN,47917.0,117700.0
Muncie,IN,40309.0,88000.0
Munster,IN,101851.0,282200.0
Napoleon,IN,24792.0,118800.0
Nappanee,IN,68750.0,193400.0
Nashville,IN,51042.0,197400.0
Needham,IN,,
Needmore,IN,44181.0,63100.0
New Albany,IN,53982.0,160600.0
New Amsterdam,IN,103565.0,95000.0
Newbern,IN,103125.0,150000.0
Newberry,IN,51250.0,76400.0
Newburgh,IN,67772.0,192600.0
New Carlisle,IN,66371.0,178900.0
New Castle,IN,46925.0,90300.0
New Chicago,IN,56761.0,112700.0
New Goshen,IN,71655.0,76200.0
New Harmony,IN,48611.0,168600.0
New Haven,IN,63744.0,141300.0
New Lebanon,IN,106607.0,148800.0
New Lisbon,IN,,
New London,IN,57857.0,190000.0
New Marion,IN,,
New Market,IN,66250.0,125000.0
New Middletown,IN,58750.0,110400.0
New Palestine,IN,86082.0,272500.0
New Paris,IN,76118.0,163000.0
New Pekin,IN,49444.0,120000.0
New Point,IN,54432.0,119600.0
Newport,IN,51563.0,61600.0
New Richmond,IN,75750.0,80000.0
New Ross,IN,53438.0,114000.0
New Salisbury,IN,,208500.0
Newtonville,IN,77000.0,133300.0
Newtown,IN,53125.0,83800.0
New Trenton,IN,80592.0,
New Washington,IN,70298.0,108300.0
New Whiteland,IN,83958.0,170200.0
Nineveh,IN,53000.0,169800.0
Noblesville,IN,99458.0,295700.0
North Crows Nest,IN,250001.0,1517900.0
North Grove,IN,,
North Judson,IN,51071.0,120300.0
North Liberty,IN,58125.0,153300.0
North Manchester,IN,63029.0,133900.0
North Salem,IN,70179.0,155800.0
North Terre Haute,IN,57531.0,121200.0
North Vernon,IN,46889.0,105100.0
North Webster,IN,58421.0,180700.0
Norway,IN,49375.0,108700.0
Notre Dame,IN,,
Nyona Lake,IN,60568.0,117500.0
Oakland City,IN,46981.0,92400.0
Oaktown,IN,,67800.0
Oakville,IN,37917.0,87700.0
Odon,IN,40341.0,135000.0
Ogden Dunes,IN,129375.0,414300.0
Oldenburg,IN,72955.0,249000.0
Ontario,IN,68882.0,220100.0
Onward,IN,,63800.0
Oolitic,IN,58750.0,117300.0
Ora,IN,90625.0,65300.0
Orestes,IN,56591.0,78800.0
Orland,IN,50833.0,109900.0
Orleans,IN,60873.0,107600.0
Osceola,IN,60597.0,146600.0
Osgood,IN,49167.0,108700.0
Ossian,IN,56326.0,166700.0
Oswego,IN,57167.0,242000.0
Otisco,IN,40000.0,
Otterbein,IN,58864.0,118200.0
Otter Lake,IN,101875.0,291700.0
Otwell,IN,,
Owensburg,IN,37341.0,9999.0
Owensville,IN,58125.0,112500.0
Oxford,IN,45833.0,99800.0
Painted Hills,IN,89123.0,236100.0
Palestine,IN,64306.0,130700.0
Palmyra,IN,47500.0,137800.0
Paoli,IN,36858.0,99600.0
Paragon,IN,57250.0,91300.0
Paris Crossing,IN,,
Parker City,IN,54417.0,86300.0
Parkers Settlement,IN,69850.0,157400.0
Patoka,IN,57868.0,90700.0
Patricksburg,IN,66250.0,
Patriot,IN,60313.0,153800.0
Paxton,IN,45833.0,84700.0
Pence,IN,,
Pendleton,IN,81413.0,214600.0
Penntown,IN,,
Pennville,IN,46538.0,77300.0
Peppertown,IN,,
Perkinsville,IN,67250.0,73500.0
Perrysville,IN,88194.0,88200.0
Peru,IN,44665.0,78500.0
Petersburg,IN,44891.0,89400.0
Petersville,IN,42196.0,94100.0
Petroleum,IN,33669.0,75300.0
Philadelphia,IN,71776.0,154200.0
Pierceton,IN,54962.0,100100.0
Pierceville,IN,53750.0,149400.0
Pine Village,IN,41458.0,102300.0
Pittsboro,IN,118750.0,251000.0
Pittsburg,IN,,105300.0
Plainfield,IN,77249.0,238000.0
Plainville,IN,46477.0,82200.0
Pleasant Lake,IN,87637.0,155400.0
Pleasant Mills,IN,,306300.0
Pleasant View,IN,71563.0,230600.0
Pleasant View Village,IN,89573.0,184500.0
Pleasantville,IN,48750.0,155700.0
Plymouth,IN,49306.0,117900.0
Point Isabel,IN,,
Poland,IN,,85800.0
Poneto,IN,47500.0,76800.0
Portage,IN,71317.0,189300.0
Porter,IN,77222.0,237100.0
Portland,IN,44292.0,86800.0
Poseyville,IN,65833.0,124700.0
Pottawattamie Park,IN,96719.0,195100.0
Prairie Creek,IN,36694.0,97100.0
Prairieton,IN,,323600.0
Preble,IN,,
Prince's Lakes,IN,88833.0,207300.0
Princeton,IN,56378.0,117800.0
Prospect,IN,66466.0,195100.0
Pulaski,IN,,
Putnamville,IN,86705.0,
Raglesville,IN,,
Ragsdale,IN,,
Rainsville,IN,,
Ramsey,IN,83650.0,193200.0
Raub,IN,89531.0,
Reddington,IN,93354.0,191300.0
Redkey,IN,33846.0,75000.0
Remington,IN,67604.0,135000.0
Rensselaer,IN,58659.0,129100.0
Reo,IN,90188.0,187500.0
Reynolds,IN,53393.0,106000.0
Richland,IN,71250.0,133500.0
Richmond,IN,46356.0,96800.0
Ridgeville,IN,40833.0,47300.0
Riley,IN,55125.0,94500.0
Rising Sun,IN,46214.0,134200.0
River Forest,IN,186875.0,330000.0
Riverwood,IN,,
Roachdale,IN,63088.0,116100.0
Roann,IN,47105.0,95800.0
Roanoke,IN,70583.0,151100.0
Rob Roy,IN,60833.0,133000.0
Rochester,IN,62885.0,133900.0
Rockfield,IN,,84300.0
Rockford,IN,174010.0,242800.0
Rockport,IN,42585.0,109600.0
Rockville,IN,50625.0,94700.0
Rocky Ripple,IN,62614.0,172100.0
Roll,IN,,
Rolling Prairie,IN,,
Rome City,IN,67639.0,229900.0
Romney,IN,59114.0,137500.0
Rosedale,IN,47708.0,90700.0
Roseland,IN,36364.0,114100.0
Roselawn,IN,76563.0,178900.0
Rossville,IN,60156.0,166500.0
Royal Center,IN,44438.0,78500.0
Royerton,IN,,156900.0
Rushville,IN,53110.0,102100.0
Russellville,IN,68462.0,82500.0
Russiaville,IN,84032.0,158100.0
St. Anthony,IN,,135400.0
St. Bernice,IN,70208.0,50300.0
St. Joe,IN,48125.0,86900.0
St. John,IN,123799.0,346900.0
St. Leon,IN,77917.0,249400.0
St. Mary of the Woods,IN,20300.0,
St. Meinrad,IN,62614.0,185100.0
St. Omer,IN,38125.0,56800.0
St. Paul,IN,63333.0,94500.0
St. Wendel,IN,70560.0,263300.0
Salamonia,IN,56250.0,95000.0
Salem,IN,48205.0,132800.0
Saline City,IN,,
Salt Creek Commons,IN,78155.0,164400.0
Saltillo,IN,38750.0,37900.0
Sandborn,IN,75893.0,99500.0
Sandusky,IN,,
San Pierre,IN,61250.0,175000.0
Santa Claus,IN,107083.0,216300.0
Saratoga,IN,48750.0,58100.0
Sardinia,IN,,
Saugany Lake,IN,90500.0,187900.0
Schaefer Lake,IN,195000.0,280600.0
Schererville,IN,79662.0,281100.0
Schneider,IN,66563.0,123600.0
Schnellville,IN,,
Scipio,IN,105791.0,222300.0
Scircleville,IN,,
Scotland,IN,92292.0,103100.0
Scott,IN,133348.0,
Scottsburg,IN,34774.0,121200.0
Seelyville,IN,53750.0,131900.0
Sellersburg,IN,67230.0,200600.0
Selma,IN,54167.0,97400.0
Servia,IN,85865.0,74800.0
Seymour,IN,57347.0,140200.0
Shadeland,IN,76250.0,233100.0
Shamrock Lakes,IN,89583.0,141100.0
Sharpsville,IN,88309.0,115500.0
Shelburn,IN,42679.0,65100.0
Shelby,IN,,
Shelbyville,IN,55850.0,135100.0
Shepardsville,IN,,76700.0
Sheridan,IN,58021.0,161900.0
Shipshewana,IN,53500.0,222100.0
Shipshewana Lake,IN,65885.0,
Shirley,IN,61250.0,96100.0
Shoals,IN,35724.0,121700.0
Shorewood Forest,IN,166563.0,440900.0
Sidney,IN,44500.0,88500.0
Silver Lake,IN,48971.0,103500.0
Simonton Lake,IN,66852.0,208900.0
Sims,IN,,109700.0
Smithville-Sanders,IN,67091.0,256000.0
Snow Lake,IN,98000.0,473300.0
Solsberry,IN,,334300.0
Somerset,IN,81500.0,123200.0
Somerville,IN,50357.0,88600.0
South Bend,IN,49056.0,113800.0
South Center,IN,56667.0,138900.0
South Haven,IN,72068.0,154400.0
South Milford,IN,,107300.0
Southport,IN,68182.0,167400.0
South Whitley,IN,55000.0,116500.0
Spartanburg,IN,,
Speedway,IN,52627.0,178000.0
Spencer,IN,45536.0,128000.0
Spencerville,IN,,136400.0
Spiceland,IN,62292.0,98100.0
Spring Grove,IN,40000.0,127000.0
Spring Hill,IN,130000.0,333300.0
Spring Lake,IN,43958.0,133600.0
Springport,IN,65417.0,85500.0
Spurgeon,IN,49375.0,92800.0
Stanford,IN,123293.0,245500.0
Star City,IN,55036.0,
State Line City,IN,60000.0,90000.0
Staunton,IN,41250.0,90900.0
Stendal,IN,51250.0,129000.0
Stewartsville,IN,71176.0,
Stilesville,IN,61250.0,121400.0
Stillwell,IN,,
Stinesville,IN,58889.0,117200.0
Stockwell,IN,77500.0,141700.0
Stone Bluff,IN,,
Straughn,IN,80375.0,90000.0
Stroh,IN,70173.0,
Sullivan,IN,44227.0,92400.0
Sulphur Springs,IN,47000.0,130100.0
Sumava Resorts,IN,58986.0,126400.0
Summitville,IN,54583.0,90300.0
Sunman,IN,69493.0,166600.0
Swayzee,IN,67500.0,107900.0
Sweetser,IN,74417.0,125700.0
Switz City,IN,38500.0,74000.0
Syracuse,IN,66027.0,159900.0
Tab,IN,,
Talma,IN,92857.0,72900.0
Taswell,IN,45673.0,
Taylorsville,IN,59306.0,179000.0
Tecumseh,IN,108214.0,248600.0
Teegarden,IN,,
Tell City,IN,49761.0,114300.0
Templeton,IN,,
Tennyson,IN,43750.0,86000.0
Terre Haute,IN,41230.0,99600.0
Thayer,IN,,187500.0
Thorntown,IN,65114.0,161800.0
Tippecanoe,IN,51250.0,89500.0
Tipton,IN,64167.0,138500.0
Toad Hop,IN,73333.0,108300.0
Tocsin,IN,31853.0,86200.0
Topeka,IN,59559.0,123600.0
Town of Pines,IN,53000.0,136700.0
Trafalgar,IN,81389.0,184100.0
Trail Creek,IN,64135.0,158200.0
Tri-Lakes,IN,126667.0,297000.0
Troy,IN,55290.0,
Tunnelton,IN,,
Twelve Mile,IN,51343.0,108200.0
Tyner,IN,49926.0,
Ulen,IN,150833.0,431000.0
Underwood,IN,68750.0,138000.0
Union City,IN,36250.0,82100.0
Uniondale,IN,,86700.0
Union Mills,IN,94531.0,123400.0
Universal,IN,55000.0,66300.0
Upland,IN,67813.0,162800.0
Urbana,IN,35469.0,102900.0
Utica,IN,70938.0,182100.0
Vallonia,IN,78702.0,143100.0
Valparaiso,IN,59943.0,229900.0
Van Bibber Lake,IN,33056.0,52700.0
Van Buren,IN,43750.0,59500.0
Veedersburg,IN,48750.0,94200.0
Velpen,IN,,
Vera Cruz,IN,54464.0,83800.0
Vernon,IN,53750.0,78300.0
Versailles,IN,45114.0,154200.0
Vevay,IN,47528.0,136900.0
Vicksburg,IN,,215600.0
Vincennes,IN,47376.0,93100.0
Vistula,IN,,
Wabash,IN,51127.0,107400.0
Wadesville,IN,,162500.0
Wakarusa,IN,78583.0,179800.0
Waldron,IN,77228.0,108200.0
Walesboro,IN,46786.0,133300.0
Walkerton,IN,58553.0,123900.0
Wallace,IN,62500.0,86300.0
Wall Lake,IN,103472.0,239700.0
Walton,IN,45750.0,89500.0
Wanatah,IN,67917.0,166000.0
Warren,IN,73942.0,96600.0
Warren Park,IN,38944.0,184100.0
Warrington,IN,,
Warsaw,IN,57931.0,158900.0
Washington,IN,48255.0,117700.0
Waterloo,IN,59519.0,104000.0
Waveland,IN,59141.0,98900.0
Waverly,IN,78603.0,147800.0
Wawaka,IN,34737.0,
Waynesville,IN,43361.0,135400.0
Waynetown,IN,56000.0,103100.0
Webster,IN,66667.0,87300.0
Wellsboro,IN,147667.0,120000.0
West Baden Springs,IN,38542.0,108500.0
West College Corner,IN,67794.0,95000.0
Westfield,IN,117519.0,364400.0
West Harrison,IN,47083.0,135700.0
West Lafayette,IN,30317.0,303300.0
West Lebanon,IN,74500.0,94600.0
West Middleton,IN,,216900.0
Westphalia,IN,96250.0,107100.0
West Point,IN,117986.0,140300.0
Westport,IN,48088.0,128300.0
West Terre Haute,IN,46875.0,59600.0
Westville,IN,57889.0,137800.0
Westwood,IN,86875.0,
Wheatfield,IN,64750.0,162500.0
Wheatland,IN,49063.0,55800.0
Wheeler,IN,34934.0,189700.0
Whiteland,IN,85351.0,174200.0
Whitestown,IN,113000.0,322700.0
Whitewater,IN,59000.0,58800.0
Whiting,IN,59740.0,188200.0
Wildwood,IN,60357.0,223300.0
Wilkinson,IN,61146.0,127100.0
Williams,IN,,
Williamsburg,IN,90909.0,
Williams Creek,IN,148750.0,1112900.0
Williamsport,IN,62868.0,122600.0
Willow Branch,IN,72875.0,184800.0
Winamac,IN,43507.0,99000.0
Winchester,IN,60022.0,91500.0
Windfall City,IN,47576.0,75700.0
Windsor,IN,,
Winfield,IN,124091.0,376800.0
Wingate,IN,58173.0,75000.0
Winona Lake,IN,77305.0,211100.0
Winslow,IN,47143.0,72200.0
Wolcott,IN,70625.0,109300.0
Wolcottville,IN,56106.0,89500.0
Wolflake,IN,28940.0,93400.0
Woodburn,IN,59038.0,122300.0
Woodlawn Heights,IN,110000.0,275000.0
Wooster,IN,137802.0,215500.0
Worthington,IN,42955.0,73400.0
Wyatt,IN,71607.0,152100.0
Wynnedale,IN,119688.0,311500.0
Yeoman,IN,61250.0,113700.0
Yorktown,IN,76915.0,165700.0
Young America,IN,47596.0,106500.0
Zanesville,IN,55625.0,133400.0
Zionsville,IN,152788.0,493900.0
Ackley,IA,60577.0,94000.0
Ackworth,IA,111250.0,387500.0
Adair,IA,50688.0,119400.0
Adel,IA,91891.0,286000.0
Afton,IA,60625.0,83200.0
Agency,IA,51250.0,120000.0
Ainsworth,IA,63295.0,106300.0
Akron,IA,60833.0,131500.0
Albert City,IA,71667.0,80000.0
Albia,IA,58894.0,127300.0
Albion,IA,71838.0,105700.0
Alburnett,IA,89167.0,188500.0
Alden,IA,62969.0,103400.0
Alexander,IA,60000.0,42300.0
Algona,IA,52903.0,142400.0
Alleman,IA,125313.0,268900.0
Allerton,IA,47969.0,59700.0
Allison,IA,61458.0,101200.0
Alta,IA,70094.0,118200.0
Alta Vista,IA,56458.0,62700.0
Alton,IA,81923.0,183800.0
Altoona,IA,89100.0,244500.0
Alvord,IA,71250.0,94000.0
Amana,IA,,199800.0
Ames,IA,57428.0,247500.0
Anamosa,IA,55934.0,160700.0
Anderson,IA,,
Andover,IA,,112500.0
Andrew,IA,61613.0,116300.0
Anita,IA,63487.0,113800.0
Ankeny,IA,101151.0,281700.0
Anthon,IA,47344.0,92000.0
Aplington,IA,66625.0,127200.0
Arcadia,IA,66667.0,131700.0
Archer,IA,63750.0,55000.0
Aredale,IA,28750.0,54200.0
Argo,IA,,
Argyle,IA,,
Arion,IA,35417.0,53800.0
Arispe,IA,41667.0,75000.0
Arlington,IA,47500.0,109600.0
Armstrong,IA,49338.0,77600.0
Arnolds Park,IA,82500.0,321600.0
Arthur,IA,51169.0,59000.0
Asbury,IA,117391.0,287700.0
Ashton,IA,54375.0,82000.0
Aspinwall,IA,61250.0,77000.0
Atalissa,IA,67000.0,120400.0
Athelstan,IA,,
Atkins,IA,110313.0,283800.0
Atlantic,IA,54692.0,124600.0
Auburn,IA,52500.0,77800.0
Audubon,IA,42438.0,86600.0
Augusta,IA,,87900.0
Aurelia,IA,66378.0,124300.0
Aurora,IA,46250.0,105200.0
Avoca,IA,66250.0,164500.0
Ayrshire,IA,52500.0,27500.0
Badger,IA,72250.0,118200.0
Bagley,IA,43929.0,80200.0
Baldwin,IA,45000.0,60000.0
Balltown,IA,96250.0,231300.0
Bancroft,IA,43542.0,76000.0
Bankston,IA,,
Barnes City,IA,43375.0,79300.0
Barnum,IA,79450.0,132500.0
Bartlett,IA,,
Bassett,IA,58250.0,83000.0
Batavia,IA,50132.0,101800.0
Battle Creek,IA,53750.0,66300.0
Baxter,IA,57500.0,142600.0
Bayard,IA,45000.0,55000.0
Beacon,IA,54250.0,74100.0
Beaconsfield,IA,,
Beaman,IA,74375.0,96700.0
Beaver,IA,83750.0,56700.0
Beaverdale,IA,67188.0,165500.0
Bedford,IA,61838.0,86800.0
Belle Plaine,IA,65500.0,109000.0
Bellevue,IA,72188.0,197700.0
Belmond,IA,55233.0,103300.0
Bennett,IA,79750.0,122800.0
Bentley,IA,,190000.0
Benton,IA,46250.0,72500.0
Berkley,IA,,
Bernard,IA,65313.0,151600.0
Bertram,IA,106250.0,257700.0
Bettendorf,IA,100570.0,273600.0
Bevington,IA,,
Big Rock,IA,,
Birmingham,IA,58750.0,95400.0
Blairsburg,IA,76250.0,80700.0
Blairstown,IA,66750.0,141500.0
Blakesburg,IA,31667.0,81500.0
Blanchard,IA,43750.0,52500.0
Blencoe,IA,77727.0,77000.0
Blockton,IA,74167.0,
Bloomfield,IA,58047.0,122200.0
Blue Grass,IA,78125.0,196000.0
Bode,IA,54531.0,70300.0
Bolan,IA,,
Bonaparte,IA,40000.0,56800.0
Bondurant,IA,120588.0,274800.0
Boone,IA,64192.0,142200.0
Bouton,IA,75313.0,75000.0
Boxholm,IA,45625.0,72500.0
Boyden,IA,81250.0,167200.0
Braddyville,IA,42059.0,55300.0
Bradford,IA,61402.0,100800.0
Bradgate,IA,,38300.0
Brandon,IA,58750.0,112500.0
Brayton,IA,73750.0,70000.0
Breda,IA,57426.0,135400.0
Bridgewater,IA,53542.0,71700.0
Brighton,IA,52292.0,86900.0
Bristow,IA,,53300.0
Britt,IA,59805.0,96000.0
Bronson,IA,78750.0,158500.0
Brooklyn,IA,56724.0,115600.0
Brunsville,IA,70208.0,122900.0
Buckeye,IA,54167.0,45000.0
Buck Grove,IA,78750.0,45000.0
Buffalo,IA,74667.0,131000.0
Buffalo Center,IA,50000.0,96300.0
Burchinal,IA,,
Burlington,IA,51628.0,111600.0
Burr Oak,IA,46250.0,126800.0
Burt,IA,57344.0,71100.0
Bussey,IA,47000.0,56500.0
Calamus,IA,67708.0,122800.0
California Junction,IA,,
Callender,IA,64286.0,92800.0
Calmar,IA,73500.0,185000.0
Calumet,IA,52917.0,70800.0
Camanche,IA,65090.0,169800.0
Cambridge,IA,69038.0,161200.0
Cantril,IA,36705.0,71700.0
Carbon,IA,43125.0,71700.0
Carlisle,IA,94214.0,190200.0
Carpenter,IA,54844.0,62500.0
Carroll,IA,60368.0,172000.0
Carson,IA,62813.0,159500.0
Carter Lake,IA,64479.0,137700.0
Cascade,IA,62829.0,173600.0
Casey,IA,51750.0,84600.0
Castalia,IA,39375.0,92100.0
Castana,IA,60417.0,65000.0
Cedar Falls,IA,71011.0,244800.0
Cedar Rapids,IA,66895.0,167900.0
Center Junction,IA,,57400.0
Center Point,IA,80053.0,189300.0
Centerville,IA,42064.0,89400.0
Central City,IA,76667.0,166400.0
Centralia,IA,68750.0,194400.0
Chapin,IA,68032.0,83400.0
Chariton,IA,50100.0,93200.0
Charles City,IA,52039.0,117500.0
Charlotte,IA,61786.0,99400.0
Charter Oak,IA,56625.0,79000.0
Chatsworth,IA,50000.0,152500.0
Chelsea,IA,40417.0,44000.0
Cherokee,IA,51651.0,120700.0
Chester,IA,52083.0,100000.0
Chillicothe,IA,61375.0,80600.0
Churdan,IA,58125.0,59600.0
Cincinnati,IA,50250.0,45000.0
Clare,IA,76429.0,83300.0
Clarence,IA,63594.0,137200.0
Clarinda,IA,51413.0,112000.0
Clarion,IA,48853.0,108500.0
Clarksville,IA,58523.0,118800.0
Clayton,IA,63750.0,146900.0
Clearfield,IA,53625.0,65600.0
Clear Lake,IA,66900.0,216400.0
Cleghorn,IA,53958.0,85000.0
Clemons,IA,63438.0,84400.0
Clermont,IA,70104.0,119100.0
Climbing Hill,IA,67679.0,126400.0
Clinton,IA,55196.0,112700.0
Clio,IA,48750.0,51700.0
Clive,IA,124908.0,359300.0
Clutier,IA,48750.0,56800.0
Coalville,IA,71875.0,158700.0
Coburg,IA,31875.0,
Coggon,IA,81375.0,141700.0
Coin,IA,46125.0,52500.0
Colesburg,IA,63750.0,105600.0
Colfax,IA,81076.0,141300.0
College Springs,IA,67695.0,72100.0
Collins,IA,69844.0,127500.0
Colo,IA,77188.0,144300.0
Columbus City,IA,63750.0,100400.0
Columbus Junction,IA,62500.0,112800.0
Colwell,IA,46875.0,100000.0
Conesville,IA,68750.0,71400.0
Conrad,IA,67500.0,145100.0
Conroy,IA,48250.0,205000.0
Conway,IA,21518.0,
Coon Rapids,IA,61058.0,116100.0
Coppock,IA,,
Coralville,IA,67691.0,271800.0
Corley,IA,,
Corning,IA,54500.0,77000.0
Correctionville,IA,50750.0,84500.0
Corwith,IA,48125.0,50000.0
Corydon,IA,52500.0,88400.0
Cotter,IA,,108300.0
Coulter,IA,46563.0,76700.0
Council Bluffs,IA,61181.0,153400.0
Craig,IA,86250.0,86400.0
Crawfordsville,IA,70893.0,95700.0
Crescent,IA,100625.0,240300.0
Cresco,IA,60135.0,102300.0
Creston,IA,51366.0,110300.0
Cromwell,IA,52813.0,91300.0
Crystal Lake,IA,71250.0,80000.0
Cumberland,IA,44375.0,59800.0
Cumming,IA,146250.0,436900.0
Curlew,IA,58750.0,43300.0
Cushing,IA,63333.0,58800.0
Cylinder,IA,59000.0,73800.0
Dakota City,IA,64583.0,112100.0
Dallas Center,IA,78939.0,209500.0
Dana,IA,82500.0,
Danbury,IA,63125.0,92400.0
Danville,IA,76726.0,130100.0
Davenport,IA,59890.0,155100.0
Davis City,IA,41250.0,41100.0
Dawson,IA,61964.0,77100.0
Dayton,IA,66250.0,100500.0
Decatur City,IA,43750.0,76700.0
Decorah,IA,57939.0,228800.0
Dedham,IA,85417.0,128100.0
Deep River,IA,75156.0,80200.0
Defiance,IA,55000.0,98800.0
Delaware,IA,68125.0,136900.0
Delhi,IA,80739.0,133900.0
Delmar,IA,60625.0,114300.0
Deloit,IA,50625.0,79200.0
Delphos,IA,70625.0,
Delta,IA,48750.0,40700.0
Denison,IA,57744.0,113300.0
Denmark,IA,116875.0,196000.0
Denver,IA,84107.0,209600.0
Derby,IA,57750.0,70000.0
Des Moines,IA,62378.0,170700.0
De Soto,IA,86071.0,194000.0
DeWitt,IA,66653.0,195000.0
Dexter,IA,72083.0,152900.0
Diagonal,IA,85000.0,85600.0
Diamondhead Lake,IA,142688.0,307500.0
Dickens,IA,58750.0,91300.0
Dike,IA,86188.0,231500.0
Dixon,IA,71250.0,122500.0
Dolliver,IA,55000.0,52700.0
Donahue,IA,102188.0,200600.0
Donnellson,IA,51953.0,128700.0
Doon,IA,60000.0,150000.0
Douds,IA,81406.0,84700.0
Dougherty,IA,42813.0,55000.0
Dow City,IA,46667.0,86900.0
Downey,IA,94167.0,168200.0
Dows,IA,46677.0,42000.0
Drakesville,IA,68750.0,92100.0
Dubuque,IA,63520.0,178000.0
Dumont,IA,49625.0,64500.0
Duncan,IA,,
Duncombe,IA,58438.0,101500.0
Dundee,IA,54219.0,139600.0
Dunkerton,IA,80500.0,182900.0
Dunlap,IA,56667.0,105600.0
Durango,IA,70625.0,187500.0
Durant,IA,76625.0,193300.0
Dyersville,IA,71571.0,201900.0
Dysart,IA,72917.0,152000.0
Eagle Grove,IA,57107.0,95200.0
Earlham,IA,103977.0,228500.0
Earling,IA,38929.0,100000.0
Earlville,IA,74000.0,133200.0
Early,IA,85357.0,79400.0
East Amana,IA,,
East Peru,IA,66875.0,80000.0
Eddyville,IA,59006.0,107700.0
Edgewood,IA,58068.0,145500.0
Elberon,IA,68750.0,80000.0
Eldon,IA,42386.0,56100.0
Eldora,IA,67283.0,96800.0
Eldridge,IA,89946.0,289500.0
Elgin,IA,55625.0,87500.0
Elkader,IA,62574.0,129500.0
Elkhart,IA,73636.0,210600.0
Elk Horn,IA,59306.0,120400.0
Elkport,IA,23958.0,54200.0
Elk Run Heights,IA,67045.0,162800.0
Elliott,IA,63839.0,59700.0
Ellston,IA,54688.0,22900.0
Ellsworth,IA,68864.0,123700.0
Elma,IA,40625.0,70900.0
Ely,IA,97188.0,267700.0
Emerson,IA,58750.0,106500.0
Emmetsburg,IA,54408.0,116200.0
Epworth,IA,69188.0,208000.0
Essex,IA,54265.0,76900.0
Estherville,IA,55699.0,90800.0
Evansdale,IA,54575.0,135400.0
Everly,IA,54792.0,96000.0
Exira,IA,43229.0,69100.0
Exline,IA,,47500.0
Fairbank,IA,95200.0,162300.0
Fairfax,IA,118750.0,267900.0
Fairfield,IA,44277.0,134700.0
Fairport,IA,,225000.0
Farley,IA,97868.0,218800.0
Farmersburg,IA,46641.0,75300.0
Farmington,IA,55625.0,50800.0
Farnhamville,IA,48750.0,63000.0
Farragut,IA,47500.0,101500.0
Fayette,IA,39375.0,108300.0
Fenton,IA,53250.0,48600.0
Ferguson,IA,46250.0,51000.0
Fertile,IA,57500.0,118800.0
Floris,IA,98625.0,55000.0
Floyd,IA,55750.0,104900.0
Fonda,IA,51845.0,58300.0
Fontanelle,IA,56042.0,86100.0
Forest City,IA,58060.0,125200.0
Fort Atkinson,IA,67054.0,131000.0
Fort Dodge,IA,59452.0,123600.0
Fort Madison,IA,48944.0,94200.0
Fostoria,IA,76250.0,130600.0
Franklin,IA,51667.0,118500.0
Fraser,IA,64792.0,151600.0
Fredericksburg,IA,62583.0,154600.0
Frederika,IA,51667.0,91300.0
Fredonia,IA,57500.0,87500.0
Fremont,IA,61667.0,95600.0
Fruitland,IA,97015.0,215800.0
Frytown,IA,,
Galt,IA,,43300.0
Galva,IA,66250.0,81400.0
Garber,IA,47159.0,68900.0
Garden City,IA,,50600.0
Garden Grove,IA,53750.0,
Garnavillo,IA,75417.0,121100.0
Garner,IA,69056.0,155400.0
Garrison,IA,49844.0,59500.0
Garwin,IA,57386.0,85800.0
Geneva,IA,66250.0,49000.0
George,IA,61302.0,103500.0
Gibson,IA,51528.0,76600.0
Gilbert,IA,105000.0,257200.0
Gilbertville,IA,79286.0,169300.0
Gillett Grove,IA,,62900.0
Gilman,IA,98438.0,81800.0
Gilmore City,IA,50208.0,77500.0
Gladbrook,IA,62083.0,122400.0
Glenwood,IA,65833.0,189100.0
Glidden,IA,67361.0,145200.0
Goldfield,IA,57656.0,77900.0
Goodell,IA,69500.0,56700.0
Goose Lake,IA,73750.0,124200.0
Gowrie,IA,52135.0,90600.0
Graettinger,IA,69519.0,77300.0
Graf,IA,53750.0,187500.0
Grafton,IA,66250.0,93500.0
Grand Junction,IA,42083.0,81100.0
Grand Mound,IA,76000.0,146700.0
Grand River,IA,37813.0,35400.0
Grandview,IA,43583.0,118600.0
Granger,IA,107604.0,271300.0
Grant,IA,32500.0,52500.0
Granville,IA,58750.0,135700.0
Gravity,IA,48125.0,52200.0
Gray,IA,54904.0,48800.0
Greeley,IA,64167.0,69300.0
Greene,IA,51756.0,122800.0
Greenfield,IA,50598.0,118800.0
Green Mountain,IA,58000.0,69200.0
Greenville,IA,43438.0,45000.0
Grimes,IA,99896.0,275400.0
Grinnell,IA,57813.0,177600.0
Griswold,IA,60750.0,86500.0
Grundy Center,IA,80294.0,155400.0
Gruver,IA,54583.0,48300.0
Guernsey,IA,63750.0,63800.0
Guthrie Center,IA,61607.0,100000.0
Guttenberg,IA,50833.0,189100.0
Halbur,IA,80536.0,140300.0
Hamburg,IA,54597.0,106300.0
Hamilton,IA,66250.0,
Hampton,IA,48897.0,88800.0
Hancock,IA,65417.0,95900.0
Hanlontown,IA,57500.0,91700.0
Hansell,IA,67083.0,68900.0
Harcourt,IA,,57900.0
Hardy,IA,,
Harlan,IA,55893.0,138100.0
Harper,IA,70000.0,89000.0
Harpers Ferry,IA,38750.0,154600.0
Harris,IA,49162.0,60000.0
Hartford,IA,71635.0,148900.0
Hartley,IA,48088.0,97000.0
Hartwick,IA,72500.0,84000.0
Harvey,IA,50313.0,64300.0
Hastings,IA,68125.0,71700.0
Havelock,IA,58036.0,22800.0
Haverhill,IA,68125.0,116800.0
Hawarden,IA,66920.0,134200.0
Hawkeye,IA,55938.0,78800.0
Hayesville,IA,38750.0,58900.0
Hayfield,IA,,
Hazleton,IA,48542.0,76400.0
Hedrick,IA,59375.0,76800.0
Henderson,IA,51250.0,88500.0
Hepburn,IA,,32500.0
Hiawatha,IA,65610.0,194100.0
High Amana,IA,,202100.0
Hills,IA,78406.0,214100.0
Hillsboro,IA,37500.0,47000.0
Hinton,IA,97708.0,229100.0
Holiday Lake,IA,77841.0,221700.0
Holland,IA,69423.0,110200.0
Holstein,IA,65043.0,114200.0
Holy Cross,IA,72857.0,152000.0
Homestead,IA,69167.0,136700.0
Hopkinton,IA,80714.0,98800.0
Hornick,IA,78750.0,81700.0
Hospers,IA,69659.0,150300.0
Houghton,IA,107917.0,171900.0
Hubbard,IA,65688.0,91400.0
Hudson,IA,113274.0,231000.0
Hull,IA,69583.0,214900.0
Humboldt,IA,68085.0,144000.0
Humeston,IA,48600.0,70000.0
Hutchins,IA,,
Huxley,IA,120868.0,283800.0
Ida Grove,IA,65774.0,95800.0
Imogene,IA,57500.0,53300.0
Independence,IA,63042.0,155000.0
Indianola,IA,73534.0,206200.0
Inwood,IA,59632.0,150600.0
Ionia,IA,69107.0,97200.0
Iowa City,IA,54879.0,256600.0
Iowa Falls,IA,50035.0,111200.0
Ireton,IA,70625.0,140200.0
Irvington,IA,,
Irwin,IA,73750.0,73000.0
Jackson Junction,IA,,82500.0
Jacksonville,IA,,
Jamaica,IA,53333.0,69600.0
Janesville,IA,88625.0,221600.0
Jefferson,IA,48868.0,117500.0
Jesup,IA,83519.0,179800.0
Jewell Junction,IA,75179.0,124800.0
Johnston,IA,98324.0,332000.0
Joice,IA,46979.0,93800.0
Jolley,IA,,
Kalona,IA,67813.0,209800.0
Kamrar,IA,50714.0,60600.0
Kanawha,IA,63889.0,70300.0
Kellerton,IA,46429.0,72500.0
Kelley,IA,103750.0,189400.0
Kellogg,IA,46500.0,72500.0
Kensett,IA,37273.0,58600.0
Kent,IA,,
Kent Estates,IA,120833.0,335700.0
Keokuk,IA,47571.0,89100.0
Keomah Village,IA,111250.0,180400.0
Keosauqua,IA,52083.0,96000.0
Keota,IA,67917.0,93200.0
Keswick,IA,55694.0,75900.0
Keystone,IA,67708.0,138100.0
Kimballton,IA,47917.0,80000.0
Kingsley,IA,64524.0,142700.0
Kingston,IA,,
Kinross,IA,,52500.0
Kirkman,IA,81250.0,85000.0
Kirkville,IA,70000.0,56700.0
Kiron,IA,47750.0,60600.0
Klemme,IA,49375.0,86600.0
Knierim,IA,82750.0,71300.0
Knoxville,IA,57318.0,126800.0
Lacona,IA,66058.0,97100.0
Ladora,IA,56406.0,82900.0
Lake City,IA,59704.0,93600.0
Lake Mills,IA,63750.0,123800.0
Lake Panorama,IA,123313.0,421600.0
Lake Park,IA,75476.0,138000.0
Lakeside,IA,86000.0,190600.0
Lake View,IA,63472.0,142500.0
Lakota,IA,71250.0,34600.0
Lambs Grove,IA,99375.0,186300.0
Lamoni,IA,48854.0,104100.0
Lamont,IA,51250.0,86700.0
La Motte,IA,78750.0,131300.0
Lanesboro,IA,21563.0,78300.0
Lansing,IA,47730.0,124000.0
La Porte City,IA,65451.0,139600.0
Larchwood,IA,62955.0,181600.0
Larrabee,IA,51250.0,55900.0
Latimer,IA,70417.0,96700.0
Laurel,IA,61875.0,101600.0
Laurens,IA,53594.0,73100.0
Lawler,IA,54688.0,90000.0
Lawton,IA,86607.0,245500.0
Leando,IA,,
Le Claire,IA,95206.0,284600.0
Ledyard,IA,40625.0,33600.0
Le Grand,IA,70208.0,139400.0
Lehigh,IA,56667.0,81400.0
Leighton,IA,66250.0,113700.0
Leland,IA,52500.0,81000.0
Le Mars,IA,73734.0,186300.0
Lenox,IA,66615.0,104600.0
Leon,IA,56818.0,77000.0
Le Roy,IA,51667.0,
Lester,IA,86250.0,170000.0
Letts,IA,70833.0,102700.0
Lewis,IA,34272.0,60900.0
Libertyville,IA,71471.0,158300.0
Lidderdale,IA,68750.0,122500.0
Lime Springs,IA,64167.0,96700.0
Lincoln,IA,57500.0,103300.0
Linden,IA,76250.0,95700.0
Lineville,IA,58958.0,48000.0
Linn Grove,IA,58125.0,53800.0
Lisbon,IA,82452.0,191200.0
Liscomb,IA,78750.0,92800.0
Little Cedar,IA,,
Little Rock,IA,64000.0,82200.0
Little Sioux,IA,38000.0,32500.0
Livermore,IA,74167.0,69600.0
Lockridge,IA,86458.0,82200.0
Logan,IA,78421.0,142800.0
Lohrville,IA,46771.0,51300.0
Lone Rock,IA,57857.0,55600.0
Lone Tree,IA,78359.0,175400.0
Long Grove,IA,117708.0,289900.0
Lorimor,IA,36563.0,71300.0
Lost Nation,IA,46250.0,70900.0
Loveland,IA,,
Lovilia,IA,60104.0,90000.0
Lowden,IA,57969.0,105400.0
Lowell,IA,79444.0,93900.0
Low Moor,IA,60000.0,117100.0
Luana,IA,60313.0,150000.0
Lucas,IA,48750.0,
Luther,IA,94063.0,164300.0
Lu Verne,IA,54500.0,33200.0
Luxemburg,IA,80625.0,162000.0
Luzerne,IA,89375.0,58600.0
Lynnville,IA,50893.0,127500.0
Lytton,IA,52750.0,55000.0
McCallsburg,IA,70598.0,163000.0
McCausland,IA,63281.0,157100.0
McClelland,IA,107188.0,182500.0
Macedonia,IA,65250.0,139600.0
McGregor,IA,52639.0,126800.0
McIntire,IA,34444.0,64100.0
Macksburg,IA,,76900.0
Madrid,IA,74375.0,164900.0
Magnolia,IA,73333.0,107300.0
Maharishi Vedic City,IA,68095.0,342500.0
Malcom,IA,70250.0,103800.0
Mallard,IA,41094.0,53100.0
Maloy,IA,91563.0,
Malvern,IA,86413.0,164600.0
Manchester,IA,57969.0,111300.0
Manilla,IA,58304.0,88500.0
Manly,IA,64688.0,107200.0
Manning,IA,62031.0,99400.0
Manson,IA,69444.0,112900.0
Mapleton,IA,51648.0,102100.0
Maquoketa,IA,53462.0,115600.0
Marathon,IA,38750.0,40000.0
Marble Rock,IA,68036.0,58800.0
Marcus,IA,68750.0,167500.0
Marengo,IA,59583.0,117600.0
Marion,IA,81519.0,208200.0
Marne,IA,38125.0,86700.0
Marquette,IA,42656.0,124200.0
Marshalltown,IA,65000.0,109800.0
Martelle,IA,98438.0,123000.0
Martensdale,IA,46786.0,158500.0
Martinsburg,IA,41071.0,71300.0
Marysville,IA,72917.0,
Mason City,IA,60786.0,125500.0
Masonville,IA,42813.0,60800.0
Massena,IA,63393.0,93800.0
Matlock,IA,79688.0,105000.0
Maurice,IA,78958.0,166900.0
Maxwell,IA,80000.0,145500.0
Maynard,IA,44091.0,123800.0
Maysville,IA,66875.0,187500.0
Mechanicsville,IA,67292.0,142100.0
Mediapolis,IA,71761.0,155200.0
Melbourne,IA,91500.0,138000.0
Melcher-Dallas,IA,60096.0,80600.0
Melrose,IA,55234.0,
Melvin,IA,63438.0,49700.0
Menlo,IA,75875.0,106500.0
Meriden,IA,61250.0,95000.0
Merrill,IA,76250.0,152100.0
Meservey,IA,56250.0,55400.0
Meyer,IA,,
Middle Amana,IA,93503.0,251600.0
Middletown,IA,55938.0,140600.0
Miles,IA,63125.0,129700.0
Milford,IA,59059.0,202000.0
Miller,IA,,
Millersburg,IA,74531.0,98600.0
Millerton,IA,83750.0,112500.0
Milo,IA,73281.0,131000.0
Milton,IA,38125.0,60000.0
Minburn,IA,68214.0,130300.0
Minden,IA,82500.0,161400.0
Mineola,IA,,
Mingo,IA,67000.0,118800.0
Missouri Valley,IA,61480.0,122200.0
Mitchell,IA,61528.0,110700.0
Mitchellville,IA,75278.0,170900.0
Modale,IA,51042.0,86000.0
Mona,IA,,
Mondamin,IA,71354.0,94000.0
Monmouth,IA,57500.0,55600.0
Monona,IA,53250.0,117200.0
Monroe,IA,83362.0,161700.0
Montezuma,IA,62764.0,150900.0
Monticello,IA,65266.0,152900.0
Montour,IA,73750.0,93200.0
Montpelier,IA,62125.0,75200.0
Montrose,IA,67000.0,98000.0
Mooar,IA,60938.0,66900.0
Moorhead,IA,36250.0,54400.0
Moorland,IA,77083.0,71700.0
Moravia,IA,53750.0,108700.0
Morley,IA,35625.0,57500.0
Morning Sun,IA,67212.0,85700.0
Morrison,IA,87500.0,
Moscow,IA,48268.0,118000.0
Moulton,IA,53958.0,48000.0
Mount Auburn,IA,68750.0,154700.0
Mount Ayr,IA,61458.0,115800.0
Mount Pleasant,IA,58895.0,142600.0
Mount Sterling,IA,,
Mount Union,IA,50750.0,84200.0
Mount Vernon,IA,98991.0,234400.0
Moville,IA,90250.0,165300.0
Murray,IA,60469.0,66000.0
Muscatine,IA,58474.0,131900.0
Mystic,IA,46250.0,60000.0
Nashua,IA,60000.0,105800.0
Nemaha,IA,60417.0,58800.0
Neola,IA,69167.0,162200.0
Nevada,IA,69742.0,163500.0
New Albin,IA,56453.0,126000.0
Newell,IA,64167.0,101500.0
Newhall,IA,68125.0,167500.0
New Hampton,IA,60052.0,146800.0
New Hartford,IA,64583.0,93800.0
New Haven,IA,54286.0,
New Liberty,IA,79500.0,128100.0
New London,IA,60735.0,120500.0
New Market,IA,53333.0,75000.0
New Providence,IA,73750.0,76500.0
New Sharon,IA,62679.0,122100.0
Newton,IA,53873.0,140100.0
New Vienna,IA,87361.0,175400.0
New Virginia,IA,74500.0,127100.0
Nichols,IA,73750.0,115200.0
Nodaway,IA,41875.0,45700.0
Nora Springs,IA,71389.0,126700.0
Northboro,IA,87647.0,24100.0
North Buena Vista,IA,47813.0,85000.0
North English,IA,47656.0,95000.0
North Liberty,IA,100197.0,272900.0
North Washington,IA,83333.0,100000.0
Northwood,IA,62381.0,121100.0
Norwalk,IA,94176.0,259500.0
Norway,IA,90000.0,148000.0
Numa,IA,59750.0,48800.0
Oak Hills,IA,250001.0,341700.0
Oakland,IA,71635.0,135900.0
Oakland Acres,IA,106458.0,247100.0
Oakville,IA,38542.0,81700.0
Ocheyedan,IA,72969.0,94000.0
Odebolt,IA,65417.0,89500.0
Oelwein,IA,41629.0,97000.0
Ogden,IA,70333.0,143900.0
Okoboji,IA,56845.0,285000.0
Olds,IA,64583.0,123600.0
Olin,IA,62738.0,91200.0
Ollie,IA,52500.0,82500.0
Onawa,IA,49082.0,102200.0
Onslow,IA,40588.0,96700.0
Orange City,IA,77500.0,227100.0
Orchard,IA,55250.0,80000.0
Orient,IA,66563.0,96600.0
Orleans,IA,67833.0,426800.0
Osage,IA,56667.0,131700.0
Osceola,IA,55208.0,108100.0
Oskaloosa,IA,57949.0,123800.0
Ossian,IA,64250.0,135700.0
Osterdock,IA,47031.0,
Otho,IA,40673.0,83400.0
Oto,IA,,37500.0
Otranto,IA,,
Ottosen,IA,58125.0,
Ottumwa,IA,53085.0,88800.0
Owasa,IA,,65000.0
Oxford,IA,64643.0,183800.0
Oxford Junction,IA,49750.0,68800.0
Oyens,IA,107917.0,178900.0
Pacific Junction,IA,44625.0,121900.0
Packwood,IA,38750.0,75300.0
Palmer,IA,58542.0,31100.0
Palo,IA,92368.0,245400.0
Panama,IA,69250.0,118800.0
Panora,IA,61438.0,154400.0
Panorama Park,IA,66875.0,145800.0
Parkersburg,IA,69038.0,190600.0
Park View,IA,111711.0,253300.0
Parnell,IA,59583.0,119300.0
Paton,IA,66250.0,68600.0
Patterson,IA,70000.0,116500.0
Paullina,IA,60250.0,112900.0
Pella,IA,86025.0,240100.0
Peosta,IA,108542.0,284900.0
Percival,IA,51667.0,88600.0
Perry,IA,57276.0,110800.0
Persia,IA,70313.0,104500.0
Peterson,IA,68750.0,73300.0
Pierson,IA,56667.0,84400.0
Pilot Mound,IA,42188.0,78600.0
Pisgah,IA,47083.0,70000.0
Plainfield,IA,65250.0,110000.0
Plainview,IA,,
Plano,IA,57083.0,95000.0
Pleasant Hill,IA,81992.0,263600.0
Pleasanton,IA,,
Pleasant Plain,IA,,61200.0
Pleasantville,IA,66534.0,161300.0
Plover,IA,43125.0,41400.0
Plymouth,IA,69531.0,112500.0
Pocahontas,IA,61037.0,94800.0
Polk City,IA,152536.0,363100.0
Pomeroy,IA,53750.0,66000.0
Popejoy,IA,36167.0,74100.0
Portland,IA,,
Portsmouth,IA,78125.0,121100.0
Postville,IA,46522.0,92600.0
Prairieburg,IA,51250.0,103400.0
Prairie City,IA,80000.0,176800.0
Prescott,IA,60714.0,52500.0
Preston,IA,81542.0,147900.0
Primghar,IA,75000.0,118500.0
Princeton,IA,79940.0,229500.0
Promise City,IA,38393.0,53800.0
Protivin,IA,59375.0,91400.0
Pulaski,IA,67115.0,68800.0
Quasqueton,IA,66458.0,119000.0
Quimby,IA,57500.0,47900.0
Radcliffe,IA,66250.0,97600.0
Rake,IA,54000.0,44500.0
Ralston,IA,66250.0,80800.0
Randalia,IA,34643.0,53800.0
Randall,IA,63750.0,106300.0
Randolph,IA,60625.0,93100.0
Rathbun,IA,46250.0,55000.0
Raymond,IA,60972.0,205700.0
Readlyn,IA,80455.0,149200.0
Reasnor,IA,63636.0,86700.0
Redding,IA,75500.0,152500.0
Redfield,IA,68125.0,131500.0
Red Oak,IA,50984.0,92900.0
Reinbeck,IA,82188.0,148600.0
Rembrandt,IA,51250.0,83800.0
Remsen,IA,87800.0,167200.0
Renwick,IA,53438.0,63600.0
Rhodes,IA,68047.0,86900.0
Riceville,IA,48009.0,92900.0
Richland,IA,52344.0,114700.0
Rickardsville,IA,94375.0,248400.0
Ricketts,IA,,45000.0
Ridgeway,IA,56750.0,131700.0
Rinard,IA,56250.0,40000.0
Ringsted,IA,61477.0,37000.0
Rippey,IA,46667.0,44600.0
Riverdale,IA,86250.0,281000.0
Riverside,IA,79265.0,189200.0
River Sioux,IA,,
Riverton,IA,46992.0,38100.0
Robins,IA,127443.0,344200.0
Rochester,IA,,
Rock Falls,IA,54375.0,137500.0
Rockford,IA,61741.0,93900.0
Rock Rapids,IA,67625.0,197500.0
Rock Valley,IA,63485.0,203000.0
Rockwell,IA,56481.0,134000.0
Rockwell City,IA,52688.0,82100.0
Rodman,IA,100000.0,
Rodney,IA,47917.0,
Roland,IA,80250.0,159500.0
Rolfe,IA,56000.0,51300.0
Rome,IA,36250.0,35000.0
Rose Hill,IA,56250.0,65000.0
Roseville,IA,,
Rossie,IA,,
Rowan,IA,48958.0,
Rowley,IA,59167.0,118800.0
Royal,IA,57500.0,78500.0
Rudd,IA,70375.0,95000.0
Runnells,IA,95000.0,185000.0
Russell,IA,44375.0,47900.0
Ruthven,IA,62250.0,89600.0
Rutland,IA,78333.0,
Ryan,IA,73864.0,140100.0
Sabula,IA,54375.0,114700.0
Sac City,IA,54815.0,100700.0
Sageville,IA,69063.0,238600.0
St. Ansgar,IA,76042.0,141200.0
St. Anthony,IA,58500.0,44000.0
St. Benedict,IA,81563.0,
St. Charles,IA,93889.0,195400.0
St. Donatus,IA,39750.0,208900.0
St. Joseph,IA,,
St. Lucas,IA,60625.0,90000.0
St. Marys,IA,61429.0,148200.0
St. Olaf,IA,69167.0,76700.0
St. Paul,IA,83250.0,156300.0
Salem,IA,53125.0,73300.0
Salix,IA,67500.0,150500.0
Sanborn,IA,54500.0,119000.0
Sandusky,IA,84417.0,232200.0
Sandyville,IA,,162500.0
Saylorville,IA,75571.0,279600.0
Scarville,IA,,51700.0
Schaller,IA,64063.0,75700.0
Schleswig,IA,68567.0,115200.0
Scranton,IA,51625.0,55600.0
Searsboro,IA,50000.0,86100.0
Sergeant Bluff,IA,117500.0,263600.0
Sexton,IA,,
Seymour,IA,40547.0,64800.0
Shambaugh,IA,69167.0,80800.0
Shannon City,IA,78438.0,51000.0
Sharpsburg,IA,47321.0,90800.0
Sheffield,IA,61953.0,128600.0
Shelby,IA,52857.0,123800.0
Sheldahl,IA,64375.0,154300.0
Sheldon,IA,61939.0,158000.0
Shell Rock,IA,68125.0,159100.0
Shellsburg,IA,67159.0,177500.0
Shenandoah,IA,48859.0,98200.0
Sherrill,IA,93750.0,209700.0
Shueyville,IA,144063.0,472800.0
Sibley,IA,60417.0,115500.0
Sidney,IA,64500.0,112900.0
Sigourney,IA,49688.0,105700.0
Silver City,IA,73750.0,127300.0
Sioux Center,IA,82050.0,256700.0
Sioux City,IA,64250.0,149800.0
Sioux Rapids,IA,54904.0,80500.0
Slater,IA,87955.0,201800.0
Sloan,IA,69167.0,172700.0
Smithland,IA,81750.0,73300.0
Soldier,IA,45833.0,56000.0
Solon,IA,114936.0,293800.0
Somers,IA,49000.0,65600.0
South Amana,IA,,285000.0
South English,IA,50833.0,80000.0
Spencer,IA,57175.0,156000.0
Sperry,IA,75385.0,
Spillville,IA,39167.0,151000.0
Spirit Lake,IA,70248.0,196900.0
Spragueville,IA,71250.0,106300.0
Springbrook,IA,82813.0,131300.0
Spring Hill,IA,97750.0,115000.0
Springville,IA,78636.0,161200.0
Stacyville,IA,57188.0,92700.0
Stanhope,IA,60208.0,93800.0
Stanley,IA,43542.0,
Stanton,IA,82143.0,90700.0
Stanwood,IA,55000.0,124200.0
State Center,IA,81250.0,140500.0
Steamboat Rock,IA,40625.0,67800.0
Stockport,IA,52083.0,71900.0
Stockton,IA,46908.0,115000.0
Stone City,IA,166667.0,422200.0
Storm Lake,IA,54615.0,148900.0
Story City,IA,67308.0,172700.0
Stout,IA,82222.0,119900.0
Stratford,IA,45978.0,84500.0
Strawberry Point,IA,58750.0,110800.0
Struble,IA,93750.0,133800.0
Stuart,IA,57031.0,147500.0
Sully,IA,83029.0,145700.0
Sumner,IA,59926.0,103800.0
Sun Valley Lake,IA,121875.0,500000.0
Superior,IA,56125.0,72100.0
Sutherland,IA,58000.0,80000.0
Swaledale,IA,46500.0,51900.0
Swan,IA,41667.0,
Swea City,IA,48906.0,45300.0
Swedesburg,IA,,
Swisher,IA,94091.0,241800.0
Tabor,IA,66314.0,172700.0
Tama,IA,59129.0,97200.0
Templeton,IA,67500.0,146900.0
Tennant,IA,50000.0,82500.0
Terril,IA,34808.0,90000.0
Thayer,IA,68750.0,32500.0
Thompson,IA,53250.0,90500.0
Thor,IA,53900.0,
Thornburg,IA,50417.0,22500.0
Thornton,IA,58676.0,93600.0
Thurman,IA,85438.0,100000.0
Tiffin,IA,94011.0,295800.0
Tingley,IA,53750.0,60000.0
Tipton,IA,69231.0,139900.0
Titonka,IA,56932.0,54400.0
Toeterville,IA,,
Toledo,IA,51574.0,115500.0
Toronto,IA,41250.0,78300.0
Traer,IA,67321.0,122800.0
Trenton,IA,,
Treynor,IA,93958.0,198300.0
Tripoli,IA,71641.0,113200.0
Truesdale,IA,92557.0,42500.0
Truro,IA,58750.0,149200.0
Turin,IA,86103.0,80000.0
Twin Lakes,IA,119679.0,536500.0
Udell,IA,71875.0,60000.0
Underwood,IA,92188.0,225600.0
Union,IA,59375.0,72800.0
Unionville,IA,,101700.0
University Heights,IA,102838.0,379000.0
University Park,IA,63162.0,89700.0
Urbana,IA,107625.0,202700.0
Urbandale,IA,111888.0,298500.0
Ute,IA,51250.0,69400.0
Vail,IA,56154.0,73800.0
Valeria,IA,73125.0,
Van Horne,IA,76000.0,161100.0
Van Meter,IA,124375.0,225000.0
Van Wert,IA,53750.0,62500.0
Varina,IA,43750.0,43300.0
Ventura,IA,76667.0,322100.0
Victor,IA,64141.0,102500.0
Villisca,IA,55625.0,73400.0
Vincent,IA,57059.0,104200.0
Vining,IA,85625.0,81100.0
Vinton,IA,63100.0,153800.0
Volga,IA,57500.0,73700.0
Wadena,IA,48958.0,85900.0
Wahpeton,IA,93750.0,390800.0
Walcott,IA,74563.0,158000.0
Walford,IA,108864.0,263800.0
Walker,IA,81944.0,151800.0
Wallingford,IA,62250.0,84200.0
Wall Lake,IA,63125.0,115700.0
Walnut,IA,56364.0,110200.0
Wapello,IA,68403.0,117700.0
Washburn,IA,72461.0,115800.0
Washington,IA,56399.0,141500.0
Washta,IA,49500.0,50000.0
Waterloo,IA,54104.0,142000.0
Waterville,IA,46250.0,93000.0
Watkins,IA,34792.0,
Waucoma,IA,64375.0,98600.0
Waukee,IA,106846.0,305300.0
Waukon,IA,52738.0,120500.0
Waverly,IA,78278.0,211000.0
Wayland,IA,66731.0,115200.0
Webb,IA,66250.0,62000.0
Webster,IA,31985.0,72500.0
Webster City,IA,59665.0,95200.0
Weldon,IA,36375.0,78300.0
Wellman,IA,55833.0,147300.0
Wellsburg,IA,60750.0,102000.0
Welton,IA,70625.0,108800.0
Wesley,IA,63750.0,85500.0
West Amana,IA,100119.0,
West Bend,IA,80337.0,143500.0
West Branch,IA,72938.0,205000.0
West Burlington,IA,42721.0,136600.0
West Chester,IA,60625.0,72300.0
West Des Moines,IA,82345.0,266700.0
Westfield,IA,49219.0,91100.0
Westgate,IA,49688.0,92100.0
West Liberty,IA,63910.0,157600.0
West Okoboji,IA,68333.0,543500.0
Weston,IA,,
Westphalia,IA,102955.0,95000.0
West Point,IA,59583.0,153200.0
Westside,IA,61563.0,110000.0
West Union,IA,50050.0,124400.0
Westwood,IA,100625.0,240300.0
Wever,IA,40875.0,260800.0
What Cheer,IA,45500.0,43300.0
Wheatland,IA,34141.0,97900.0
Whiting,IA,61250.0,82100.0
Whittemore,IA,74231.0,86800.0
Whitten,IA,71250.0,48100.0
Willey,IA,101250.0,175000.0
Williams,IA,53750.0,80700.0
Williamsburg,IA,78861.0,186600.0
Williamson,IA,43125.0,52700.0
Wilton,IA,69094.0,141500.0
Windsor Heights,IA,85055.0,234700.0
Winfield,IA,42891.0,100600.0
Winterset,IA,71411.0,175000.0
Winthrop,IA,62396.0,138500.0
Wiota,IA,73403.0,87500.0
Woden,IA,44519.0,71300.0
Woodbine,IA,58816.0,142600.0
Woodburn,IA,39063.0,48300.0
Woodward,IA,65625.0,167200.0
Woolstock,IA,75000.0,85500.0
Worthington,IA,77083.0,145600.0
Wyoming,IA,63125.0,99900.0
Yale,IA,,74100.0
Yarmouth,IA,,
Yetter,IA,,32500.0
Yorktown,IA,46250.0,85000.0
Zearing,IA,62917.0,129700.0
Zwingle,IA,,127100.0
Abbyville,KS,,68800.0
Abilene,KS,54948.0,134300.0
Ada,KS,33750.0,
Admire,KS,51484.0,
Agenda,KS,44531.0,55000.0
Agra,KS,46250.0,57500.0
Albert,KS,45000.0,40000.0
Alden,KS,58125.0,49200.0
Alexander,KS,27500.0,43900.0
Allen,KS,54722.0,54400.0
Alma,KS,50313.0,110300.0
Almena,KS,35833.0,63800.0
Altamont,KS,58542.0,76400.0
Alta Vista,KS,50313.0,84000.0
Alton,KS,,24000.0
Altoona,KS,40500.0,55000.0
Americus,KS,78417.0,108500.0
Ames,KS,,
Andale,KS,87625.0,229900.0
Andover,KS,113538.0,261000.0
Anthony,KS,51117.0,64500.0
Arcadia,KS,42500.0,27500.0
Argonia,KS,74688.0,104800.0
Arkansas City,KS,49177.0,78500.0
Arlington,KS,38125.0,51700.0
Arma,KS,38947.0,88100.0
Asherville,KS,,
Ashland,KS,60179.0,67300.0
Assaria,KS,76458.0,132400.0
Atchison,KS,50344.0,113900.0
Athol,KS,52500.0,83800.0
Atlanta,KS,47083.0,71700.0
Attica,KS,42422.0,45000.0
Atwood,KS,65714.0,111400.0
Auburn,KS,62391.0,127900.0
Augusta,KS,59536.0,154100.0
Aurora,KS,53750.0,44000.0
Axtell,KS,63750.0,126100.0
Baileyville,KS,,427800.0
Bala,KS,,
Baldwin City,KS,87133.0,216700.0
Barnard,KS,60000.0,30500.0
Barnes,KS,37500.0,46100.0
Bartlett,KS,50625.0,45000.0
Basehor,KS,100608.0,286300.0
Bassett,KS,,125000.0
Bavaria,KS,55000.0,141700.0
Baxter Springs,KS,47727.0,86100.0
Bazine,KS,53860.0,50000.0
Beattie,KS,54792.0,83700.0
Beaumont,KS,,
Beaver,KS,,
Bel Aire,KS,91979.0,188000.0
Belle Plaine,KS,58750.0,99400.0
Belleville,KS,49777.0,78500.0
Beloit,KS,59909.0,93600.0
Belpre,KS,29063.0,16900.0
Belvue,KS,77344.0,166700.0
Bendena,KS,85962.0,186500.0
Benedict,KS,46250.0,53300.0
Bennington,KS,80417.0,123900.0
Bentley,KS,57500.0,109100.0
Benton,KS,88611.0,169300.0
Bern,KS,61250.0,125000.0
Beverly,KS,29286.0,45000.0
Big Bow,KS,,
Bird City,KS,48333.0,83600.0
Bison,KS,61875.0,52900.0
Blue Mound,KS,48750.0,56900.0
Blue Rapids,KS,47604.0,51700.0
Bluff City,KS,63472.0,28400.0
Bogue,KS,45000.0,61300.0
Bonner Springs,KS,82208.0,207300.0
Bremen,KS,250001.0,
Brewster,KS,65893.0,125000.0
Bridgeport,KS,,
Bronson,KS,69643.0,51000.0
Brookville,KS,80625.0,83000.0
Brownell,KS,26875.0,
Bucklin,KS,58314.0,94200.0
Bucyrus,KS,91250.0,
Buffalo,KS,63750.0,34500.0
Buhler,KS,62614.0,115500.0
Bunker Hill,KS,66250.0,70600.0
Burden,KS,55875.0,61800.0
Burdett,KS,62750.0,59500.0
Burdick,KS,52500.0,73300.0
Burlingame,KS,49722.0,86900.0
Burlington,KS,47388.0,118800.0
Burns,KS,43125.0,49600.0
Burr Oak,KS,29375.0,29500.0
Burrton,KS,66500.0,82600.0
Bushong,KS,35625.0,
Bushton,KS,24943.0,29600.0
Byers,KS,,32500.0
Caldwell,KS,47188.0,61500.0
Cambridge,KS,70625.0,32500.0
Caney,KS,37404.0,63300.0
Canton,KS,61167.0,120600.0
Carbondale,KS,65764.0,96900.0
Carlton,KS,61875.0,
Cassoday,KS,66000.0,68800.0
Catharine,KS,,270000.0
Cawker City,KS,48667.0,84200.0
Cedar,KS,,
Cedar Point,KS,,
Cedar Vale,KS,41250.0,27200.0
Centerville,KS,,
Centralia,KS,44762.0,79500.0
Centropolis,KS,,
Chanute,KS,52608.0,89400.0
Chapman,KS,66964.0,186600.0
Chase,KS,59375.0,59000.0
Chautauqua,KS,,23900.0
Cheney,KS,70598.0,145100.0
Cherokee,KS,37250.0,81200.0
Cherryvale,KS,45208.0,50300.0
Chetopa,KS,23750.0,60500.0
Chicopee,KS,140000.0,318500.0
Cimarron,KS,90461.0,173300.0
Circleville,KS,44583.0,81900.0
Claflin,KS,58125.0,88700.0
Clay Center,KS,53208.0,120000.0
Clayton,KS,49464.0,42000.0
Clearwater,KS,78472.0,182700.0
Clifton,KS,51563.0,67700.0
Climax,KS,68250.0,60000.0
Clyde,KS,46250.0,65200.0
Coats,KS,71500.0,19800.0
Codell,KS,,
Coffeyville,KS,41220.0,58100.0
Colby,KS,62937.0,152700.0
Coldwater,KS,45625.0,62000.0
Collyer,KS,79375.0,85000.0
Colony,KS,44286.0,49800.0
Columbus,KS,39777.0,66700.0
Colwich,KS,84403.0,198200.0
Concordia,KS,45000.0,90700.0
Conway Springs,KS,66635.0,114500.0
Coolidge,KS,36544.0,
Copeland,KS,43750.0,133900.0
Corning,KS,77188.0,91400.0
Cottonwood Falls,KS,45625.0,86500.0
Council Grove,KS,52326.0,126400.0
Courtland,KS,55000.0,76700.0
Coyville,KS,,52800.0
Crestline,KS,,
Croweburg,KS,100694.0,82800.0
Cuba,KS,46944.0,45300.0
Cullison,KS,27083.0,19600.0
Culver,KS,,55000.0
Cunningham,KS,55625.0,75900.0
Damar,KS,49583.0,49000.0
Danville,KS,54063.0,73100.0
Dearing,KS,62765.0,68300.0
Deerfield,KS,71429.0,55000.0
Delia,KS,78214.0,71900.0
Delphos,KS,52688.0,47300.0
Denison,KS,57083.0,60700.0
Dennis,KS,85287.0,152900.0
Denton,KS,81458.0,106600.0
Derby,KS,79581.0,210600.0
De Soto,KS,102685.0,352500.0
Detroit,KS,,99600.0
Devon,KS,,
Dexter,KS,49551.0,84400.0
Dighton,KS,47500.0,83900.0
Dodge City,KS,66932.0,112800.0
Dorrance,KS,75156.0,91700.0
Douglass,KS,66667.0,109300.0
Downs,KS,57500.0,104900.0
Dresden,KS,38750.0,
Dunlap,KS,61094.0,
Durham,KS,46250.0,51700.0
Dwight,KS,54609.0,84000.0
Earlton,KS,71429.0,37900.0
Eastborough,KS,187750.0,418100.0
Easton,KS,47188.0,45700.0
Eastshore,KS,52188.0,162500.0
Edgerton,KS,78656.0,177100.0
Edmond,KS,,9999.0
Edna,KS,62708.0,76700.0
Edson,KS,,
Edwardsville,KS,78526.0,162400.0
Effingham,KS,60000.0,97600.0
Elbing,KS,76250.0,134300.0
El Dorado,KS,52921.0,104200.0
Elgin,KS,,22500.0
Elk City,KS,31250.0,22900.0
Elk Falls,KS,46250.0,47000.0
Elkhart,KS,56895.0,104100.0
Ellinwood,KS,50208.0,95000.0
Ellis,KS,65682.0,125000.0
Ellsworth,KS,61524.0,139000.0
Elmdale,KS,42917.0,42500.0
Elsmore,KS,53333.0,
Elwood,KS,57063.0,69700.0
Elyria,KS,148443.0,337700.0
Emmett,KS,47500.0,75000.0
Emporia,KS,49661.0,125200.0
Englewood,KS,,63600.0
Ensign,KS,70417.0,73300.0
Enterprise,KS,56944.0,94800.0
Erie,KS,40962.0,86200.0
Esbon,KS,50938.0,50000.0
Eskridge,KS,43333.0,80000.0
Eudora,KS,111840.0,217100.0
Eureka,KS,39063.0,53200.0
Everest,KS,44375.0,71700.0
Fairview,KS,55369.0,112700.0
Fairway,KS,154981.0,563300.0
Fall River,KS,51250.0,45000.0
Falun,KS,52944.0,41800.0
Farlington,KS,,
Florence,KS,30208.0,33100.0
Fontana,KS,63750.0,113400.0
Ford,KS,74688.0,129500.0
Formoso,KS,19615.0,28800.0
Fort Dodge,KS,37560.0,
Fort Riley,KS,48497.0,220200.0
Fort Scott,KS,45206.0,82300.0
Fowler,KS,45402.0,100000.0
Frankfort,KS,66458.0,71800.0
Franklin,KS,56450.0,
Frederick,KS,36331.0,54700.0
Fredonia,KS,54375.0,88900.0
Frontenac,KS,54905.0,147400.0
Fulton,KS,52000.0,50000.0
Furley,KS,111250.0,
Galatia,KS,,
Galena,KS,36467.0,60500.0
Galesburg,KS,55000.0,95000.0
Galva,KS,88393.0,179800.0
Garden City,KS,67500.0,178900.0
Garden Plain,KS,95625.0,196100.0
Gardner,KS,91232.0,254500.0
Garfield,KS,67813.0,75000.0
Garland,KS,,
Garnett,KS,39000.0,140100.0
Gas,KS,58750.0,66800.0
Gaylord,KS,39792.0,40000.0
Gem,KS,81250.0,
Geneseo,KS,34167.0,40000.0
Geuda Springs,KS,56250.0,81100.0
Girard,KS,38824.0,86600.0
Glade,KS,47321.0,114100.0
Glasco,KS,51667.0,47500.0
Glen Elder,KS,65417.0,137500.0
Goddard,KS,87385.0,186000.0
Goessel,KS,55972.0,93200.0
Goff,KS,67500.0,
Goodland,KS,54228.0,101700.0
Gorham,KS,56786.0,91400.0
Gove City,KS,36875.0,
Grainfield,KS,43571.0,96700.0
Grandview Plaza,KS,45179.0,
Grantville,KS,82063.0,
Great Bend,KS,53885.0,116400.0
Greeley,KS,43750.0,77500.0
Greeley County unified government (balance),KS,77375.0,177100.0
Green,KS,52500.0,81700.0
Greenleaf,KS,40179.0,72500.0
Greensburg,KS,52083.0,174100.0
Greenwich,KS,50833.0,138200.0
Grenola,KS,48542.0,41800.0
Gridley,KS,55865.0,81700.0
Grinnell,KS,56042.0,105400.0
Gypsum,KS,40313.0,78900.0
Haddam,KS,72841.0,36600.0
Hallowell,KS,114250.0,
Halstead,KS,54394.0,138800.0
Hamilton,KS,29773.0,23100.0
Hamlin,KS,146250.0,28300.0
Hanover,KS,58750.0,97900.0
Hanston,KS,76250.0,81300.0
Hardtner,KS,49667.0,49700.0
Harper,KS,56741.0,85700.0
Harris,KS,,
Hartford,KS,51375.0,76500.0
Harveyville,KS,57250.0,77000.0
Havana,KS,34107.0,
Haven,KS,56953.0,82300.0
Havensville,KS,130500.0,
Haviland,KS,58125.0,76700.0
Hays,KS,55349.0,211100.0
Haysville,KS,66382.0,148900.0
Hazelton,KS,61250.0,65000.0
Healy,KS,44808.0,65200.0
Hepler,KS,45179.0,25000.0
Herington,KS,63591.0,76300.0
Herkimer,KS,,
Herndon,KS,58438.0,44500.0
Hesston,KS,67333.0,168200.0
Hiawatha,KS,56050.0,106700.0
Highland,KS,65000.0,117000.0
Hill City,KS,43750.0,88400.0
Hillsboro,KS,55000.0,100600.0
Hillsdale,KS,59271.0,201300.0
Hoisington,KS,48110.0,70400.0
Holcomb,KS,81111.0,174500.0
Hollenberg,KS,47778.0,9999.0
Holton,KS,47188.0,136500.0
Holyrood,KS,39200.0,59400.0
Home,KS,103750.0,290000.0
Hope,KS,58438.0,108300.0
Horace,KS,68125.0,
Horton,KS,41518.0,69000.0
Howard,KS,39583.0,43200.0
Hoxie,KS,68438.0,155900.0
Hoyt,KS,73750.0,122600.0
Hudson,KS,59167.0,75000.0
Hugoton,KS,63896.0,124100.0
Humboldt,KS,43144.0,92600.0
Hunnewell,KS,47500.0,
Hunter,KS,36563.0,27100.0
Huron,KS,60625.0,
Hutchinson,KS,55265.0,117400.0
Idana,KS,,
Independence,KS,48514.0,85100.0
Ingalls,KS,70833.0,77100.0
Inman,KS,58125.0,145600.0
Iola,KS,46351.0,85500.0
Ionia,KS,,
Isabel,KS,56369.0,71100.0
Iuka,KS,29974.0,94200.0
Jamestown,KS,74167.0,42900.0
Jennings,KS,,43000.0
Jetmore,KS,67885.0,79600.0
Jewell,KS,41111.0,59200.0
Johnson City,KS,65308.0,67100.0
Junction City,KS,60709.0,160200.0
Kanopolis,KS,44583.0,79500.0
Kanorado,KS,81250.0,85800.0
Kansas City,KS,56120.0,133800.0
Keats,KS,,
Kechi,KS,103625.0,250200.0
Kelly,KS,,
Kensington,KS,52188.0,55100.0
Kickapoo Site 1,KS,34375.0,
Kickapoo Site 2,KS,31250.0,
Kickapoo Site 5,KS,65433.0,44400.0
Kickapoo Site 6,KS,,
Kickapoo Site 7,KS,13750.0,
Kickapoo Tribal Center,KS,15625.0,70000.0
Kincaid,KS,35833.0,
Kingman,KS,55532.0,58500.0
Kinsley,KS,47051.0,57100.0
Kiowa,KS,51806.0,74200.0
Kipp,KS,,
Kirwin,KS,46875.0,
Kismet,KS,61458.0,109000.0
Labette,KS,60625.0,75000.0
La Crosse,KS,48136.0,74900.0
La Cygne,KS,56907.0,99600.0
Lafontaine,KS,,
La Harpe,KS,39722.0,55800.0
Lake City,KS,,
Lake Quivira,KS,166875.0,692600.0
Lakin,KS,58846.0,144000.0
Lancaster,KS,42143.0,96400.0
Lane,KS,35938.0,96100.0
Langdon,KS,48523.0,32800.0
Lansing,KS,100863.0,233900.0
Larned,KS,45198.0,94200.0
Latham,KS,,40000.0
Latimer,KS,49375.0,
Lawrence,KS,59834.0,247300.0
Leavenworth,KS,67360.0,163800.0
Leawood,KS,174779.0,592700.0
Lebanon,KS,33750.0,31300.0
Lebo,KS,66250.0,133400.0
Lecompton,KS,67813.0,166100.0
Lehigh,KS,75625.0,82200.0
Lenexa,KS,101074.0,348600.0
Lenora,KS,33889.0,50000.0
Leon,KS,70000.0,116000.0
Leona,KS,37813.0,53300.0
Leonardville,KS,64375.0,119400.0
Leoti,KS,66845.0,94300.0
LeRoy,KS,36875.0,79400.0
Levant,KS,54491.0,83100.0
Lewis,KS,36667.0,48000.0
Liberal,KS,55602.0,128900.0
Liberty,KS,73750.0,47900.0
Liebenthal,KS,61250.0,67000.0
Lincoln Center,KS,49875.0,61500.0
Lincolnville,KS,47273.0,67500.0
Lindsborg,KS,67059.0,155500.0
Linn,KS,64063.0,89600.0
Linn Valley,KS,55523.0,134100.0
Linwood,KS,61211.0,205000.0
Little River,KS,49167.0,106700.0
Logan,KS,56645.0,69500.0
Lone Elm,KS,53958.0,
Longford,KS,43125.0,55000.0
Long Island,KS,75625.0,107800.0
Longton,KS,33750.0,34200.0
Lorraine,KS,53417.0,52000.0
Lost Springs,KS,57917.0,
Louisburg,KS,68438.0,225200.0
Louisville,KS,,55900.0
Lowell,KS,85145.0,97800.0
Lucas,KS,42917.0,50900.0
Ludell,KS,,
Luray,KS,59000.0,85000.0
Lyndon,KS,65250.0,114200.0
Lyons,KS,60938.0,79400.0
McConnell AFB,KS,70625.0,
McCracken,KS,41667.0,50400.0
McCune,KS,34063.0,29500.0
McDonald,KS,82650.0,
McFarland,KS,70417.0,87800.0
Macksville,KS,53447.0,79200.0
McLouth,KS,58304.0,138100.0
McPherson,KS,69807.0,184400.0
Madison,KS,46434.0,48800.0
Mahaska,KS,46719.0,
Maize,KS,88075.0,217800.0
Manchester,KS,,26800.0
Manhattan,KS,55316.0,242300.0
Mankato,KS,46979.0,57400.0
Manter,KS,60662.0,74000.0
Maple Hill,KS,72404.0,176200.0
Mapleton,KS,31000.0,
Marienthal,KS,86731.0,86100.0
Marion,KS,55542.0,88500.0
Marquette,KS,58958.0,85000.0
Marysville,KS,53424.0,107000.0
Matfield Green,KS,39063.0,67500.0
Mayetta,KS,55000.0,80400.0
Mayfield,KS,43125.0,75000.0
Meade,KS,71827.0,112900.0
Medicine Lodge,KS,53156.0,74100.0
Melvern,KS,50000.0,77300.0
Menlo,KS,,137500.0
Mentor,KS,85529.0,188900.0
Meriden,KS,69449.0,138400.0
Merriam,KS,69414.0,229000.0
Milan,KS,,
Mildred,KS,,
Milford,KS,71000.0,165600.0
Milton,KS,57917.0,71700.0
Miltonvale,KS,42917.0,50000.0
Minneapolis,KS,68333.0,129300.0
Minneola,KS,58542.0,88600.0
Mission,KS,78915.0,248600.0
Mission Hills,KS,250001.0,1159900.0
Mission Woods,KS,198750.0,716700.0
Moline,KS,33500.0,29000.0
Montezuma,KS,53977.0,99500.0
Mont Ida,KS,,
Monument,KS,,
Moran,KS,49886.0,92900.0
Morganville,KS,44545.0,47700.0
Morland,KS,54750.0,62500.0
Morrill,KS,54886.0,83300.0
Morrowville,KS,67500.0,27200.0
Moscow,KS,76667.0,95000.0
Mound City,KS,48750.0,127700.0
Moundridge,KS,59048.0,164600.0
Mound Valley,KS,52500.0,46600.0
Mount Hope,KS,71667.0,122900.0
Mulberry,KS,50580.0,73100.0
Mullinville,KS,75357.0,56400.0
Mulvane,KS,67766.0,165200.0
Munden,KS,71250.0,33400.0
Munjor,KS,,160900.0
Murdock,KS,,
Muscotah,KS,58125.0,75000.0
Narka,KS,45000.0,17800.0
Nashville,KS,,37500.0
Natoma,KS,54167.0,29800.0
Navarre,KS,,
Neal,KS,113047.0,
Neodesha,KS,48542.0,86300.0
Neosho Falls,KS,35000.0,9999.0
Neosho Rapids,KS,74500.0,66300.0
Ness City,KS,77917.0,100900.0
Netawaka,KS,70417.0,88300.0
New Albany,KS,46875.0,38800.0
Newbury,KS,,
New Cambria,KS,83601.0,97500.0
New Salem,KS,,
New Strawn,KS,108125.0,153100.0
Newton,KS,66528.0,137600.0
Nickerson,KS,50350.0,70700.0
Nicodemus,KS,,
Niles,KS,39219.0,206300.0
Niotaze,KS,67895.0,130900.0
Norcatur,KS,62500.0,82800.0
North Newton,KS,95221.0,197600.0
Norton,KS,52822.0,100200.0
Nortonville,KS,66786.0,89200.0
Norway,KS,,
Norwich,KS,48625.0,84200.0
Oak Hill,KS,,
Oaklawn-Sunview,KS,33804.0,47300.0
Oakley,KS,65568.0,122000.0
Oberlin,KS,40735.0,72500.0
Odin,KS,,
Offerle,KS,57500.0,64000.0
Ogallah,KS,,
Ogden,KS,57392.0,145100.0
Oketo,KS,71375.0,133500.0
Olathe,KS,108077.0,317900.0
Olivet,KS,70000.0,
Olmitz,KS,44583.0,26300.0
Olpe,KS,84904.0,138400.0
Olsburg,KS,72917.0,137500.0
Onaga,KS,47500.0,92000.0
Oneida,KS,24051.0,45000.0
Opolis,KS,,
Osage City,KS,50117.0,128200.0
Osawatomie,KS,62598.0,129100.0
Osborne,KS,46422.0,80200.0
Oskaloosa,KS,76250.0,130100.0
Oswego,KS,49833.0,79600.0
Otis,KS,52708.0,58800.0
Ottawa,KS,61927.0,158000.0
Overbrook,KS,62813.0,127600.0
Overland Park,KS,100876.0,361800.0
Oxford,KS,53164.0,107000.0
Ozawkie,KS,96250.0,175000.0
Palco,KS,62000.0,70000.0
Palmer,KS,51875.0,93800.0
Paola,KS,69420.0,172700.0
Paradise,KS,61875.0,
Park,KS,,66000.0
Park City,KS,70583.0,144600.0
Parker,KS,80250.0,102900.0
Parkerfield,KS,103438.0,195800.0
Parkerville,KS,16505.0,54100.0
Parsons,KS,48990.0,72200.0
Partridge,KS,57083.0,75700.0
Pawnee Rock,KS,50250.0,63500.0
Paxico,KS,46250.0,126900.0
Peabody,KS,51299.0,72700.0
Peck,KS,,
Penalosa,KS,,
Perry,KS,71477.0,158600.0
Peru,KS,36985.0,33000.0
Phillipsburg,KS,58112.0,92300.0
Piedmont,KS,138542.0,10000.0
Pierceville,KS,,
Pilsen,KS,,70000.0
Piqua,KS,60750.0,115600.0
Pittsburg,KS,42371.0,97000.0
Plains,KS,72222.0,133600.0
Plainville,KS,68182.0,88200.0
Pleasanton,KS,53958.0,93600.0
Plevna,KS,26750.0,30000.0
Pomona,KS,60476.0,110500.0
Portis,KS,61250.0,32700.0
Potwin,KS,43750.0,80400.0
Powhattan,KS,42083.0,47500.0
Prairie View,KS,135227.0,151100.0
Prairie Village,KS,99691.0,373300.0
Pratt,KS,61117.0,97700.0
Prescott,KS,31250.0,42200.0
Preston,KS,25729.0,19600.0
Pretty Prairie,KS,55750.0,77900.0
Princeton,KS,67917.0,98800.0
Protection,KS,60833.0,53900.0
Quenemo,KS,45625.0,47500.0
Quinter,KS,53250.0,113300.0
Radium,KS,51250.0,26300.0
Radley,KS,108750.0,90000.0
Ramona,KS,,52500.0
Randall,KS,26893.0,36100.0
Randolph,KS,68333.0,141700.0
Ransom,KS,52917.0,55400.0
Rantoul,KS,45833.0,95600.0
Raymond,KS,56250.0,56300.0
Reading,KS,57750.0,47900.0
Redfield,KS,30909.0,55000.0
Republic,KS,67765.0,9999.0
Reserve,KS,39375.0,
Rexford,KS,70865.0,32500.0
Richfield,KS,122500.0,
Richmond,KS,54107.0,83500.0
Riley,KS,76731.0,163800.0
Ringo,KS,35781.0,
Riverton,KS,66354.0,115300.0
Robinson,KS,52813.0,53600.0
Rock,KS,69750.0,55000.0
Roeland Park,KS,84848.0,241900.0
Rolla,KS,42400.0,59300.0
Rosalia,KS,,216100.0
Rose Hill,KS,90962.0,197600.0
Roseland,KS,,
Rossville,KS,52500.0,130300.0
Roxbury,KS,,
Rozel,KS,58500.0,50000.0
Rush Center,KS,79583.0,72100.0
Russell,KS,44942.0,100800.0
Russell Springs,KS,61250.0,67500.0
Sabetha,KS,63000.0,135300.0
St. Benedict,KS,,
St. Francis,KS,37143.0,88200.0
St. George,KS,85469.0,219900.0
St. John,KS,60083.0,86500.0
St. Marks,KS,,
St. Marys,KS,69183.0,186800.0
St. Paul,KS,39688.0,90000.0
Salina,KS,56945.0,155500.0
Satanta,KS,61042.0,97300.0
Savonburg,KS,53750.0,37500.0
Sawyer,KS,41458.0,56400.0
Scammon,KS,46667.0,79500.0
Scandia,KS,49219.0,54000.0
Schoenchen,KS,64479.0,116300.0
Scott City,KS,47217.0,171900.0
Scottsville,KS,171250.0,
Scranton,KS,51484.0,65600.0
Sedan,KS,48750.0,41900.0
Sedgwick,KS,78846.0,152500.0
Selden,KS,49821.0,103300.0
Seneca,KS,72670.0,195200.0
Severance,KS,,
Severy,KS,34375.0,27100.0
Seward,KS,50789.0,90600.0
Shallow Water,KS,,
Sharon,KS,43750.0,58800.0
Sharon Springs,KS,54097.0,89700.0
Shawnee,KS,100649.0,306800.0
Silverdale,KS,,
Silver Lake,KS,54799.0,153200.0
Simpson,KS,58542.0,
Smith Center,KS,49444.0,78600.0
Smolan,KS,59583.0,140600.0
Soldier,KS,42750.0,55000.0
Solomon,KS,72750.0,118200.0
Somerset,KS,,
South Haven,KS,62500.0,58400.0
South Hutchinson,KS,41936.0,134700.0
South Mound,KS,,
Spearville,KS,68710.0,167700.0
Speed,KS,59063.0,28100.0
Spivey,KS,,64400.0
Spring Hill,KS,105194.0,272000.0
Stafford,KS,45000.0,51800.0
Stark,KS,64500.0,
Sterling,KS,49323.0,128500.0
Stockton,KS,56923.0,80200.0
Strong City,KS,46964.0,96400.0
Stuttgart,KS,55938.0,137500.0
Sublette,KS,66354.0,123500.0
Summerfield,KS,49750.0,47500.0
Sun City,KS,52344.0,112500.0
Susank,KS,65625.0,46700.0
Sycamore,KS,150509.0,185400.0
Sylvan Grove,KS,38750.0,80000.0
Sylvia,KS,59167.0,60700.0
Syracuse,KS,52143.0,133600.0
Talmage,KS,,118800.0
Tampa,KS,55000.0,50000.0
Tecumseh,KS,70326.0,149400.0
Tescott,KS,77708.0,94500.0
Thayer,KS,46250.0,59700.0
The Highlands,KS,90433.0,247100.0
Timken,KS,,51700.0
Tipton,KS,,97500.0
Tonganoxie,KS,71333.0,186500.0
Topeka,KS,54052.0,124700.0
Toronto,KS,37500.0,28800.0
Towanda,KS,71477.0,117600.0
Tribune,KS,66719.0,121200.0
Troy,KS,50833.0,106700.0
Turon,KS,50000.0,51400.0
Tyro,KS,,109300.0
Udall,KS,66771.0,91500.0
Ulysses,KS,62138.0,119700.0
Uniontown,KS,50179.0,61300.0
Urbana,KS,,
Utica,KS,62750.0,33100.0
Valley Center,KS,70531.0,193100.0
Valley Falls,KS,43611.0,116900.0
Vassar,KS,85670.0,166200.0
Vermillion,KS,41563.0,70000.0
Victoria,KS,73851.0,159100.0
Vining,KS,24231.0,9999.0
Viola,KS,175595.0,158000.0
Virgil,KS,43750.0,
Wabaunsee,KS,68571.0,105000.0
Wakarusa,KS,40972.0,211500.0
WaKeeney,KS,64890.0,107800.0
Wakefield,KS,64219.0,159100.0
Waldo,KS,37143.0,
Waldron,KS,,
Wallace,KS,40000.0,58300.0
Walnut,KS,58375.0,21300.0
Walton,KS,54904.0,78300.0
Wamego,KS,88942.0,196900.0
Washington,KS,53250.0,84800.0
Waterville,KS,70250.0,91400.0
Wathena,KS,75819.0,139400.0
Waverly,KS,63958.0,87700.0
Wayside,KS,,
Webber,KS,56875.0,
Weir,KS,43125.0,53900.0
Welda,KS,,93900.0
Wellington,KS,48333.0,89500.0
Wells,KS,,
Wellsville,KS,68750.0,158300.0
Weskan,KS,,93300.0
West Mineral,KS,43750.0,37100.0
Westmoreland,KS,57000.0,136400.0
Westphalia,KS,42500.0,28100.0
Westwood,KS,91477.0,368700.0
Westwood Hills,KS,161250.0,531600.0
Wetmore,KS,62500.0,81700.0
Wheaton,KS,56250.0,55000.0
White City,KS,47738.0,63800.0
White Cloud,KS,29750.0,
Whitewater,KS,68333.0,106000.0
Whiting,KS,52000.0,69300.0
Wichita,KS,60712.0,166400.0
Willard,KS,60000.0,
Williamsburg,KS,50000.0,109900.0
Williamstown,KS,65341.0,
Willis,KS,76875.0,52500.0
Willowbrook,KS,158125.0,450000.0
Wilmore,KS,62083.0,60000.0
Wilroads Gardens,KS,73355.0,80200.0
Wilsey,KS,48889.0,60000.0
Wilson,KS,48889.0,71000.0
Winchester,KS,35417.0,80300.0
Windom,KS,56750.0,
Winfield,KS,55850.0,111400.0
Winona,KS,85250.0,60800.0
Woodbine,KS,49583.0,110400.0
Woodruff,KS,,
Woodston,KS,48409.0,37500.0
Wright,KS,30811.0,185100.0
Yale,KS,110536.0,92100.0
Yates Center,KS,40597.0,60800.0
Yoder,KS,56375.0,107600.0
Zeandale,KS,,
Zenda,KS,42321.0,50000.0
Zurich,KS,68750.0,49500.0
Adairville,KY,36176.0,99700.0
Ages,KY,43050.0,60000.0
Albany,KY,39167.0,96200.0
Alexandria,KY,100938.0,242700.0
Allen,KY,33269.0,
Allensville,KY,68250.0,144300.0
Anchorage,KY,202917.0,749000.0
Annville,KY,56979.0,68000.0
Anthoston,KY,56250.0,166500.0
Arjay,KY,,
Arlington,KY,37639.0,82500.0
Artemus,KY,25729.0,88400.0
Ashland,KY,51250.0,121600.0
Auburn,KY,40259.0,114500.0
Audubon Park,KY,104107.0,329800.0
Augusta,KY,50135.0,89100.0
Auxier,KY,81471.0,108600.0
Bancroft,KY,104167.0,348000.0
Bandana,KY,130370.0,85900.0
Barbourmeade,KY,105074.0,341500.0
Barbourville,KY,21287.0,163400.0
Bardstown,KY,47654.0,173300.0
Bardwell,KY,47153.0,70000.0
Barlow,KY,30000.0,84000.0
Beattyville,KY,23423.0,95500.0
Beaver Dam,KY,48991.0,148000.0
Bedford,KY,33750.0,76400.0
Beech Grove,KY,102059.0,136300.0
Beechmont,KY,49760.0,151900.0
Beechwood Village,KY,114375.0,324600.0
Belfry,KY,131597.0,
Bellefonte,KY,109750.0,270900.0
Bellemeade,KY,121111.0,322600.0
Belleview,KY,,135800.0
Bellevue,KY,66741.0,176100.0
Bellewood,KY,155750.0,460000.0
Benham,KY,50595.0,52900.0
Benton,KY,61443.0,157900.0
Berea,KY,54481.0,167200.0
Berry,KY,50208.0,98000.0
Betsy Layne,KY,43493.0,92400.0
Big Clifty,KY,22813.0,75600.0
Blackey,KY,,56400.0
Blaine,KY,,
Blandville,KY,41750.0,
Bloomfield,KY,44922.0,144300.0
Blue Ridge Manor,KY,70833.0,197100.0
Bonnieville,KY,30000.0,98300.0
Booneville,KY,55000.0,
Boston,KY,,179800.0
Bowling Green,KY,47118.0,215300.0
Bradfordsville,KY,29792.0,59200.0
Brandenburg,KY,51964.0,175900.0
Breckinridge Center,KY,66023.0,
Bremen,KY,42650.0,126300.0
Briarwood,KY,75147.0,188000.0
Brodhead,KY,28750.0,125400.0
Broeck Pointe,KY,111250.0,351800.0
Bromley,KY,49432.0,131000.0
Brooks,KY,54000.0,175700.0
Brooksville,KY,50000.0,84900.0
Brownsboro Farm,KY,133542.0,344300.0
Brownsboro Village,KY,89688.0,348100.0
Brownsville,KY,34150.0,195300.0
Buckhorn,KY,106071.0,46100.0
Buckner,KY,141538.0,350600.0
Buffalo,KY,29291.0,250900.0
Burgin,KY,71806.0,168100.0
Burkesville,KY,26563.0,106500.0
Burlington,KY,96683.0,216200.0
Burna,KY,,39000.0
Burnside,KY,52847.0,156300.0
Butler,KY,40893.0,118200.0
Cadiz,KY,39439.0,111400.0
Calhoun,KY,51705.0,100400.0
California,KY,78125.0,137500.0
Calvert City,KY,39974.0,150600.0
Camargo,KY,42262.0,109200.0
Cambridge,KY,88958.0,215000.0
Campbellsburg,KY,53512.0,160000.0
Campbellsville,KY,53254.0,156400.0
Campton,KY,23333.0,54100.0
Caneyville,KY,42212.0,108300.0
Cannonsburg,KY,80271.0,179500.0
Carlisle,KY,53661.0,104400.0
Carrollton,KY,48333.0,129200.0
Carrsville,KY,47250.0,146900.0
Catlettsburg,KY,33047.0,73500.0
Cave City,KY,37431.0,94000.0
Cawood,KY,41556.0,65400.0
Cayce,KY,,
Cecilia,KY,78375.0,
Centertown,KY,45313.0,85000.0
Central City,KY,52184.0,147500.0
Cerulean,KY,54330.0,74600.0
Chaplin,KY,74226.0,
Clarkson,KY,21250.0,97000.0
Claryville,KY,95127.0,229700.0
Clay,KY,36354.0,65600.0
Clay City,KY,22929.0,67800.0
Cleaton,KY,,
Clinton,KY,31100.0,48200.0
Cloverport,KY,33250.0,76700.0
Coal Run Village,KY,43315.0,75400.0
Coldiron,KY,78708.0,85300.0
Cold Spring,KY,76151.0,222700.0
Coldstream,KY,95750.0,230900.0
Columbia,KY,45163.0,122100.0
Columbus,KY,33281.0,
Combs,KY,,
Concord,KY,43750.0,104200.0
Corbin,KY,52929.0,155700.0
Corinth,KY,68125.0,154500.0
Corydon,KY,53854.0,115200.0
Covington,KY,53770.0,153600.0
Coxton,KY,,129800.0
Crab Orchard,KY,27721.0,83800.0
Crayne,KY,116375.0,198400.0
Creekside,KY,125481.0,291800.0
Crescent Springs,KY,75565.0,275600.0
Crestview,KY,86250.0,161500.0
Crestview Hills,KY,107857.0,250500.0
Crestwood,KY,110147.0,335700.0
Crittenden,KY,52217.0,171000.0
Crofton,KY,42986.0,77100.0
Crossgate,KY,130833.0,338200.0
Cumberland,KY,32716.0,59900.0
Cunningham,KY,,80900.0
Curdsville,KY,,
Cynthiana,KY,46601.0,148100.0
Danville,KY,48038.0,181500.0
Dawson Springs,KY,34615.0,82600.0
Dayton,KY,61432.0,131400.0
Dexter,KY,78036.0,111300.0
Diablock,KY,61119.0,101200.0
Dixon,KY,44444.0,83500.0
Doe Valley,KY,102143.0,303100.0
Douglass Hills,KY,90760.0,317400.0
Dover,KY,57813.0,82100.0
Drakesboro,KY,39659.0,75000.0
Druid Hills,KY,141250.0,464500.0
Dry Ridge,KY,46000.0,168500.0
Dunmor,KY,56397.0,138800.0
Dwale,KY,,
Earlington,KY,38971.0,60000.0
East Bernstadt,KY,34632.0,77500.0
Eddyville,KY,37475.0,162500.0
Edgewood,KY,117308.0,278000.0
Edmonton,KY,47841.0,90300.0
Ekron,KY,50179.0,83600.0
Elizabethtown,KY,54493.0,207800.0
Elizaville,KY,48750.0,
Elk Creek,KY,131172.0,340000.0
Elkhorn City,KY,43819.0,100800.0
Elkton,KY,39922.0,98400.0
Elsmere,KY,61890.0,150500.0
Eminence,KY,48793.0,158700.0
Emlyn,KY,88125.0,150000.0
Erlanger,KY,74147.0,173800.0
Eubank,KY,44205.0,106700.0
Evarts,KY,32222.0,80700.0
Ewing,KY,42614.0,110900.0
Ezel,KY,37850.0,90500.0
Fairfield,KY,85546.0,
Fairview,KY,,
Fairview,KY,70000.0,133900.0
Falmouth,KY,38021.0,94600.0
Fancy Farm,KY,55060.0,108100.0
Farley,KY,45257.0,83500.0
Farmers,KY,,
Farmington,KY,,75500.0
Ferguson,KY,32500.0,98800.0
Fincastle,KY,84750.0,228700.0
Flat Lick,KY,16327.0,
Flatwoods,KY,58294.0,106600.0
Fleming-Neon,KY,55438.0,43600.0
Flemingsburg,KY,37857.0,103800.0
Florence,KY,67352.0,181500.0
Fordsville,KY,43281.0,
Forest Hills,KY,85625.0,227800.0
Fort Campbell North,KY,52677.0,
Fort Knox,KY,76864.0,
Fort Mitchell,KY,74830.0,342900.0
Fort Thomas,KY,95391.0,273700.0
Fort Wright,KY,105075.0,268400.0
Fountain Run,KY,38750.0,95000.0
Fox Chase,KY,95375.0,291000.0
Francisville,KY,145304.0,360800.0
Frankfort,KY,53905.0,157300.0
Franklin,KY,54784.0,166600.0
Fredonia,KY,63500.0,89100.0
Freeburn,KY,,
Frenchburg,KY,29028.0,127600.0
Fulton,KY,33090.0,42100.0
Gamaliel,KY,34688.0,77400.0
Garrison,KY,40156.0,68300.0
Georgetown,KY,74530.0,223700.0
Germantown,KY,84583.0,103100.0
Ghent,KY,51364.0,101900.0
Gilbertsville,KY,,
Glasgow,KY,44125.0,140500.0
Glencoe,KY,43438.0,125000.0
Glenview,KY,250001.0,1002500.0
Glenview Hills,KY,141667.0,583300.0
Glenview Manor,KY,163125.0,536200.0
Goose Creek,KY,99167.0,315100.0
Goshen,KY,94926.0,268700.0
Gracey,KY,,
Grand Rivers,KY,60625.0,169600.0
Gratz,KY,92833.0,94000.0
Graymoor-Devondale,KY,82833.0,299200.0
Grayson,KY,27045.0,135500.0
Greensburg,KY,38571.0,105600.0
Green Spring,KY,160893.0,370100.0
Greenup,KY,43036.0,98900.0
Greenville,KY,68984.0,118900.0
Guthrie,KY,34118.0,112300.0
Hanson,KY,84063.0,140500.0
Hardin,KY,30341.0,90000.0
Hardinsburg,KY,52684.0,113600.0
Hardyville,KY,,118100.0
Harlan,KY,24936.0,125000.0
Harrodsburg,KY,49293.0,154800.0
Hartford,KY,62366.0,102300.0
Hawesville,KY,54423.0,123200.0
Hazard,KY,65846.0,146900.0
Hazel,KY,36765.0,95900.0
Hazel Green,KY,,
Hebron,KY,99257.0,198500.0
Hebron Estates,KY,53929.0,258000.0
Henderson,KY,46276.0,144200.0
Hendron,KY,65912.0,197600.0
Heritage Creek,KY,85469.0,221200.0
Hickman,KY,31000.0,59300.0
Hickory,KY,,
Hickory Hill,KY,96094.0,269100.0
High Bridge,KY,,
Highland Heights,KY,44910.0,150000.0
Hills and Dales,KY,98750.0,459600.0
Hillview,KY,63578.0,164000.0
Hindman,KY,19924.0,137000.0
Hiseville,KY,12438.0,
Hodgenville,KY,37022.0,121400.0
Hollow Creek,KY,91875.0,236400.0
Hollyvilla,KY,56250.0,138300.0
Hopkinsville,KY,43577.0,130500.0
Horse Cave,KY,46971.0,79100.0
Houston Acres,KY,100000.0,229200.0
Hunters Hollow,KY,66607.0,165500.0
Hurstbourne,KY,117031.0,544900.0
Hurstbourne Acres,KY,67645.0,260200.0
Hustonville,KY,45625.0,103100.0
Hyden,KY,,93700.0
Independence,KY,92355.0,225500.0
Indian Hills,KY,178250.0,638800.0
Inez,KY,37159.0,
Ironville,KY,46386.0,
Irvine,KY,31359.0,101200.0
Irvington,KY,48714.0,113600.0
Island,KY,47857.0,67200.0
Jackson,KY,33333.0,69500.0
Jamestown,KY,29438.0,124200.0
Jeff,KY,250001.0,160400.0
Jeffersontown,KY,78929.0,225500.0
Jeffersonville,KY,52031.0,102400.0
Jenkins,KY,26500.0,61300.0
Junction City,KY,38646.0,111500.0
Keene,KY,120688.0,110400.0
Kenton Vale,KY,58000.0,131700.0
Kenvir,KY,33938.0,65800.0
Kevil,KY,41667.0,103700.0
Kingsley,KY,108750.0,325300.0
Knottsville,KY,103355.0,135700.0
Kuttawa,KY,59044.0,256700.0
La Center,KY,50987.0,79500.0
LaFayette,KY,47083.0,98300.0
La Grange,KY,72265.0,248600.0
Lakeside Park,KY,104523.0,234900.0
Lakeview Heights,KY,76964.0,176700.0
Lancaster,KY,45610.0,112200.0
Langdon Place,KY,99091.0,288500.0
Lawrenceburg,KY,58935.0,168300.0
Lebanon,KY,37500.0,123400.0
Lebanon Junction,KY,49509.0,122500.0
Ledbetter,KY,60667.0,116500.0
Leitchfield,KY,43214.0,131500.0
Lewisburg,KY,35469.0,95500.0
Lewisport,KY,49545.0,107300.0
Lexington-Fayette urban county,KY,66087.0,247900.0
Liberty,KY,28347.0,107300.0
Lincolnshire,KY,93750.0,264600.0
Livermore,KY,23661.0,89400.0
Livingston,KY,,63300.0
London,KY,45858.0,153300.0
Loretto,KY,49688.0,124000.0
Louisa,KY,49583.0,140900.0
Louisville/Jefferson County metro government (balance),KY,63114.0,204800.0
Lovelaceville,KY,,
Lowes,KY,11277.0,
Loyall,KY,30278.0,68600.0
Ludlow,KY,59089.0,157600.0
Lynch,KY,29954.0,54600.0
Lyndon,KY,63806.0,252400.0
Lynnview,KY,57621.0,126900.0
McCarr,KY,34313.0,34000.0
McDowell,KY,33378.0,63700.0
Maceo,KY,,73200.0
McHenry,KY,39063.0,56300.0
McKee,KY,17554.0,110300.0
McKinney,KY,,
Mackville,KY,74444.0,108000.0
McRoberts,KY,,56800.0
Madisonville,KY,54234.0,143800.0
Magnolia,KY,45909.0,
Manchester,KY,30474.0,99200.0
Manitou,KY,103854.0,114000.0
Manor Creek,KY,193438.0,341700.0
Marion,KY,38023.0,89400.0
Marrowbone,KY,,96700.0
Martin,KY,21513.0,72100.0
Maryhill Estates,KY,235000.0,627800.0
Masonville,KY,85194.0,212300.0
Massac,KY,65966.0,200600.0
Mayfield,KY,42589.0,113600.0
Mayking,KY,,56700.0
Mays Lick,KY,,
Maysville,KY,41171.0,146500.0
Maytown,KY,,
Meadowbrook Farm,KY,85625.0,225000.0
Meadow Vale,KY,88875.0,260700.0
Meadowview Estates,KY,60625.0,212500.0
Melbourne,KY,74375.0,148800.0
Mentor,KY,94375.0,185600.0
Middlesborough,KY,35798.0,87000.0
Middletown,KY,81881.0,286100.0
Midway,KY,63938.0,238600.0
Millersburg,KY,40769.0,127800.0
Millstone,KY,38040.0,
Milton,KY,53024.0,133300.0
Mockingbird Valley,KY,250001.0,985000.0
Monterey,KY,,100000.0
Monticello,KY,43353.0,133100.0
Moorland,KY,68000.0,205700.0
Morehead,KY,32020.0,159100.0
Morganfield,KY,57619.0,126900.0
Morgantown,KY,29103.0,104200.0
Mortons Gap,KY,39205.0,84000.0
Moseleyville,KY,23904.0,156600.0
Mount Olivet,KY,23875.0,54400.0
Mount Sterling,KY,47408.0,176900.0
Mount Vernon,KY,34550.0,88000.0
Mount Washington,KY,91185.0,231200.0
Muldraugh,KY,49375.0,67600.0
Munfordville,KY,26953.0,95000.0
Murray,KY,37421.0,184400.0
Murray Hill,KY,93750.0,361000.0
Nebo,KY,75938.0,119600.0
New Castle,KY,38594.0,121800.0
New Haven,KY,68750.0,133300.0
New Hope,KY,,
Newport,KY,50278.0,205000.0
Nicholasville,KY,61832.0,189500.0
Norbourne Estates,KY,166944.0,587300.0
North Corbin,KY,59306.0,99000.0
Northfield,KY,121429.0,469200.0
North Middletown,KY,44167.0,109300.0
Nortonville,KY,39583.0,59900.0
Norwood,KY,106786.0,314300.0
Oakbrook,KY,91282.0,238100.0
Oak Grove,KY,40740.0,132600.0
Oakland,KY,38750.0,135400.0
Old Brownsboro Place,KY,145750.0,428600.0
Olive Hill,KY,55000.0,90500.0
Oneida,KY,,
Onton,KY,,
Orchard Grass Hills,KY,97969.0,251400.0
Owensboro,KY,51982.0,151800.0
Owenton,KY,45766.0,117600.0
Owingsville,KY,38255.0,86800.0
Paducah,KY,46984.0,152600.0
Paintsville,KY,27601.0,137500.0
Panther,KY,,
Paris,KY,46752.0,158700.0
Park City,KY,50625.0,121400.0
Park Hills,KY,89167.0,252500.0
Parkway Village,KY,88182.0,222100.0
Pathfork,KY,,
Payne Gap,KY,31042.0,
Pembroke,KY,80893.0,186600.0
Perryville,KY,58634.0,100000.0
Petersburg,KY,117917.0,215100.0
Pewee Valley,KY,132614.0,450000.0
Phelps,KY,27055.0,97300.0
Philpot,KY,87132.0,218900.0
Pikeville,KY,41324.0,270900.0
Pine Knot,KY,,112900.0
Pineville,KY,27159.0,127500.0
Pioneer Village,KY,76996.0,224200.0
Pippa Passes,KY,,325000.0
Plano,KY,120536.0,245900.0
Plantation,KY,71250.0,215900.0
Pleasant Ridge,KY,43796.0,89900.0
Pleasant View,KY,44323.0,
Pleasureville,KY,47436.0,128300.0
Plum Springs,KY,58750.0,139200.0
Poole,KY,93125.0,185800.0
Poplar Hills,KY,21567.0,
Powderly,KY,44805.0,101800.0
Prestonsburg,KY,27099.0,149500.0
Prestonville,KY,20313.0,64800.0
Princeton,KY,46317.0,86400.0
Prospect,KY,173528.0,470400.0
Providence,KY,49954.0,57700.0
Pryorsburg,KY,,
Rabbit Hash,KY,148077.0,281600.0
Raceland,KY,60398.0,115400.0
Radcliff,KY,54558.0,151900.0
Ravenna,KY,43571.0,80000.0
Raywick,KY,40000.0,113800.0
Reidland,KY,73750.0,201400.0
Richlawn,KY,114000.0,369400.0
Richmond,KY,45457.0,178100.0
Rineyville,KY,91394.0,214500.0
River Bluff,KY,155208.0,383700.0
Riverwood,KY,250001.0,601900.0
Robards,KY,64750.0,97500.0
Rochester,KY,,
Rockholds,KY,,56600.0
Rockport,KY,50000.0,88500.0
Rolling Fields,KY,240000.0,761000.0
Rolling Hills,KY,99792.0,264600.0
Rosine,KY,56786.0,
Russell,KY,80750.0,199100.0
Russell Springs,KY,34219.0,156700.0
Russellville,KY,45484.0,126900.0
Ryland Heights,KY,72813.0,184300.0
Sacramento,KY,33438.0,72600.0
Sadieville,KY,61000.0,200000.0
St. Charles,KY,37679.0,48100.0
St. Joseph,KY,,
St. Mary,KY,46250.0,151700.0
St. Matthews,KY,78928.0,307400.0
St. Regis Park,KY,94803.0,298300.0
Salem,KY,47054.0,89500.0
Salt Lick,KY,29318.0,82700.0
Salvisa,KY,67167.0,110000.0
Salyersville,KY,29280.0,107300.0
Sanders,KY,36557.0,76000.0
Sandy Hook,KY,20469.0,87800.0
Sardis,KY,31667.0,
Science Hill,KY,36250.0,130700.0
Scottsville,KY,34835.0,113700.0
Sebree,KY,60000.0,87100.0
Sedalia,KY,44167.0,114100.0
Seneca Gardens,KY,118929.0,490200.0
Sharpsburg,KY,30000.0,56400.0
Shelbyville,KY,74433.0,223900.0
Shepherdsville,KY,71875.0,189300.0
Shively,KY,45953.0,133400.0
Silver Grove,KY,43975.0,98100.0
Simpsonville,KY,89813.0,252500.0
Slaughters,KY,39375.0,53600.0
Smithfield,KY,46354.0,151600.0
Smithland,KY,63250.0,108000.0
Smiths Grove,KY,53750.0,139900.0
Somerset,KY,33245.0,131900.0
Sonora,KY,52750.0,164200.0
Sorgho,KY,120075.0,246900.0
South Carrollton,KY,39375.0,106700.0
Southgate,KY,54107.0,173600.0
South Park View,KY,,
South Shore,KY,27199.0,68900.0
South Wallins,KY,52833.0,57700.0
South Williamson,KY,112037.0,171800.0
Sparta,KY,59286.0,106700.0
Spottsville,KY,57102.0,86200.0
Springfield,KY,48333.0,157200.0
Spring Mill,KY,123750.0,264100.0
Spring Valley,KY,148750.0,387800.0
Stamping Ground,KY,60606.0,149400.0
Stanford,KY,57618.0,147700.0
Stanley,KY,,
Stanton,KY,29097.0,122100.0
Stearns,KY,,
Strathmoor Manor,KY,186094.0,382400.0
Strathmoor Village,KY,106250.0,352600.0
Sturgis,KY,39148.0,82400.0
Summer Shade,KY,,97000.0
Summersville,KY,48269.0,79200.0
Sycamore,KY,73333.0,176900.0
Symsonia,KY,76000.0,191700.0
Taylor Mill,KY,79781.0,193000.0
Taylorsville,KY,45060.0,162500.0
Ten Broeck,KY,123750.0,597200.0
Thornhill,KY,115833.0,370400.0
Thruston,KY,79409.0,139200.0
Tolu,KY,,
Tompkinsville,KY,36436.0,100000.0
Trenton,KY,76250.0,171900.0
Union,KY,131047.0,340900.0
Uniontown,KY,43947.0,58800.0
Upton,KY,60417.0,122800.0
Utica,KY,14926.0,72100.0
Vanceburg,KY,25089.0,68700.0
Van Lear,KY,24250.0,
Verona,KY,68398.0,267100.0
Versailles,KY,55606.0,258000.0
Vicco,KY,40197.0,
Villa Hills,KY,109196.0,296300.0
Vine Grove,KY,74035.0,191200.0
Virgie,KY,36333.0,77700.0
Wallins Creek,KY,,160900.0
Walton,KY,79811.0,215400.0
Warfield,KY,53125.0,113500.0
Warsaw,KY,52240.0,146100.0
Water Valley,KY,80385.0,128800.0
Watterson Park,KY,42059.0,187500.0
Waverly,KY,59375.0,85900.0
Wayland,KY,31667.0,28500.0
Wellington,KY,103333.0,296900.0
West Buechel,KY,48750.0,153000.0
West Liberty,KY,47083.0,168600.0
West Louisville,KY,,
West Point,KY,34769.0,76800.0
Westport,KY,48750.0,227500.0
West Van Lear,KY,76905.0,132500.0
Westwood,KY,66125.0,96000.0
Westwood,KY,98125.0,300600.0
Wheatcroft,KY,43036.0,67700.0
Wheelwright,KY,,
White Plains,KY,41125.0,76800.0
Whitesburg,KY,32663.0,113100.0
Whitesville,KY,70000.0,125000.0
Whitley City,KY,22702.0,75500.0
Wickliffe,KY,34250.0,65000.0
Wilder,KY,66250.0,135100.0
Wildwood,KY,86250.0,286400.0
Williamsburg,KY,33875.0,92700.0
Williamstown,KY,60726.0,155600.0
Willisburg,KY,72857.0,119900.0
Wilmore,KY,59848.0,200500.0
Winchester,KY,50982.0,160300.0
Windy Hills,KY,106875.0,355100.0
Wingo,KY,47396.0,88900.0
Woodburn,KY,66250.0,150000.0
Woodbury,KY,50208.0,112500.0
Woodland Hills,KY,90096.0,227900.0
Woodlawn,KY,88125.0,173200.0
Woodlawn Park,KY,95455.0,271600.0
Worthington,KY,60972.0,114200.0
Worthington Hills,KY,77917.0,202000.0
Worthville,KY,30625.0,51300.0
Wurtland,KY,43654.0,85300.0
Yelvington,KY,,111400.0
Abbeville,LA,39566.0,98700.0
Abita Springs,LA,80212.0,236700.0
Addis,LA,101450.0,233700.0
Albany,LA,74375.0,163200.0
Alexandria,LA,49049.0,179900.0
Ama,LA,49453.0,183800.0
Amelia,LA,45333.0,
Amite City,LA,42415.0,130400.0
Anacoco,LA,70147.0,203000.0
Angie,LA,41250.0,111500.0
Arabi,LA,49071.0,201300.0
Arcadia,LA,37610.0,83600.0
Arnaudville,LA,24219.0,84700.0
Ashland,LA,41827.0,116800.0
Athens,LA,27857.0,85800.0
Atlanta,LA,,60000.0
Avondale,LA,53144.0,123500.0
Baker,LA,60555.0,138800.0
Baldwin,LA,29473.0,107100.0
Ball,LA,76198.0,177500.0
Banks Springs,LA,24656.0,52900.0
Barataria,LA,55313.0,167000.0
Basile,LA,38500.0,64700.0
Baskin,LA,55625.0,75000.0
Bastrop,LA,29286.0,85600.0
Baton Rouge,LA,50155.0,217700.0
Bawcomville,LA,30636.0,62500.0
Bayou Blue,LA,65954.0,179600.0
Bayou Cane,LA,71965.0,187000.0
Bayou Corne,LA,,
Bayou Country Club,LA,105083.0,294300.0
Bayou Gauche,LA,118750.0,346500.0
Bayou Goula,LA,83258.0,
Bayou L'Ourse,LA,45777.0,78800.0
Bayou Vista,LA,46399.0,145200.0
Belcher,LA,79688.0,154700.0
Belle Chasse,LA,92059.0,339100.0
Belle Rose,LA,,210900.0
Belmont,LA,,
Benton,LA,70471.0,177600.0
Bernice,LA,24375.0,89500.0
Berwick,LA,52458.0,157500.0
Bienville,LA,25313.0,
Blanchard,LA,88558.0,188500.0
Bogalusa,LA,39213.0,106500.0
Bonita,LA,23833.0,51300.0
Boothville,LA,24722.0,
Bordelonville,LA,47135.0,77900.0
Bossier City,LA,54100.0,187000.0
Bourg,LA,97594.0,173900.0
Boutte,LA,74886.0,235300.0
Boyce,LA,31184.0,74400.0
Branch,LA,50946.0,
Breaux Bridge,LA,45619.0,160000.0
Bridge City,LA,50282.0,119200.0
Broussard,LA,94912.0,279500.0
Brownfields,LA,44401.0,162300.0
Brownsville,LA,33819.0,71400.0
Brusly,LA,105363.0,260600.0
Bryceland,LA,68086.0,54700.0
Bunkie,LA,21888.0,91000.0
Buras,LA,34518.0,85800.0
Cade,LA,64028.0,125800.0
Calhoun,LA,,236800.0
Calvin,LA,41750.0,88100.0
Cameron,LA,,
Campti,LA,14330.0,66900.0
Cankton,LA,,86700.0
Carencro,LA,56352.0,202500.0
Carlyss,LA,76484.0,144800.0
Castor,LA,27969.0,77500.0
Catahoula,LA,87772.0,126600.0
Cecilia,LA,70259.0,75800.0
Center Point,LA,,163800.0
Centerville,LA,,320800.0
Central,LA,82714.0,265600.0
Chackbay,LA,68376.0,212700.0
Chalmette,LA,55655.0,192800.0
Charenton,LA,50282.0,133200.0
Chataignier,LA,37500.0,87500.0
Chatham,LA,28750.0,54300.0
Chauvin,LA,49280.0,86800.0
Cheneyville,LA,17917.0,
Choctaw,LA,72679.0,102700.0
Choudrant,LA,69313.0,270700.0
Church Point,LA,44185.0,116100.0
Claiborne,LA,63056.0,194500.0
Clarence,LA,21645.0,87000.0
Clarks,LA,28421.0,57700.0
Clayton,LA,47292.0,60800.0
Clinton,LA,54141.0,232100.0
Colfax,LA,27847.0,85200.0
Collinston,LA,20833.0,
Columbia,LA,53750.0,135200.0
Convent,LA,41042.0,
Converse,LA,81250.0,76300.0
Cottonport,LA,31676.0,84300.0
Cotton Valley,LA,21806.0,49500.0
Coushatta,LA,27841.0,77200.0
Covington,LA,71719.0,283600.0
Creola,LA,66250.0,
Crescent,LA,40898.0,
Crowley,LA,28827.0,131100.0
Cullen,LA,19853.0,63800.0
Cut Off,LA,71719.0,181400.0
Darrow,LA,,
Delacroix,LA,49792.0,76400.0
Delcambre,LA,45943.0,126100.0
Delhi,LA,43348.0,111500.0
Delta,LA,,12100.0
Denham Springs,LA,85625.0,176500.0
DeQuincy,LA,51500.0,151700.0
DeRidder,LA,56607.0,142200.0
Des Allemands,LA,67429.0,142400.0
Destrehan,LA,103073.0,297500.0
Deville,LA,,155600.0
Dixie Inn,LA,22083.0,61700.0
Dodson,LA,38125.0,92500.0
Donaldsonville,LA,22110.0,163800.0
Dorseyville,LA,,
Downsville,LA,128750.0,219400.0
Doyline,LA,31652.0,71400.0
Dry Prong,LA,65781.0,176600.0
Dubach,LA,31953.0,80000.0
Dubberly,LA,39464.0,148100.0
Dulac,LA,33750.0,104200.0
Duson,LA,30302.0,60400.0
East Hodge,LA,25568.0,67900.0
Eastwood,LA,65568.0,259000.0
Echo,LA,148393.0,
Eden Isle,LA,73784.0,319400.0
Edgard,LA,62733.0,149500.0
Edgefield,LA,62813.0,113800.0
Egan,LA,86329.0,225800.0
Elizabeth,LA,34792.0,68000.0
Elmwood,LA,80822.0,188800.0
Elton,LA,35828.0,81400.0
Empire,LA,25950.0,73600.0
Epps,LA,45125.0,82800.0
Erath,LA,45486.0,132400.0
Eros,LA,37604.0,
Erwinville,LA,71250.0,170700.0
Estelle,LA,73756.0,199000.0
Estherwood,LA,46000.0,97800.0
Eunice,LA,37828.0,121600.0
Evergreen,LA,33125.0,95000.0
Farmerville,LA,24337.0,110500.0
Fenton,LA,19063.0,95800.0
Ferriday,LA,26513.0,76500.0
Fifth Ward,LA,49207.0,138000.0
Fisher,LA,32344.0,75000.0
Florien,LA,33125.0,74500.0
Folsom,LA,41563.0,193600.0
Fordoche,LA,57663.0,177000.0
Forest,LA,35417.0,66000.0
Forest Hill,LA,74375.0,306100.0
Fort Jesup,LA,,
Fort Polk North,LA,39771.0,
Fort Polk South,LA,58077.0,
Franklin,LA,39068.0,95600.0
Franklinton,LA,31645.0,188900.0
French Settlement,LA,84583.0,193500.0
Frierson,LA,,
Galliano,LA,53547.0,137400.0
Gardere,LA,54412.0,234500.0
Garyville,LA,64261.0,137400.0
Georgetown,LA,46250.0,53200.0
Gibsland,LA,19242.0,81400.0
Gilbert,LA,45500.0,65000.0
Gilliam,LA,58125.0,141700.0
Gillis,LA,,
Glencoe,LA,25833.0,67800.0
Glenmora,LA,34865.0,91700.0
Gloster,LA,,
Golden Meadow,LA,55917.0,131400.0
Goldonna,LA,45179.0,88500.0
Gonzales,LA,66310.0,205400.0
Good Pine,LA,45655.0,
Grambling,LA,25050.0,149200.0
Gramercy,LA,81438.0,208700.0
Grand Cane,LA,38250.0,
Grand Coteau,LA,51563.0,144400.0
Grand Isle,LA,,257900.0
Grand Point,LA,104034.0,267300.0
Gray,LA,52075.0,144000.0
Grayson,LA,47917.0,134700.0
Greensburg,LA,42957.0,162500.0
Greenwood,LA,63696.0,223000.0
Gretna,LA,47010.0,228700.0
Grosse Tete,LA,59038.0,
Gueydan,LA,24375.0,81800.0
Hackberry,LA,98056.0,235700.0
Hahnville,LA,67391.0,224800.0
Hall Summit,LA,,84800.0
Hammond,LA,42049.0,203500.0
Harahan,LA,75099.0,284900.0
Harrisonburg,LA,,
Harvey,LA,41994.0,170600.0
Haughton,LA,46567.0,184100.0
Hayes,LA,,189200.0
Haynesville,LA,26867.0,88800.0
Heflin,LA,44063.0,113900.0
Henderson,LA,39635.0,72600.0
Hessmer,LA,35000.0,151300.0
Hester,LA,137923.0,176900.0
Hodge,LA,37321.0,67300.0
Homer,LA,20723.0,53600.0
Hornbeck,LA,56250.0,97500.0
Hosston,LA,54327.0,73800.0
Houma,LA,56823.0,199100.0
Ida,LA,49250.0,83600.0
Independence,LA,41071.0,135500.0
Inniswold,LA,107827.0,318000.0
Iota,LA,37778.0,157700.0
Iowa,LA,62024.0,242000.0
Jackson,LA,40642.0,125100.0
Jamestown,LA,63125.0,123400.0
Jeanerette,LA,50987.0,92900.0
Jean Lafitte,LA,59225.0,205000.0
Jefferson,LA,54808.0,234000.0
Jena,LA,67009.0,140200.0
Jennings,LA,39888.0,129500.0
Jonesboro,LA,28963.0,88300.0
Jonesville,LA,40875.0,85900.0
Jordan Hill,LA,,89000.0
Joyce,LA,51458.0,
Junction City,LA,,
Kaplan,LA,38505.0,101300.0
Keachi,LA,68333.0,145000.0
Kenner,LA,60557.0,229000.0
Kentwood,LA,29856.0,83500.0
Kilbourne,LA,36563.0,
Killian,LA,49359.0,252000.0
Killona,LA,,186400.0
Kinder,LA,39097.0,111900.0
Kraemer,LA,63403.0,142700.0
Krotz Springs,LA,41033.0,56900.0
Labadieville,LA,55250.0,173800.0
Lacassine,LA,,
Lacombe,LA,61850.0,222500.0
Lafayette,LA,58850.0,234900.0
Lafitte,LA,66250.0,262500.0
Lafourche Crossing,LA,94141.0,263100.0
Lake Arthur,LA,43625.0,70000.0
Lake Charles,LA,54761.0,191200.0
Lake Providence,LA,25614.0,57900.0
Lakeshore,LA,39826.0,128400.0
Lakeview,LA,56281.0,120800.0
Laplace,LA,70172.0,181600.0
Larose,LA,66518.0,154900.0
Lawtell,LA,45855.0,
Lecompte,LA,38578.0,82200.0
Leesville,LA,35652.0,98600.0
Lemannville,LA,,
Leonville,LA,,163600.0
Lewisburg,LA,127926.0,427800.0
Lillie,LA,,40800.0
Lisbon,LA,52969.0,66300.0
Livingston,LA,70156.0,210000.0
Livonia,LA,48523.0,190600.0
Lockport,LA,50221.0,144800.0
Lockport Heights,LA,,263400.0
Logansport,LA,37550.0,113000.0
Longstreet,LA,85469.0,162500.0
Longville,LA,37650.0,
Loreauville,LA,25473.0,94200.0
Lucky,LA,22500.0,45600.0
Luling,LA,83031.0,260000.0
Lutcher,LA,45457.0,181300.0
Lydia,LA,41463.0,115500.0
McNary,LA,39583.0,114100.0
Madisonville,LA,108281.0,383200.0
Mamou,LA,23310.0,83600.0
Mandeville,LA,84886.0,367100.0
Mangham,LA,34342.0,110400.0
Mansfield,LA,33072.0,81300.0
Mansura,LA,21173.0,84900.0
Many,LA,22260.0,99300.0
Maringouin,LA,41875.0,
Marion,LA,22284.0,139300.0
Marksville,LA,33635.0,137700.0
Marrero,LA,47757.0,163200.0
Marthaville,LA,33250.0,104200.0
Martin,LA,55536.0,118100.0
Mathews,LA,58750.0,214700.0
Maurice,LA,86953.0,238100.0
Melville,LA,38833.0,113700.0
Meraux,LA,70707.0,192000.0
Mermentau,LA,110213.0,56800.0
Mer Rouge,LA,,122900.0
Merrydale,LA,42873.0,119200.0
Merryville,LA,35227.0,101900.0
Metairie,LA,72070.0,289800.0
Midland,LA,61250.0,
Midway,LA,,
Milton,LA,98818.0,255300.0
Minden,LA,28233.0,119500.0
Minorca,LA,43438.0,82000.0
Monroe,LA,36550.0,158200.0
Montegut,LA,32989.0,89500.0
Monterey,LA,,
Montgomery,LA,58788.0,54300.0
Monticello,LA,62540.0,169200.0
Montpelier,LA,48125.0,104500.0
Montz,LA,110417.0,276100.0
Moonshine,LA,33678.0,
Mooringsport,LA,19461.0,66600.0
Moreauville,LA,34583.0,143300.0
Morgan City,LA,48857.0,147700.0
Morganza,LA,55000.0,146700.0
Morrow,LA,,
Morse,LA,53393.0,81900.0
Moss Bluff,LA,84038.0,228600.0
Mound,LA,131563.0,312500.0
Mount Lebanon,LA,26953.0,187500.0
Napoleonville,LA,19189.0,
Natalbany,LA,29047.0,134100.0
Natchez,LA,22031.0,
Natchitoches,LA,34020.0,175200.0
Newellton,LA,25614.0,46600.0
New Iberia,LA,47108.0,150600.0
New Llano,LA,50758.0,124200.0
New Orleans,LA,51116.0,281500.0
New Orleans Station,LA,78542.0,
New Roads,LA,47792.0,163900.0
New Sarpy,LA,55147.0,170500.0
Noble,LA,48750.0,58200.0
Norco,LA,70492.0,226200.0
North Hodge,LA,29856.0,76400.0
North Vacherie,LA,35000.0,122900.0
Norwood,LA,41800.0,231300.0
Oakdale,LA,46250.0,106300.0
Oak Grove,LA,31875.0,77700.0
Oak Hills Place,LA,91523.0,402100.0
Oak Ridge,LA,,142900.0
Oberlin,LA,35673.0,90800.0
Oil City,LA,18790.0,60900.0
Old Jefferson,LA,88137.0,205000.0
Olla,LA,34333.0,114300.0
Opelousas,LA,34271.0,119900.0
Oretta,LA,,
Ossun,LA,39559.0,95000.0
Paincourtville,LA,67644.0,
Palmetto,LA,26538.0,
Paradis,LA,,172700.0
Parks,LA,54861.0,135000.0
Patterson,LA,46189.0,151400.0
Paulina,LA,106756.0,291300.0
Pearl River,LA,59702.0,216700.0
Perry,LA,67845.0,174500.0
Pierre Part,LA,51078.0,160500.0
Pine Prairie,LA,32244.0,155300.0
Pineville,LA,51752.0,180400.0
Pioneer,LA,75539.0,82500.0
Pitkin,LA,105610.0,
Plain Dealing,LA,36989.0,99300.0
Plaquemine,LA,69183.0,162200.0
Plaucheville,LA,68250.0,170800.0
Pleasant Hill,LA,26719.0,
Pleasure Bend,LA,72981.0,163900.0
Pointe a la Hache,LA,11781.0,32400.0
Point Place,LA,38884.0,197200.0
Pollock,LA,41563.0,128100.0
Ponchatoula,LA,38249.0,173700.0
Port Allen,LA,53706.0,157600.0
Port Barre,LA,37000.0,69200.0
Port Sulphur,LA,31325.0,87300.0
Port Vincent,LA,65269.0,246900.0
Powhatan,LA,26250.0,
Poydras,LA,50403.0,116100.0
Prairieville,LA,111927.0,292100.0
Presquille,LA,102731.0,257300.0
Prien,LA,93011.0,265500.0
Prospect,LA,46313.0,163100.0
Provencal,LA,43333.0,126600.0
Quitman,LA,,109400.0
Raceland,LA,47371.0,151000.0
Rayne,LA,34725.0,138300.0
Rayville,LA,23292.0,89400.0
Red Chute,LA,76520.0,205600.0
Reddell,LA,,55000.0
Reeves,LA,44375.0,
Reserve,LA,55183.0,152100.0
Richmond,LA,60000.0,178800.0
Richwood,LA,28594.0,68300.0
Ridgecrest,LA,38472.0,48900.0
Ringgold,LA,21761.0,110800.0
Rio,LA,,
River Ridge,LA,81470.0,300000.0
Roanoke,LA,,
Robeline,LA,18438.0,116700.0
Rock Hill,LA,,159700.0
Rodessa,LA,33750.0,62100.0
Romeville,LA,,
Rosedale,LA,73438.0,97300.0
Roseland,LA,43693.0,107200.0
Rosepine,LA,57333.0,157500.0
Ruston,LA,32877.0,208000.0
St. Francisville,LA,46681.0,246100.0
St. Gabriel,LA,55735.0,247600.0
St. James,LA,52266.0,156800.0
St. Joseph,LA,34643.0,63800.0
St. Martinville,LA,32781.0,103600.0
St. Maurice,LA,,45300.0
St. Rose,LA,61920.0,186500.0
Saline,LA,37321.0,
Sarepta,LA,50156.0,78500.0
Schriever,LA,56569.0,159500.0
Scott,LA,55057.0,144900.0
Shenandoah,LA,103130.0,297000.0
Shongaloo,LA,38750.0,95000.0
Shreveport,LA,45967.0,168900.0
Sibley,LA,31359.0,95300.0
Sicily Island,LA,30455.0,
Sikes,LA,38875.0,90000.0
Simmesport,LA,19592.0,67500.0
Simpson,LA,85769.0,152300.0
Simsboro,LA,34349.0,75700.0
Singer,LA,,
Siracusaville,LA,73310.0,85800.0
Slaughter,LA,68750.0,232100.0
Slidell,LA,63004.0,193600.0
Sorrel,LA,56500.0,72500.0
Sorrento,LA,94766.0,205700.0
South Mansfield,LA,15764.0,84600.0
South Vacherie,LA,75526.0,177100.0
Spearsville,LA,49643.0,89400.0
Spokane,LA,98750.0,357000.0
Springfield,LA,46477.0,204500.0
Springhill,LA,27868.0,97900.0
Stanley,LA,,
Starks,LA,14858.0,139500.0
Start,LA,,134800.0
Sterlington,LA,66420.0,186500.0
Stonewall,LA,66667.0,232300.0
Sugartown,LA,,
Sulphur,LA,53606.0,160800.0
Sun,LA,53125.0,143800.0
Sunset,LA,55326.0,209800.0
Supreme,LA,,87300.0
Swartz,LA,68925.0,176900.0
Taft,LA,,
Tallulah,LA,31070.0,81400.0
Tangipahoa,LA,18269.0,
Terrytown,LA,56877.0,201500.0
Thibodaux,LA,51704.0,211900.0
Tickfaw,LA,48281.0,184600.0
Timberlane,LA,64591.0,197100.0
Triumph,LA,,61500.0
Trout,LA,,
Tullos,LA,55000.0,73900.0
Turkey Creek,LA,50278.0,112500.0
Union,LA,80114.0,127600.0
Urania,LA,54375.0,84100.0
Varnado,LA,33125.0,95500.0
Venice,LA,50938.0,
Ventress,LA,75500.0,
Vidalia,LA,43684.0,128700.0
Vienna,LA,73636.0,298500.0
Vienna Bend,LA,42754.0,110000.0
Village St. George,LA,96971.0,245500.0
Ville Platte,LA,24341.0,76000.0
Vinton,LA,40859.0,111300.0
Violet,LA,51067.0,168100.0
Vivian,LA,23875.0,57000.0
Waggaman,LA,45286.0,139800.0
Walker,LA,86446.0,189600.0
Wallace,LA,71900.0,209800.0
Wallace Ridge,LA,77250.0,150600.0
Washington,LA,36719.0,117000.0
Waterproof,LA,21953.0,50500.0
Watson,LA,130764.0,229700.0
Welcome,LA,53780.0,159700.0
Welsh,LA,94196.0,158700.0
Westlake,LA,63841.0,149700.0
Westminster,LA,68843.0,236800.0
West Monroe,LA,47129.0,164200.0
Westwego,LA,43981.0,154600.0
White Castle,LA,22574.0,107900.0
Wilson,LA,32868.0,116100.0
Winnfield,LA,37477.0,85000.0
Winnsboro,LA,31821.0,87700.0
Wisner,LA,28664.0,109900.0
Woodmere,LA,70087.0,171300.0
Woodworth,LA,103667.0,287900.0
Youngsville,LA,111619.0,249700.0
Zachary,LA,88811.0,248300.0
Zwolle,LA,29464.0,67700.0
Alfred,ME,40326.0,321900.0
Anson,ME,,75200.0
Ashland,ME,,115300.0
Auburn,ME,59659.0,227300.0
Augusta,ME,45006.0,166100.0
Bangor,ME,52438.0,189900.0
Bar Harbor,ME,46917.0,469300.0
Bath,ME,63023.0,249900.0
Belfast,ME,53925.0,240700.0
Berwick,ME,63199.0,302200.0
Bethel,ME,32321.0,247500.0
Biddeford,ME,63261.0,321900.0
Bingham,ME,41618.0,81500.0
Blaine,ME,,85900.0
Blue Hill,ME,,341800.0
Boothbay Harbor,ME,65795.0,318600.0
Bowdoinham,ME,88590.0,274500.0
Bradley,ME,75938.0,161100.0
Brewer,ME,55870.0,198500.0
Bridgton,ME,56475.0,219900.0
Brownville Junction,ME,39922.0,78700.0
Brunswick,ME,66696.0,304800.0
Bucksport,ME,48942.0,164400.0
Calais,ME,45250.0,97800.0
Camden,ME,92857.0,438800.0
Cape Neddick,ME,76701.0,575200.0
Caribou,ME,47803.0,116800.0
Casco,ME,,193900.0
Castine,ME,158359.0,615200.0
Chisholm,ME,58750.0,114100.0
Clinton,ME,71934.0,135900.0
Corinna,ME,46786.0,117900.0
Cornish,ME,65833.0,178100.0
Cousins Island,ME,168571.0,603400.0
Cumberland Center,ME,116891.0,437300.0
Damariscotta,ME,53571.0,296700.0
Danforth,ME,39091.0,87700.0
Dexter,ME,56280.0,125500.0
Dixfield,ME,52208.0,132900.0
Dover-Foxcroft,ME,47764.0,128100.0
Dunstan,ME,86823.0,445500.0
Eagle Lake,ME,37813.0,105000.0
East Millinocket,ME,44531.0,69100.0
Eastport,ME,44919.0,120300.0
Ellsworth,ME,61233.0,196700.0
Fairfield,ME,34657.0,136300.0
Falmouth,ME,112596.0,635400.0
Falmouth Foreside,ME,190476.0,617100.0
Farmingdale,ME,58709.0,192500.0
Farmington,ME,40350.0,184400.0
Fort Fairfield,ME,55625.0,150800.0
Fort Kent,ME,57067.0,130300.0
Freeport,ME,76012.0,357300.0
Fryeburg,ME,41350.0,238400.0
Gardiner,ME,57329.0,174500.0
Gorham,ME,96332.0,424900.0
Grand Isle,ME,32500.0,61300.0
Gray,ME,,207500.0
Greene,ME,105543.0,225500.0
Greenville,ME,53068.0,173500.0
Guilford,ME,41518.0,116100.0
Hallowell,ME,62990.0,237300.0
Hampden,ME,97019.0,263800.0
Hartland,ME,49521.0,95700.0
Houlton,ME,50625.0,124100.0
Howland,ME,45313.0,96600.0
Island Falls,ME,46250.0,81700.0
Jonesport,ME,55938.0,139300.0
Kennebunk,ME,88996.0,364200.0
Kennebunkport,ME,113456.0,775400.0
Kezar Falls,ME,43688.0,194700.0
Kingfield,ME,46750.0,155900.0
Kittery,ME,67206.0,359600.0
Kittery Point,ME,121042.0,441000.0
Lake Arrowhead,ME,80819.0,209000.0
Lewiston,ME,54317.0,189500.0
Limestone,ME,36023.0,86400.0
Lincoln,ME,28932.0,117900.0
Lisbon,ME,72019.0,197700.0
Lisbon Falls,ME,69013.0,196800.0
Little Falls,ME,123611.0,249200.0
Littlejohn Island,ME,94943.0,446600.0
Livermore Falls,ME,44864.0,99900.0
Lubec,ME,37813.0,200000.0
Machias,ME,25278.0,111800.0
Madawaska,ME,35644.0,152700.0
Madison,ME,39695.0,79400.0
Mapleton,ME,77109.0,151700.0
Mars Hill,ME,39677.0,127700.0
Mattawamkeag,ME,38750.0,85000.0
Mechanic Falls,ME,55986.0,173200.0
Mexico,ME,35093.0,96400.0
Milbridge,ME,,121500.0
Milford,ME,59053.0,142900.0
Millinocket,ME,45345.0,86900.0
Milo,ME,51528.0,78700.0
Naples,ME,58969.0,
Newcastle,ME,,402400.0
Newport,ME,36563.0,158800.0
Norridgewock,ME,41944.0,178800.0
North Anson,ME,38295.0,145200.0
North Berwick,ME,50579.0,286900.0
Northeast Harbor,ME,100313.0,561600.0
North Windham,ME,90604.0,273300.0
Norway,ME,38381.0,128600.0
Oakfield,ME,39500.0,79000.0
Oak Hill,ME,89265.0,354000.0
Oakland,ME,41499.0,171600.0
Old Orchard Beach,ME,62335.0,295500.0
Old Town,ME,46343.0,165200.0
Orono,ME,52718.0,212900.0
Oxford,ME,75065.0,172500.0
Patten,ME,27813.0,46700.0
Pittsfield,ME,42292.0,134700.0
Portland,ME,71498.0,411600.0
Presque Isle,ME,52109.0,137100.0
Randolph,ME,48654.0,147500.0
Rangeley,ME,48026.0,105600.0
Richmond,ME,68030.0,200000.0
Rockland,ME,52212.0,195800.0
Rumford,ME,35818.0,110700.0
Sabattus,ME,59519.0,141700.0
Saco,ME,81326.0,345200.0
Sanford,ME,71848.0,238000.0
Searsport,ME,59679.0,285900.0
Skowhegan,ME,46613.0,124500.0
South Berwick,ME,79688.0,341600.0
South Eliot,ME,91457.0,411000.0
South Paris,ME,42321.0,167200.0
South Portland,ME,82489.0,360000.0
Southwest Harbor,ME,30625.0,436200.0
South Windham,ME,,
Standish,ME,56645.0,348100.0
Steep Falls,ME,85040.0,229300.0
Thomaston,ME,54155.0,256100.0
Topsham,ME,75801.0,316100.0
Turner,ME,73333.0,200000.0
Unity,ME,25658.0,157900.0
Van Buren,ME,34263.0,92200.0
Vanceboro,ME,47292.0,100000.0
Veazie,ME,73750.0,263400.0
Waldoboro,ME,54345.0,200900.0
Washburn,ME,35000.0,85400.0
Waterville,ME,45208.0,154400.0
Westbrook,ME,81198.0,300400.0
West Kennebunk,ME,90104.0,437800.0
Wilton,ME,42143.0,156700.0
Winslow,ME,53896.0,178400.0
Winter Harbor,ME,57917.0,170600.0
Winterport,ME,44205.0,173300.0
Winthrop,ME,66875.0,216700.0
Wiscasset,ME,102792.0,276300.0
Woodland,ME,44917.0,71600.0
Yarmouth,ME,89770.0,472600.0
York Harbor,ME,89647.0,524000.0
Aberdeen,MD,74555.0,227000.0
Aberdeen Proving Ground,MD,118750.0,
Abingdon,MD,141384.0,350200.0
Accident,MD,54333.0,167300.0
Accokeek,MD,150917.0,469700.0
Adamstown,MD,223250.0,580100.0
Adelphi,MD,68396.0,367500.0
Algonquin,MD,64185.0,286500.0
Allen,MD,127891.0,226600.0
Andrews AFB,MD,83966.0,
Annapolis,MD,97219.0,473100.0
Annapolis Neck,MD,161859.0,706200.0
Antietam,MD,,345500.0
Aquasco,MD,94028.0,547600.0
Arbutus,MD,98886.0,282600.0
Arden on the Severn,MD,89375.0,440400.0
Arnold,MD,137075.0,511600.0
Ashton-Sandy Spring,MD,167577.0,783400.0
Aspen Hill,MD,104582.0,495800.0
Baden,MD,144712.0,505900.0
Bagtown,MD,122083.0,269200.0
Bakersville,MD,,
Ballenger Creek,MD,105981.0,346700.0
Baltimore,MD,58349.0,202900.0
Baltimore Highlands,MD,56367.0,251900.0
Barclay,MD,54276.0,212500.0
Barnesville,MD,211250.0,690800.0
Barrelville,MD,46125.0,95000.0
Barton,MD,51625.0,85300.0
Bartonsville,MD,131789.0,542600.0
Beaver Creek,MD,155500.0,565800.0
Bel Air,MD,76250.0,179100.0
Bel Air,MD,66950.0,288800.0
Bel Air North,MD,133613.0,408000.0
Bel Air South,MD,113739.0,362300.0
Beltsville,MD,96745.0,373100.0
Benedict,MD,,245300.0
Bensville,MD,145769.0,440100.0
Berlin,MD,80465.0,295000.0
Berwyn Heights,MD,132625.0,375400.0
Bethesda,MD,185546.0,1088000.0
Betterton,MD,62750.0,235900.0
Bier,MD,90875.0,131300.0
Big Pool,MD,,
Big Spring,MD,,
Bishopville,MD,73690.0,493300.0
Bivalve,MD,,
Bladensburg,MD,58619.0,329200.0
Bloomington,MD,,99700.0
Boonsboro,MD,96111.0,341900.0
Bowie,MD,138797.0,419200.0
Bowleys Quarters,MD,108030.0,325800.0
Bowling Green,MD,59773.0,119100.0
Bowmans Addition,MD,75559.0,
Braddock Heights,MD,121466.0,467800.0
Brandywine,MD,150494.0,499700.0
Breathedsville,MD,23929.0,
Brentwood,MD,78494.0,393400.0
Brock Hall,MD,188096.0,563000.0
Brookeville,MD,182188.0,647100.0
Brooklyn Park,MD,74440.0,237100.0
Brookmont,MD,250001.0,1362700.0
Brookview,MD,71250.0,154200.0
Broomes Island,MD,183393.0,509800.0
Brown Station,MD,158604.0,435200.0
Brownsville,MD,,
Brunswick,MD,104700.0,295900.0
Bryans Road,MD,111698.0,336300.0
Bryantown,MD,123785.0,476400.0
Buckeystown,MD,124137.0,480000.0
Burkittsville,MD,90000.0,438900.0
Burnt Mills,MD,108043.0,559600.0
Burtonsville,MD,138416.0,475800.0
Butlertown,MD,,214500.0
Cabin John,MD,208598.0,1117300.0
California,MD,112385.0,319300.0
Callaway,MD,151090.0,360900.0
Calvert Beach,MD,104063.0,315600.0
Calverton,MD,103781.0,445000.0
Cambridge,MD,44114.0,223200.0
Camp Springs,MD,119612.0,356900.0
Cape St. Claire,MD,127708.0,460000.0
Capitol Heights,MD,89167.0,288400.0
Carlos,MD,,105200.0
Carney,MD,79143.0,282700.0
Catonsville,MD,103448.0,381000.0
Cavetown,MD,101706.0,302100.0
Cearfoss,MD,,
Cecilton,MD,,223500.0
Cedar Heights,MD,100164.0,252200.0
Cedarville,MD,108125.0,290400.0
Centreville,MD,101455.0,413200.0
Chance,MD,49861.0,218200.0
Charlestown,MD,103098.0,346000.0
Charlotte Hall,MD,119306.0,338400.0
Charlton,MD,250001.0,309400.0
Chesapeake Beach,MD,130175.0,407100.0
Chesapeake City,MD,68750.0,313600.0
Chesapeake Landing,MD,50873.0,206600.0
Chesapeake Ranch Estates,MD,93571.0,278200.0
Chester,MD,90201.0,419500.0
Chestertown,MD,43980.0,302200.0
Cheverly,MD,119625.0,437100.0
Chevy Chase,MD,250001.0,1616900.0
Chevy Chase,MD,217500.0,1159700.0
Chevy Chase Section Five,MD,250001.0,1542900.0
Chevy Chase Section Three,MD,250001.0,1555400.0
Chevy Chase View,MD,250001.0,1181800.0
Chevy Chase Village,MD,250001.0,2000001.0
Chewsville,MD,151161.0,224000.0
Chillum,MD,74479.0,369400.0
Choptank,MD,,236100.0
Church Creek,MD,56563.0,210700.0
Church Hill,MD,66432.0,248200.0
Clarksburg,MD,165551.0,604000.0
Clarysville,MD,,
Clear Spring,MD,58000.0,161500.0
Clinton,MD,122266.0,379400.0
Cloverly,MD,144003.0,626200.0
Cobb Island,MD,127442.0,245600.0
Cockeysville,MD,81966.0,381600.0
Colesville,MD,139894.0,560700.0
College Park,MD,76973.0,404700.0
Colmar Manor,MD,91250.0,350000.0
Columbia,MD,124537.0,458700.0
Coral Hills,MD,76078.0,296700.0
Cordova,MD,100313.0,360700.0
Corriganville,MD,43235.0,124500.0
Cottage City,MD,66250.0,329800.0
Crellin,MD,,328200.0
Cresaptown,MD,54070.0,143100.0
Crisfield,MD,38417.0,127800.0
Crofton,MD,143202.0,486700.0
Croom,MD,146387.0,587000.0
Crownsville,MD,112411.0,582100.0
Crumpton,MD,91417.0,
Cumberland,MD,45915.0,119500.0
Damascus,MD,149234.0,474800.0
Dames Quarter,MD,67105.0,230000.0
Danville,MD,,155200.0
Dargan,MD,,251600.0
Darlington,MD,141964.0,410600.0
Darnestown,MD,250001.0,902500.0
Dawson,MD,60000.0,137500.0
Deale,MD,117253.0,401500.0
Deal Island,MD,22429.0,123100.0
Deer Park,MD,50536.0,159800.0
Delmar,MD,69028.0,187900.0
Denton,MD,59155.0,225000.0
Derwood,MD,77083.0,558000.0
Detmold,MD,,
District Heights,MD,84929.0,309400.0
Downsville,MD,,345000.0
Drum Point,MD,135216.0,396600.0
Dundalk,MD,61217.0,184700.0
Dunkirk,MD,159167.0,536900.0
Eagle Harbor,MD,75938.0,164600.0
Eakles Mill,MD,,
East New Market,MD,50417.0,226800.0
Easton,MD,75198.0,328000.0
East Riverdale,MD,81354.0,327000.0
Eckhart Mines,MD,50804.0,88200.0
Eden,MD,28808.0,
Edesville,MD,,
Edgemere,MD,103790.0,324800.0
Edgemont,MD,66250.0,287000.0
Edgewater,MD,105849.0,402200.0
Edgewood,MD,85742.0,217800.0
Edmonston,MD,88750.0,361300.0
Eldersburg,MD,143148.0,460100.0
Eldorado,MD,45500.0,144600.0
Elkridge,MD,127027.0,413200.0
Elkton,MD,58593.0,232800.0
Ellerslie,MD,43929.0,156800.0
Ellicott City,MD,149534.0,617200.0
Elliott,MD,,
Emmitsburg,MD,74563.0,285200.0
Ernstville,MD,,
Essex,MD,67580.0,235600.0
Fairland,MD,91265.0,425700.0
Fairlee,MD,,240000.0
Fairmount,MD,66250.0,145300.0
Fairmount Heights,MD,74750.0,305900.0
Fairplay,MD,113462.0,239700.0
Fairview,MD,,
Fairwood,MD,191304.0,668200.0
Fallston,MD,154022.0,485800.0
Federalsburg,MD,33511.0,121800.0
Ferndale,MD,82347.0,307800.0
Finzel,MD,107745.0,218000.0
Fishing Creek,MD,76250.0,262500.0
Flintstone,MD,60469.0,
Flower Hill,MD,101477.0,411700.0
Forest Glen,MD,114631.0,568000.0
Forest Heights,MD,94555.0,311000.0
Forestville,MD,64660.0,318200.0
Fort Meade,MD,94110.0,
Fort Ritchie,MD,,
Fort Washington,MD,143623.0,444300.0
Fountainhead-Orchard Hills,MD,95459.0,300200.0
Four Corners,MD,186346.0,579700.0
Franklin,MD,13482.0,
Frederick,MD,89981.0,343800.0
Frenchtown-Rumbly,MD,,
Friendly,MD,123750.0,388800.0
Friendship,MD,110870.0,611100.0
Friendship Heights Village,MD,113063.0,488300.0
Friendsville,MD,44375.0,119400.0
Frostburg,MD,44658.0,157100.0
Fruitland,MD,61205.0,204100.0
Fulton,MD,215455.0,732300.0
Funkstown,MD,52794.0,232300.0
Gaithersburg,MD,104544.0,472800.0
Galena,MD,101458.0,245800.0
Galestown,MD,36250.0,228600.0
Galesville,MD,188333.0,637200.0
Gambrills,MD,146875.0,551800.0
Gapland,MD,,
Garrett Park,MD,250001.0,909300.0
Garretts Mill,MD,,220400.0
Garrison,MD,93125.0,325800.0
Georgetown,MD,,
Germantown,MD,109268.0,393700.0
Gilmore,MD,84904.0,
Girdletree,MD,,163400.0
Glassmanor,MD,70725.0,305900.0
Glenarden,MD,100179.0,388200.0
Glen Burnie,MD,86283.0,312200.0
Glen Echo,MD,194375.0,962800.0
Glenmont,MD,118095.0,516700.0
Glenn Dale,MD,131012.0,493800.0
Golden Beach,MD,118500.0,351600.0
Goldsboro,MD,43750.0,165000.0
Gorman,MD,67864.0,
Graceham,MD,121250.0,
Grahamtown,MD,129760.0,95900.0
Grantsville,MD,37917.0,192900.0
Grasonville,MD,109375.0,396100.0
Greenbelt,MD,82019.0,258300.0
Greensboro,MD,43750.0,195000.0
Greensburg,MD,75156.0,230800.0
Green Valley,MD,166381.0,546100.0
Hagerstown,MD,48481.0,192500.0
Halfway,MD,73199.0,235600.0
Hampstead,MD,87454.0,300100.0
Hampton,MD,169405.0,570800.0
Hancock,MD,44792.0,158100.0
Havre de Grace,MD,95025.0,342200.0
Hebron,MD,63523.0,192000.0
Henderson,MD,93125.0,66700.0
Herald Harbor,MD,142500.0,578300.0
Highfield-Cascade,MD,73854.0,234100.0
Highland,MD,242969.0,842800.0
Highland Beach,MD,158611.0,653800.0
Hillandale,MD,144018.0,490700.0
Hillcrest Heights,MD,67412.0,300200.0
Hillsboro,MD,69375.0,220800.0
Honeygo,MD,134792.0,428900.0
Hughesville,MD,128846.0,537600.0
Huntingtown,MD,175341.0,527600.0
Hurlock,MD,57313.0,162200.0
Hutton,MD,,90300.0
Hyattsville,MD,90329.0,427800.0
Ilchester,MD,150417.0,482500.0
Indian Head,MD,77948.0,261200.0
Indian Springs,MD,,
Jarrettsville,MD,157422.0,482800.0
Jefferson,MD,137667.0,441900.0
Jennings,MD,,
Jessup,MD,140561.0,423800.0
Jesterville,MD,,
Joppatowne,MD,101141.0,307900.0
Jugtown,MD,187159.0,541700.0
Keedysville,MD,136667.0,354400.0
Kemp Mill,MD,151943.0,518100.0
Kemps Mill,MD,,
Kennedyville,MD,,273100.0
Kensington,MD,143021.0,882900.0
Kent Narrows,MD,127760.0,539200.0
Kettering,MD,107703.0,382900.0
Kingstown,MD,88214.0,248800.0
Kingsville,MD,120481.0,508900.0
Kitzmiller,MD,45208.0,77000.0
Klondike,MD,59861.0,168800.0
Konterra,MD,150274.0,481400.0
Lake Arbor,MD,118518.0,417000.0
Lake Shore,MD,125740.0,458000.0
Landover,MD,68643.0,280500.0
Landover Hills,MD,100739.0,316900.0
Langley Park,MD,77731.0,343000.0
Lanham,MD,100974.0,386300.0
Lansdowne,MD,54043.0,190200.0
La Plata,MD,117065.0,396300.0
Largo,MD,99121.0,339900.0
Laurel,MD,92035.0,354400.0
La Vale,MD,73778.0,168200.0
Layhill,MD,131528.0,535500.0
Laytonsville,MD,200625.0,1019900.0
Leisure World,MD,61679.0,249900.0
Leitersburg,MD,,271200.0
Leonardtown,MD,138295.0,463100.0
Lewistown,MD,101458.0,291800.0
Lexington Park,MD,86944.0,282000.0
Libertytown,MD,106444.0,419300.0
Linganore,MD,165551.0,472500.0
Linthicum,MD,116250.0,366800.0
Lisbon,MD,,
Little Orleans,MD,,
Lochearn,MD,69429.0,253400.0
Loch Lynn Heights,MD,49808.0,105600.0
Lonaconing,MD,51944.0,81500.0
Long Beach,MD,132917.0,342100.0
Luke,MD,63125.0,42000.0
Lusby,MD,109861.0,310700.0
Lutherville,MD,133865.0,401500.0
McCoole,MD,55938.0,138300.0
Madison,MD,103750.0,
Manchester,MD,103629.0,345400.0
Mapleville,MD,,
Mardela Springs,MD,78500.0,215100.0
Marlboro Meadows,MD,97330.0,350900.0
Marlboro Village,MD,117700.0,342200.0
Marlow Heights,MD,60361.0,342800.0
Marlton,MD,118087.0,376200.0
Martin's Additions,MD,250001.0,1382100.0
Marydel,MD,45625.0,177300.0
Maryland City,MD,105757.0,369800.0
Maryland Park,MD,87386.0,311400.0
Maugansville,MD,62375.0,262900.0
Mayo,MD,138862.0,549700.0
Mays Chapel,MD,125190.0,461200.0
Mechanicsville,MD,114318.0,405100.0
Melwood,MD,76625.0,404600.0
Mercersville,MD,47143.0,
Middleburg,MD,,
Middle River,MD,72970.0,239500.0
Middletown,MD,168007.0,515300.0
Midland,MD,60195.0,121200.0
Midlothian,MD,38333.0,164200.0
Milford Mill,MD,71846.0,254100.0
Millington,MD,51016.0,212000.0
Mitchellville,MD,144198.0,457500.0
Monrovia,MD,224886.0,654700.0
Montgomery Village,MD,91703.0,354800.0
Morningside,MD,84444.0,272800.0
Moscow,MD,,145500.0
Mount Aetna,MD,178229.0,466200.0
Mountain Lake Park,MD,55000.0,193100.0
Mount Airy,MD,148779.0,459500.0
Mount Briar,MD,164125.0,275000.0
Mount Lena,MD,51625.0,231000.0
Mount Rainier,MD,64170.0,498200.0
Mount Savage,MD,48355.0,102300.0
Mount Vernon,MD,56467.0,148400.0
Myersville,MD,140048.0,440000.0
Nanticoke,MD,88594.0,
Nanticoke Acres,MD,250001.0,9999.0
National,MD,,
National Harbor,MD,128446.0,396700.0
Naval Academy,MD,114054.0,
Newark,MD,,
New Carrollton,MD,76386.0,350600.0
New Market,MD,190750.0,595600.0
New Windsor,MD,96667.0,350900.0
Nikep,MD,,
North Beach,MD,78442.0,314800.0
North Bethesda,MD,131142.0,714500.0
North Brentwood,MD,90104.0,373800.0
North Chevy Chase,MD,238750.0,1063500.0
North East,MD,85378.0,221900.0
North Kensington,MD,122838.0,553000.0
North Laurel,MD,115294.0,431500.0
North Potomac,MD,182083.0,770000.0
Oakland,MD,61568.0,252000.0
Ocean,MD,,
Ocean City,MD,62401.0,333200.0
Ocean Pines,MD,88632.0,324900.0
Odenton,MD,120280.0,387600.0
Oldtown,MD,63636.0,
Olney,MD,166541.0,615700.0
Overlea,MD,80714.0,232900.0
Owings,MD,150156.0,575300.0
Owings Mills,MD,92322.0,318200.0
Oxford,MD,77170.0,669900.0
Oxon Hill,MD,96510.0,330800.0
Paramount-Long Meadow,MD,89490.0,336200.0
Parkville,MD,79661.0,242600.0
Parole,MD,117646.0,494900.0
Parsonsburg,MD,,
Pasadena,MD,113944.0,382100.0
Pecktonville,MD,,229400.0
Peppermill Village,MD,88250.0,323100.0
Perry Hall,MD,103061.0,311200.0
Perryman,MD,48158.0,227400.0
Perryville,MD,71579.0,277300.0
Pikesville,MD,94408.0,397400.0
Pinesburg,MD,,190500.0
Piney Point,MD,100313.0,334000.0
Pittsville,MD,68594.0,203600.0
Pleasant Grove,MD,54242.0,104200.0
Pleasant Hills,MD,138531.0,455100.0
Pocomoke City,MD,48609.0,160900.0
Point of Rocks,MD,126944.0,397900.0
Pomfret,MD,146406.0,358300.0
Pondsville,MD,,
Poolesville,MD,215025.0,606300.0
Port Deposit,MD,46979.0,232700.0
Port Tobacco Village,MD,,
Potomac,MD,218710.0,1044900.0
Potomac Heights,MD,66202.0,75000.0
Potomac Park,MD,47857.0,120000.0
Powellville,MD,54853.0,184900.0
Preston,MD,65500.0,237700.0
Prince Frederick,MD,61293.0,347100.0
Princess Anne,MD,42250.0,147500.0
Pylesville,MD,160142.0,564800.0
Quantico,MD,113750.0,
Queen Anne,MD,179625.0,752100.0
Queen Anne,MD,96071.0,262000.0
Queensland,MD,169773.0,481100.0
Queenstown,MD,101964.0,336000.0
Randallstown,MD,89484.0,286400.0
Rawlings,MD,32679.0,128200.0
Redland,MD,125480.0,497800.0
Reid,MD,,
Reisterstown,MD,75652.0,302400.0
Ridgely,MD,65060.0,227300.0
Ringgold,MD,88472.0,160900.0
Rising Sun,MD,78403.0,280900.0
Riva,MD,145601.0,567100.0
Riverdale Park,MD,105250.0,430300.0
Riverside,MD,91842.0,231900.0
Riviera Beach,MD,105242.0,321400.0
Robinwood,MD,84904.0,307300.0
Rock Hall,MD,56442.0,224700.0
Rock Point,MD,,
Rockville,MD,122470.0,623800.0
Rohrersville,MD,75679.0,341700.0
Romancoke,MD,98370.0,369500.0
Rosaryville,MD,135733.0,432100.0
Rosedale,MD,81297.0,253200.0
Rosemont,MD,108750.0,384700.0
Rossville,MD,82037.0,276100.0
Sabillasville,MD,53472.0,169800.0
St. George Island,MD,227227.0,
St. James,MD,105962.0,370200.0
St. Leonard,MD,173846.0,467700.0
St. Michaels,MD,73415.0,486800.0
Salisbury,MD,53309.0,199300.0
Sandy Hook,MD,,
San Mar,MD,85583.0,254100.0
Savage,MD,109657.0,397800.0
Scaggsville,MD,176995.0,610000.0
Seabrook,MD,96078.0,359100.0
Seat Pleasant,MD,54613.0,277600.0
Secretary,MD,66458.0,162500.0
Severn,MD,125330.0,439400.0
Severna Park,MD,164288.0,613500.0
Shady Side,MD,133378.0,396500.0
Shaft,MD,,
Sharpsburg,MD,69722.0,217700.0
Sharptown,MD,81250.0,166500.0
Silver Hill,MD,65096.0,258400.0
Silver Spring,MD,95213.0,606100.0
Smith Island,MD,82878.0,109300.0
Smithsburg,MD,89167.0,290200.0
Snow Hill,MD,51667.0,180000.0
Solomons,MD,88558.0,463700.0
Somerset,MD,250001.0,1646700.0
South Kensington,MD,199981.0,891200.0
South Laurel,MD,82933.0,430500.0
Spencerville,MD,107019.0,647400.0
Springdale,MD,134688.0,414900.0
Spring Gap,MD,,
Spring Ridge,MD,129853.0,408700.0
Stevensville,MD,117591.0,446200.0
Still Pond,MD,50357.0,261500.0
Stockton,MD,,
Sudlersville,MD,40000.0,215600.0
Suitland,MD,72347.0,297200.0
Summerfield,MD,90904.0,322300.0
Swanton,MD,,
Sykesville,MD,126941.0,390100.0
Takoma Park,MD,95316.0,685000.0
Tall Timbers,MD,250001.0,767000.0
Taneytown,MD,78333.0,300000.0
Taylors Island,MD,68182.0,583300.0
Temple Hills,MD,68028.0,318100.0
Templeville,MD,,
Ten Mile Creek,MD,163831.0,556400.0
Thurmont,MD,88243.0,315900.0
Tilghman Island,MD,55208.0,297500.0
Tilghmanton,MD,98409.0,194700.0
Timonium,MD,130811.0,470400.0
Tolchester,MD,109154.0,323600.0
Towson,MD,98425.0,408100.0
Trappe,MD,65139.0,239200.0
Travilah,MD,248703.0,1196400.0
Trego-Rohrersville Station,MD,141442.0,807700.0
Tyaskin,MD,,187500.0
Union Bridge,MD,62841.0,240200.0
University Park,MD,191205.0,586500.0
Upper Marlboro,MD,112250.0,300700.0
Urbana,MD,179409.0,574900.0
Vale Summit,MD,,
Vienna,MD,92778.0,179400.0
Waldorf,MD,111454.0,360300.0
Walker Mill,MD,72120.0,341100.0
Walkersville,MD,138190.0,411500.0
Washington Grove,MD,131528.0,569100.0
Waterview,MD,,
West Denton,MD,,
Westernport,MD,50938.0,83500.0
West Laurel,MD,154014.0,448600.0
Westminster,MD,71286.0,292900.0
West Ocean City,MD,87828.0,370300.0
Westphalia,MD,150603.0,450500.0
West Pocomoke,MD,38056.0,181300.0
Whaleyville,MD,109231.0,
Wheaton,MD,101229.0,454600.0
Whitehaven,MD,,
White Marsh,MD,109435.0,365400.0
White Oak,MD,75373.0,475000.0
Wildewood,MD,126318.0,365700.0
Willards,MD,71184.0,171600.0
Williamsport,MD,58819.0,211000.0
Williston,MD,,430400.0
Wilson-Conococheague,MD,56307.0,160800.0
Woodland,MD,,
Woodlawn (Baltimore County),MD,74618.0,251800.0
Woodlawn (Prince George's County),MD,88750.0,316500.0
Woodmore,MD,172388.0,515500.0
Woodsboro,MD,127000.0,400000.0
Worton,MD,,197300.0
Yarrowsburg,MD,,
Zihlman,MD,48073.0,93500.0
Abington,MA,120535.0,476600.0
Acushnet Center,MA,67333.0,285100.0
Adams,MA,49077.0,169600.0
Agawam Town,MA,80809.0,272100.0
Amesbury Town,MA,91010.0,435400.0
Amherst Town,MA,68427.0,443400.0
Andover,MA,130417.0,700000.0
Arlington,MA,136312.0,839200.0
Athol,MA,62962.0,211300.0
Attleboro,MA,91378.0,378900.0
Ayer,MA,76094.0,387900.0
Baldwinville,MA,,270100.0
Barnstable Town,MA,94387.0,498700.0
Barre,MA,75813.0,283900.0
Belchertown,MA,75284.0,305200.0
Bellingham,MA,76729.0,368000.0
Belmont,MA,164918.0,1060600.0
Beverly,MA,99525.0,569300.0
Blandford,MA,90865.0,204900.0
Bliss Corner,MA,71016.0,382900.0
Boston,MA,89212.0,684900.0
Bourne,MA,76103.0,444200.0
Boxford,MA,247557.0,855500.0
Braintree Town,MA,120593.0,596800.0
Brewster,MA,62695.0,668600.0
Bridgewater Town,MA,110354.0,464900.0
Brockton,MA,74016.0,364700.0
Brookfield,MA,68299.0,291700.0
Brookline,MA,130600.0,1181200.0
Burlington,MA,133936.0,659400.0
Buzzards Bay,MA,88791.0,418700.0
Cambridge,MA,121539.0,997600.0
Cedar Crest,MA,176548.0,572100.0
Chatham,MA,84554.0,1259400.0
Chelsea,MA,71051.0,450600.0
Cheshire,MA,,
Chester,MA,79167.0,194300.0
Chicopee,MA,63866.0,230700.0
Clinton,MA,72956.0,313400.0
Cochituate,MA,181494.0,808600.0
Cordaville,MA,190170.0,711800.0
Danvers,MA,116636.0,589600.0
Dedham,MA,118877.0,601700.0
Deerfield,MA,,
Dennis,MA,113526.0,718000.0
Dennis Port,MA,54071.0,425200.0
Devens,MA,106875.0,397800.0
Dover,MA,250001.0,1178500.0
Duxbury,MA,128000.0,1228000.0
East Brookfield,MA,76406.0,338000.0
East Dennis,MA,85321.0,647800.0
East Douglas,MA,74417.0,395000.0
East Falmouth,MA,67964.0,485700.0
Easthampton Town,MA,67329.0,331100.0
East Harwich,MA,96188.0,574800.0
East Pepperell,MA,109265.0,393300.0
East Sandwich,MA,123571.0,590000.0
Edgartown,MA,,
Essex,MA,143615.0,674900.0
Everett,MA,77796.0,557700.0
Fall River,MA,52734.0,328100.0
Falmouth,MA,57333.0,678800.0
Fiskdale,MA,83546.0,356900.0
Fitchburg,MA,65963.0,262500.0
Forestdale,MA,118382.0,449100.0
Foxborough,MA,71340.0,483300.0
Framingham,MA,94909.0,553200.0
Franklin Town,MA,138062.0,516500.0
Gardner,MA,56974.0,243900.0
Gloucester,MA,84465.0,535100.0
Granby,MA,94663.0,303800.0
Great Barrington,MA,44583.0,479100.0
Greenfield,MA,53149.0,240300.0
Green Harbor,MA,188299.0,875600.0
Groton,MA,121484.0,641100.0
Hanscom AFB,MA,71250.0,
Hanson,MA,110096.0,459600.0
Harwich Center,MA,71806.0,532300.0
Harwich Port,MA,58854.0,607900.0
Hatfield,MA,99500.0,451900.0
Haverhill,MA,81989.0,400900.0
Hingham,MA,204946.0,1120600.0
Holbrook,MA,96920.0,403800.0
Holland,MA,78462.0,277000.0
Holyoke,MA,49007.0,236800.0
Hopedale,MA,117135.0,370200.0
Hopkinton,MA,168393.0,603200.0
Housatonic,MA,80000.0,412900.0
Hudson,MA,91324.0,439000.0
Hull,MA,128022.0,563700.0
Huntington,MA,58646.0,243800.0
Ipswich,MA,95342.0,562300.0
Kingston,MA,124048.0,468800.0
Lawrence,MA,53977.0,370600.0
Lee,MA,78021.0,263300.0
Lenox,MA,57460.0,365700.0
Lenox Dale,MA,,
Leominster,MA,75620.0,323400.0
Lexington,MA,206323.0,1085000.0
Littleton Common,MA,122854.0,474200.0
Longmeadow,MA,138218.0,409600.0
Lowell,MA,73008.0,362800.0
Lunenburg,MA,114500.0,397300.0
Lynn,MA,70046.0,442800.0
Lynnfield,MA,160931.0,861100.0
Madaket,MA,103487.0,1639400.0
Malden,MA,90295.0,570600.0
Mansfield Center,MA,94903.0,440400.0
Marblehead,MA,164104.0,858900.0
Marion Center,MA,97500.0,577300.0
Marlborough,MA,94199.0,439600.0
Marshfield,MA,93491.0,570400.0
Marshfield Hills,MA,164571.0,709300.0
Mashpee Neck,MA,135536.0,518600.0
Mattapoisett Center,MA,95986.0,601800.0
Maynard,MA,112524.0,459700.0
Medfield,MA,181125.0,742100.0
Medford,MA,114863.0,669600.0
Melrose,MA,126305.0,732300.0
Methuen Town,MA,93681.0,439500.0
Middleborough Center,MA,79811.0,370100.0
Milford,MA,89608.0,389100.0
Millers Falls,MA,60455.0,221400.0
Millis-Clicquot,MA,111192.0,462600.0
Milton,MA,170531.0,838100.0
Monomoscoy Island,MA,126042.0,1105300.0
Monson Center,MA,51902.0,261200.0
Monument Beach,MA,93688.0,476300.0
Nahant,MA,105867.0,647800.0
Nantucket,MA,131736.0,1182100.0
Needham,MA,206261.0,1076900.0
New Bedford,MA,54604.0,291300.0
Newburyport,MA,127306.0,737200.0
New Seabury,MA,167222.0,744100.0
Newton,MA,176373.0,1136200.0
North Adams,MA,49525.0,166800.0
Northampton,MA,80981.0,387500.0
North Attleborough Town,MA,104795.0,429900.0
Northborough,MA,147456.0,497300.0
North Brookfield,MA,73904.0,226400.0
North Eastham,MA,81544.0,606500.0
North Falmouth,MA,129421.0,658300.0
Northfield,MA,62969.0,273200.0
North Lakeville,MA,85123.0,467000.0
North Pembroke,MA,156429.0,485400.0
North Plymouth,MA,59696.0,407400.0
North Scituate,MA,127339.0,735200.0
North Seekonk,MA,105459.0,400900.0
Northwest Harwich,MA,81268.0,555400.0
North Westport,MA,82408.0,356500.0
Norton Center,MA,109356.0,395000.0
Norwood,MA,98653.0,588100.0
Oak Bluffs,MA,57212.0,783700.0
Ocean Bluff-Brant Rock,MA,106528.0,467500.0
Ocean Grove,MA,75208.0,296300.0
Onset,MA,72017.0,350700.0
Orange,MA,55558.0,203400.0
Orleans,MA,72422.0,466300.0
Oxford,MA,74762.0,313500.0
Palmer Town,MA,73568.0,232300.0
Peabody,MA,91125.0,508400.0
Pepperell,MA,91406.0,389900.0
Petersham,MA,76328.0,356100.0
Pinehurst,MA,136292.0,543700.0
Pittsfield,MA,66859.0,219600.0
Plymouth,MA,74500.0,388000.0
Pocasset,MA,86150.0,571400.0
Popponesset,MA,,567900.0
Popponesset Island,MA,137500.0,2000001.0
Provincetown,MA,91711.0,793200.0
Quincy,MA,90668.0,563200.0
Randolph Town,MA,94905.0,429000.0
Raynham Center,MA,98984.0,464900.0
Reading,MA,154662.0,713200.0
Revere,MA,78968.0,518600.0
Rockport,MA,89574.0,647100.0
Rowley,MA,101995.0,607800.0
Russell,MA,103906.0,247900.0
Rutland,MA,84063.0,324900.0
Sagamore,MA,113289.0,491600.0
Salem,MA,79196.0,464200.0
Salisbury,MA,89768.0,427100.0
Sandwich,MA,99333.0,486900.0
Saugus,MA,96064.0,543300.0
Scituate,MA,108194.0,651100.0
Seabrook,MA,123889.0,648400.0
Seconsett Island,MA,,1171900.0
Sharon,MA,173938.0,584000.0
Shelburne Falls,MA,54250.0,290500.0
Shirley,MA,85119.0,337400.0
Siasconset,MA,,1241100.0
Smith Mills,MA,73393.0,339400.0
Somerset,MA,105377.0,369000.0
Somerville,MA,120778.0,860500.0
South Ashburnham,MA,100455.0,282300.0
Southbridge Town,MA,55182.0,254700.0
South Deerfield,MA,81577.0,436800.0
South Dennis,MA,81607.0,413600.0
South Duxbury,MA,197632.0,934300.0
South Lancaster,MA,101250.0,339500.0
South Yarmouth,MA,77723.0,430100.0
Spencer,MA,58898.0,292400.0
Springfield,MA,47677.0,198500.0
Stoneham,MA,112935.0,609300.0
Sturbridge,MA,123375.0,373500.0
Swampscott,MA,118646.0,645700.0
Taunton,MA,72782.0,359500.0
Teaticket,MA,86250.0,450000.0
The Pinehills,MA,111710.0,644500.0
Topsfield,MA,156250.0,692400.0
Townsend,MA,61546.0,340500.0
Turners Falls,MA,53306.0,229800.0
Upton,MA,104913.0,443800.0
Vineyard Haven,MA,65313.0,733900.0
Wakefield,MA,125592.0,646400.0
Walpole,MA,121210.0,515700.0
Waltham,MA,113443.0,679000.0
Ware,MA,44107.0,201100.0
Wareham Center,MA,69286.0,399600.0
Warren,MA,,
Watertown Town,MA,117625.0,722000.0
Webster,MA,59375.0,274000.0
Wellesley,MA,250001.0,1424400.0
Westborough,MA,87411.0,497700.0
West Brookfield,MA,53849.0,227600.0
West Chatham,MA,130213.0,711000.0
West Concord,MA,170040.0,810800.0
West Dennis,MA,82955.0,488900.0
West Falmouth,MA,167083.0,667200.0
Westfield,MA,78307.0,282100.0
West Springfield Town,MA,67297.0,294400.0
West Wareham,MA,52771.0,217000.0
West Warren,MA,64989.0,255500.0
West Yarmouth,MA,60794.0,416400.0
Weweantic,MA,,370500.0
Weymouth Town,MA,95879.0,469300.0
White Island Shores,MA,103372.0,343000.0
Whitinsville,MA,88750.0,398500.0
Wilbraham,MA,97891.0,342900.0
Williamstown,MA,110855.0,458500.0
Wilmington,MA,151034.0,614500.0
Winchendon,MA,56042.0,233200.0
Winchester,MA,208531.0,1149600.0
Winthrop Town,MA,98901.0,563100.0
Woburn,MA,104780.0,612500.0
Woods Hole,MA,72031.0,841900.0
Worcester,MA,63011.0,305600.0
Yarmouth Port,MA,102321.0,486200.0
Addison,MI,48403.0,129000.0
Adrian,MI,40797.0,107600.0
Advance,MI,90833.0,538600.0
Ahmeek,MI,55156.0,77000.0
Akron,MI,55000.0,79000.0
Alanson,MI,46800.0,114000.0
Alba,MI,79808.0,90400.0
Albion,MI,41594.0,80600.0
Alden,MI,54063.0,190000.0
Algonac,MI,50703.0,153500.0
Allegan,MI,42162.0,146400.0
Allen,MI,52083.0,91000.0
Allendale,MI,64356.0,266500.0
Allen Park,MI,73792.0,165600.0
Alma,MI,44375.0,97300.0
Almont,MI,76607.0,220100.0
Alpena,MI,43613.0,105400.0
Alpha,MI,36417.0,32000.0
Amasa,MI,32500.0,53600.0
Ann Arbor,MI,78546.0,416500.0
Applegate,MI,60417.0,82700.0
Arcadia,MI,77500.0,247200.0
Argentine,MI,93571.0,319500.0
Armada,MI,105774.0,236300.0
Ashley,MI,52083.0,88600.0
Athens,MI,60500.0,126700.0
Atlanta,MI,38000.0,68000.0
Atlantic Mine,MI,52574.0,90200.0
Attica,MI,73952.0,180700.0
Auburn,MI,62589.0,156600.0
Auburn Hills,MI,77724.0,215400.0
Au Gres,MI,55313.0,135200.0
Augusta,MI,66144.0,122700.0
Au Sable,MI,40395.0,103000.0
Bad Axe,MI,45833.0,98100.0
Baldwin,MI,25587.0,94000.0
Bancroft,MI,81563.0,118800.0
Bangor,MI,46855.0,98800.0
Baraga,MI,32569.0,87100.0
Barnes Lake,MI,59493.0,182500.0
Baroda,MI,62679.0,110000.0
Barryton,MI,33750.0,69700.0
Barton Hills,MI,250001.0,1212500.0
Bath,MI,65972.0,196700.0
Battle Creek,MI,49684.0,115600.0
Bay City,MI,45026.0,83200.0
Bay Port,MI,45893.0,108600.0
Bay Shore,MI,64444.0,123800.0
Bay View,MI,,
Beal City,MI,79205.0,175000.0
Bear Lake,MI,54286.0,121300.0
Bear Lake,MI,51250.0,94300.0
Beaverton,MI,31985.0,97000.0
Beecher,MI,35618.0,37500.0
Beechwood,MI,63750.0,203300.0
Belding,MI,52083.0,131400.0
Bellaire,MI,44896.0,155400.0
Belleville,MI,55979.0,148200.0
Bellevue,MI,58750.0,99900.0
Bendon,MI,66625.0,282500.0
Benton Harbor,MI,26592.0,64100.0
Benton Heights,MI,32821.0,90300.0
Benzonia,MI,64107.0,167500.0
Bergland,MI,42361.0,70400.0
Berkley,MI,108125.0,275100.0
Berrien Springs,MI,61328.0,147300.0
Bessemer,MI,49323.0,86400.0
Beulah,MI,70750.0,441700.0
Beverly Hills,MI,162364.0,459500.0
Big Bay,MI,46372.0,142500.0
Big Rapids,MI,36058.0,130500.0
Bingham Farms,MI,197273.0,523900.0
Birch Run,MI,60172.0,148900.0
Birmingham,MI,151556.0,679700.0
Blissfield,MI,62585.0,141300.0
Bloomfield Hills,MI,200054.0,933000.0
Bloomingdale,MI,51719.0,110100.0
Boon,MI,90000.0,122500.0
Boyne City,MI,65070.0,196700.0
Boyne Falls,MI,50625.0,156300.0
Breckenridge,MI,53413.0,97700.0
Breedsville,MI,83125.0,178800.0
Brethren,MI,38810.0,95900.0
Bridgeport,MI,42719.0,80900.0
Bridgman,MI,62337.0,217200.0
Brighton,MI,74022.0,282000.0
Brimley,MI,55625.0,149000.0
Britton,MI,62917.0,144900.0
Bronson,MI,47159.0,89700.0
Brooklyn,MI,43365.0,167700.0
Brown City,MI,49345.0,114100.0
Brownlee Park,MI,38698.0,69100.0
Bruce Crossing,MI,80122.0,106600.0
Brutus,MI,64167.0,198900.0
Buchanan,MI,53328.0,138500.0
Buckley,MI,64931.0,158000.0
Buena Vista,MI,39373.0,46600.0
Burlington,MI,51705.0,73300.0
Burr Oak,MI,64167.0,89300.0
Burt,MI,82313.0,162800.0
Burton,MI,55698.0,121700.0
Byron,MI,70417.0,159600.0
Byron Center,MI,102376.0,337700.0
Caberfae,MI,60000.0,146400.0
Cadillac,MI,45123.0,107500.0
Caledonia,MI,92500.0,282400.0
Calumet,MI,23897.0,72700.0
Cambria,MI,42031.0,84800.0
Camden,MI,48529.0,89700.0
Canada Creek Ranch,MI,71204.0,157500.0
Canadian Lakes,MI,66786.0,241600.0
Cannonsburg,MI,69167.0,353800.0
Capac,MI,48485.0,123400.0
Carleton,MI,54028.0,147500.0
Carney,MI,49583.0,107500.0
Caro,MI,44342.0,88200.0
Carp Lake,MI,27389.0,144200.0
Carson City,MI,42222.0,99900.0
Carsonville,MI,47500.0,88600.0
Caseville,MI,52917.0,142900.0
Casnovia,MI,69643.0,156300.0
Caspian,MI,44338.0,47900.0
Cass City,MI,54875.0,100700.0
Cassopolis,MI,39107.0,93000.0
Cedar,MI,50833.0,
Cedar Springs,MI,47300.0,188600.0
Cement City,MI,45536.0,92700.0
Center Line,MI,52067.0,131900.0
Central Lake,MI,56550.0,134000.0
Centreville,MI,63393.0,129300.0
Charlevoix,MI,30114.0,245500.0
Charlotte,MI,65507.0,123300.0
Chassell,MI,55000.0,172000.0
Chatham,MI,45938.0,186600.0
Cheboygan,MI,39919.0,114100.0
Chelsea,MI,71379.0,289200.0
Chesaning,MI,50785.0,113200.0
Chums Corner,MI,68311.0,275000.0
Clare,MI,41384.0,123700.0
Clarksville,MI,62500.0,157600.0
Clawson,MI,82713.0,237000.0
Clayton,MI,57500.0,76700.0
Clifford,MI,48750.0,98300.0
Climax,MI,76000.0,171900.0
Clinton,MI,78472.0,164100.0
Clio,MI,44328.0,102800.0
Coldwater,MI,48531.0,111900.0
Coleman,MI,37292.0,79100.0
Coloma,MI,60481.0,145900.0
Colon,MI,53869.0,123300.0
Columbiaville,MI,58403.0,110900.0
Comstock Northwest,MI,70723.0,204500.0
Comstock Park,MI,52116.0,206700.0
Concord,MI,59188.0,139100.0
Constantine,MI,66618.0,99900.0
Conway,MI,56094.0,
Coopersville,MI,62995.0,198800.0
Copemish,MI,41250.0,68800.0
Copper City,MI,48333.0,75000.0
Copper Harbor,MI,47344.0,273400.0
Corunna,MI,43911.0,140000.0
Covington,MI,77813.0,
Cross Village,MI,48333.0,250000.0
Croswell,MI,55732.0,118400.0
Crystal,MI,40556.0,161100.0
Crystal Downs Country Club,MI,,925000.0
Crystal Falls,MI,59236.0,76800.0
Crystal Mountain,MI,,481300.0
Custer,MI,53250.0,101000.0
Cutlerville,MI,62308.0,187500.0
Daggett,MI,47188.0,87500.0
Dansville,MI,106563.0,171700.0
Davison,MI,48750.0,149900.0
Dearborn,MI,64600.0,189400.0
Dearborn Heights,MI,58335.0,161200.0
Decatur,MI,55521.0,115300.0
Deckerville,MI,47298.0,81000.0
Deerfield,MI,70625.0,144600.0
Delton,MI,85109.0,228000.0
De Tour Village,MI,45313.0,138900.0
Detroit,MI,37761.0,66700.0
Detroit Beach,MI,70868.0,136800.0
DeWitt,MI,100100.0,261600.0
Dexter,MI,89671.0,390200.0
Dimondale,MI,112500.0,206200.0
Dodgeville,MI,,144900.0
Dollar Bay,MI,60294.0,176900.0
Dorr,MI,90650.0,242400.0
Douglas,MI,75341.0,342900.0
Dowagiac,MI,41864.0,101300.0
Dowling,MI,77813.0,220500.0
Dryden,MI,70815.0,186700.0
Dundee,MI,73641.0,231100.0
Durand,MI,54112.0,114800.0
Eagle,MI,88750.0,150000.0
Eagle Harbor,MI,83906.0,305300.0
Eagle River,MI,55833.0,230000.0
East Grand Rapids,MI,160417.0,451900.0
East Jordan,MI,56761.0,107600.0
Eastlake,MI,51389.0,118800.0
East Lansing,MI,44094.0,240800.0
Eastpointe,MI,57953.0,115100.0
Eastport,MI,52443.0,530200.0
East Tawas,MI,40833.0,102400.0
Eastwood,MI,54231.0,117100.0
Eaton Rapids,MI,62708.0,136300.0
Eau Claire,MI,61667.0,131500.0
Ecorse,MI,45473.0,52000.0
Edgemont Park,MI,61042.0,154200.0
Edmore,MI,51029.0,86600.0
Edwardsburg,MI,53021.0,113000.0
Elberta,MI,84500.0,227600.0
Elk Rapids,MI,77396.0,334900.0
Elkton,MI,45625.0,83000.0
Ellsworth,MI,56250.0,142000.0
Elm Hall,MI,,82800.0
Elsie,MI,57588.0,99800.0
Emmett,MI,112656.0,124300.0
Empire,MI,66563.0,346900.0
Escanaba,MI,38457.0,104200.0
Essexville,MI,72516.0,115200.0
Estral Beach,MI,65357.0,210600.0
Eureka,MI,88750.0,138900.0
Evart,MI,37344.0,94000.0
Ewen,MI,42813.0,71400.0
Fairgrove,MI,34583.0,74500.0
Fair Plain,MI,50170.0,141400.0
Falmouth,MI,32778.0,111300.0
Farmington,MI,92128.0,262400.0
Farmington Hills,MI,101728.0,319000.0
Farwell,MI,38542.0,90500.0
Fennville,MI,55625.0,127300.0
Fenton,MI,76195.0,194800.0
Ferndale,MI,86120.0,218000.0
Ferrysburg,MI,67022.0,216800.0
Fife Lake,MI,67083.0,169400.0
Filer City,MI,84250.0,81900.0
Flat Rock,MI,65374.0,178300.0
Flint,MI,35451.0,43300.0
Flushing,MI,75813.0,171400.0
Forest Hills,MI,150153.0,442800.0
Forestville,MI,42500.0,129700.0
Fostoria,MI,91217.0,139300.0
Fountain,MI,55000.0,104700.0
Fowler,MI,69506.0,172800.0
Fowlerville,MI,53977.0,167400.0
Frankenmuth,MI,80956.0,244300.0
Frankfort,MI,49219.0,267900.0
Franklin,MI,178167.0,710700.0
Fraser,MI,61039.0,178900.0
Freeland,MI,95478.0,232700.0
Freeport,MI,64861.0,136200.0
Free Soil,MI,44250.0,85000.0
Fremont,MI,53125.0,160900.0
Fruitport,MI,79375.0,171000.0
Fulton,MI,43409.0,61400.0
Gaastra,MI,55000.0,60800.0
Gagetown,MI,47000.0,71900.0
Gaines,MI,63750.0,125900.0
Galesburg,MI,45385.0,93600.0
Galien,MI,49750.0,122000.0
Garden,MI,34722.0,79300.0
Garden City,MI,63630.0,152800.0
Gaylord,MI,38697.0,164700.0
Gibraltar,MI,80392.0,181700.0
Gladstone,MI,59133.0,110400.0
Gladwin,MI,47946.0,109200.0
Glen Arbor,MI,,659800.0
Gobles,MI,39423.0,90700.0
Goodrich,MI,103438.0,237700.0
Grand Beach,MI,101875.0,960900.0
Grand Blanc,MI,70518.0,229300.0
Grand Haven,MI,57650.0,229000.0
Grand Ledge,MI,71179.0,188500.0
Grand Marais,MI,48750.0,148000.0
Grand Rapids,MI,61634.0,203900.0
Grandville,MI,76344.0,226800.0
Grant,MI,44837.0,156600.0
Grass Lake,MI,75921.0,187700.0
Grawn,MI,65795.0,123800.0
Grayling,MI,30417.0,107800.0
Greenland,MI,48654.0,59200.0
Greenville,MI,50332.0,144500.0
Greilickville,MI,73553.0,353800.0
Grosse Pointe,MI,136094.0,379400.0
Grosse Pointe Farms,MI,156465.0,409200.0
Grosse Pointe Park,MI,128333.0,445100.0
Grosse Pointe Woods,MI,125712.0,309700.0
Gwinn,MI,49539.0,100500.0
Hamtramck,MI,39648.0,103100.0
Hancock,MI,46970.0,141800.0
Hanover,MI,65250.0,136100.0
Harbor Beach,MI,42583.0,87100.0
Harbor Springs,MI,66146.0,328300.0
Hardwood Acres,MI,101026.0,221600.0
Haring,MI,72548.0,149200.0
Harper Woods,MI,60030.0,134900.0
Harrietta,MI,48333.0,90700.0
Harrison,MI,35938.0,105100.0
Harrisville,MI,35375.0,106900.0
Hart,MI,56979.0,115100.0
Hartford,MI,35705.0,91600.0
Hartland,MI,107757.0,323700.0
Harvey,MI,74093.0,217500.0
Haslett,MI,72380.0,261200.0
Hastings,MI,54118.0,146400.0
Hazel Park,MI,59576.0,129300.0
Hemlock,MI,58787.0,171000.0
Henderson,MI,76750.0,189600.0
Hermansville,MI,56250.0,87000.0
Hersey,MI,54500.0,107100.0
Hesperia,MI,37500.0,113200.0
Hickory Corners,MI,,288600.0
Highland Park,MI,30341.0,59400.0
Hillman,MI,34309.0,88100.0
Hillsdale,MI,47205.0,116300.0
Holland,MI,69152.0,212900.0
Holly,MI,58957.0,159000.0
Holt,MI,83722.0,197400.0
Homer,MI,45257.0,105300.0
Honor,MI,51250.0,161400.0
Hopkins,MI,74375.0,172300.0
Horton Bay,MI,73929.0,278600.0
Houghton,MI,29821.0,203900.0
Houghton Lake,MI,44432.0,116400.0
Howard City,MI,52009.0,119300.0
Howell,MI,53953.0,234900.0
Hubbard Lake,MI,66172.0,275400.0
Hubbardston,MI,57292.0,108000.0
Hubbell,MI,48750.0,77700.0
Hudson,MI,50125.0,89900.0
Hudsonville,MI,86000.0,244300.0
Huntington Woods,MI,184815.0,457600.0
Hurontown,MI,57250.0,
Ida,MI,99464.0,183700.0
Imlay City,MI,52721.0,142600.0
Indian River,MI,57148.0,185000.0
Inkster,MI,38381.0,69000.0
Interlochen,MI,96250.0,165700.0
Ionia,MI,60413.0,152100.0
Iron Mountain,MI,53215.0,112600.0
Iron River,MI,48333.0,71800.0
Ironton,MI,88333.0,225000.0
Ironwood,MI,35722.0,67700.0
Ishpeming,MI,53202.0,106200.0
Ithaca,MI,60389.0,129300.0
Jackson,MI,41988.0,88000.0
Jasper,MI,56250.0,132500.0
Jenison,MI,80043.0,235200.0
Jennings,MI,39000.0,107000.0
Jonesville,MI,51574.0,137500.0
Kalamazoo,MI,48649.0,152700.0
Kaleva,MI,40000.0,80900.0
Kalkaska,MI,43514.0,111600.0
Keego Harbor,MI,67841.0,226600.0
Kent City,MI,68542.0,130600.0
Kentwood,MI,66945.0,227000.0
Kincheloe,MI,44896.0,85700.0
Kinde,MI,52188.0,88600.0
Kingsford,MI,59106.0,105800.0
Kingsley,MI,65060.0,227000.0
Kingston,MI,51719.0,89600.0
K. I. Sawyer,MI,52301.0,59200.0
Laingsburg,MI,74135.0,202300.0
Lake Angelus,MI,223750.0,1213200.0
Lake Ann,MI,83750.0,402500.0
Lake City,MI,57868.0,137500.0
Lake Fenton,MI,108887.0,336000.0
Lake Gogebic,MI,34306.0,
Lake Isabella,MI,69468.0,175700.0
Lake LeAnn,MI,76875.0,256000.0
Lake Leelanau,MI,48125.0,
Lake Linden,MI,43021.0,88200.0
Lake Michigan Beach,MI,81023.0,163800.0
Lake Odessa,MI,66397.0,139000.0
Lake Orion,MI,94925.0,323300.0
Lakeport,MI,47801.0,166800.0
Lakes of the North,MI,62179.0,158300.0
Lake Victoria,MI,115714.0,322900.0
Lakeview,MI,29956.0,131800.0
Lakewood Club,MI,63796.0,120900.0
Lambertville,MI,100461.0,215900.0
Lamont,MI,163348.0,471200.0
L'Anse,MI,52869.0,89400.0
Lansing,MI,50747.0,112200.0
Lapeer,MI,50510.0,147900.0
Lathrup Village,MI,97750.0,261800.0
Laurium,MI,42292.0,89300.0
Lawrence,MI,41250.0,104000.0
Lawton,MI,56230.0,141400.0
Leland,MI,96719.0,559400.0
Lennon,MI,61786.0,135400.0
Leonard,MI,82500.0,235400.0
Le Roy,MI,81591.0,123200.0
Leslie,MI,68920.0,121100.0
Level Park-Oak Park,MI,60648.0,126200.0
Levering,MI,,63900.0
Lewiston,MI,42019.0,158700.0
Lexington,MI,41989.0,182800.0
Lincoln,MI,28125.0,117200.0
Lincoln Park,MI,55777.0,109500.0
Linden,MI,85917.0,221700.0
Litchfield,MI,50991.0,103800.0
Livonia,MI,92458.0,249000.0
Loomis,MI,61000.0,110600.0
Lost Lake Woods,MI,61205.0,169500.0
Lowell,MI,59712.0,206700.0
Ludington,MI,49503.0,173000.0
Luna Pier,MI,48073.0,163800.0
Lupton,MI,58750.0,87100.0
Luther,MI,50278.0,78500.0
Lyons,MI,69023.0,88400.0
McBain,MI,45000.0,113800.0
McBride,MI,49750.0,96900.0
Mackinac Island,MI,79500.0,612500.0
Mackinaw City,MI,40804.0,206800.0
Madison Heights,MI,63224.0,172500.0
Mancelona,MI,50329.0,106600.0
Manchester,MI,77895.0,210700.0
Manistee,MI,57813.0,142900.0
Manistee Lake,MI,51477.0,134200.0
Manistique,MI,36588.0,71800.0
Manitou Beach-Devils Lake,MI,82016.0,263600.0
Manton,MI,43362.0,104500.0
Maple City,MI,93333.0,209600.0
Maple Grove,MI,146125.0,541700.0
Maple Rapids,MI,51875.0,94700.0
Marcellus,MI,66731.0,109600.0
Marenisco,MI,39306.0,42800.0
Marine City,MI,61270.0,139900.0
Marion,MI,38438.0,87800.0
Marlette,MI,35000.0,104600.0
Marquette,MI,51599.0,231500.0
Marshall,MI,72813.0,158600.0
Martin,MI,51875.0,154200.0
Marysville,MI,67548.0,167700.0
Mason,MI,75000.0,183900.0
Mass City,MI,58125.0,52000.0
Mattawan,MI,75317.0,145500.0
Maybee,MI,54375.0,190600.0
Mayville,MI,44861.0,96800.0
Mears,MI,38958.0,108800.0
Mecosta,MI,67500.0,91700.0
Melvin,MI,45139.0,76700.0
Melvindale,MI,38918.0,95900.0
Memphis,MI,58423.0,169300.0
Mendon,MI,78239.0,114000.0
Menominee,MI,46821.0,93500.0
Merrill,MI,43523.0,88700.0
Mesick,MI,22308.0,78500.0
Metamora,MI,78654.0,220300.0
Michiana,MI,157917.0,678600.0
Michigamme,MI,42917.0,123400.0
Michigan Center,MI,64286.0,157100.0
Middletown,MI,43850.0,78800.0
Middleville,MI,67759.0,180800.0
Midland,MI,71809.0,177600.0
Milan,MI,89600.0,219900.0
Milford,MI,98054.0,322500.0
Millburg,MI,53542.0,116100.0
Millersburg,MI,41875.0,75000.0
Millers Lake,MI,66163.0,188400.0
Millington,MI,55486.0,112500.0
Minden City,MI,44667.0,81900.0
Mio,MI,43750.0,95000.0
Mohawk,MI,44009.0,103100.0
Monroe,MI,57779.0,151700.0
Montague,MI,70547.0,163300.0
Montgomery,MI,50938.0,81300.0
Montrose,MI,41750.0,96900.0
Morenci,MI,49358.0,77300.0
Morley,MI,33750.0,92900.0
Morrice,MI,65833.0,116900.0
Mount Clemens,MI,55154.0,150900.0
Mount Morris,MI,40714.0,78000.0
Mount Pleasant,MI,41512.0,162000.0
Muir,MI,49297.0,129000.0
Mulliken,MI,74063.0,145100.0
Munising,MI,50069.0,112700.0
Muskegon,MI,40900.0,99600.0
Muskegon Heights,MI,35216.0,52500.0
Napoleon,MI,45391.0,118000.0
Nashville,MI,50938.0,108200.0
Naubinway,MI,,78100.0
Negaunee,MI,61077.0,141900.0
Nessen City,MI,33750.0,
Newaygo,MI,45733.0,86600.0
New Baltimore,MI,90028.0,283500.0
Newberry,MI,45213.0,56000.0
New Buffalo,MI,61875.0,311700.0
New Era,MI,79688.0,162000.0
New Haven,MI,63424.0,176400.0
New Lothrop,MI,67404.0,146400.0
New Troy,MI,63906.0,166400.0
Niles,MI,42181.0,102500.0
North Adams,MI,53000.0,97200.0
North Branch,MI,41500.0,108500.0
North Muskegon,MI,99924.0,220800.0
Northport,MI,68393.0,232500.0
Northview,MI,77783.0,241900.0
Northville,MI,134330.0,431500.0
Norton Shores,MI,72699.0,190800.0
Norway,MI,49261.0,83900.0
Norwood,MI,74500.0,271200.0
Novi,MI,110588.0,380200.0
Nunica,MI,56420.0,268300.0
Oak Hill,MI,54828.0,113300.0
Oakley,MI,47031.0,67000.0
Oak Park,MI,61991.0,176900.0
Oden,MI,58017.0,
Okemos,MI,88298.0,304800.0
Olivet,MI,43563.0,127300.0
Omena,MI,95750.0,596600.0
Omer,MI,47917.0,85700.0
Onaway,MI,35625.0,57100.0
Onekama,MI,50417.0,160000.0
Onsted,MI,63846.0,156000.0
Ontonagon,MI,41734.0,82000.0
Orchard Lake Village,MI,206750.0,767900.0
Ortonville,MI,92411.0,224500.0
Oscoda,MI,40242.0,67500.0
Ossineke,MI,49340.0,133800.0
Otisville,MI,58056.0,83500.0
Otsego,MI,68490.0,152800.0
Otter Lake,MI,41563.0,85000.0
Ovid,MI,49266.0,86200.0
Owendale,MI,68281.0,65600.0
Owosso,MI,51794.0,113700.0
Oxford,MI,79306.0,322400.0
Painesdale,MI,70000.0,75700.0
Palmer,MI,59615.0,67400.0
Palo,MI,31951.0,91300.0
Parchment,MI,60223.0,158500.0
Paris,MI,30469.0,
Parkdale,MI,35192.0,120100.0
Parma,MI,69830.0,114100.0
Paw Paw,MI,46516.0,119900.0
Paw Paw Lake,MI,58260.0,181500.0
Pearl Beach,MI,72490.0,288200.0
Peck,MI,49083.0,90800.0
Pelkie,MI,,
Pellston,MI,50227.0,109800.0
Pentwater,MI,72898.0,325000.0
Perrinton,MI,51339.0,84100.0
Perry,MI,69306.0,132600.0
Petersburg,MI,67778.0,168600.0
Petoskey,MI,69784.0,256400.0
Pewamo,MI,70938.0,163600.0
Pierson,MI,33750.0,84600.0
Pigeon,MI,53750.0,101200.0
Pilgrim,MI,,
Pinckney,MI,88894.0,231000.0
Pinconning,MI,68438.0,67300.0
Pittsford,MI,45294.0,100900.0
Plainwell,MI,61086.0,163300.0
Pleasant Ridge,MI,164861.0,393900.0
Plymouth,MI,107156.0,413100.0
Ponshewaing,MI,,
Pontiac,MI,40307.0,100100.0
Portage,MI,74837.0,222600.0
Port Austin,MI,53125.0,147100.0
Port Hope,MI,45000.0,101500.0
Port Huron,MI,47906.0,121500.0
Portland,MI,61902.0,153400.0
Port Sanilac,MI,50078.0,141600.0
Posen,MI,44519.0,77800.0
Potterville,MI,59250.0,114400.0
Powers,MI,36563.0,91700.0
Prescott,MI,53550.0,66400.0
Presque Isle Harbor,MI,96630.0,251600.0
Prudenville,MI,51055.0,168100.0
Quincy,MI,47275.0,97500.0
Quinnesec,MI,66715.0,106900.0
Ramsay,MI,57708.0,46600.0
Rapid City,MI,63611.0,187000.0
Rapid River,MI,38854.0,110000.0
Ravenna,MI,70208.0,171900.0
Reading,MI,46681.0,86900.0
Reed City,MI,47250.0,101300.0
Reese,MI,81583.0,165400.0
Republic,MI,39500.0,48800.0
Richland,MI,78068.0,236600.0
Richmond,MI,64154.0,221500.0
Riverdale,MI,,65000.0
River Rouge,MI,26343.0,49200.0
Riverview,MI,69323.0,188000.0
Robin Glen-Indiantown,MI,59471.0,17200.0
Rochester,MI,102838.0,447800.0
Rochester Hills,MI,115968.0,359800.0
Rock,MI,80313.0,129900.0
Rockford,MI,100380.0,260100.0
Rockland,MI,41875.0,58900.0
Rockwood,MI,93036.0,179800.0
Rogers City,MI,53673.0,99900.0
Romeo,MI,59693.0,228800.0
Romulus,MI,63854.0,138500.0
Roosevelt Park,MI,62407.0,156300.0
Roscommon,MI,48967.0,76800.0
Rosebush,MI,36563.0,96300.0
Rose City,MI,26429.0,58500.0
Roseville,MI,57274.0,129400.0
Rothbury,MI,46204.0,108600.0
Royal Oak,MI,92799.0,289800.0
Ruby,MI,67917.0,187500.0
Saginaw,MI,35521.0,51700.0
St. Charles,MI,51875.0,99700.0
St. Clair,MI,71771.0,198700.0
St. Clair Shores,MI,71481.0,181300.0
St. Helen,MI,38445.0,76000.0
St. Ignace,MI,56761.0,126500.0
St. James,MI,62750.0,265000.0
St. Johns,MI,60991.0,159700.0
St. Joseph,MI,79103.0,250900.0
St. Louis,MI,47662.0,106700.0
Saline,MI,88388.0,302200.0
Sand Lake,MI,46250.0,109100.0
Sand Lake,MI,,134800.0
Sandusky,MI,47468.0,111100.0
Sanford,MI,61429.0,162200.0
Saranac,MI,71875.0,154600.0
Saugatuck,MI,113309.0,555900.0
Sault Ste. Marie,MI,50284.0,114700.0
Schoolcraft,MI,82500.0,188200.0
Scotts,MI,85170.0,111300.0
Scottville,MI,47643.0,113000.0
Sebewaing,MI,44441.0,85600.0
Shaftsburg,MI,88438.0,227000.0
Shelby,MI,51316.0,116200.0
Shepherd,MI,75000.0,145200.0
Sheridan,MI,53750.0,131800.0
Sherwood,MI,53092.0,65000.0
Shields,MI,80861.0,157000.0
Shoreham,MI,98889.0,269400.0
Shorewood-Tower Hills-Harbert,MI,77674.0,268900.0
Skanee,MI,87813.0,244400.0
Skidway Lake,MI,33503.0,48000.0
Snover,MI,44948.0,95500.0
South Boardman,MI,56111.0,150300.0
Southfield,MI,63980.0,212800.0
Southgate,MI,62792.0,152400.0
South Gull Lake,MI,,
South Haven,MI,63202.0,343700.0
South Lyon,MI,82753.0,249800.0
South Monroe,MI,51518.0,169300.0
South Range,MI,46250.0,81300.0
South Rockwood,MI,82500.0,200700.0
Sparta,MI,55033.0,178700.0
Spring Arbor,MI,78393.0,217000.0
Springfield,MI,40091.0,93100.0
Spring Lake,MI,71813.0,263800.0
Springport,MI,51607.0,89500.0
Standish,MI,31471.0,84100.0
Stanton,MI,42083.0,86700.0
Stanwood,MI,53750.0,76900.0
Stephenson,MI,52740.0,97800.0
Sterling,MI,54000.0,81400.0
Sterling Heights,MI,75381.0,243400.0
Stevensville,MI,71823.0,181600.0
Stockbridge,MI,46316.0,175000.0
Stony Point,MI,65240.0,197500.0
Stronach,MI,55000.0,100000.0
Sturgis,MI,56337.0,110300.0
Sunfield,MI,66827.0,122000.0
Suttons Bay,MI,108750.0,461300.0
Swartz Creek,MI,70210.0,156200.0
Sylvan Lake,MI,96900.0,310000.0
Tawas City,MI,51143.0,115200.0
Taylor,MI,59352.0,132300.0
Tecumseh,MI,65638.0,188100.0
Tekonsha,MI,59063.0,87700.0
Temperance,MI,75734.0,197700.0
Thompsonville,MI,58929.0,109200.0
Three Lakes,MI,84750.0,238200.0
Three Oaks,MI,57083.0,164100.0
Three Rivers,MI,49018.0,110600.0
Tower,MI,49000.0,
Traverse City,MI,70700.0,336900.0
Trenton,MI,74267.0,188100.0
Trimountain,MI,41344.0,77000.0
Trowbridge Park,MI,63138.0,220100.0
Troy,MI,115639.0,375600.0
Trufant,MI,78393.0,121300.0
Turner,MI,41250.0,
Tustin,MI,68438.0,104700.0
Twining,MI,42125.0,67500.0
Twin Lake,MI,78322.0,189000.0
Ubly,MI,55750.0,111900.0
Union City,MI,53229.0,98000.0
Unionville,MI,72007.0,88500.0
Utica,MI,52247.0,199600.0
Vandalia,MI,58750.0,58600.0
Vanderbilt,MI,39821.0,107300.0
Vandercook Lake,MI,51332.0,121700.0
Vassar,MI,55833.0,126800.0
Vermontville,MI,46797.0,114900.0
Vernon,MI,75227.0,113700.0
Vicksburg,MI,65440.0,180200.0
Village of Clarkston,MI,95313.0,436800.0
Village of Grosse Pointe Shores,MI,170850.0,641500.0
Vineyard Lake,MI,93472.0,271200.0
Wacousta,MI,96343.0,264200.0
Wakefield,MI,41837.0,61500.0
Waldron,MI,51964.0,71900.0
Walker,MI,72020.0,246000.0
Walkerville,MI,31625.0,56500.0
Walled Lake,MI,65031.0,192800.0
Walloon Lake,MI,89531.0,225900.0
Warren,MI,61633.0,169300.0
Watersmeet,MI,49333.0,82500.0
Watervliet,MI,54013.0,108200.0
Waverly,MI,74909.0,206900.0
Wayland,MI,63500.0,164900.0
Wayne,MI,52709.0,127600.0
Webberville,MI,52461.0,141900.0
Wedgewood,MI,125938.0,301900.0
Weidman,MI,52826.0,97900.0
Wellston,MI,35156.0,100500.0
West Branch,MI,41741.0,107700.0
West Ishpeming,MI,78750.0,152000.0
Westland,MI,59930.0,164900.0
West Monroe,MI,48109.0,87000.0
Westphalia,MI,72188.0,196100.0
Westwood,MI,61348.0,170800.0
White Cloud,MI,45682.0,111000.0
Whitehall,MI,62750.0,202100.0
White Pigeon,MI,46750.0,128600.0
White Pine,MI,44602.0,50900.0
Whitmore Lake,MI,76653.0,256500.0
Whittemore,MI,29667.0,53500.0
Williamston,MI,76086.0,199600.0
Winn,MI,,
Wixom,MI,72896.0,321000.0
Wolf Lake,MI,48836.0,98700.0
Wolverine,MI,33750.0,131300.0
Wolverine Lake,MI,85195.0,240100.0
Woodhaven,MI,77725.0,211300.0
Woodland,MI,52188.0,133700.0
Woodland Beach,MI,67797.0,156800.0
Wyandotte,MI,62111.0,147900.0
Wyoming,MI,67234.0,180300.0
Yale,MI,50451.0,98900.0
Ypsilanti,MI,41914.0,204800.0
Zeba,MI,36250.0,88800.0
Zeeland,MI,60505.0,229000.0
Zilwaukee,MI,54769.0,81300.0
Ada,MN,60096.0,124200.0
Adams,MN,78125.0,149100.0
Adrian,MN,69450.0,147700.0
Afton,MN,124159.0,640300.0
Aitkin,MN,37177.0,166900.0
Akeley,MN,47083.0,110000.0
Albany,MN,78977.0,207500.0
Alberta,MN,95139.0,62500.0
Albert Lea,MN,56347.0,134500.0
Albertville,MN,107316.0,295400.0
Alden,MN,75000.0,112500.0
Aldrich,MN,51250.0,106300.0
Alexandria,MN,57309.0,234200.0
Alpha,MN,135638.0,56300.0
Altura,MN,70938.0,161500.0
Alvarado,MN,75000.0,112500.0
Amboy,MN,74861.0,109700.0
Andover,MN,123054.0,370200.0
Angle Inlet,MN,,
Annandale,MN,51525.0,201600.0
Anoka,MN,73118.0,273100.0
Appleton,MN,40000.0,67900.0
Apple Valley,MN,97588.0,333300.0
Arco,MN,57981.0,
Arden Hills,MN,121978.0,394600.0
Argyle,MN,87857.0,149200.0
Arlington,MN,64457.0,177400.0
Ashby,MN,52321.0,114800.0
Askov,MN,42188.0,122400.0
Atwater,MN,65000.0,133100.0
Audubon,MN,42386.0,175600.0
Aurora,MN,39500.0,81500.0
Austin,MN,61667.0,139100.0
Avoca,MN,47500.0,48300.0
Avon,MN,87961.0,213400.0
Babbitt,MN,53875.0,87600.0
Backus,MN,49250.0,102700.0
Badger,MN,46500.0,89300.0
Bagley,MN,51607.0,112200.0
Baker,MN,57321.0,162500.0
Balaton,MN,53333.0,83600.0
Ball Club,MN,,230600.0
Barnesville,MN,68750.0,201900.0
Barnum,MN,54688.0,130500.0
Barrett,MN,50833.0,82000.0
Barry,MN,66250.0,112500.0
Battle Lake,MN,57917.0,222200.0
Baudette,MN,63843.0,154700.0
Baxter,MN,67064.0,245700.0
Bayport,MN,105114.0,351500.0
Beardsley,MN,63750.0,65000.0
Beaulieu,MN,50000.0,100000.0
Beaver Bay,MN,68333.0,218800.0
Beaver Creek,MN,77813.0,207100.0
Becker,MN,87432.0,234100.0
Bejou,MN,55313.0,140600.0
Belgrade,MN,48571.0,128900.0
Bellechester,MN,56786.0,176300.0
Belle Plaine,MN,94698.0,274700.0
Bellingham,MN,50833.0,51300.0
Beltrami,MN,93750.0,76300.0
Belview,MN,60000.0,76800.0
Bemidji,MN,49799.0,176500.0
Bena,MN,42500.0,72500.0
Benson,MN,50435.0,129200.0
Bertha,MN,51094.0,75000.0
Bethel,MN,98333.0,238400.0
Bigelow,MN,77875.0,95000.0
Big Falls,MN,32917.0,47900.0
Bigfork,MN,33750.0,163500.0
Big Lake,MN,75313.0,239300.0
Big Lake,MN,100188.0,266600.0
Bingham Lake,MN,95750.0,
Birchwood Village,MN,148417.0,436500.0
Bird Island,MN,67794.0,101500.0
Biscay,MN,135750.0,160900.0
Biwabik,MN,64886.0,88300.0
Blackduck,MN,33393.0,135900.0
Blaine,MN,100659.0,303800.0
Blomkest,MN,56579.0,102500.0
Blooming Prairie,MN,61458.0,153300.0
Bloomington,MN,87381.0,327100.0
Blue Earth,MN,61950.0,122000.0
Bluffton,MN,60625.0,153600.0
Bock,MN,46875.0,99000.0
Borup,MN,60167.0,62500.0
Bovey,MN,64479.0,107900.0
Bowlus,MN,67500.0,141000.0
Boyd,MN,52500.0,26700.0
Boy River,MN,,
Braham,MN,53333.0,176000.0
Brainerd,MN,46933.0,162800.0
Brandon,MN,67188.0,175000.0
Breckenridge,MN,57094.0,147400.0
Breezy Point,MN,83856.0,288800.0
Brewster,MN,55481.0,125900.0
Bricelyn,MN,42083.0,37100.0
Brooklyn Center,MN,70692.0,240800.0
Brooklyn Park,MN,82271.0,289400.0
Brook Park,MN,71250.0,84200.0
Brooks,MN,43438.0,
Brookston,MN,68333.0,127500.0
Brooten,MN,43542.0,109700.0
Browerville,MN,44671.0,108500.0
Brownsdale,MN,63750.0,131400.0
Browns Valley,MN,44650.0,71600.0
Brownsville,MN,61771.0,163300.0
Brownton,MN,75139.0,148100.0
Bruno,MN,30625.0,65000.0
Buckman,MN,82500.0,193800.0
Buffalo,MN,81868.0,260500.0
Buffalo Lake,MN,51597.0,102500.0
Buhl,MN,55925.0,113000.0
Burnsville,MN,85801.0,315700.0
Burtrum,MN,39250.0,89300.0
Butterfield,MN,57708.0,49400.0
Byron,MN,126250.0,293900.0
Caledonia,MN,61842.0,141200.0
Callaway,MN,50000.0,84200.0
Calumet,MN,31000.0,82000.0
Cambridge,MN,64286.0,222000.0
Campbell,MN,71786.0,95800.0
Canby,MN,55870.0,133400.0
Cannon Falls,MN,76442.0,244600.0
Canton,MN,56250.0,85500.0
Carlos,MN,70417.0,167600.0
Carlton,MN,52232.0,185700.0
Carver,MN,125123.0,389800.0
Cass Lake,MN,39732.0,86700.0
Cedar Mills,MN,52500.0,96700.0
Center City,MN,87656.0,315800.0
Centerville,MN,117481.0,357900.0
Ceylon,MN,41875.0,35400.0
Champlin,MN,113570.0,320100.0
Chandler,MN,73875.0,86700.0
Chanhassen,MN,131633.0,488000.0
Chaska,MN,99988.0,359700.0
Chatfield,MN,88772.0,208500.0
Chickamaw Beach,MN,78438.0,279200.0
Chisago City,MN,92278.0,336600.0
Chisholm,MN,47792.0,95600.0
Chokio,MN,51250.0,85600.0
Circle Pines,MN,97083.0,248800.0
Clara City,MN,58477.0,120500.0
Claremont,MN,72000.0,92200.0
Clarissa,MN,45250.0,99800.0
Clarkfield,MN,57688.0,81100.0
Clarks Grove,MN,59286.0,118300.0
Clearbrook,MN,48750.0,104400.0
Clear Lake,MN,105724.0,249400.0
Clearwater,MN,72411.0,235500.0
Clements,MN,51875.0,52500.0
Cleveland,MN,92614.0,188600.0
Climax,MN,53750.0,97900.0
Clinton,MN,64444.0,65800.0
Clitherall,MN,53250.0,
Clontarf,MN,71875.0,89000.0
Cloquet,MN,59647.0,184300.0
Coates,MN,60500.0,227100.0
Cobden,MN,,
Cohasset,MN,76989.0,273100.0
Cokato,MN,64844.0,194100.0
Cold Spring,MN,71609.0,222800.0
Coleraine,MN,65221.0,175500.0
Cologne,MN,114375.0,343000.0
Columbia Heights,MN,70470.0,242100.0
Columbus,MN,103906.0,396900.0
Comfrey,MN,56429.0,86700.0
Comstock,MN,91250.0,168800.0
Conger,MN,57500.0,90000.0
Cook,MN,43750.0,79800.0
Coon Rapids,MN,85445.0,268500.0
Corcoran,MN,155385.0,482600.0
Correll,MN,50000.0,
Cosmos,MN,53295.0,94800.0
Cottage Grove,MN,117673.0,337000.0
Cottonwood,MN,79457.0,167300.0
Courtland,MN,102546.0,239800.0
Credit River,MN,154145.0,576900.0
Cromwell,MN,49583.0,142000.0
Crookston,MN,52557.0,161400.0
Crosby,MN,42973.0,139200.0
Crosslake,MN,81538.0,473100.0
Crown College,MN,,
Crystal,MN,86288.0,262800.0
Currie,MN,42500.0,57200.0
Cuyuna,MN,71563.0,183900.0
Cyrus,MN,60417.0,97000.0
Dakota,MN,85000.0,190200.0
Dalton,MN,63237.0,96700.0
Danube,MN,57083.0,120500.0
Danvers,MN,113472.0,125000.0
Darfur,MN,63000.0,61400.0
Darwin,MN,62083.0,145600.0
Dassel,MN,58958.0,195600.0
Dawson,MN,67540.0,114500.0
Dayton,MN,138654.0,459100.0
Deephaven,MN,164149.0,791700.0
Deer Creek,MN,53438.0,137500.0
Deer River,MN,37813.0,98600.0
Deerwood,MN,52750.0,193800.0
De Graff,MN,65625.0,90000.0
Delano,MN,105766.0,323900.0
Delavan,MN,66667.0,59400.0
Delhi,MN,65000.0,
Dellwood,MN,216000.0,729000.0
Denham,MN,,208300.0
Dennison,MN,42750.0,209200.0
Dent,MN,,93800.0
Detroit Lakes,MN,60317.0,241100.0
Dexter,MN,84375.0,151700.0
Dilworth,MN,84602.0,265500.0
Dodge Center,MN,76058.0,164400.0
Donaldson,MN,14107.0,20800.0
Donnelly,MN,83500.0,98800.0
Doran,MN,93125.0,65000.0
Dover,MN,95313.0,241900.0
Dovray,MN,61250.0,50000.0
Dresbach,MN,80781.0,370000.0
Duluth,MN,63545.0,209800.0
Dumont,MN,124063.0,122700.0
Dundas,MN,113125.0,278000.0
Dundee,MN,52500.0,46000.0
Dunnell,MN,29646.0,47100.0
Eagan,MN,104101.0,362200.0
Eagle Bend,MN,45888.0,95300.0
Eagle Lake,MN,87130.0,239000.0
East Bethel,MN,116453.0,327000.0
East Grand Forks,MN,81783.0,239200.0
East Gull Lake,MN,109750.0,477500.0
Easton,MN,66250.0,91900.0
Ebro,MN,25625.0,55000.0
Echo,MN,63125.0,72200.0
Eden Prairie,MN,129345.0,442200.0
Eden Valley,MN,59118.0,150200.0
Edgerton,MN,69464.0,120900.0
Edina,MN,125506.0,601700.0
Effie,MN,70500.0,116700.0
Eitzen,MN,47500.0,117900.0
Elba,MN,58750.0,166700.0
Elbow Lake,MN,27500.0,117500.0
Elbow Lake,MN,49265.0,116200.0
Elgin,MN,75417.0,190300.0
Elizabeth,MN,64583.0,121900.0
Elko New Market,MN,149881.0,381600.0
Elk River,MN,95597.0,305700.0
Elkton,MN,49583.0,172900.0
Ellendale,MN,65000.0,135100.0
Ellsworth,MN,56429.0,80500.0
Elmdale,MN,134500.0,259600.0
Elmore,MN,40455.0,45000.0
Elrosa,MN,67917.0,152500.0
Ely,MN,47095.0,157400.0
Elysian,MN,91875.0,269300.0
Emily,MN,68438.0,318000.0
Emmons,MN,55417.0,97100.0
Erhard,MN,,66300.0
Erskine,MN,26000.0,82500.0
Esko,MN,100227.0,253300.0
Essig,MN,,158800.0
Evan,MN,39375.0,63800.0
Evansville,MN,48750.0,138100.0
Eveleth,MN,43843.0,89200.0
Excelsior,MN,92148.0,739600.0
Eyota,MN,81103.0,251300.0
Fairfax,MN,54688.0,92800.0
Fairhaven,MN,89464.0,202400.0
Fairmont,MN,56744.0,156700.0
Falcon Heights,MN,87750.0,351500.0
Faribault,MN,58881.0,207200.0
Farmington,MN,114737.0,324200.0
Farwell,MN,56250.0,106300.0
Federal Dam,MN,52083.0,151600.0
Felton,MN,63000.0,121900.0
Fergus Falls,MN,48738.0,165200.0
Fertile,MN,61500.0,115500.0
Fifty Lakes,MN,67031.0,373200.0
Finland,MN,49688.0,122200.0
Finlayson,MN,49464.0,159600.0
Fisher,MN,88393.0,164200.0
Fish Lake,MN,83750.0,370000.0
Flensburg,MN,99531.0,182600.0
Floodwood,MN,34583.0,87700.0
Florence,MN,40625.0,131300.0
Foley,MN,71576.0,178900.0
Forada,MN,64063.0,231300.0
Forest Lake,MN,91157.0,357500.0
Foreston,MN,86250.0,231400.0
Fort Ripley,MN,51042.0,209100.0
Fosston,MN,45893.0,124400.0
Fountain,MN,71875.0,164200.0
Foxhome,MN,57188.0,83800.0
Franklin,MN,56250.0,82400.0
Frazee,MN,42083.0,158300.0
Freeborn,MN,37083.0,78100.0
Freeport,MN,91250.0,198100.0
Fridley,MN,76592.0,257100.0
Frontenac,MN,107917.0,234600.0
Frost,MN,62969.0,63900.0
Fulda,MN,69583.0,140000.0
Funkley,MN,21375.0,22900.0
Garden City,MN,74063.0,136500.0
Garfield,MN,68750.0,163700.0
Garrison,MN,55000.0,77000.0
Garvin,MN,,52500.0
Gary,MN,73750.0,116300.0
Gaylord,MN,62083.0,150500.0
Gem Lake,MN,129583.0,452600.0
Geneva,MN,51250.0,169500.0
Genola,MN,85625.0,188300.0
Georgetown,MN,46250.0,100000.0
Ghent,MN,69375.0,148400.0
Gibbon,MN,42120.0,87800.0
Gilbert,MN,51250.0,109000.0
Gilman,MN,65673.0,205800.0
Glencoe,MN,67547.0,204500.0
Glenville,MN,53182.0,113300.0
Glenwood,MN,50767.0,176900.0
Glyndon,MN,90515.0,242700.0
Golden Valley,MN,110026.0,381400.0
Gonvick,MN,,95000.0
Goodhue,MN,86125.0,203300.0
Goodland,MN,,
Goodridge,MN,49063.0,68800.0
Good Thunder,MN,76667.0,156400.0
Goodview,MN,66065.0,182900.0
Graceville,MN,51719.0,106000.0
Granada,MN,53438.0,77500.0
Grand Marais,MN,68640.0,260200.0
Grand Meadow,MN,65066.0,164100.0
Grand Rapids,MN,53317.0,188100.0
Granite Falls,MN,58350.0,148100.0
Grant,MN,136579.0,603800.0
Grasston,MN,90417.0,139600.0
Greenbush,MN,55625.0,98700.0
Greenfield,MN,142214.0,501900.0
Green Isle,MN,81250.0,174300.0
Greenwald,MN,81250.0,136100.0
Greenwood,MN,197000.0,1077600.0
Grey Eagle,MN,53750.0,129200.0
Grove City,MN,50521.0,129200.0
Grygla,MN,60341.0,68000.0
Gully,MN,39265.0,
Hackensack,MN,33750.0,153100.0
Hadley,MN,79167.0,52500.0
Hallock,MN,64185.0,114200.0
Halma,MN,35625.0,
Halstad,MN,53750.0,118200.0
Hamburg,MN,71750.0,213400.0
Ham Lake,MN,112854.0,409600.0
Hammond,MN,67813.0,147200.0
Hampton,MN,92188.0,286700.0
Hancock,MN,67019.0,85900.0
Hanley Falls,MN,61250.0,67600.0
Hanover,MN,145156.0,396600.0
Hanska,MN,62708.0,87800.0
Harding,MN,63750.0,144400.0
Hardwick,MN,32500.0,74300.0
Harmony,MN,64300.0,167400.0
Harris,MN,96250.0,271600.0
Hartland,MN,60972.0,131300.0
Hastings,MN,87722.0,273100.0
Hatfield,MN,83500.0,
Hawley,MN,86667.0,232000.0
Hayfield,MN,68125.0,153800.0
Hayward,MN,51719.0,110700.0
Hazel Run,MN,61786.0,85000.0
Hector,MN,57788.0,112500.0
Heidelberg,MN,107321.0,242200.0
Henderson,MN,89531.0,187100.0
Hendricks,MN,46875.0,69000.0
Hendrum,MN,50179.0,84500.0
Henning,MN,43611.0,116400.0
Henriette,MN,26250.0,84000.0
Herman,MN,60000.0,97200.0
Hermantown,MN,85417.0,342500.0
Heron Lake,MN,65750.0,83600.0
Hewitt,MN,57083.0,78900.0
Hibbing,MN,52881.0,119200.0
High Forest,MN,130139.0,308300.0
Hill City,MN,43125.0,95800.0
Hillman,MN,66250.0,120800.0
Hills,MN,77917.0,162500.0
Hilltop,MN,46188.0,23600.0
Hinckley,MN,40909.0,157700.0
Hitterdal,MN,48611.0,106300.0
Hoffman,MN,53889.0,93300.0
Hokah,MN,58750.0,165300.0
Holdingford,MN,83795.0,167000.0
Holland,MN,74167.0,61700.0
Hollandale,MN,61250.0,129400.0
Holloway,MN,44688.0,57700.0
Holt,MN,71250.0,90000.0
Homer,MN,58839.0,244000.0
Hopkins,MN,70058.0,320200.0
Houston,MN,45417.0,132600.0
Howard Lake,MN,85677.0,217300.0
Hoyt Lakes,MN,70583.0,84900.0
Hubbard,MN,40313.0,82500.0
Hugo,MN,110160.0,360600.0
Humboldt,MN,,217300.0
Hutchinson,MN,64635.0,187300.0
Ihlen,MN,60859.0,84200.0
Independence,MN,191736.0,717900.0
Inger,MN,38173.0,
International Falls,MN,54680.0,114000.0
Inver Grove Heights,MN,98719.0,337200.0
Iona,MN,44063.0,55900.0
Iron Junction,MN,35417.0,110400.0
Ironton,MN,48125.0,127600.0
Isanti,MN,76146.0,231100.0
Isle,MN,46667.0,187500.0
Ivanhoe,MN,52000.0,72200.0
Jackson,MN,65531.0,121800.0
Janesville,MN,71053.0,173900.0
Jasper,MN,45341.0,64900.0
Jeffers,MN,45250.0,73100.0
Jenkins,MN,61806.0,247500.0
Johnson,MN,,104200.0
Jordan,MN,111290.0,307600.0
Kandiyohi,MN,70417.0,152200.0
Karlstad,MN,50536.0,118600.0
Kasota,MN,65781.0,162500.0
Kasson,MN,91581.0,243100.0
Keewatin,MN,50658.0,74400.0
Kelliher,MN,,154100.0
Kellogg,MN,63750.0,163900.0
Kennedy,MN,66750.0,66700.0
Kenneth,MN,28750.0,44000.0
Kensington,MN,45000.0,84200.0
Kent,MN,71250.0,92500.0
Kenyon,MN,72734.0,154000.0
Kerkhoven,MN,60729.0,148300.0
Kerrick,MN,42500.0,
Kettle River,MN,51250.0,106300.0
Kiester,MN,44091.0,44100.0
Kilkenny,MN,,85000.0
Kimball,MN,74750.0,186000.0
Kinbrae,MN,38750.0,25000.0
Kingston,MN,90625.0,207800.0
Kinney,MN,52250.0,91300.0
Knife River,MN,73583.0,650000.0
La Crescent,MN,70813.0,232300.0
Lafayette,MN,86875.0,125400.0
Lake Benton,MN,45500.0,93800.0
Lake Bronson,MN,52614.0,42500.0
Lake City,MN,71324.0,225800.0
Lake Crystal,MN,74316.0,186300.0
Lake Elmo,MN,158269.0,546700.0
Lakefield,MN,58977.0,112500.0
Lake George,MN,67500.0,209100.0
Lake Henry,MN,96250.0,112500.0
Lakeland,MN,96176.0,340700.0
Lakeland Shores,MN,131429.0,404300.0
Lake Lillian,MN,61250.0,87500.0
Lake Park,MN,63125.0,132700.0
Lake St. Croix Beach,MN,95313.0,307400.0
Lake Shore,MN,100000.0,450000.0
Lakeville,MN,129069.0,395900.0
Lake Wilson,MN,64375.0,83300.0
Lamberton,MN,60781.0,83000.0
Lancaster,MN,58750.0,112500.0
Landfall,MN,38971.0,21200.0
Lanesboro,MN,71750.0,164000.0
Lansing,MN,,70000.0
Laporte,MN,55500.0,135400.0
La Prairie,MN,67917.0,188600.0
La Salle,MN,58250.0,70000.0
Lastrup,MN,55000.0,98800.0
Lauderdale,MN,73931.0,274700.0
Le Center,MN,63944.0,171600.0
Lengby,MN,57813.0,42500.0
Leonard,MN,71250.0,106300.0
Leonidas,MN,,90000.0
Leota,MN,54861.0,90000.0
Le Roy,MN,51250.0,94700.0
Lester Prairie,MN,81597.0,202500.0
Le Sueur,MN,68750.0,198600.0
Lewiston,MN,89219.0,199300.0
Lewisville,MN,55000.0,45900.0
Lexington,MN,76047.0,262900.0
Lilydale,MN,86875.0,379500.0
Lindstrom,MN,98456.0,304300.0
Lino Lakes,MN,120745.0,357300.0
Lismore,MN,56069.0,46800.0
Litchfield,MN,60804.0,169500.0
Little Canada,MN,69673.0,300100.0
Little Falls,MN,44455.0,170700.0
Littlefork,MN,58641.0,109100.0
Little Rock,MN,44931.0,56600.0
Long Beach,MN,98000.0,327900.0
Long Lake,MN,83750.0,373000.0
Long Prairie,MN,60313.0,117200.0
Longville,MN,47788.0,258100.0
Lonsdale,MN,95265.0,298100.0
Loretto,MN,85625.0,316700.0
Louisburg,MN,48250.0,45000.0
Lowry,MN,76250.0,130600.0
Lucan,MN,45000.0,84000.0
Lutsen,MN,52031.0,293800.0
Luverne,MN,66394.0,173800.0
Lyle,MN,53594.0,106900.0
Lynd,MN,70417.0,151300.0
Mabel,MN,65125.0,108700.0
McGrath,MN,8750.0,
McGregor,MN,,105000.0
McIntosh,MN,41250.0,86300.0
McKinley,MN,54583.0,125000.0
Madelia,MN,74625.0,140700.0
Madison,MN,49063.0,88900.0
Madison Lake,MN,104583.0,270800.0
Magnolia,MN,55000.0,63800.0
Mahnomen,MN,41875.0,78500.0
Mahnomen,MN,12000.0,
Mahtomedi,MN,126579.0,435600.0
Mahtowa,MN,82708.0,237500.0
Manchester,MN,61250.0,
Manhattan Beach,MN,51250.0,
Mankato,MN,61726.0,236200.0
Mantorville,MN,113036.0,263000.0
Maple Grove,MN,127001.0,379800.0
Maple Lake,MN,69702.0,211500.0
Maple Plain,MN,77813.0,307200.0
Mapleton,MN,77768.0,168200.0
Mapleview,MN,36875.0,57100.0
Maplewood,MN,86769.0,282000.0
Marble,MN,51094.0,94700.0
Marietta,MN,33125.0,47700.0
Marine on St. Croix,MN,135242.0,448100.0
Marion,MN,119500.0,248100.0
Marshall,MN,60532.0,188100.0
Martin Lake,MN,111607.0,329200.0
Mayer,MN,114504.0,307600.0
Maynard,MN,40882.0,74600.0
Mazeppa,MN,84917.0,209600.0
Meadowlands,MN,40313.0,48300.0
Medford,MN,98036.0,212500.0
Medicine Lake,MN,136250.0,1037200.0
Medina,MN,202153.0,679900.0
Meire Grove,MN,66500.0,175000.0
Melrose,MN,54951.0,183400.0
Menahga,MN,54167.0,139400.0
Mendota,MN,104375.0,391700.0
Mendota Heights,MN,129800.0,477900.0
Mentor,MN,39583.0,57800.0
Merrifield,MN,61168.0,
Middle River,MN,55417.0,93300.0
Midway,MN,33750.0,
Miesville,MN,89063.0,315000.0
Milaca,MN,46218.0,164600.0
Milan,MN,65000.0,60000.0
Millerville,MN,83000.0,157500.0
Millville,MN,67500.0,140300.0
Milroy,MN,60625.0,95600.0
Miltona,MN,59107.0,171400.0
Minneapolis,MN,76332.0,328700.0
Minneiska,MN,70625.0,217600.0
Minneota,MN,65500.0,150400.0
Minnesota City,MN,62500.0,165900.0
Minnesota Lake,MN,65938.0,127300.0
Minnetonka,MN,114867.0,430800.0
Minnetonka Beach,MN,250001.0,1223200.0
Minnetrista,MN,162474.0,581800.0
Mizpah,MN,69844.0,153100.0
Montevideo,MN,49435.0,124500.0
Montgomery,MN,61677.0,206300.0
Monticello,MN,80290.0,279600.0
Montrose,MN,89100.0,251200.0
Moorhead,MN,68680.0,234300.0
Moose Lake,MN,49722.0,164100.0
Mora,MN,51577.0,160000.0
Morgan,MN,56750.0,99600.0
Morris,MN,59261.0,178300.0
Morristown,MN,75054.0,169700.0
Morton,MN,62083.0,72900.0
Motley,MN,46563.0,136300.0
Mound,MN,89855.0,327500.0
Mounds View,MN,89358.0,273300.0
Mountain Iron,MN,67429.0,166900.0
Mountain Lake,MN,54107.0,115400.0
Murdock,MN,67614.0,87300.0
Myrtle,MN,42500.0,56700.0
Nashua,MN,,128100.0
Nashwauk,MN,59615.0,103600.0
Nassau,MN,70625.0,45800.0
Naytahwaush,MN,31111.0,80000.0
Nelson,MN,50833.0,161300.0
Nerstrand,MN,67500.0,174500.0
Nett Lake,MN,,77500.0
Nevis,MN,54583.0,169800.0
New Auburn,MN,62125.0,124000.0
New Brighton,MN,84707.0,333300.0
Newfolden,MN,68750.0,135400.0
New Germany,MN,87143.0,225000.0
New Hope,MN,69244.0,294600.0
New London,MN,67105.0,201800.0
New Munich,MN,84167.0,146700.0
Newport,MN,62039.0,298500.0
New Prague,MN,101579.0,305800.0
New Richland,MN,54464.0,128500.0
New Trier,MN,91250.0,195800.0
New Ulm,MN,59985.0,170200.0
New York Mills,MN,46458.0,130300.0
Nicollet,MN,73500.0,190200.0
Nielsville,MN,38571.0,73300.0
Nimrod,MN,,68100.0
Nisswa,MN,94650.0,411800.0
Norcross,MN,94083.0,63800.0
North Branch,MN,94564.0,273800.0
Northfield,MN,83125.0,286900.0
North Mankato,MN,74602.0,235500.0
North Oaks,MN,235714.0,714600.0
Northome,MN,58750.0,75600.0
Northrop,MN,59643.0,103100.0
North St. Paul,MN,77475.0,270600.0
Norwood Young America,MN,76538.0,268000.0
Nowthen,MN,149297.0,434700.0
Oakdale,MN,86003.0,288700.0
Oak Grove,MN,118871.0,382500.0
Oak Park Heights,MN,77132.0,318800.0
Odessa,MN,46875.0,61800.0
Odin,MN,49375.0,61500.0
Ogema,MN,51750.0,83100.0
Ogilvie,MN,43750.0,87700.0
Okabena,MN,93125.0,96500.0
Oklee,MN,52045.0,100900.0
Olivia,MN,60881.0,155200.0
Onamia,MN,25417.0,112900.0
Ormsby,MN,57500.0,70600.0
Orono,MN,173209.0,874500.0
Oronoco,MN,153393.0,402900.0
Orr,MN,77188.0,88800.0
Ortonville,MN,53516.0,101700.0
Osage,MN,53750.0,226900.0
Osakis,MN,51477.0,159100.0
Oslo,MN,72000.0,115000.0
Osseo,MN,65463.0,251700.0
Ostrander,MN,69583.0,121500.0
Otsego,MN,122420.0,351100.0
Ottertail,MN,93056.0,272500.0
Owatonna,MN,78295.0,216700.0
Palisade,MN,40417.0,81300.0
Parkers Prairie,MN,57875.0,142500.0
Park Rapids,MN,42892.0,222300.0
Paynesville,MN,67768.0,160800.0
Pease,MN,58214.0,149000.0
Pelican Rapids,MN,56477.0,175800.0
Pemberton,MN,59167.0,153100.0
Pennock,MN,75179.0,136900.0
Pequot Lakes,MN,73125.0,230300.0
Perham,MN,46509.0,172900.0
Perley,MN,69000.0,84400.0
Peterson,MN,63125.0,103900.0
Pickwick,MN,53750.0,230200.0
Pierz,MN,58750.0,155000.0
Pillager,MN,64250.0,141700.0
Pine Bend,MN,28750.0,9999.0
Pine City,MN,49336.0,175900.0
Pine Island,MN,85500.0,293800.0
Pine Point,MN,40455.0,75000.0
Pine River,MN,38125.0,133100.0
Pine Springs,MN,160625.0,579300.0
Pipestone,MN,65144.0,101000.0
Plainview,MN,63194.0,201100.0
Plato,MN,67500.0,213400.0
Plummer,MN,78750.0,114600.0
Plymouth,MN,130131.0,447600.0
Ponemah,MN,74196.0,102700.0
Porter,MN,47361.0,91300.0
Preston,MN,56354.0,154400.0
Princeton,MN,48951.0,190300.0
Prinsburg,MN,98750.0,162300.0
Prior Lake,MN,129539.0,400500.0
Proctor,MN,80385.0,196200.0
Quamba,MN,46250.0,122900.0
Racine,MN,82232.0,218300.0
Ramsey,MN,110212.0,334200.0
Randall,MN,50000.0,157100.0
Randolph,MN,89375.0,260100.0
Ranier,MN,74602.0,128800.0
Raymond,MN,72917.0,134600.0
Redby,MN,43125.0,102400.0
Red Lake,MN,52929.0,137800.0
Red Lake Falls,MN,58239.0,122600.0
Red Wing,MN,65107.0,212700.0
Redwood Falls,MN,64214.0,156300.0
Regal,MN,78750.0,112500.0
Remer,MN,31406.0,122400.0
Renville,MN,64412.0,100000.0
Revere,MN,47500.0,65000.0
Rice,MN,100208.0,223200.0
Rice Lake,MN,43333.0,30000.0
Rice Lake,MN,91442.0,273200.0
Richfield,MN,80712.0,294000.0
Richmond,MN,64865.0,215400.0
Richville,MN,,106300.0
Riverland,MN,28654.0,
Riverton,MN,57083.0,106300.0
Robbinsdale,MN,80125.0,266600.0
Rochester,MN,83973.0,268800.0
Rock Creek,MN,92344.0,279300.0
Rockford,MN,76181.0,250800.0
Rockville,MN,86641.0,297900.0
Rogers,MN,154611.0,409000.0
Rollingstone,MN,87000.0,214200.0
Ronneby,MN,126250.0,400000.0
Roosevelt,MN,56000.0,
Roscoe,MN,43250.0,178600.0
Roseau,MN,62829.0,138500.0
Rose Creek,MN,68036.0,133300.0
Rosemount,MN,127252.0,378500.0
Roseville,MN,87702.0,318400.0
Rothsay,MN,75833.0,145300.0
Round Lake,MN,64063.0,86900.0
Royalton,MN,54167.0,189900.0
Roy Lake,MN,,275000.0
Rush City,MN,56436.0,189100.0
Rushford,MN,70543.0,196200.0
Rushford Village,MN,91250.0,285400.0
Rushmore,MN,41250.0,107500.0
Russell,MN,59750.0,102700.0
Ruthton,MN,40250.0,49300.0
Rutledge,MN,61477.0,116300.0
Sabin,MN,118750.0,240100.0
Sacred Heart,MN,59107.0,56700.0
St. Anthony (Hennepin and Ramsey Counties),MN,91955.0,350300.0
St. Anthony (Stearns County),MN,64167.0,147500.0
St. Augusta,MN,120526.0,307800.0
St. Bonifacius,MN,101319.0,326700.0
St. Charles,MN,91326.0,220500.0
St. Clair,MN,98043.0,186300.0
St. Cloud,MN,58910.0,189600.0
St. Francis,MN,98390.0,275500.0
St. Hilaire,MN,88750.0,149300.0
St. James,MN,50938.0,94900.0
St. John's University,MN,,187500.0
St. Joseph,MN,74318.0,231300.0
St. Leo,MN,54500.0,48800.0
St. Louis Park,MN,94263.0,357900.0
St. Martin,MN,72083.0,190700.0
St. Marys Point,MN,105625.0,438200.0
St. Michael,MN,123318.0,344600.0
St. Paul,MN,69919.0,264900.0
St. Paul Park,MN,92760.0,249100.0
St. Peter,MN,67255.0,217400.0
St. Rosa,MN,75833.0,190000.0
St. Stephen,MN,91250.0,223900.0
St. Vincent,MN,49375.0,62500.0
Sanborn,MN,41250.0,60000.0
Sandstone,MN,39602.0,119100.0
Sargeant,MN,63438.0,122500.0
Sartell,MN,74177.0,263500.0
Sauk Centre,MN,68094.0,184500.0
Sauk Rapids,MN,66442.0,225600.0
Savage,MN,123069.0,377600.0
Scandia,MN,97159.0,458700.0
Scanlon,MN,73125.0,204100.0
Seaforth,MN,56875.0,112500.0
Searles,MN,108333.0,187900.0
Sebeka,MN,42045.0,76700.0
Sedan,MN,55500.0,65000.0
Shafer,MN,92321.0,209200.0
Shakopee,MN,103924.0,348300.0
Shelly,MN,53333.0,77100.0
Sherburn,MN,59844.0,81700.0
Shevlin,MN,59750.0,55000.0
Shoreview,MN,106153.0,349300.0
Shorewood,MN,163525.0,643300.0
Silver Bay,MN,65882.0,129100.0
Silver Creek,MN,69286.0,236400.0
Silver Lake,MN,70547.0,163500.0
Skyline,MN,90625.0,265200.0
Slayton,MN,58026.0,143900.0
Sleepy Eye,MN,63163.0,130000.0
Sobieski,MN,67500.0,134400.0
Solway,MN,122560.0,179300.0
Soudan,MN,54779.0,89800.0
South End,MN,39375.0,
South Haven,MN,90625.0,187500.0
South St. Paul,MN,82644.0,249600.0
Spicer,MN,68571.0,258600.0
Springfield,MN,61411.0,118100.0
Spring Grove,MN,59792.0,130400.0
Spring Hill,MN,80417.0,177300.0
Spring Lake Park,MN,74697.0,261900.0
Spring Park,MN,48684.0,540700.0
Spring Valley,MN,66250.0,139700.0
Squaw Lake,MN,58125.0,175000.0
Stacy,MN,71389.0,181800.0
Stanchfield,MN,64583.0,180000.0
Staples,MN,45982.0,120400.0
Starbuck,MN,57167.0,139500.0
Steen,MN,53542.0,56400.0
Stephen,MN,65625.0,94200.0
Stewart,MN,52813.0,99400.0
Stewartville,MN,92961.0,244100.0
Stillwater,MN,107986.0,382900.0
Stockton,MN,71111.0,211500.0
Storden,MN,78750.0,57300.0
Strandquist,MN,,26300.0
Strathcona,MN,36875.0,
Sturgeon Lake,MN,71875.0,171700.0
Sunburg,MN,,59400.0
Sunfish Lake,MN,250001.0,1167900.0
Swanville,MN,55313.0,130000.0
Taconite,MN,70000.0,169000.0
Tamarack,MN,47292.0,125000.0
Taopi,MN,73750.0,105000.0
Taunton,MN,50893.0,66100.0
Taylors Falls,MN,60313.0,234900.0
Tenstrike,MN,56250.0,194200.0
The Lakes,MN,85833.0,360000.0
The Ranch,MN,,
Thief River Falls,MN,65086.0,160300.0
Tintah,MN,33750.0,
Tonka Bay,MN,141875.0,820800.0
Tower,MN,57813.0,126700.0
Tracy,MN,63201.0,95600.0
Trail,MN,,53800.0
Trimont,MN,66354.0,78700.0
Trommald,MN,50729.0,
Trosky,MN,56875.0,89200.0
Truman,MN,57917.0,94000.0
Turtle River,MN,83438.0,192500.0
Twin Lakes,MN,43750.0,
Twin Lakes,MN,62500.0,197100.0
Twin Valley,MN,52404.0,84800.0
Two Harbors,MN,63565.0,171300.0
Tyler,MN,62847.0,114900.0
Ulen,MN,36979.0,117400.0
Underwood,MN,61000.0,146100.0
Upsala,MN,60956.0,133500.0
Urbank,MN,66250.0,75000.0
Utica,MN,76250.0,172900.0
Vadnais Heights,MN,89632.0,314700.0
Vergas,MN,68125.0,157900.0
Vermillion,MN,95000.0,279200.0
Verndale,MN,34053.0,98200.0
Vernon Center,MN,69375.0,132400.0
Vesta,MN,66667.0,97300.0
Victoria,MN,179515.0,534700.0
Viking,MN,72000.0,120000.0
Villard,MN,50556.0,128300.0
Vineland,MN,56513.0,142300.0
Vining,MN,,147500.0
Virginia,MN,49789.0,111200.0
Wabasha,MN,60893.0,196500.0
Wabasso,MN,60144.0,105000.0
Waconia,MN,101619.0,387600.0
Wadena,MN,44450.0,151900.0
Wahkon,MN,51000.0,181300.0
Waite Park,MN,52391.0,201200.0
Waldorf,MN,50833.0,110300.0
Walker,MN,32857.0,193300.0
Walnut Grove,MN,61354.0,70500.0
Walters,MN,33594.0,58000.0
Waltham,MN,59375.0,129500.0
Wanamingo,MN,78375.0,227200.0
Wanda,MN,78214.0,
Warba,MN,44375.0,102100.0
Warren,MN,55882.0,117200.0
Warroad,MN,49000.0,171400.0
Warsaw,MN,112969.0,256500.0
Waseca,MN,62632.0,176900.0
Watertown,MN,101667.0,285400.0
Waterville,MN,66136.0,193800.0
Watkins,MN,62500.0,136100.0
Watson,MN,41875.0,70300.0
Waubun,MN,57188.0,80600.0
Waverly,MN,108731.0,270400.0
Wayzata,MN,118456.0,935500.0
Welcome,MN,57321.0,91900.0
Wells,MN,55337.0,92500.0
Wendell,MN,62500.0,61700.0
Westbrook,MN,40278.0,68800.0
West Concord,MN,75625.0,140800.0
Westport,MN,72500.0,102800.0
West Roy Lake,MN,,
West St. Paul,MN,68359.0,269500.0
West Union,MN,63750.0,102100.0
Whalan,MN,86875.0,208300.0
Wheaton,MN,49727.0,80900.0
Whipholt,MN,72500.0,266700.0
White Bear Lake,MN,79699.0,294500.0
White Earth,MN,21420.0,
Wilder,MN,70417.0,9999.0
Willernie,MN,77321.0,271400.0
Williams,MN,27059.0,34400.0
Willmar,MN,59132.0,175000.0
Willow River,MN,47083.0,199000.0
Wilmont,MN,51250.0,117500.0
Wilton,MN,54943.0,
Windom,MN,54603.0,141900.0
Winger,MN,42500.0,89000.0
Winnebago,MN,58750.0,98400.0
Winona,MN,52500.0,176600.0
Winsted,MN,68295.0,183600.0
Winthrop,MN,62083.0,152100.0
Winton,MN,53750.0,90000.0
Wolf Lake,MN,68750.0,131300.0
Wolverton,MN,43977.0,
Woodbury,MN,125097.0,409900.0
Wood Lake,MN,69500.0,86600.0
Woodland,MN,203750.0,1185000.0
Woodstock,MN,53804.0,
Worthington,MN,58690.0,162800.0
Wrenshall,MN,88250.0,214300.0
Wright,MN,66250.0,135400.0
Wykoff,MN,64000.0,125700.0
Wyoming,MN,99821.0,302300.0
Zemple,MN,95192.0,44400.0
Zimmerman,MN,79720.0,261600.0
Zumbro Falls,MN,84750.0,224100.0
Zumbrota,MN,72061.0,239000.0
Abbeville,MS,52857.0,158100.0
Aberdeen,MS,46788.0,89900.0
Ackerman,MS,36230.0,133800.0
Agricola,MS,,105500.0
Alcorn State University,MS,,
Algoma,MS,63889.0,161900.0
Alligator,MS,21477.0,83000.0
Amory,MS,52298.0,145100.0
Anguilla,MS,27917.0,62500.0
Arcola,MS,25694.0,53000.0
Arkabutla,MS,71146.0,
Arnold Line,MS,41232.0,140800.0
Artesia,MS,19444.0,106900.0
Ashland,MS,40179.0,97600.0
Austin,MS,,
Baldwyn,MS,44464.0,95400.0
Bassfield,MS,37708.0,101600.0
Batesville,MS,57813.0,189200.0
Baxterville,MS,42992.0,9999.0
Bay St. Louis,MS,63508.0,225800.0
Bay Springs,MS,48031.0,147800.0
Beaumont,MS,75071.0,211100.0
Beauregard,MS,53036.0,81300.0
Beechwood,MS,75450.0,204300.0
Belmont,MS,40902.0,151500.0
Belzoni,MS,37528.0,81000.0
Benndale,MS,,
Benoit,MS,,82000.0
Benton,MS,58958.0,
Bentonia,MS,25673.0,89200.0
Bethlehem,MS,21250.0,
Beulah,MS,29258.0,80900.0
Big Creek,MS,62679.0,76100.0
Biggersville,MS,35758.0,84300.0
Big Point,MS,110946.0,169000.0
Biloxi,MS,55775.0,196600.0
Blue Mountain,MS,55106.0,75800.0
Blue Springs,MS,67500.0,158300.0
Bobo,MS,,
Bogue Chitto (Lincoln County),MS,,
Bogue Chitto (Kemper and Neshoba Counties),MS,,53100.0
Bolivar,MS,,
Bolton,MS,53523.0,86100.0
Bond,MS,,23600.0
Booneville,MS,48655.0,130200.0
Bovina,MS,,116300.0
Boyle,MS,33750.0,118800.0
Brandon,MS,89051.0,242700.0
Braxton,MS,51875.0,121600.0
Bridgetown,MS,121523.0,280600.0
Brookhaven,MS,32869.0,110800.0
Brooksville,MS,22692.0,65000.0
Bruce,MS,30094.0,69300.0
Buckatunna,MS,,
Bude,MS,30462.0,68800.0
Burnsville,MS,39605.0,74000.0
Byhalia,MS,38614.0,107700.0
Byram,MS,72536.0,161600.0
Caledonia,MS,76875.0,163500.0
Calhoun City,MS,41375.0,77300.0
Canton,MS,33411.0,113100.0
Carrollton,MS,80977.0,119300.0
Carthage,MS,47722.0,142000.0
Cary,MS,40000.0,
Centreville,MS,44779.0,58400.0
Chalybeate,MS,,
Charleston,MS,34137.0,84700.0
Chunky,MS,43125.0,
Clara,MS,,88800.0
Clarksdale,MS,35377.0,84700.0
Cleary,MS,,124100.0
Cleveland,MS,42005.0,155200.0
Clinton,MS,71315.0,204100.0
Cloverdale,MS,41959.0,
Coahoma,MS,22813.0,53300.0
Coffeeville,MS,30691.0,88300.0
Coldwater,MS,38883.0,87000.0
Collins,MS,31435.0,76000.0
Collinsville,MS,72574.0,166100.0
Columbia,MS,29470.0,95200.0
Columbus,MS,38954.0,120300.0
Columbus AFB,MS,73661.0,
Como,MS,23533.0,170300.0
Conehatta,MS,43728.0,118900.0
Corinth,MS,40546.0,153700.0
Courtland,MS,35729.0,92000.0
Crawford,MS,34948.0,85300.0
Crenshaw,MS,35685.0,80600.0
Crosby,MS,14250.0,93000.0
Crowder,MS,,48500.0
Cruger,MS,29570.0,64800.0
Crystal Springs,MS,44653.0,69900.0
Darling,MS,,27500.0
Decatur,MS,44321.0,104200.0
De Kalb,MS,34712.0,84100.0
DeLisle,MS,89274.0,212200.0
Delta City,MS,,
Dennis,MS,,
Derma,MS,41250.0,68300.0
De Soto,MS,,
Diamondhead,MS,80504.0,220900.0
D'Iberville,MS,52625.0,168800.0
D'Lo,MS,31339.0,88000.0
Doddsville,MS,31528.0,92800.0
Drew,MS,21512.0,59100.0
Dublin,MS,,
Duck Hill,MS,40550.0,95500.0
Dumas,MS,52500.0,91000.0
Duncan,MS,46212.0,9999.0
Dundee,MS,,
Durant,MS,25552.0,55400.0
Eagle Bend,MS,37115.0,67100.0
Eastabuchie,MS,84417.0,
Ecru,MS,52350.0,145800.0
Eden,MS,,
Edwards,MS,31304.0,98300.0
Elizabeth,MS,,
Elliott,MS,53011.0,55400.0
Ellisville,MS,30479.0,97800.0
Enterprise,MS,70156.0,112500.0
Escatawpa,MS,33529.0,83000.0
Ethel,MS,36250.0,68000.0
Eudora,MS,73111.0,220800.0
Eupora,MS,43889.0,89400.0
Falcon,MS,,56100.0
Falkner,MS,60192.0,114400.0
Farmington,MS,53015.0,127100.0
Farrell,MS,43125.0,32200.0
Fayette,MS,23155.0,77100.0
Fernwood,MS,46139.0,
Flora,MS,34219.0,200900.0
Florence,MS,88750.0,196200.0
Flowood,MS,89144.0,257900.0
Forest,MS,50093.0,113700.0
Foxworth,MS,21154.0,43700.0
French Camp,MS,65313.0,305600.0
Friars Point,MS,25156.0,56800.0
Fulton,MS,46875.0,137800.0
Gattman,MS,60444.0,
Gautier,MS,57757.0,148300.0
Georgetown,MS,,101600.0
Glen,MS,59167.0,98100.0
Glen Allan,MS,20662.0,
Glendale,MS,53091.0,85300.0
Glendora,MS,10875.0,
Gloster,MS,22131.0,73600.0
Gluckstadt,MS,92218.0,257500.0
Golden,MS,44688.0,114300.0
Goodman,MS,12207.0,
Grace,MS,,
Greenville,MS,35148.0,95800.0
Greenwood,MS,37718.0,97000.0
Grenada,MS,40714.0,139500.0
Gulf Hills,MS,61094.0,168400.0
Gulf Park Estates,MS,59895.0,196500.0
Gulfport,MS,43499.0,158300.0
Gunnison,MS,21382.0,84800.0
Guntown,MS,66058.0,148500.0
Hamilton,MS,30819.0,127200.0
Harperville,MS,21165.0,
Hatley,MS,60250.0,170100.0
Hattiesburg,MS,41024.0,146600.0
Hazlehurst,MS,38365.0,93200.0
Heidelberg,MS,50041.0,80500.0
Helena,MS,98281.0,140800.0
Henderson Point,MS,50556.0,264300.0
Hermanville,MS,,
Hernando,MS,69761.0,268900.0
Hickory,MS,,99500.0
Hickory Flat,MS,33219.0,87000.0
Hide-A-Way Lake,MS,78529.0,191000.0
Hillsboro,MS,33723.0,55800.0
Holcomb,MS,61429.0,112100.0
Hollandale,MS,40556.0,83200.0
Holly Springs,MS,45552.0,97000.0
Horn Lake,MS,57111.0,146300.0
Houston,MS,32410.0,88800.0
Hurley,MS,81083.0,191500.0
Independence,MS,,173000.0
Indianola,MS,36243.0,110800.0
Inverness,MS,54408.0,138600.0
Isola,MS,34375.0,99200.0
Itta Bena,MS,25114.0,86500.0
Iuka,MS,43887.0,123100.0
Jacinto,MS,,
Jackson,MS,42193.0,104900.0
Jonestown,MS,20000.0,45200.0
Jumpertown,MS,48393.0,92000.0
Kearney Park,MS,,86600.0
Kilmichael,MS,37163.0,85200.0
Kiln,MS,54276.0,160900.0
Kirkville,MS,46634.0,
Kokomo,MS,,55300.0
Kosciusko,MS,33719.0,113600.0
Kossuth,MS,95250.0,164300.0
Lake,MS,55605.0,82100.0
Lakeview,MS,,
Lamar,MS,,
Lambert,MS,28154.0,54900.0
Latimer,MS,60567.0,149900.0
Lauderdale,MS,,44800.0
Laurel,MS,36336.0,111300.0
Leaf,MS,,
Leakesville,MS,49250.0,115800.0
Learned,MS,73250.0,200000.0
Leland,MS,45645.0,107400.0
Lena,MS,85000.0,110400.0
Lexington,MS,39076.0,84700.0
Liberty,MS,33682.0,96100.0
Long Beach,MS,66573.0,187800.0
Longview,MS,108922.0,
Louin,MS,,171100.0
Louise,MS,28542.0,52100.0
Louisville,MS,36078.0,117800.0
Lucedale,MS,35662.0,112900.0
Lula,MS,36250.0,48600.0
Lumberton,MS,40641.0,75600.0
Lyman,MS,61563.0,218500.0
Lynchburg,MS,94688.0,189600.0
Lyon,MS,73750.0,130200.0
Maben,MS,28472.0,73400.0
McComb,MS,37288.0,102900.0
McCool,MS,,57700.0
McLain,MS,30938.0,59500.0
Macon,MS,29225.0,99600.0
Madison,MS,124575.0,312800.0
Magee,MS,39485.0,99500.0
Magnolia,MS,38083.0,83900.0
Mantachie,MS,71331.0,126600.0
Mantee,MS,76250.0,96800.0
Marietta,MS,57813.0,81400.0
Marion,MS,61328.0,185700.0
Marks,MS,37000.0,95800.0
Mathiston,MS,62708.0,116900.0
Mayersville,MS,11660.0,92900.0
Meadville,MS,54250.0,84300.0
Mendenhall,MS,35956.0,103300.0
Meridian,MS,32797.0,97800.0
Meridian Station,MS,,
Merigold,MS,47232.0,109600.0
Metcalfe,MS,41563.0,75000.0
Mississippi State,MS,,
Mississippi Valley State University,MS,66736.0,
Mize,MS,48750.0,128600.0
Monticello,MS,27150.0,120800.0
Montrose,MS,,253500.0
Mooreville,MS,139473.0,169900.0
Moorhead,MS,31810.0,67900.0
Morgan City,MS,17292.0,
Morgantown,MS,,85500.0
Morton,MS,29900.0,82600.0
Moselle,MS,,
Moss Point,MS,44779.0,104500.0
Mound Bayou,MS,31058.0,61200.0
Mount Olive,MS,,56200.0
Mount Pleasant,MS,46996.0,
Myrtle,MS,53750.0,118200.0
Natchez,MS,31800.0,111100.0
Nellieburg,MS,33009.0,106800.0
Nettleton,MS,41317.0,93700.0
New Albany,MS,50890.0,139200.0
New Augusta,MS,,90700.0
New Hamilton,MS,34333.0,150600.0
New Hebron,MS,63438.0,89300.0
New Hope,MS,76149.0,196500.0
New Houlka,MS,43750.0,83700.0
New Site,MS,,
Newton,MS,36250.0,81600.0
Nicholson,MS,42738.0,88800.0
Nitta Yuma,MS,,
North Carrollton,MS,19000.0,92900.0
North Tunica,MS,,78300.0
Noxapater,MS,45500.0,91200.0
Oak Grove,MS,77029.0,208400.0
Oakland,MS,25150.0,
Ocean Springs,MS,72500.0,213400.0
Okolona,MS,27278.0,79400.0
Olive Branch,MS,93762.0,245800.0
Osyka,MS,,87900.0
Ovett,MS,,
Oxford,MS,56784.0,328700.0
Pace,MS,40000.0,75000.0
Pachuta,MS,31964.0,102100.0
Paden,MS,42188.0,67500.0
Panther Burn,MS,2499.0,
Paris,MS,58889.0,137200.0
Pascagoula,MS,41679.0,130400.0
Pass Christian,MS,65000.0,239700.0
Pattison,MS,,
Pearl,MS,56838.0,157100.0
Pearlington,MS,48536.0,124000.0
Pearl River,MS,40614.0,56200.0
Pelahatchie,MS,50948.0,140600.0
Petal,MS,61957.0,147800.0
Pheba,MS,,
Philadelphia,MS,38713.0,104200.0
Picayune,MS,35649.0,136900.0
Pickens,MS,32153.0,99400.0
Pittsboro,MS,36922.0,75000.0
Plantersville,MS,40938.0,116300.0
Polkville,MS,60278.0,81400.0
Pontotoc,MS,49235.0,145900.0
Pope,MS,79205.0,113800.0
Poplarville,MS,51250.0,153600.0
Porterville,MS,,
Port Gibson,MS,24773.0,100500.0
Potts Camp,MS,,90400.0
Prentiss,MS,25859.0,76700.0
Puckett,MS,59375.0,167500.0
Purvis,MS,38287.0,110000.0
Quitman,MS,36458.0,109600.0
Raleigh,MS,23795.0,121300.0
Randolph,MS,46107.0,218000.0
Rawls Springs,MS,58750.0,89800.0
Raymond,MS,55583.0,163900.0
Red Banks,MS,,
Redwater,MS,57775.0,126100.0
Redwood,MS,,
Rena Lara,MS,78333.0,86500.0
Renova,MS,25974.0,110400.0
Richland,MS,54753.0,114500.0
Richton,MS,33621.0,145800.0
Ridgeland,MS,66171.0,240700.0
Rienzi,MS,44250.0,112500.0
Ripley,MS,53175.0,140400.0
Robinhood,MS,49833.0,84400.0
Rolling Fork,MS,41208.0,96500.0
Rosedale,MS,17940.0,95300.0
Roxie,MS,40375.0,44800.0
Ruleville,MS,41765.0,91900.0
Runnelstown,MS,,
St. Martin,MS,49484.0,145100.0
Sallis,MS,50703.0,86800.0
Saltillo,MS,78922.0,176900.0
Sandersville,MS,44219.0,100000.0
Sardis,MS,32863.0,72300.0
Satartia,MS,,
Saucier,MS,67742.0,95000.0
Schlater,MS,51667.0,52500.0
Scooba,MS,19375.0,
Scott,MS,,
Sebastopol,MS,36538.0,106300.0
Seminary,MS,52188.0,105000.0
Senatobia,MS,56780.0,176200.0
Shannon,MS,38125.0,114700.0
Sharon,MS,94861.0,92100.0
Shaw,MS,23875.0,72300.0
Shelby,MS,28827.0,84800.0
Sherman,MS,45234.0,144400.0
Shubuta,MS,32159.0,73900.0
Shuqualak,MS,35625.0,57800.0
Sidon,MS,,75400.0
Silver City,MS,,89600.0
Silver Creek,MS,26458.0,80700.0
Skene,MS,83958.0,
Slate Springs,MS,85417.0,
Sledge,MS,36042.0,56800.0
Smithville,MS,40093.0,82100.0
Snow Lake Shores,MS,54583.0,128000.0
Soso,MS,69375.0,121400.0
Southaven,MS,72513.0,197200.0
Standing Pine,MS,55893.0,59600.0
Starkville,MS,36076.0,244000.0
State Line,MS,,55400.0
Stewart,MS,,
Stoneville,MS,,
Stonewall,MS,24808.0,47000.0
Strayhorn,MS,,
Sturgis,MS,39167.0,100600.0
Summit,MS,33340.0,102500.0
Sumner,MS,53194.0,118800.0
Sumrall,MS,82292.0,214000.0
Sunflower,MS,23295.0,79500.0
Sylvarena,MS,53750.0,108300.0
Symonds,MS,,
Taylor,MS,75938.0,300000.0
Taylorsville,MS,40060.0,136500.0
Tchula,MS,35987.0,59800.0
Terry,MS,46585.0,161500.0
Thaxton,MS,75417.0,169100.0
Tillatoba,MS,,
Tishomingo,MS,54167.0,91100.0
Toccopola,MS,,96000.0
Toomsuba,MS,54543.0,
Tremont,MS,42750.0,90000.0
Tucker,MS,,
Tula,MS,,
Tunica,MS,55865.0,184900.0
Tunica Resorts,MS,46454.0,164000.0
Tupelo,MS,62686.0,184100.0
Tutwiler,MS,31404.0,61000.0
Tylertown,MS,32019.0,120500.0
Union,MS,40201.0,108200.0
University,MS,,
Utica,MS,42222.0,91100.0
Vaiden,MS,24583.0,47300.0
Valley Park,MS,60735.0,132400.0
Vancleave,MS,72576.0,207900.0
Van Vleet,MS,,
Vardaman,MS,38594.0,52500.0
Verona,MS,41216.0,96800.0
Vicksburg,MS,45147.0,120800.0
Victoria,MS,92930.0,180600.0
Wade,MS,,172600.0
Walls,MS,40417.0,151200.0
Walnut,MS,32870.0,79100.0
Walnut Grove,MS,32344.0,82600.0
Walthall,MS,57083.0,95000.0
Waterford,MS,,
Water Valley,MS,45718.0,112300.0
Waveland,MS,56396.0,194900.0
Waynesboro,MS,24779.0,85200.0
Webb,MS,23950.0,80300.0
Weir,MS,23929.0,62000.0
Wesson,MS,49375.0,105900.0
West,MS,75938.0,81400.0
West Hattiesburg,MS,41181.0,199400.0
West Point,MS,32846.0,121100.0
Wheeler,MS,,158100.0
White Oak,MS,16129.0,13300.0
Wiggins,MS,44250.0,113700.0
Winona,MS,26250.0,99600.0
Winstonville,MS,50000.0,117500.0
Winterville,MS,16375.0,167500.0
Woodland,MS,,56900.0
Woodville,MS,44844.0,121300.0
Yazoo City,MS,31310.0,82600.0
Adrian,MO,46957.0,134200.0
Advance,MO,48500.0,110200.0
Affton,MO,75237.0,185400.0
Agency,MO,98654.0,207900.0
Airport Drive,MO,60000.0,197500.0
Alba,MO,51625.0,88300.0
Albany,MO,46033.0,91600.0
Aldrich,MO,53750.0,133300.0
Alexandria,MO,33750.0,34500.0
Allendale,MO,61250.0,168800.0
Allenville,MO,33125.0,28300.0
Alma,MO,71406.0,133600.0
Altamont,MO,40000.0,61300.0
Altenburg,MO,63047.0,130000.0
Alton,MO,43958.0,126100.0
Amazonia,MO,58750.0,72400.0
Amity,MO,,9999.0
Amoret,MO,60833.0,50000.0
Amsterdam,MO,42250.0,45800.0
Anderson,MO,47500.0,99600.0
Annada,MO,34432.0,
Annapolis,MO,35625.0,79700.0
Anniston,MO,,47900.0
Appleton City,MO,42344.0,75400.0
Arbela,MO,,
Arbyrd,MO,43750.0,35000.0
Arcadia,MO,44167.0,134800.0
Archie,MO,65078.0,159300.0
Arcola,MO,,46700.0
Argyle,MO,44750.0,128100.0
Arkoe,MO,77969.0,112500.0
Armstrong,MO,,50000.0
Arnold,MO,72317.0,192000.0
Arrow Point,MO,56250.0,95000.0
Arrow Rock,MO,52500.0,235000.0
Asbury,MO,,70000.0
Ashburn,MO,,
Ash Grove,MO,50417.0,124300.0
Ashland,MO,87377.0,227500.0
Ashley,MO,,
Atlanta,MO,50833.0,85500.0
Augusta,MO,98393.0,296400.0
Aullville,MO,102750.0,251700.0
Aurora,MO,44728.0,102500.0
Aurora Springs,MO,20750.0,
Auxvasse,MO,51600.0,126200.0
Ava,MO,43969.0,118100.0
Avalon,MO,56875.0,48300.0
Avilla,MO,55000.0,66300.0
Avondale,MO,40000.0,134800.0
Bagnell,MO,16563.0,
Baker,MO,,
Bakersfield,MO,33779.0,86300.0
Baldwin Park,MO,32500.0,71300.0
Ballwin,MO,118647.0,337500.0
Baring,MO,38750.0,73300.0
Barnard,MO,,49100.0
Barnett,MO,48500.0,72500.0
Barnhart,MO,91864.0,186400.0
Bates City,MO,80500.0,171400.0
Battlefield,MO,82302.0,191000.0
Bella Villa,MO,56083.0,140400.0
Bell City,MO,19375.0,47800.0
Belle,MO,48333.0,132800.0
Bellefontaine Neighbors,MO,46115.0,79700.0
Bellerive Acres,MO,116979.0,309100.0
Bellflower,MO,46458.0,66700.0
Bel-Nor,MO,97105.0,191400.0
Bel-Ridge,MO,38642.0,82800.0
Belton,MO,68030.0,174300.0
Bennett Springs,MO,46908.0,
Benton,MO,82656.0,252300.0
Benton City,MO,38333.0,74000.0
Bent Tree Harbor,MO,,84700.0
Berger,MO,53542.0,84600.0
Berkeley,MO,37757.0,71500.0
Bernie,MO,41477.0,86600.0
Bertrand,MO,50536.0,90000.0
Bethany,MO,46528.0,115100.0
Bethel,MO,66250.0,65000.0
Beverly Hills,MO,53571.0,57600.0
Bevier,MO,50417.0,93100.0
Biehle,MO,,
Bigelow,MO,,
Big Lake,MO,75000.0,198800.0
Big Spring,MO,36125.0,
Billings,MO,41989.0,141500.0
Birch Tree,MO,26429.0,68800.0
Birmingham,MO,58333.0,122500.0
Bismarck,MO,42188.0,97800.0
Blackburn,MO,67000.0,99200.0
Black Jack,MO,63617.0,169900.0
Blackwater,MO,85179.0,90000.0
Blairstown,MO,44821.0,59000.0
Blanchard,MO,,
Bland,MO,36071.0,73000.0
Blodgett,MO,63750.0,131300.0
Bloomfield,MO,42446.0,65400.0
Bloomsdale,MO,53750.0,155000.0
Blue Eye,MO,35714.0,123400.0
Blue Springs,MO,82965.0,224600.0
Blue Summit,MO,53798.0,
Blythedale,MO,33984.0,24000.0
Bogard,MO,59750.0,60000.0
Bolckow,MO,48542.0,47100.0
Bolivar,MO,40530.0,163000.0
Bonne Terre,MO,34409.0,121100.0
Boonville,MO,50932.0,146100.0
Bosworth,MO,42188.0,29500.0
Bourbon,MO,59327.0,116500.0
Bowling Green,MO,44338.0,106300.0
Bragg City,MO,44583.0,
Brandsville,MO,,
Branson,MO,49790.0,201900.0
Branson West,MO,30893.0,174000.0
Brashear,MO,40833.0,73300.0
Braymer,MO,54750.0,73400.0
Breckenridge,MO,29878.0,45000.0
Breckenridge Hills,MO,49198.0,92700.0
Brentwood,MO,89688.0,270300.0
Brewer,MO,,
Briarwood Estates,MO,109886.0,317700.0
Bridgeton,MO,69982.0,229400.0
Brimson,MO,43750.0,83300.0
Bronaugh,MO,51875.0,50000.0
Brookfield,MO,53653.0,84500.0
Brooklyn Heights,MO,60938.0,112500.0
Broseley,MO,,
Browning,MO,,
Brownington,MO,35357.0,67500.0
Brumley,MO,30179.0,
Brunswick,MO,42500.0,74000.0
Bucklin,MO,39813.0,72800.0
Buckner,MO,81528.0,166200.0
Buell,MO,,
Buffalo,MO,27332.0,97600.0
Bull Creek,MO,29881.0,187500.0
Bunceton,MO,46250.0,84400.0
Bunker,MO,,48600.0
Burfordville,MO,,
Burgess,MO,,
Burlington Junction,MO,35694.0,72800.0
Butler,MO,33548.0,122400.0
Butterfield,MO,52375.0,84000.0
Byrnes Mill,MO,65156.0,238200.0
Cabool,MO,33429.0,97600.0
Cainsville,MO,35000.0,41900.0
Cairo,MO,57000.0,109000.0
Caledonia,MO,55000.0,37500.0
Calhoun,MO,33839.0,48900.0
California,MO,60070.0,123000.0
Callao,MO,36875.0,71800.0
Calverton Park,MO,62716.0,102000.0
Camden,MO,55250.0,41000.0
Camden Point,MO,86250.0,209100.0
Camdenton,MO,45833.0,156000.0
Cameron,MO,50206.0,153500.0
Campbell,MO,45577.0,58000.0
Canalou,MO,57813.0,40500.0
Canton,MO,42708.0,104000.0
Cape Girardeau,MO,51671.0,177500.0
Cardwell,MO,20759.0,49500.0
Carl Junction,MO,69259.0,183200.0
Carrollton,MO,43333.0,89600.0
Carterville,MO,45708.0,93100.0
Carthage,MO,43526.0,130400.0
Caruthersville,MO,35585.0,116400.0
Carytown,MO,72708.0,260700.0
Cassville,MO,46136.0,150700.0
Castle Point,MO,34190.0,54700.0
Catron,MO,37500.0,
Cave,MO,,
Cedar Hill,MO,77774.0,186500.0
Cedar Hill Lakes,MO,69063.0,125800.0
Center,MO,61458.0,80800.0
Centertown,MO,43083.0,131800.0
Centerview,MO,61719.0,59300.0
Centerville,MO,38854.0,67100.0
Centralia,MO,61172.0,147500.0
Chaffee,MO,47917.0,113700.0
Chain of Rocks,MO,140685.0,337800.0
Chain-O-Lakes,MO,25950.0,164700.0
Chamois,MO,38125.0,53400.0
Champ,MO,,
Charlack,MO,46121.0,110000.0
Charleston,MO,29306.0,90700.0
Charmwood,MO,38250.0,
Cherokee Pass,MO,70982.0,190200.0
Chesapeake,MO,,
Chesterfield,MO,137052.0,437000.0
Chilhowee,MO,40417.0,91700.0
Chillicothe,MO,54119.0,123600.0
Chula,MO,39688.0,82900.0
Clarence,MO,28843.0,73700.0
Clark,MO,58750.0,107400.0
Clarksburg,MO,26250.0,70000.0
Clarksdale,MO,62813.0,105000.0
Clarkson Valley,MO,218816.0,796300.0
Clarksville,MO,55357.0,78500.0
Clarkton,MO,39219.0,49400.0
Claycomo,MO,46890.0,134100.0
Clayton,MO,125829.0,812800.0
Clearmont,MO,45000.0,87500.0
Cleveland,MO,74514.0,254500.0
Clever,MO,73583.0,148600.0
Cliff Village,MO,65938.0,162500.0
Clifton Hill,MO,45500.0,
Climax Springs,MO,51667.0,
Clinton,MO,48116.0,153800.0
Clyde,MO,57500.0,112500.0
Cobalt,MO,37750.0,52500.0
Coffey,MO,30750.0,50000.0
Cole Camp,MO,40192.0,148300.0
Collins,MO,39167.0,63700.0
Columbia,MO,60455.0,248600.0
Commerce,MO,,80600.0
Conception,MO,44750.0,
Conception Junction,MO,45000.0,48300.0
Concord,MO,85837.0,265700.0
Concordia,MO,53902.0,150700.0
Coney Island,MO,53750.0,350000.0
Connelsville,MO,,137500.0
Conway,MO,32042.0,80300.0
Cool Valley,MO,49792.0,87200.0
Cooter,MO,50104.0,53300.0
Corder,MO,81071.0,88100.0
Corning,MO,,
Cosby,MO,63125.0,90900.0
Cottleville,MO,130139.0,377900.0
Country Club,MO,79688.0,178700.0
Country Club Hills,MO,46357.0,50600.0
Country Life Acres,MO,250001.0,1597200.0
Cowgill,MO,42188.0,52500.0
Craig,MO,33438.0,44000.0
Crane,MO,45234.0,94300.0
Creighton,MO,55625.0,99400.0
Crestwood,MO,111791.0,271400.0
Creve Coeur,MO,115120.0,529900.0
Crocker,MO,52143.0,97600.0
Cross Timbers,MO,53209.0,
Crystal City,MO,61818.0,165400.0
Crystal Lake Park,MO,144583.0,599100.0
Crystal Lakes,MO,72917.0,145500.0
Cuba,MO,42641.0,148900.0
Curryville,MO,43000.0,54000.0
Dadeville,MO,63500.0,142500.0
Dalton,MO,,66300.0
Danville,MO,,
Dardenne Prairie,MO,140844.0,366100.0
Darlington,MO,32708.0,35300.0
Dawn,MO,37500.0,
Dearborn,MO,41250.0,155600.0
Deepwater,MO,30500.0,73200.0
Deerfield,MO,,98800.0
Deering,MO,52813.0,45000.0
Defiance,MO,,
De Kalb,MO,80625.0,150400.0
Dellwood,MO,67845.0,75800.0
Delta,MO,55000.0,127300.0
Dennis Acres,MO,,55000.0
Denton,MO,,
Denver,MO,43750.0,
Des Arc,MO,,82300.0
Desloge,MO,60354.0,112700.0
De Soto,MO,44788.0,142400.0
Des Peres,MO,214810.0,562100.0
De Witt,MO,,
Dexter,MO,45617.0,125000.0
Diamond,MO,67500.0,121700.0
Diehlstadt,MO,40000.0,72500.0
Diggins,MO,66042.0,108300.0
Dixon,MO,45900.0,122500.0
Doe Run,MO,73344.0,133800.0
Doniphan,MO,41927.0,111800.0
Doolittle,MO,46875.0,105200.0
Dover,MO,50833.0,176800.0
Downing,MO,30781.0,44000.0
Drexel,MO,59375.0,116400.0
Dudley,MO,49167.0,
Duenweg,MO,46917.0,99900.0
Duquesne,MO,48561.0,158100.0
Dutchtown,MO,110833.0,115000.0
Eagle Rock,MO,,120500.0
Eagleville,MO,38750.0,58300.0
East Lynne,MO,45417.0,142900.0
Easton,MO,56307.0,127800.0
East Prairie,MO,28300.0,58300.0
Edgar Springs,MO,40833.0,75000.0
Edgerton,MO,46250.0,156600.0
Edina,MO,40714.0,71900.0
Edinburg,MO,42891.0,
Edmundson,MO,45313.0,81000.0
Eldon,MO,44714.0,106600.0
El Dorado Springs,MO,33173.0,84200.0
Ellington,MO,40000.0,60400.0
Ellisville,MO,104360.0,345100.0
Ellsinore,MO,45938.0,150000.0
Elmer,MO,31750.0,38800.0
Elmira,MO,,156300.0
Elmo,MO,58646.0,60000.0
Elsberry,MO,43333.0,104900.0
Emerald Beach,MO,45500.0,164200.0
Eminence,MO,35227.0,93300.0
Emma,MO,87917.0,128600.0
Eolia,MO,50313.0,88200.0
Essex,MO,61979.0,111500.0
Ethel,MO,,
Eugene,MO,69583.0,83700.0
Eureka,MO,104697.0,331200.0
Evergreen,MO,43984.0,
Everton,MO,37981.0,58600.0
Ewing,MO,50625.0,73900.0
Excello,MO,,
Excelsior Estates,MO,73594.0,53400.0
Excelsior Springs,MO,74196.0,166500.0
Exeter,MO,52188.0,98900.0
Fairdealing,MO,,321700.0
Fairfax,MO,49583.0,77100.0
Fair Grove,MO,71000.0,170100.0
Fair Play,MO,33750.0,57000.0
Fairview,MO,51563.0,74400.0
Farber,MO,43977.0,55100.0
Farley,MO,119792.0,181300.0
Farmington,MO,49317.0,168400.0
Faucett,MO,45673.0,
Fayette,MO,50714.0,126400.0
Fenton,MO,97500.0,339400.0
Ferguson,MO,47410.0,91800.0
Ferrelview,MO,38917.0,57500.0
Festus,MO,65942.0,188800.0
Fidelity,MO,51806.0,119300.0
Fillmore,MO,39306.0,68800.0
Fisk,MO,46964.0,152500.0
Fleming,MO,41875.0,107800.0
Flemington,MO,29167.0,37500.0
Flint Hill,MO,82837.0,318900.0
Flordell Hills,MO,32906.0,53600.0
Florida,MO,,
Florissant,MO,64178.0,125200.0
Foley,MO,51250.0,56100.0
Fordland,MO,44375.0,106300.0
Forest City,MO,43438.0,74300.0
Foristell,MO,107841.0,449000.0
Forsyth,MO,42083.0,162100.0
Fortescue,MO,31875.0,
Fort Leonard Wood,MO,64890.0,
Fortuna,MO,,
Foster,MO,51250.0,60800.0
Fountain N' Lakes,MO,,48300.0
Frankclay,MO,,
Frankford,MO,50625.0,56200.0
Franklin,MO,35000.0,90000.0
Fredericktown,MO,48155.0,110000.0
Freeburg,MO,42083.0,127700.0
Freeman,MO,57917.0,141100.0
Freistatt,MO,51250.0,101600.0
Fremont,MO,,
Fremont Hills,MO,128333.0,429100.0
Friedenswald,MO,,
Frisbee,MO,,94200.0
Frohna,MO,66607.0,159000.0
Frontenac,MO,250001.0,949900.0
Fulton,MO,59544.0,144300.0
Gainesville,MO,20781.0,93300.0
Galena,MO,29833.0,103000.0
Gallatin,MO,39500.0,118600.0
Galt,MO,25000.0,70500.0
Garden City,MO,62539.0,148100.0
Gasconade,MO,49375.0,
Gentry,MO,75893.0,22700.0
Gerald,MO,49643.0,137300.0
Gerster,MO,28750.0,
Gibbs,MO,,41900.0
Gideon,MO,39583.0,45000.0
Gilliam,MO,43125.0,86100.0
Gilman City,MO,50714.0,61200.0
Ginger Blue,MO,36181.0,46400.0
Gladstone,MO,68633.0,194900.0
Glasgow,MO,47788.0,114100.0
Glasgow Village,MO,36148.0,65600.0
Glenaire,MO,83393.0,198200.0
Glen Allen,MO,36607.0,127100.0
Glendale,MO,157750.0,463900.0
Glen Echo Park,MO,61667.0,115000.0
Glenwood,MO,57917.0,92500.0
Golden,MO,43100.0,165800.0
Golden City,MO,37679.0,68300.0
Goodman,MO,40913.0,83600.0
Goose Creek Lake,MO,39432.0,142900.0
Gordonville,MO,86250.0,228400.0
Goss,MO,,
Gower,MO,64702.0,154800.0
Graham,MO,51250.0,77000.0
Grain Valley,MO,82364.0,249200.0
Granby,MO,34934.0,77300.0
Grand Falls Plaza,MO,75250.0,142000.0
Grandin,MO,30000.0,
Grand Pass,MO,,
Grandview,MO,51048.0,154400.0
Granger,MO,,
Grant City,MO,36429.0,67600.0
Grantwood Village,MO,131250.0,438200.0
Gravois Mills,MO,45000.0,
Grayhawk,MO,57857.0,120600.0
Grayridge,MO,,70600.0
Grayson,MO,,
Gray Summit,MO,68272.0,136000.0
Greencastle,MO,45714.0,46000.0
Green City,MO,34000.0,84700.0
Greendale,MO,35096.0,112300.0
Greenfield,MO,30202.0,84900.0
Green Park,MO,71765.0,199800.0
Green Ridge,MO,59280.0,97900.0
Greentop,MO,59063.0,107900.0
Greenville,MO,39276.0,125000.0
Greenwood,MO,103560.0,246300.0
Grovespring,MO,,
Guilford,MO,43571.0,
Gunn City,MO,41250.0,106300.0
Hale,MO,51071.0,73600.0
Halfway,MO,40313.0,92500.0
Hallsville,MO,63839.0,149500.0
Halltown,MO,12708.0,
Hamilton,MO,53438.0,119500.0
Hanley Hills,MO,47083.0,66800.0
Hannibal,MO,52746.0,126900.0
Hardin,MO,54500.0,88100.0
Harris,MO,66250.0,
Harrisburg,MO,70893.0,163600.0
Harrisonville,MO,57607.0,173400.0
Hartsburg,MO,37500.0,140600.0
Hartville,MO,27143.0,117000.0
Hartwell,MO,,
Harviell,MO,,
Harwood,MO,,
Hawk Point,MO,42500.0,111000.0
Hayti,MO,22202.0,62000.0
Hayti Heights,MO,25833.0,32500.0
Hayward,MO,78375.0,
Haywood City,MO,31042.0,
Hazelwood,MO,55111.0,150000.0
Henrietta,MO,43750.0,
Herculaneum,MO,79824.0,198400.0
Hermann,MO,55833.0,162500.0
Hermitage,MO,20990.0,93600.0
Higbee,MO,61406.0,54500.0
Higginsville,MO,76731.0,137100.0
High Hill,MO,54688.0,117700.0
Highlandville,MO,46667.0,157600.0
High Ridge,MO,70333.0,155400.0
Hillsboro,MO,58929.0,202800.0
Hillsdale,MO,35735.0,56300.0
Hoberg,MO,40000.0,56300.0
Holcomb,MO,49342.0,89000.0
Holden,MO,58661.0,129300.0
Holland,MO,32500.0,53800.0
Holliday,MO,34444.0,46500.0
Hollister,MO,51578.0,152800.0
Hollywood,MO,,
Holt,MO,60833.0,160500.0
Holts Summit,MO,78352.0,166400.0
Homestead,MO,53750.0,101400.0
Homestown,MO,,
Hopkins,MO,43750.0,52200.0
Horine,MO,44265.0,147800.0
Hornersville,MO,45714.0,63400.0
Houston,MO,40893.0,108200.0
Houstonia,MO,,49800.0
Houston Lake,MO,84000.0,231000.0
Howardville,MO,14167.0,53800.0
Hughesville,MO,56250.0,91000.0
Humansville,MO,35278.0,59300.0
Hume,MO,49375.0,68300.0
Humphreys,MO,31667.0,19000.0
Hunnewell,MO,41250.0,34800.0
Hunter,MO,,
Huntleigh,MO,250001.0,1750000.0
Huntsdale,MO,,
Huntsville,MO,55000.0,98600.0
Hurdland,MO,30833.0,47900.0
Hurley,MO,56250.0,85600.0
Iantha,MO,34167.0,82000.0
Iatan,MO,,
Iberia,MO,53077.0,88200.0
Imperial,MO,79952.0,202200.0
Independence,MO,57415.0,150800.0
Indian Lake,MO,105108.0,182400.0
Indian Point,MO,75625.0,260300.0
Innsbrook,MO,145156.0,462700.0
Ionia,MO,26250.0,51700.0
Irena,MO,125000.0,250000.0
Irondale,MO,24485.0,96300.0
Iron Mountain Lake,MO,28173.0,48100.0
Ironton,MO,43606.0,103500.0
Irwin,MO,,
Jackson,MO,72500.0,219700.0
Jacksonville,MO,34583.0,
Jameson,MO,34712.0,33700.0
Jamesport,MO,48125.0,75000.0
Jamestown,MO,56250.0,114600.0
Jane,MO,57143.0,153500.0
Jasper,MO,48125.0,105300.0
Jefferson City,MO,63649.0,189200.0
Jennings,MO,32462.0,64000.0
Jerico Springs,MO,32292.0,56700.0
Jonesburg,MO,77969.0,146600.0
Joplin,MO,50996.0,147000.0
Josephville,MO,105893.0,414300.0
Junction City,MO,28750.0,98000.0
Kahoka,MO,41250.0,97600.0
Kansas City,MO,65256.0,208900.0
Kearney,MO,99969.0,266400.0
Kelso,MO,51375.0,209700.0
Kennett,MO,52907.0,98000.0
Keytesville,MO,35417.0,57000.0
Kidder,MO,55750.0,55000.0
Kimberling City,MO,51458.0,214800.0
Kimmswick,MO,57500.0,197900.0
King City,MO,42778.0,100000.0
Kingdom City,MO,43750.0,114300.0
Kingston,MO,36500.0,68300.0
Kingsville,MO,72546.0,101700.0
Kinloch,MO,38281.0,
Kirbyville,MO,53929.0,147500.0
Kirksville,MO,41089.0,133100.0
Kirkwood,MO,107905.0,391700.0
Kissee Mills,MO,51351.0,126300.0
Knob Lick,MO,,
Knob Noster,MO,49640.0,161700.0
Knox City,MO,47500.0,54400.0
Koshkonong,MO,27857.0,62700.0
LaBarque Creek,MO,161250.0,360700.0
La Belle,MO,34000.0,56700.0
Laclede,MO,47083.0,58300.0
Laddonia,MO,50217.0,82100.0
La Due,MO,,9999.0
Ladue,MO,250001.0,938300.0
La Grange,MO,53214.0,92500.0
Lake Annette,MO,34583.0,131800.0
Lake Arrowhead,MO,,
Lake Lafayette,MO,40000.0,65600.0
Lake Lotawana,MO,156146.0,538700.0
Lake Ozark,MO,71528.0,308300.0
Lake St. Clair,MO,77188.0,212900.0
Lake St. Louis,MO,114230.0,357600.0
Lakeshire,MO,59595.0,258900.0
Lakeside,MO,,
Lake Tapawingo,MO,110625.0,345200.0
Lake Tekakwitha,MO,46250.0,101300.0
Lake Timberline,MO,21339.0,88100.0
Lake Viking,MO,68125.0,380400.0
Lake Waukomis,MO,112448.0,344300.0
Lake Winnebago,MO,173194.0,599300.0
Lamar,MO,32907.0,100500.0
Lamar Heights,MO,34018.0,212500.0
Lambert,MO,,
La Monte,MO,60474.0,95200.0
Lanagan,MO,40625.0,80600.0
Lancaster,MO,29063.0,106300.0
La Plata,MO,44286.0,92300.0
Laredo,MO,37917.0,38800.0
La Russell,MO,49750.0,59600.0
Latham,MO,61250.0,86700.0
Lathrop,MO,72804.0,148500.0
La Tour,MO,69402.0,
Laurie,MO,43646.0,164000.0
Lawson,MO,61929.0,141700.0
Leadington,MO,34130.0,130400.0
Leadwood,MO,45000.0,56400.0
Leasburg,MO,40313.0,90800.0
Leawood,MO,95938.0,243400.0
Lebanon,MO,45634.0,139000.0
Lee's Summit,MO,103447.0,291400.0
Leeton,MO,50625.0,92900.0
Leisure Lake,MO,14261.0,74500.0
Lemay,MO,56591.0,135300.0
Leonard,MO,59688.0,95000.0
Leslie,MO,55833.0,96700.0
Levasy,MO,83750.0,
Lewis and Clark Village,MO,78125.0,127800.0
Lewistown,MO,50625.0,88800.0
Lexington,MO,69815.0,139500.0
Liberal,MO,49464.0,64300.0
Liberty,MO,91512.0,250200.0
Licking,MO,32202.0,115800.0
Lilbourn,MO,47750.0,80100.0
Lincoln,MO,58194.0,118900.0
Linn,MO,51250.0,155800.0
Linn Creek,MO,53750.0,142200.0
Linneus,MO,53000.0,56700.0
Lithium,MO,,
Livonia,MO,,
Loch Lloyd,MO,173194.0,939400.0
Lock Springs,MO,101250.0,
Lockwood,MO,43750.0,85300.0
Lohman,MO,70417.0,168200.0
Loma Linda,MO,80250.0,239300.0
Lone Jack,MO,117411.0,304000.0
Longtown,MO,,120000.0
Louisburg,MO,37500.0,59500.0
Louisiana,MO,48410.0,78900.0
Lowry City,MO,50000.0,79700.0
Lucerne,MO,24531.0,
Ludlow,MO,51875.0,73300.0
Lupus,MO,44375.0,80000.0
Luray,MO,58750.0,
McBaine,MO,,
McCord Bend,MO,36250.0,67300.0
McFall,MO,,34200.0
McKittrick,MO,46250.0,76300.0
Macks Creek,MO,,
Macon,MO,50101.0,109800.0
Madison,MO,42500.0,89600.0
Maitland,MO,49375.0,66700.0
Malden,MO,35451.0,86100.0
Malta Bend,MO,46250.0,72000.0
Manchester,MO,89153.0,288800.0
Mansfield,MO,30870.0,92500.0
Maplewood,MO,58448.0,228300.0
Marble Hill,MO,29615.0,91300.0
Marceline,MO,47596.0,87800.0
Marionville,MO,47557.0,118500.0
Marlborough,MO,50000.0,166300.0
Marquand,MO,40833.0,88800.0
Marshall,MO,52171.0,137100.0
Marshfield,MO,63842.0,175200.0
Marston,MO,35859.0,48000.0
Marthasville,MO,103750.0,155600.0
Martinsburg,MO,31696.0,
Maryland Heights,MO,82232.0,200100.0
Maryville,MO,49144.0,162100.0
Matthews,MO,41484.0,76700.0
Maysville,MO,50313.0,100000.0
Mayview,MO,76667.0,104500.0
Meadville,MO,67961.0,110000.0
Medill,MO,83795.0,139700.0
Mehlville,MO,63123.0,195400.0
Memphis,MO,40745.0,88100.0
Mendon,MO,60625.0,
Mercer,MO,45625.0,72500.0
Merriam Woods,MO,48750.0,103600.0
Merwin,MO,,
Meta,MO,36250.0,86400.0
Metz,MO,41250.0,
Mexico,MO,47585.0,109000.0
Miami,MO,,78300.0
Middle Grove,MO,51667.0,
Middletown,MO,41136.0,58200.0
Milan,MO,51842.0,82100.0
Milford,MO,,
Millard,MO,58750.0,70000.0
Miller,MO,45893.0,90800.0
Millersville,MO,70809.0,144900.0
Mill Spring,MO,29250.0,
Milo,MO,34375.0,61700.0
Mindenmines,MO,,38900.0
Mine La Motte,MO,93711.0,88400.0
Miner,MO,38214.0,119000.0
Mineral Point,MO,39375.0,
Miramiguoa Park,MO,80066.0,129800.0
Missouri City,MO,35000.0,68100.0
Moberly,MO,39332.0,129500.0
Mokane,MO,82674.0,98300.0
Moline Acres,MO,50352.0,75200.0
Monett,MO,42635.0,124900.0
Monroe City,MO,50885.0,142500.0
Montgomery City,MO,47465.0,128400.0
Monticello,MO,108750.0,103800.0
Montier,MO,,
Montreal,MO,,
Montrose,MO,47857.0,73300.0
Mooresville,MO,65000.0,81700.0
Morehouse,MO,34167.0,57100.0
Morley,MO,,77300.0
Morrison,MO,36875.0,
Morrisville,MO,54375.0,126000.0
Mosby,MO,,67000.0
Moscow Mills,MO,70429.0,169000.0
Mound City,MO,58073.0,104000.0
Moundville,MO,41250.0,45000.0
Mountain Grove,MO,38103.0,80100.0
Mountain View,MO,43611.0,99900.0
Mount Leonard,MO,,
Mount Moriah,MO,58125.0,52500.0
Mount Vernon,MO,44491.0,142800.0
Murphy,MO,69266.0,166000.0
Napoleon,MO,73750.0,177800.0
Naylor,MO,32065.0,72800.0
Neck City,MO,50000.0,90200.0
Neelyville,MO,22143.0,47200.0
Nelson,MO,33750.0,31300.0
Neosho,MO,49301.0,135300.0
Nevada,MO,44318.0,101500.0
Newark,MO,56750.0,
New Bloomfield,MO,71607.0,134200.0
Newburg,MO,21324.0,44000.0
New Cambria,MO,51250.0,48300.0
New Florence,MO,41250.0,89800.0
New Franklin,MO,47768.0,109400.0
New Hamburg,MO,56739.0,251000.0
New Hampton,MO,30938.0,54200.0
New Haven,MO,66410.0,179100.0
New London,MO,48000.0,80300.0
New Madrid,MO,42443.0,110000.0
New Market,MO,118889.0,169400.0
New Melle,MO,105417.0,404300.0
Newtonia,MO,63333.0,80800.0
Newtown,MO,37188.0,27500.0
New Wells,MO,,
Niangua,MO,40000.0,88300.0
Nixa,MO,74814.0,222600.0
Noel,MO,42292.0,92200.0
Norborne,MO,64917.0,85700.0
Normandy,MO,28774.0,96300.0
North Kansas City,MO,42743.0,191000.0
North Lilbourn,MO,48750.0,
Northmoor,MO,81250.0,148900.0
Northwoods,MO,38864.0,64200.0
Norwood,MO,37614.0,88200.0
Norwood Court,MO,38073.0,78100.0
Novelty,MO,,
Novinger,MO,48125.0,58100.0
Oak Grove,MO,71006.0,174900.0
Oak Grove Village,MO,44167.0,133800.0
Oakland,MO,107813.0,376700.0
Oak Ridge,MO,67500.0,127500.0
Oaks,MO,108333.0,264100.0
Oakview,MO,81500.0,163000.0
Oakville,MO,100558.0,278900.0
Oakwood,MO,134063.0,397200.0
Oakwood Park,MO,108750.0,178100.0
Odessa,MO,86125.0,183300.0
O'Fallon,MO,104863.0,283600.0
Old Appleton,MO,52273.0,85000.0
Old Jamestown,MO,103943.0,215700.0
Old Monroe,MO,61250.0,136300.0
Olean,MO,67708.0,75800.0
Olivette,MO,102630.0,454400.0
Olympian Village,MO,54904.0,128300.0
Oran,MO,51250.0,119600.0
Oregon,MO,60833.0,94700.0
Oronogo,MO,85143.0,179200.0
Orrick,MO,68158.0,112000.0
Osage Beach,MO,51600.0,277900.0
Osborn,MO,71875.0,78300.0
Osceola,MO,37083.0,125000.0
Osgood,MO,,76000.0
Otterville,MO,39531.0,94600.0
Overland,MO,51749.0,110100.0
Owensville,MO,47207.0,116500.0
Oxly,MO,34000.0,
Ozark,MO,66631.0,216000.0
Ozora,MO,,134400.0
Pacific,MO,52155.0,226500.0
Pagedale,MO,29112.0,64400.0
Palmyra,MO,60694.0,148200.0
Paradise,MO,,
Paris,MO,58173.0,93900.0
Parkdale,MO,64722.0,163100.0
Park Hills,MO,50628.0,100900.0
Parkville,MO,166563.0,556500.0
Parkway,MO,45227.0,151100.0
Parma,MO,60250.0,36400.0
Parnell,MO,38393.0,
Pasadena Hills,MO,95673.0,249700.0
Pasadena Park,MO,85305.0,145600.0
Pascola,MO,39063.0,23400.0
Passaic,MO,,
Pattonsburg,MO,40000.0,57900.0
Paynesville,MO,60000.0,108300.0
Peaceful Village,MO,56324.0,216700.0
Peculiar,MO,91783.0,198900.0
Pendleton,MO,103500.0,225000.0
Penermon,MO,18750.0,42100.0
Perkins,MO,46625.0,73000.0
Perry,MO,47981.0,105600.0
Perryville,MO,52500.0,177300.0
Pevely,MO,68141.0,198800.0
Phelps City,MO,,
Philadelphia,MO,47500.0,85000.0
Phillipsburg,MO,40000.0,99600.0
Pickering,MO,55417.0,66800.0
Piedmont,MO,35341.0,97500.0
Pierce City,MO,45341.0,112300.0
Pierpont,MO,140000.0,287500.0
Pilot Grove,MO,60673.0,114200.0
Pilot Knob,MO,44375.0,106300.0
Pine Lawn,MO,25164.0,47600.0
Pineville,MO,34018.0,157400.0
Pinhook,MO,,
Plato,MO,53750.0,166700.0
Platte City,MO,58802.0,199200.0
Platte Woods,MO,108958.0,285700.0
Plattsburg,MO,59844.0,164700.0
Pleasant Hill,MO,88408.0,227000.0
Pleasant Hope,MO,59107.0,122500.0
Pleasant Valley,MO,73487.0,181300.0
Plevna,MO,,
Pocahontas,MO,,116700.0
Pollock,MO,52750.0,
Polo,MO,43313.0,138300.0
Pomona,MO,,75900.0
Pontiac,MO,53264.0,
Poplar Bluff,MO,37448.0,102700.0
Portage Des Sioux,MO,65000.0,163500.0
Portageville,MO,34105.0,117400.0
Potosi,MO,39676.0,109700.0
Powersville,MO,40800.0,32200.0
Prairie Hill,MO,,
Prairie Home,MO,43333.0,109100.0
Prathersville,MO,66250.0,235000.0
Preston,MO,30536.0,120800.0
Princeton,MO,45764.0,74800.0
Purcell,MO,36071.0,81200.0
Purdin,MO,,47000.0
Purdy,MO,38523.0,75900.0
Puxico,MO,55556.0,80500.0
Queen City,MO,45893.0,62500.0
Quitman,MO,,47500.0
Qulin,MO,25000.0,62100.0
Raintree Plantation,MO,83162.0,275600.0
Randolph,MO,92500.0,98000.0
Ravanna,MO,51607.0,
Ravenwood,MO,55588.0,63300.0
Raymondville,MO,31250.0,71700.0
Raymore,MO,96536.0,278100.0
Raytown,MO,64542.0,155300.0
Rayville,MO,,50400.0
Rea,MO,87813.0,74400.0
Redings Mill,MO,65625.0,160200.0
Reeds,MO,29750.0,96700.0
Reeds Spring,MO,50250.0,156900.0
Renick,MO,35313.0,85000.0
Rensselaer,MO,80000.0,179200.0
Republic,MO,63102.0,163800.0
Revere,MO,54250.0,63000.0
Rhineland,MO,61250.0,158900.0
Richards,MO,65455.0,55900.0
Rich Hill,MO,43205.0,63500.0
Richland,MO,42561.0,88900.0
Richmond,MO,61694.0,137500.0
Richmond Heights,MO,94384.0,313300.0
Ridgely,MO,86250.0,183300.0
Ridgeway,MO,36500.0,67000.0
Risco,MO,41750.0,63300.0
Ritchey,MO,53750.0,45000.0
River Bend,MO,91250.0,
Riverside,MO,47668.0,275800.0
Riverview,MO,48194.0,64400.0
Riverview Estates,MO,103438.0,303100.0
Rives,MO,46875.0,
Rocheport,MO,50833.0,208000.0
Rockaway Beach,MO,52813.0,110600.0
Rock Hill,MO,85155.0,237800.0
Rock Port,MO,51667.0,111600.0
Rockville,MO,32054.0,28600.0
Rocky Comfort,MO,,
Rogersville,MO,50579.0,171500.0
Rolla,MO,37685.0,161500.0
Roscoe,MO,45000.0,70000.0
Rosebud,MO,58250.0,125000.0
Rosendale,MO,93750.0,31900.0
Rothville,MO,28750.0,34200.0
Rush Hill,MO,50000.0,37500.0
Rushville,MO,54028.0,
Russellville,MO,52946.0,141300.0
Rutledge,MO,,
Saddlebrooke,MO,110000.0,557900.0
Saginaw,MO,52422.0,165600.0
St. Ann,MO,48081.0,112000.0
St. Catharine,MO,,
St. Charles,MO,83589.0,259700.0
St. Clair,MO,37764.0,131200.0
St. Clement,MO,,
St. Cloud,MO,51250.0,
Ste. Genevieve,MO,52760.0,169500.0
St. Elizabeth,MO,90000.0,252500.0
St. Francisville,MO,,
St. George,MO,63159.0,141200.0
St. James,MO,50730.0,114800.0
St. John,MO,52000.0,88700.0
St. Joseph,MO,54515.0,138100.0
St. Louis,MO,52941.0,174100.0
St. Martins,MO,75655.0,213700.0
St. Mary,MO,60000.0,90000.0
St. Paul,MO,142946.0,389600.0
St. Peters,MO,88708.0,237100.0
St. Robert,MO,52627.0,204800.0
St. Thomas,MO,82083.0,204700.0
Salem,MO,35413.0,87200.0
Salisbury,MO,50109.0,102100.0
Sappington,MO,69757.0,263200.0
Sarcoxie,MO,36908.0,77400.0
Savannah,MO,51694.0,132000.0
Saverton,MO,75625.0,176600.0
Schell City,MO,26875.0,50800.0
Scotsdale,MO,96875.0,206800.0
Scott City,MO,57771.0,115300.0
Sedalia,MO,48518.0,127200.0
Sedgewickville,MO,88317.0,130400.0
Seligman,MO,35972.0,88000.0
Senath,MO,40000.0,87800.0
Seneca,MO,42279.0,108000.0
Seymour,MO,50194.0,105200.0
Shakertowne,MO,53750.0,170300.0
Shawneetown,MO,,
Shelbina,MO,52050.0,80000.0
Shelbyville,MO,44306.0,62000.0
Sheldon,MO,39938.0,65000.0
Shell Knob,MO,49853.0,296900.0
Sheridan,MO,42188.0,45700.0
Shoal Creek Drive,MO,96875.0,125400.0
Shoal Creek Estates,MO,126250.0,340000.0
Shrewsbury,MO,82681.0,274600.0
Sibley,MO,64091.0,124100.0
Sikeston,MO,47464.0,150500.0
Silex,MO,,151600.0
Skidmore,MO,41544.0,54700.0
Slater,MO,33088.0,88600.0
Smithton,MO,50156.0,87400.0
Smithville,MO,95122.0,248800.0
South Fork,MO,68203.0,
South Gifford,MO,,
South Gorin,MO,43438.0,
South Greenfield,MO,,70000.0
South Lineville,MO,,
Southwest City,MO,49375.0,62800.0
Spanish Lake,MO,49639.0,112800.0
Sparta,MO,61319.0,158500.0
Spickard,MO,25694.0,27500.0
Spokane,MO,83958.0,256000.0
Springfield,MO,43450.0,146400.0
Stanberry,MO,66447.0,97500.0
Stanton,MO,,157300.0
Stark City,MO,48438.0,75000.0
Steele,MO,30592.0,97600.0
Steelville,MO,35000.0,85500.0
Stella,MO,36845.0,
Stewartsville,MO,71042.0,119800.0
Stockton,MO,37868.0,131300.0
Stotesbury,MO,,
Stotts City,MO,58125.0,49600.0
Stoutland,MO,40000.0,64100.0
Stoutsville,MO,,128100.0
Stover,MO,43487.0,97500.0
Strafford,MO,57266.0,148000.0
Strasburg,MO,,153400.0
Sturgeon,MO,65417.0,134600.0
Sugar Creek,MO,55201.0,87600.0
Sullivan,MO,59243.0,137800.0
Summer Set,MO,100313.0,227800.0
Summersville,MO,30167.0,54200.0
Sumner,MO,54375.0,55000.0
Sundown,MO,,199200.0
Sunrise Beach,MO,46389.0,144400.0
Sunset Hills,MO,126199.0,495200.0
Sweet Springs,MO,46974.0,85400.0
Sycamore Hills,MO,85229.0,119000.0
Syracuse,MO,,76300.0
Tallapoosa,MO,49583.0,24100.0
Taneyville,MO,43750.0,109400.0
Taos,MO,101354.0,252800.0
Tarkio,MO,56875.0,82700.0
Tarrants,MO,,
Tarsney Lakes,MO,2499.0,87500.0
Tebbetts,MO,70909.0,165500.0
Terre du Lac,MO,75398.0,177400.0
Thayer,MO,35357.0,83700.0
Theodosia,MO,22440.0,102900.0
Thomasville,MO,,
Three Creeks,MO,,
Tightwad,MO,95804.0,
Tina,MO,43750.0,80000.0
Tindall,MO,41250.0,67900.0
Tipton,MO,41875.0,117600.0
Town and Country,MO,231382.0,880900.0
Tracy,MO,87083.0,192000.0
Trenton,MO,48909.0,101800.0
Trimble,MO,70547.0,170000.0
Triplett,MO,,112500.0
Troy,MO,74463.0,195500.0
Truesdale,MO,51607.0,174200.0
Truxton,MO,,
Turney,MO,61389.0,99000.0
Tuscumbia,MO,44375.0,130800.0
Twin Oaks,MO,113080.0,244400.0
Umber View Heights,MO,60625.0,192200.0
Union,MO,68864.0,184800.0
Union Star,MO,55855.0,91100.0
Unionville,MO,37292.0,88500.0
Unity Village,MO,51250.0,
University City,MO,71888.0,303600.0
Uplands Park,MO,41591.0,81800.0
Urbana,MO,34063.0,72000.0
Urich,MO,43611.0,56800.0
Utica,MO,83333.0,89200.0
Valley Park,MO,63478.0,219800.0
Van Buren,MO,22143.0,107800.0
Vandalia,MO,43654.0,66700.0
Vandiver,MO,50938.0,88300.0
Vanduser,MO,54375.0,61100.0
Velda City,MO,44432.0,49500.0
Velda Village Hills,MO,39444.0,46100.0
Verona,MO,42614.0,78200.0
Versailles,MO,27202.0,100400.0
Vibbard,MO,108355.0,
Viburnum,MO,51429.0,94600.0
Vienna,MO,35856.0,124400.0
Village of Four Seasons,MO,82125.0,268500.0
Villa Ridge,MO,71750.0,151400.0
Vinita Park,MO,50964.0,90600.0
Vista,MO,42083.0,48300.0
Waco,MO,53833.0,109700.0
Walker,MO,26250.0,
Walnut Grove,MO,47917.0,108800.0
Wardell,MO,45833.0,51700.0
Wardsville,MO,106667.0,275500.0
Warrensburg,MO,54535.0,197100.0
Warrenton,MO,62096.0,170300.0
Warsaw,MO,35167.0,117400.0
Warson Woods,MO,190972.0,539600.0
Washburn,MO,59643.0,118100.0
Washington,MO,75127.0,195500.0
Wasola,MO,,
Watson,MO,50938.0,29200.0
Waverly,MO,53958.0,98200.0
Wayland,MO,,
Waynesville,MO,47193.0,174700.0
Weatherby,MO,28333.0,55000.0
Weatherby Lake,MO,164444.0,462800.0
Weaubleau,MO,28402.0,74400.0
Webb City,MO,58964.0,149800.0
Webster Groves,MO,105930.0,355500.0
Weingarten,MO,38409.0,
Weldon Spring,MO,143389.0,496700.0
Weldon Spring Heights,MO,128750.0,400000.0
Wellington,MO,64125.0,124700.0
Wellston,MO,35278.0,
Wellsville,MO,57708.0,70000.0
Wentworth,MO,38750.0,85000.0
Wentzville,MO,109158.0,289800.0
West Alton,MO,102969.0,172900.0
Westboro,MO,24625.0,43000.0
West Line,MO,,187500.0
Weston,MO,82159.0,222000.0
Westphalia,MO,58177.0,177200.0
West Plains,MO,38676.0,137700.0
West Sullivan,MO,38750.0,131300.0
Westwood,MO,250001.0,1000000.0
Wheatland,MO,19583.0,91300.0
Wheaton,MO,22917.0,83100.0
Wheeling,MO,37885.0,72200.0
White Branch,MO,57885.0,117300.0
Whiteman AFB,MO,59593.0,
White Oak,MO,,
Whiteside,MO,93333.0,
Whitewater,MO,46146.0,93000.0
Whiting,MO,21500.0,
Wilbur Park,MO,88750.0,171200.0
Wildwood,MO,147508.0,449900.0
Willard,MO,76500.0,180500.0
Williamstown,MO,,
Williamsville,MO,32857.0,56700.0
Willow Springs,MO,39654.0,107800.0
Wilson City,MO,,65400.0
Winchester,MO,82163.0,185000.0
Windsor,MO,50592.0,87200.0
Windsor Place,MO,91667.0,225000.0
Winfield,MO,59598.0,159400.0
Winigan,MO,,
Winona,MO,30768.0,103200.0
Winston,MO,55865.0,58300.0
Wood Heights,MO,80875.0,159600.0
Woodson Terrace,MO,52826.0,95100.0
Wooldridge,MO,,134400.0
Worth,MO,107500.0,24000.0
Wortham,MO,,
Worthington,MO,,
Wright City,MO,74904.0,198900.0
Wyaconda,MO,48456.0,56600.0
Wyatt,MO,23194.0,38500.0
Zalma,MO,,46400.0
Absarokee,MT,56786.0,240300.0
Acton,MT,,
Alberton,MT,59167.0,233100.0
Alder,MT,36429.0,325000.0
Alzada,MT,,
Amsterdam,MT,90625.0,293300.0
Anaconda-Deer Lodge County,MT,46436.0,175700.0
Antelope,MT,,
Argenta,MT,,
Arlee,MT,37109.0,193200.0
Ashland,MT,39000.0,131300.0
Augusta,MT,41118.0,194400.0
Avon,MT,64306.0,150000.0
Ayers Ranch Colony,MT,,
Azure,MT,,107200.0
Babb,MT,,
Bainville,MT,58125.0,9999.0
Baker,MT,96667.0,170000.0
Ballantine,MT,18958.0,222700.0
Basin,MT,49250.0,222000.0
Batavia,MT,41722.0,253000.0
Bearcreek,MT,114375.0,157100.0
Bear Dance,MT,52250.0,647100.0
Beaver Creek,MT,91688.0,249000.0
Belfry,MT,43250.0,
Belgrade,MT,82769.0,390800.0
Belknap,MT,,
Belt,MT,65500.0,137500.0
Biddle,MT,,314300.0
Big Arm,MT,,
Bigfork,MT,73443.0,583800.0
Big Sandy,MT,47169.0,121300.0
Big Sky,MT,94176.0,782100.0
Big Sky Colony,MT,,
Big Stone Colony,MT,,
Big Timber,MT,60842.0,210700.0
Billings,MT,69692.0,285300.0
Birch Creek Colony,MT,2499.0,
Birney,MT,62813.0,
Black Eagle,MT,,176500.0
Blackfoot,MT,15625.0,
Bloomfield,MT,96250.0,
Boneau,MT,,
Bonner-West Riverside,MT,58673.0,
Boulder,MT,54609.0,192600.0
Box Elder,MT,38958.0,120000.0
Boyd,MT,,
Bozeman,MT,74113.0,546100.0
Brady,MT,82083.0,146900.0
Brandon,MT,41250.0,397100.0
Bridger,MT,37917.0,191500.0
Bridger,MT,116818.0,798100.0
Broadus,MT,51125.0,145800.0
Broadview,MT,60313.0,141700.0
Brockton,MT,,48500.0
Brockway,MT,,
Brooks,MT,,
Browning,MT,41250.0,119400.0
Bull Lake,MT,,
Busby,MT,44712.0,128400.0
Butte-Silver Bow (balance),MT,56522.0,197200.0
Bynum,MT,46667.0,
Camas,MT,,132500.0
Camp Three,MT,49583.0,
Camrose Colony,MT,,
Canyon Creek,MT,,
Cardwell,MT,59500.0,225000.0
Carlton,MT,80435.0,509900.0
Carter,MT,,79000.0
Cascade,MT,46500.0,163800.0
Cascade Colony,MT,,
Centerville,MT,,
Charlo,MT,39167.0,144300.0
Charlos Heights,MT,,
Chester,MT,52750.0,161200.0
Chinook,MT,47067.0,175000.0
Choteau,MT,54679.0,198300.0
Churchill,MT,90250.0,462700.0
Circle,MT,79750.0,153300.0
Clancy,MT,95357.0,376500.0
Clinton,MT,84792.0,267600.0
Clyde Park,MT,56964.0,191000.0
Coffee Creek,MT,,
Colstrip,MT,87321.0,147500.0
Columbia Falls,MT,64500.0,287700.0
Columbus,MT,59150.0,237900.0
Condon,MT,53125.0,453100.0
Conner,MT,72837.0,371400.0
Conrad,MT,49135.0,155400.0
Cooke City,MT,41250.0,394400.0
Coram,MT,58333.0,328000.0
Corvallis,MT,62034.0,225500.0
Corwin Springs,MT,45114.0,
Craig,MT,,
Crane,MT,73472.0,
Crow Agency,MT,32721.0,86100.0
Culbertson,MT,91250.0,219400.0
Custer,MT,63750.0,118100.0
Cut Bank,MT,41759.0,122400.0
Cyr,MT,69167.0,538500.0
Danvers,MT,,
Darby,MT,39583.0,203300.0
Dayton,MT,92750.0,833300.0
De Borgia,MT,66786.0,237500.0
Deerfield Colony,MT,,
Deer Lodge,MT,52813.0,191800.0
Dell,MT,,
Denton,MT,66250.0,92500.0
Dewey,MT,,
Dillon,MT,42037.0,211800.0
Dixon,MT,39306.0,118800.0
Dodson,MT,37964.0,38700.0
Drummond,MT,,119400.0
Duncan Ranch Colony,MT,,
Dupuyer,MT,54375.0,171900.0
Dutton,MT,50313.0,110900.0
Eagle Creek Colony,MT,,
East End Colony,MT,,
East Glacier Park Village,MT,36250.0,158000.0
East Helena,MT,54485.0,241300.0
East Malta Colony,MT,,
East Missoula,MT,58991.0,278200.0
Edgar,MT,97563.0,159400.0
Ekalaka,MT,28750.0,99600.0
Elkhorn,MT,,
Elliston,MT,42000.0,262500.0
Elmo,MT,,
Emigrant,MT,43158.0,337000.0
Ennis,MT,59500.0,307000.0
Essex,MT,,388900.0
Eureka,MT,54531.0,160200.0
Evaro,MT,61094.0,364300.0
Evergreen,MT,68039.0,243000.0
Fairfield,MT,64922.0,179300.0
Fair Haven Colony,MT,,
Fairview,MT,79500.0,191700.0
Fallon,MT,,218800.0
Finley Point,MT,34861.0,464800.0
Fishtail,MT,120341.0,336800.0
Flat Willow Colony,MT,,
Flaxville,MT,97857.0,102100.0
Florence,MT,74615.0,399600.0
Floweree,MT,115417.0,316700.0
Fords Creek Colony,MT,225000.0,
Forest Hill Village,MT,25977.0,
Forsyth,MT,56397.0,164700.0
Fort Belknap Agency,MT,29766.0,68900.0
Fort Benton,MT,67656.0,183100.0
Fortine,MT,63676.0,255600.0
Fort Peck,MT,84375.0,247200.0
Fort Shaw,MT,,
Fort Smith,MT,49398.0,110200.0
Forty Mile Colony,MT,,
Four Corners,MT,107448.0,599400.0
Fox,MT,,647700.0
Fox Lake,MT,127557.0,
Frazer,MT,34375.0,
Frenchtown,MT,86184.0,319200.0
Froid,MT,68500.0,112500.0
Fromberg,MT,57614.0,142600.0
Gallatin Gateway,MT,98750.0,566700.0
Gallatin River Ranch,MT,,1301100.0
Gardiner,MT,52455.0,373500.0
Garrison,MT,43750.0,173200.0
Geraldine,MT,34688.0,62500.0
Geyser,MT,38750.0,
Gibson Flats,MT,,
Gildford,MT,,88200.0
Gildford Colony,MT,29375.0,
Gilman,MT,85208.0,216700.0
Glacier Colony,MT,,
Glasgow,MT,65850.0,189400.0
Glen,MT,,
Glendale Colony,MT,,
Glendive,MT,65663.0,166400.0
Goldcreek,MT,,
Golden Valley Colony,MT,,
Grant,MT,56071.0,114300.0
Grass Range,MT,,
Great Falls,MT,58272.0,223700.0
Greycliff,MT,87813.0,
Hall,MT,54125.0,327300.0
Hamilton,MT,45973.0,279200.0
Happys Inn,MT,,355300.0
Hardin,MT,57266.0,149600.0
Hardy,MT,,422700.0
Harlem,MT,61818.0,101900.0
Harlowton,MT,55536.0,158100.0
Harrison,MT,65000.0,
Hartland Colony,MT,,
Haugan,MT,,
Havre,MT,63143.0,193400.0
Havre North,MT,37250.0,133600.0
Hays,MT,49423.0,63600.0
Heart Butte,MT,28750.0,55000.0
Hebgen Lake Estates,MT,,368800.0
Helena,MT,64798.0,331700.0
Helena Flats,MT,68194.0,456400.0
Helena Valley Northeast,MT,137500.0,460500.0
Helena Valley Northwest,MT,99247.0,339200.0
Helena Valley Southeast,MT,68512.0,280300.0
Helena Valley West Central,MT,84846.0,329500.0
Helena West Side,MT,71141.0,334100.0
Helmville,MT,110313.0,190600.0
Heron,MT,29901.0,283900.0
Herron,MT,51563.0,
Hidden Lake Colony,MT,,
Highwood,MT,50750.0,164300.0
Hilger,MT,,
Hilldale Colony,MT,,
Hillside Colony,MT,,
Hingham,MT,52500.0,91700.0
Hinsdale,MT,43250.0,111200.0
Hobson,MT,33542.0,121300.0
Hogeland,MT,,325000.0
Homestead,MT,146875.0,
Horizon Colony,MT,,
Hot Springs,MT,21806.0,122000.0
Hungry Horse,MT,38750.0,
Huntley,MT,46604.0,220500.0
Huson,MT,,
Hysham,MT,43906.0,117300.0
Indian Springs,MT,,
Inverness,MT,64063.0,
Ismay,MT,,
Jackson,MT,26667.0,
Jardine,MT,36563.0,
Jeffers,MT,,
Jefferson City,MT,,269600.0
Jette,MT,57656.0,350000.0
Joliet,MT,71250.0,217100.0
Joplin,MT,62833.0,105000.0
Jordan,MT,44250.0,154500.0
Judith Gap,MT,31042.0,110000.0
Kalispell,MT,57123.0,340700.0
Kerr,MT,37303.0,466700.0
Kevin,MT,50625.0,57500.0
Kicking Horse,MT,74036.0,
Kila,MT,,288000.0
Kilby Butte Colony,MT,,
King Arthur Park,MT,101281.0,
King Ranch Colony,MT,,
Kingsbury Colony,MT,,
Kings Point,MT,127639.0,1375000.0
Klein,MT,46959.0,231700.0
Kremlin,MT,,
Lake Mary Ronan,MT,,613600.0
Lakeside,MT,71006.0,506000.0
Lakeview,MT,45000.0,350000.0
Lame Deer,MT,31250.0,102600.0
Landusky,MT,24500.0,59000.0
Laredo,MT,,
Laurel,MT,62250.0,221700.0
Lavina,MT,59583.0,106300.0
Lewistown,MT,40705.0,152000.0
Lewistown Heights,MT,84155.0,289500.0
Libby,MT,36373.0,191900.0
Lima,MT,47250.0,162500.0
Lincoln,MT,42900.0,250000.0
Lindisfarne,MT,136691.0,510900.0
Lindsay,MT,93750.0,175000.0
Little Bitterroot Lake,MT,,539500.0
Little Browning,MT,,
Livingston,MT,62893.0,314900.0
Lockwood,MT,73625.0,234800.0
Lodge Grass,MT,44167.0,112500.0
Lodge Pole,MT,33000.0,103100.0
Logan,MT,,
Lolo,MT,69035.0,332500.0
Loma,MT,46045.0,110500.0
Lonepine,MT,62500.0,177100.0
Loring Colony,MT,,
Luther,MT,124375.0,275000.0
McAllister,MT,44228.0,608600.0
Malmstrom AFB,MT,62684.0,
Malta,MT,60735.0,149300.0
Mammoth,MT,,
Manhattan,MT,57045.0,346400.0
Marion,MT,58704.0,337600.0
Martin City,MT,56473.0,
Martinsdale,MT,55489.0,154900.0
Martinsdale Colony,MT,,
Marysville,MT,60227.0,118800.0
Maverick Mountain,MT,51250.0,320000.0
Maxville,MT,105500.0,535700.0
Medicine Lake,MT,41875.0,95000.0
Melstone,MT,,
Midway Colony,MT,,
Miles City,MT,59578.0,173200.0
Milford Colony,MT,,
Miller Colony,MT,,
Missoula,MT,59783.0,380500.0
Moccasin,MT,2499.0,23200.0
Monarch,MT,25714.0,
Montana City,MT,113679.0,459300.0
Montaqua,MT,95917.0,372700.0
Moore,MT,44271.0,125000.0
Mountain View Colony,MT,,
Muddy,MT,38750.0,176900.0
Musselshell,MT,,
Nashua,MT,53750.0,158300.0
Neihart,MT,,176600.0
New Miami Colony,MT,,366700.0
New Rockport Colony,MT,,
Niarada,MT,,
Nibbe,MT,,
Norris,MT,50625.0,
North Browning,MT,38462.0,131900.0
North Harlem Colony,MT,162917.0,
Noxon,MT,56250.0,202100.0
Nye,MT,103958.0,597200.0
Old Agency,MT,,14500.0
Olney,MT,,232100.0
Opheim,MT,105750.0,
Orchard Homes,MT,78108.0,419900.0
Outlook,MT,43750.0,104200.0
Ovando,MT,56563.0,430000.0
Pablo,MT,35395.0,134000.0
Paradise,MT,42431.0,79200.0
Park City,MT,61875.0,222800.0
Parker School,MT,,175000.0
Peerless,MT,,
Pendroy,MT,74375.0,67500.0
Philipsburg,MT,32353.0,172900.0
Piltzville,MT,94851.0,290400.0
Pine Creek,MT,77750.0,833300.0
Pinesdale,MT,78036.0,163400.0
Pinnacle,MT,53365.0,450000.0
Pioneer Junction,MT,46806.0,211800.0
Plains,MT,25313.0,196000.0
Pleasant Valley Colony,MT,,
Plentywood,MT,66607.0,153400.0
Plevna,MT,70556.0,275000.0
Polebridge,MT,,
Polson,MT,48866.0,279400.0
Pompeys Pillar,MT,,
Pondera Colony,MT,,
Ponderosa Pines,MT,83203.0,251800.0
Pony,MT,46250.0,243800.0
Poplar,MT,44712.0,67000.0
Potomac,MT,,
Power,MT,70375.0,155000.0
Prairie Elk Colony,MT,,
Pray,MT,104512.0,622100.0
Pryor,MT,50833.0,163300.0
Racetrack,MT,,
Rader Creek,MT,78009.0,245100.0
Radersburg,MT,,
Rapelje,MT,,
Ravalli,MT,74013.0,
Raynesford,MT,137917.0,182500.0
Red Lodge,MT,39472.0,363900.0
Redstone,MT,,
Reed Point,MT,61250.0,97000.0
Reserve,MT,50833.0,
Rexford,MT,45795.0,136700.0
Rhodes,MT,,
Riceville,MT,,
Richey,MT,67813.0,102700.0
Rimini,MT,,227100.0
Rimrock Colony,MT,43500.0,
Riverbend,MT,67500.0,326300.0
Riverview Colony,MT,2499.0,
Roberts,MT,76688.0,248500.0
Rockport Colony,MT,,
Rockvale,MT,,314800.0
Rocky Boy's Agency,MT,56105.0,47900.0
Rocky Boy West,MT,25833.0,87500.0
Rocky Point,MT,120804.0,678000.0
Rollins,MT,,1136400.0
Ronan,MT,36310.0,174400.0
Roscoe,MT,,
Rosebud,MT,,
Roundup,MT,54167.0,114900.0
Roy,MT,42917.0,
Rudyard,MT,69750.0,110400.0
Ryegate,MT,45000.0,87000.0
Saco,MT,48000.0,56500.0
Saddle Butte,MT,83359.0,303600.0
Sage Creek Colony,MT,,
St. Ignatius,MT,46250.0,166900.0
St. Marie,MT,36509.0,20800.0
St. Mary,MT,,
St. Pierre,MT,34500.0,38600.0
St. Regis,MT,49875.0,184600.0
St. Xavier,MT,,178100.0
Saltese,MT,,
Sand Coulee,MT,74091.0,218200.0
Sangrey,MT,50536.0,108100.0
Santa Rita,MT,,
Sapphire Ridge,MT,,170800.0
Savage,MT,78750.0,177700.0
Scobey,MT,44583.0,163600.0
Sedan,MT,105313.0,378100.0
Seeley Lake,MT,42254.0,277100.0
Seville Colony,MT,,
Shawmut,MT,48750.0,111300.0
Shelby,MT,51667.0,181300.0
Shepherd,MT,125179.0,207800.0
Sheridan,MT,80444.0,259700.0
Sidney,MT,56696.0,251700.0
Silesia,MT,,
Silver Gate,MT,,577200.0
Silver Star,MT,31667.0,437500.0
Simms,MT,94063.0,192800.0
Sleeping Buffalo,MT,,
Snowslip,MT,,
Somers,MT,54466.0,644000.0
South Browning,MT,26101.0,
South Glastonbury,MT,55278.0,446500.0
South Hills,MT,156500.0,570300.0
Spokane Creek,MT,90833.0,453400.0
Spring Creek Colony,MT,,
Springdale,MT,,
Springdale Colony,MT,,
Springhill,MT,79500.0,787000.0
Springwater Colony,MT,,
Square Butte,MT,,
Stanford,MT,46250.0,112500.0
Starr School,MT,,
Stevensville,MT,39836.0,303200.0
Stockett,MT,38472.0,
Stryker,MT,,
Sula,MT,,
Sunburst,MT,78750.0,127800.0
Sunnybrook Colony,MT,,
Sun Prairie,MT,52311.0,148400.0
Sun River,MT,39250.0,163000.0
Superior,MT,42632.0,209900.0
Surprise Creek Colony,MT,,
Swan Lake,MT,76071.0,444100.0
Sweet Grass,MT,75263.0,195800.0
Sylvanite,MT,51979.0,340000.0
Terry,MT,37250.0,91200.0
The Silos,MT,54844.0,450700.0
Thompson Falls,MT,43125.0,177400.0
Three Forks,MT,77674.0,314100.0
Toston,MT,20625.0,306300.0
Townsend,MT,65522.0,213900.0
Tracy,MT,22375.0,
Trego,MT,59375.0,286100.0
Trout Creek,MT,53977.0,273100.0
Troy,MT,32784.0,155000.0
Turah,MT,123393.0,415800.0
Turner,MT,64375.0,56700.0
Turner Colony,MT,,75000.0
Turtle Lake,MT,,
Twin Bridges,MT,53500.0,241700.0
Twin Creeks,MT,77174.0,331600.0
Twin Hills Colony,MT,,
Twodot,MT,28500.0,
Ulm,MT,100750.0,317400.0
Unionville,MT,95000.0,461500.0
Utica,MT,102917.0,
Valier,MT,45625.0,130800.0
Vaughn,MT,45000.0,154400.0
Victor,MT,38427.0,227300.0
Vida,MT,31528.0,109700.0
Virginia City,MT,75625.0,280600.0
Walkerville,MT,39417.0,130000.0
Warm Spring Creek,MT,,
Weeksville,MT,69063.0,
Westby,MT,40625.0,61700.0
West Glacier,MT,68281.0,562500.0
West Glendive,MT,66725.0,204000.0
West Havre,MT,,526300.0
West Kootenai,MT,63000.0,
West Yellowstone,MT,48750.0,380900.0
Wheatland,MT,105500.0,568900.0
Whitefish,MT,69919.0,610000.0
Whitehall,MT,41477.0,172400.0
White Haven,MT,33641.0,155000.0
White Sulphur Springs,MT,55775.0,197000.0
Whitetail,MT,,
Whitewater,MT,34038.0,77000.0
Whitlash,MT,,
Wibaux,MT,61042.0,91900.0
Willow Creek,MT,62188.0,202300.0
Wilsall,MT,62500.0,208300.0
Windham,MT,70625.0,112500.0
Wineglass,MT,,
Winifred,MT,68750.0,103400.0
Winnett,MT,43750.0,120800.0
Winston,MT,55469.0,318800.0
Wisdom,MT,56534.0,162500.0
Wise River,MT,52083.0,342900.0
Wolf Creek,MT,63125.0,
Wolf Point,MT,46389.0,112500.0
Woods Bay,MT,98661.0,352600.0
Worden,MT,,167300.0
Wye,MT,93264.0,471000.0
Wyola,MT,25179.0,233300.0
Yaak,MT,57917.0,259400.0
York,MT,105302.0,362800.0
Zenith Colony,MT,,
Zortman,MT,,
Zurich,MT,44583.0,157500.0
Abie,NE,49063.0,61300.0
Adams,NE,72917.0,179600.0
Agnew,NE,,
Ainsworth,NE,47576.0,92800.0
Albion,NE,67721.0,191300.0
Alda,NE,54583.0,100000.0
Alexandria,NE,51094.0,27500.0
Allen,NE,53594.0,98200.0
Alliance,NE,58214.0,157800.0
Alma,NE,52679.0,152200.0
Alvo,NE,81250.0,146400.0
Ames,NE,,
Amherst,NE,63929.0,125000.0
Anoka,NE,,
Anselmo,NE,55625.0,70000.0
Ansley,NE,61458.0,83300.0
Arapahoe,NE,71250.0,86800.0
Arcadia,NE,86875.0,115800.0
Archer,NE,56544.0,159600.0
Arlington,NE,85938.0,211400.0
Arnold,NE,66250.0,110800.0
Arthur,NE,32250.0,95000.0
Ashland,NE,78966.0,223200.0
Ashton,NE,58750.0,75800.0
Aten,NE,250001.0,
Atkinson,NE,72656.0,146000.0
Atlanta,NE,75500.0,135700.0
Auburn,NE,59167.0,111100.0
Aurora,NE,66328.0,190700.0
Avoca,NE,68125.0,110900.0
Axtell,NE,63125.0,179500.0
Ayr,NE,49750.0,109400.0
Bancroft,NE,51406.0,89700.0
Barada,NE,58438.0,45800.0
Barneston,NE,50000.0,
Bartlett,NE,44250.0,74400.0
Bartley,NE,68594.0,83700.0
Bassett,NE,50938.0,76300.0
Battle Creek,NE,89191.0,178000.0
Bayard,NE,60000.0,95600.0
Bazile Mills,NE,105000.0,
Beacon View,NE,95417.0,435000.0
Beatrice,NE,49537.0,141900.0
Beaver City,NE,40625.0,59800.0
Beaver Crossing,NE,63173.0,124200.0
Bee,NE,63750.0,109900.0
Beemer,NE,64432.0,94600.0
Belden,NE,71786.0,85000.0
Belgrade,NE,,36900.0
Bellevue,NE,79839.0,211500.0
Bellwood,NE,61667.0,114900.0
Belmar,NE,112917.0,333300.0
Belvidere,NE,65833.0,38800.0
Benedict,NE,59583.0,91300.0
Benkelman,NE,45294.0,85000.0
Bennet,NE,93125.0,232800.0
Bennington,NE,94444.0,312100.0
Berea,NE,46667.0,159200.0
Bertrand,NE,66875.0,119800.0
Berwyn,NE,43125.0,58800.0
Big Springs,NE,65694.0,92800.0
Bladen,NE,61250.0,53800.0
Blair,NE,74058.0,199700.0
Bloomfield,NE,56313.0,78500.0
Bloomington,NE,58750.0,62500.0
Blue Hill,NE,61250.0,138200.0
Blue Springs,NE,36563.0,36900.0
Bow Valley,NE,71250.0,139600.0
Boys Town,NE,69583.0,
Bradshaw,NE,68417.0,105300.0
Brady,NE,63333.0,132000.0
Brainard,NE,71250.0,137500.0
Brewster,NE,24196.0,161600.0
Bridgeport,NE,55652.0,95000.0
Bristow,NE,57813.0,
Broadwater,NE,43750.0,38400.0
Brock,NE,30625.0,
Broken Bow,NE,49425.0,108600.0
Brownlee,NE,,
Brownville,NE,105625.0,98600.0
Brule,NE,44904.0,102400.0
Bruning,NE,70000.0,96300.0
Bruno,NE,34712.0,84300.0
Brunswick,NE,73958.0,80000.0
Burchard,NE,50417.0,44400.0
Burr,NE,40000.0,100000.0
Burton,NE,,
Burwell,NE,65313.0,116500.0
Bushnell,NE,28750.0,58000.0
Butte,NE,46875.0,56200.0
Byron,NE,60833.0,42500.0
Cairo,NE,51630.0,175500.0
Callaway,NE,51944.0,144200.0
Cambridge,NE,61250.0,96800.0
Campbell,NE,78958.0,51400.0
Carleton,NE,76765.0,
Carroll,NE,57813.0,67300.0
Cedar Bluffs,NE,72000.0,136900.0
Cedar Creek,NE,110750.0,344100.0
Cedar Rapids,NE,51250.0,79500.0
Center,NE,46250.0,39600.0
Central City,NE,54063.0,159100.0
Ceresco,NE,96125.0,164400.0
Chadron,NE,53728.0,144400.0
Chalco,NE,81800.0,205200.0
Chambers,NE,47250.0,70600.0
Champion,NE,,
Chapman,NE,62375.0,104000.0
Chappell,NE,53276.0,80500.0
Cheney,NE,96250.0,267900.0
Chester,NE,72727.0,63300.0
Clarks,NE,52750.0,66100.0
Clarkson,NE,63750.0,64000.0
Clatonia,NE,59375.0,122400.0
Clay Center,NE,72083.0,119500.0
Clearwater,NE,63750.0,78800.0
Clinton,NE,,106300.0
Cody,NE,48750.0,66000.0
Coleridge,NE,42344.0,100600.0
Colon,NE,59792.0,131900.0
Columbus,NE,65341.0,187800.0
Comstock,NE,48750.0,75800.0
Concord,NE,80625.0,102900.0
Cook,NE,62500.0,78100.0
Cordova,NE,57500.0,76400.0
Cornlea,NE,87500.0,
Cortland,NE,71563.0,168800.0
Cotesfield,NE,60833.0,46700.0
Cowles,NE,,
Cozad,NE,54485.0,107200.0
Crab Orchard,NE,60938.0,38800.0
Craig,NE,43929.0,60000.0
Crawford,NE,54167.0,66600.0
Creighton,NE,52656.0,102400.0
Creston,NE,53750.0,85800.0
Crete,NE,62468.0,162500.0
Crofton,NE,75833.0,115400.0
Crookston,NE,39167.0,
Culbertson,NE,51875.0,80300.0
Curtis,NE,49722.0,134000.0
Cushing,NE,93864.0,24100.0
Dakota City,NE,73417.0,143800.0
Dalton,NE,60000.0,83500.0
Danbury,NE,49583.0,
Dannebrog,NE,55000.0,90000.0
Davenport,NE,59500.0,62900.0
Davey,NE,82188.0,175000.0
David City,NE,59087.0,147600.0
Dawson,NE,55288.0,
Daykin,NE,57500.0,75000.0
Decatur,NE,50179.0,87500.0
Denton,NE,74000.0,201500.0
Deshler,NE,53542.0,85300.0
Deweese,NE,21563.0,
De Witt,NE,79000.0,101800.0
Diller,NE,67500.0,75000.0
Dix,NE,51438.0,91700.0
Dixon,NE,56563.0,84000.0
Dodge,NE,57778.0,99400.0
Doniphan,NE,75357.0,203700.0
Dorchester,NE,57708.0,128400.0
Douglas,NE,65000.0,89000.0
Du Bois,NE,47500.0,56300.0
Dunbar,NE,87500.0,56800.0
Duncan,NE,55417.0,125000.0
Dunning,NE,35625.0,63300.0
Dwight,NE,76667.0,114400.0
Eagle,NE,63571.0,154600.0
Eddyville,NE,65625.0,66600.0
Edgar,NE,41000.0,83100.0
Edison,NE,57976.0,31100.0
Elba,NE,39688.0,85000.0
Elgin,NE,51806.0,87200.0
Elk Creek,NE,41875.0,
Elm Creek,NE,68500.0,161100.0
Elmwood,NE,91667.0,183000.0
Elsie,NE,47768.0,87500.0
Elwood,NE,62917.0,120000.0
Elyria,NE,61250.0,
Emerald,NE,,
Emerson,NE,61250.0,95200.0
Emmet,NE,95833.0,
Enders,NE,,
Endicott,NE,71397.0,62500.0
Ericson,NE,45938.0,92500.0
Eustis,NE,70938.0,120300.0
Ewing,NE,56563.0,52700.0
Exeter,NE,62917.0,91100.0
Fairbury,NE,47518.0,82000.0
Fairfield,NE,69375.0,92000.0
Fairmont,NE,53917.0,70000.0
Falls City,NE,40222.0,86900.0
Farnam,NE,44500.0,69500.0
Farwell,NE,48125.0,45000.0
Filley,NE,82500.0,100000.0
Firth,NE,86042.0,201000.0
Fontanelle,NE,51094.0,
Fordyce,NE,55625.0,90900.0
Fort Calhoun,NE,75900.0,236700.0
Foster,NE,,
Franklin,NE,49271.0,91500.0
Fremont,NE,62226.0,174000.0
Friend,NE,77386.0,153700.0
Fullerton,NE,51466.0,99900.0
Funk,NE,99375.0,120600.0
Gandy,NE,42917.0,87500.0
Garland,NE,56667.0,160800.0
Garrison,NE,71250.0,67000.0
Geneva,NE,86667.0,155200.0
Genoa,NE,57917.0,100500.0
Gering,NE,65743.0,162800.0
Gibbon,NE,69276.0,143600.0
Gilead,NE,62500.0,47500.0
Giltner,NE,71250.0,160000.0
Glenvil,NE,50417.0,77700.0
Glenwood,NE,83594.0,279800.0
Goehner,NE,88144.0,155400.0
Gordon,NE,56161.0,86300.0
Gothenburg,NE,84615.0,152700.0
Grafton,NE,68333.0,93800.0
Grand Island,NE,59061.0,183700.0
Grant,NE,67500.0,143300.0
Greeley Center,NE,43472.0,50300.0
Greenwood,NE,97411.0,149000.0
Gresham,NE,41313.0,63900.0
Gretna,NE,117553.0,286600.0
Gross,NE,,
Guide Rock,NE,43611.0,46900.0
Gurley,NE,56765.0,58800.0
Hadar,NE,73672.0,190200.0
Haigler,NE,44821.0,68100.0
Hallam,NE,94375.0,237500.0
Halsey,NE,,
Hamlet,NE,48250.0,75000.0
Hampton,NE,75000.0,155400.0
Harbine,NE,67955.0,126000.0
Hardy,NE,57500.0,13000.0
Harrisburg,NE,85417.0,117500.0
Harrison,NE,36563.0,62500.0
Hartington,NE,79444.0,155100.0
Harvard,NE,68810.0,91300.0
Hastings,NE,57554.0,156400.0
Hayes Center,NE,73750.0,82500.0
Hay Springs,NE,42500.0,98000.0
Hazard,NE,38125.0,106300.0
Heartwell,NE,60156.0,62500.0
Hebron,NE,66786.0,109700.0
Hemingford,NE,67593.0,87300.0
Henderson,NE,72656.0,140000.0
Hendley,NE,31250.0,40800.0
Henry,NE,65000.0,91500.0
Herman,NE,65000.0,105800.0
Hershey,NE,70781.0,143800.0
Hickman,NE,96984.0,276000.0
Hildreth,NE,53158.0,110200.0
Holbrook,NE,57708.0,62900.0
Holdrege,NE,58375.0,154900.0
Holmesville,NE,66458.0,
Holstein,NE,66250.0,94200.0
Homer,NE,81250.0,130200.0
Hooper,NE,73958.0,144100.0
Hordville,NE,,83700.0
Hoskins,NE,77813.0,126000.0
Howard City (Boelus),NE,58250.0,76300.0
Howells,NE,68264.0,96200.0
Hubbard,NE,57344.0,133300.0
Hubbell,NE,31875.0,
Humboldt,NE,42708.0,51800.0
Humphrey,NE,67750.0,202300.0
Huntley,NE,,
Hyannis,NE,46250.0,67500.0
Imperial,NE,64625.0,177400.0
Inavale,NE,55250.0,56000.0
Indianola,NE,44044.0,81000.0
Inglewood,NE,60156.0,111900.0
Inland,NE,,
Inman,NE,50000.0,
Ithaca,NE,35938.0,159900.0
Jackson,NE,71250.0,169300.0
Jansen,NE,56250.0,71300.0
Johnson,NE,57500.0,93100.0
Johnstown,NE,66875.0,
Julian,NE,36875.0,55000.0
Juniata,NE,50000.0,127100.0
Kearney,NE,66843.0,218800.0
Kenesaw,NE,77321.0,151900.0
Kennard,NE,88750.0,143500.0
Keystone,NE,,
Kilgore,NE,,49300.0
Kimball,NE,47917.0,84700.0
King Lake,NE,,40800.0
Kramer,NE,,
Lakeview,NE,126250.0,254500.0
Lamar,NE,,
La Platte,NE,,
Laurel,NE,56471.0,132700.0
La Vista,NE,77748.0,222900.0
Lawrence,NE,61875.0,76700.0
Lebanon,NE,63750.0,25000.0
Leigh,NE,58194.0,85500.0
Lemoyne,NE,61705.0,
Leshara,NE,76875.0,135900.0
Lewellen,NE,50833.0,83800.0
Lewiston,NE,34688.0,45600.0
Lexington,NE,63939.0,131700.0
Liberty,NE,49375.0,
Lincoln,NE,67846.0,230400.0
Lindsay,NE,64219.0,181300.0
Lindy,NE,,78800.0
Linoma Beach,NE,,
Linwood,NE,26625.0,
Lisco,NE,,
Litchfield,NE,55893.0,65000.0
Lodgepole,NE,37361.0,59400.0
Long Pine,NE,29306.0,48200.0
Loomis,NE,61500.0,125000.0
Lorenzo,NE,,
Loretto,NE,,
Lorton,NE,113750.0,88600.0
Louisville,NE,93897.0,203200.0
Loup City,NE,45917.0,92100.0
Lushton,NE,41250.0,77500.0
Lyman,NE,51133.0,56000.0
Lynch,NE,41667.0,57500.0
Lyons,NE,40625.0,93600.0
McCook,NE,53750.0,141700.0
McCool Junction,NE,110208.0,128900.0
McGrew,NE,,86100.0
McLean,NE,67125.0,18600.0
Macy,NE,35313.0,54300.0
Madison,NE,59714.0,99000.0
Madrid,NE,68333.0,82500.0
Magnet,NE,56250.0,38800.0
Malcolm,NE,78636.0,211600.0
Malmo,NE,72500.0,120000.0
Manley,NE,73438.0,183900.0
Marquette,NE,57917.0,78300.0
Martell,NE,130104.0,161600.0
Martin,NE,50714.0,166700.0
Martinsburg,NE,33438.0,98600.0
Maskell,NE,54375.0,75000.0
Mason City,NE,47212.0,175000.0
Max,NE,,31600.0
Maxwell,NE,68750.0,90600.0
Maywood,NE,45250.0,91000.0
Mead,NE,70833.0,147400.0
Meadow Grove,NE,52500.0,59400.0
Melbeta,NE,55625.0,
Melia,NE,207500.0,625000.0
Memphis,NE,36607.0,156300.0
Merna,NE,71042.0,91500.0
Merriman,NE,29375.0,
Milford,NE,77422.0,207100.0
Miller,NE,60000.0,52000.0
Milligan,NE,53000.0,57900.0
Minatare,NE,46855.0,69800.0
Minden,NE,65345.0,180200.0
Mitchell,NE,53831.0,110800.0
Monowi,NE,,
Monroe,NE,71806.0,93500.0
Moorefield,NE,38125.0,
Morrill,NE,40875.0,133300.0
Morse Bluff,NE,70000.0,110000.0
Mullen,NE,41944.0,74000.0
Murdock,NE,76000.0,176600.0
Murray,NE,67500.0,169200.0
Naper,NE,27083.0,19800.0
Naponee,NE,63333.0,51700.0
Nebraska City,NE,63732.0,143900.0
Nehawka,NE,86250.0,114600.0
Neligh,NE,61484.0,126200.0
Nelson,NE,55833.0,57700.0
Nemaha,NE,46250.0,53100.0
Nenzel,NE,,
Newcastle,NE,71250.0,97500.0
Newman Grove,NE,51607.0,75400.0
Newport,NE,,48000.0
Nickerson,NE,,64800.0
Niobrara,NE,37452.0,89400.0
Nora,NE,,85000.0
Norfolk,NE,57479.0,192300.0
Norman,NE,66500.0,48300.0
North Bend,NE,81923.0,152700.0
North Loup,NE,46146.0,57500.0
North Platte,NE,56890.0,152500.0
Oak,NE,41667.0,17500.0
Oakdale,NE,51250.0,42600.0
Oakland,NE,66406.0,126300.0
Obert,NE,53750.0,
Oconto,NE,53750.0,55400.0
Octavia,NE,59861.0,74100.0
Odell,NE,56250.0,100400.0
Odessa,NE,42656.0,119600.0
Offutt AFB,NE,65042.0,
Ogallala,NE,57045.0,133200.0
Ohiowa,NE,49000.0,44000.0
Omaha,NE,70202.0,210300.0
O'Neill,NE,63867.0,140100.0
Ong,NE,58929.0,73800.0
Orchard,NE,45357.0,73800.0
Ord,NE,56108.0,111300.0
Orleans,NE,63438.0,54400.0
Osceola,NE,77031.0,112500.0
Oshkosh,NE,38650.0,76000.0
Osmond,NE,68611.0,122400.0
Otoe,NE,34875.0,34500.0
Overland,NE,107411.0,454000.0
Overton,NE,51250.0,104600.0
Oxford,NE,48750.0,69000.0
Page,NE,63750.0,100700.0
Palisade,NE,52841.0,56200.0
Palmer,NE,51429.0,95000.0
Palmyra,NE,77708.0,136800.0
Panama,NE,87404.0,190000.0
Papillion,NE,104608.0,269600.0
Parks,NE,,
Pawnee City,NE,49167.0,56200.0
Paxton,NE,60938.0,97200.0
Pender,NE,80288.0,150800.0
Peru,NE,41042.0,86900.0
Petersburg,NE,65500.0,130900.0
Phillips,NE,75000.0,135100.0
Pickrell,NE,67917.0,156300.0
Pierce,NE,58419.0,150600.0
Pilger,NE,63750.0,103400.0
Plainview,NE,51210.0,85700.0
Platte Center,NE,71513.0,108500.0
Plattsmouth,NE,58989.0,156900.0
Pleasant Dale,NE,62411.0,169500.0
Pleasanton,NE,57361.0,139100.0
Plymouth,NE,53125.0,91000.0
Polk,NE,51167.0,71300.0
Ponca,NE,58542.0,117300.0
Poole,NE,,
Potter,NE,58333.0,90000.0
Prague,NE,60781.0,88600.0
Prairie Home,NE,,
Preston,NE,51875.0,47300.0
Primrose,NE,38542.0,
Princeton,NE,172875.0,207500.0
Prosser,NE,53816.0,86400.0
Raeville,NE,,
Ragan,NE,,
Ralston,NE,61554.0,201800.0
Randolph,NE,73250.0,124300.0
Ravenna,NE,61066.0,109800.0
Raymond,NE,107500.0,158900.0
Red Cloud,NE,48438.0,57200.0
Republican City,NE,42321.0,136600.0
Reynolds,NE,72917.0,
Richfield,NE,,
Richland,NE,40500.0,112500.0
Rising City,NE,81477.0,90700.0
Riverdale,NE,70625.0,135200.0
Riverton,NE,57500.0,
Roca,NE,83281.0,171900.0
Rockville,NE,42000.0,53800.0
Rogers,NE,,
Rosalie,NE,72500.0,48600.0
Roscoe,NE,,104500.0
Roseland,NE,68750.0,139600.0
Royal,NE,,50800.0
Rulo,NE,57250.0,75700.0
Rushville,NE,47180.0,80700.0
Ruskin,NE,73375.0,91100.0
St. Edward,NE,47222.0,104900.0
St. Helena,NE,93750.0,128100.0
St. Libory,NE,81477.0,130400.0
St. Paul,NE,58500.0,171400.0
Salem,NE,44688.0,39000.0
Santee,NE,38333.0,46300.0
Sarben,NE,,
Sargent,NE,49750.0,66300.0
Saronville,NE,58125.0,137500.0
Schuyler,NE,71275.0,99200.0
Scotia,NE,46500.0,84500.0
Scottsbluff,NE,55744.0,131400.0
Scribner,NE,53478.0,98700.0
Seneca,NE,30833.0,
Seward,NE,76755.0,208400.0
Shelby,NE,71458.0,107300.0
Shelton,NE,67143.0,132900.0
Shickley,NE,67679.0,143800.0
Sholes,NE,33750.0,
Shubert,NE,50000.0,49400.0
Sidney,NE,49866.0,121500.0
Silver Creek,NE,47750.0,80600.0
Smithfield,NE,52292.0,83300.0
Snyder,NE,80938.0,95500.0
South Bend,NE,56875.0,114400.0
South Sioux City,NE,62650.0,151200.0
Spalding,NE,51250.0,85200.0
Spencer,NE,53125.0,85000.0
Sprague,NE,50000.0,164600.0
Springfield,NE,89432.0,219100.0
Springview,NE,45750.0,83000.0
Stamford,NE,38125.0,40000.0
Stanton,NE,72500.0,159000.0
Staplehurst,NE,77644.0,72900.0
Stapleton,NE,61750.0,91000.0
Steele City,NE,45000.0,25000.0
Steinauer,NE,45341.0,
Stella,NE,31786.0,67500.0
Sterling,NE,67500.0,113100.0
Stockham,NE,38750.0,106300.0
Stockville,NE,,
Strang,NE,,
Stratton,NE,35500.0,48200.0
Stromsburg,NE,58162.0,131700.0
Stuart,NE,70375.0,118300.0
Sumner,NE,59250.0,93300.0
Sunol,NE,36295.0,
Superior,NE,61801.0,64300.0
Surprise,NE,112813.0,47000.0
Sutherland,NE,81923.0,161700.0
Sutton,NE,67865.0,142400.0
Swanton,NE,69821.0,85000.0
Syracuse,NE,66250.0,173900.0
Table Rock,NE,48750.0,69200.0
Talmage,NE,49375.0,46200.0
Tamora,NE,,
Tarnov,NE,93750.0,
Taylor,NE,28125.0,46700.0
Tecumseh,NE,44813.0,99300.0
Tekamah,NE,51639.0,114500.0
Terrytown,NE,37250.0,93800.0
Thayer,NE,58750.0,
Thedford,NE,71174.0,68600.0
Thurston,NE,56250.0,
Tilden,NE,63523.0,104400.0
Tobias,NE,57321.0,44500.0
Trenton,NE,42813.0,60900.0
Trumbull,NE,100000.0,125000.0
Tryon,NE,44904.0,114100.0
Uehling,NE,52250.0,90000.0
Ulysses,NE,52083.0,35000.0
Unadilla,NE,80000.0,132400.0
Union,NE,65714.0,117600.0
Upland,NE,57917.0,60000.0
Utica,NE,77788.0,163900.0
Valentine,NE,51131.0,124700.0
Valley,NE,80319.0,414400.0
Valparaiso,NE,71750.0,167200.0
Venango,NE,68750.0,58300.0
Venice,NE,,
Verdel,NE,,
Verdigre,NE,50250.0,86200.0
Verdon,NE,51818.0,39500.0
Virginia,NE,65000.0,48300.0
Waco,NE,76250.0,137500.0
Wahoo,NE,75052.0,191200.0
Wakefield,NE,44583.0,99100.0
Wallace,NE,60781.0,105800.0
Walthill,NE,61350.0,39000.0
Walton,NE,46287.0,498000.0
Wann,NE,197500.0,231000.0
Washington,NE,101875.0,183300.0
Waterbury,NE,,160200.0
Waterloo,NE,65000.0,204100.0
Wauneta,NE,47917.0,77500.0
Wausa,NE,57500.0,78600.0
Waverly,NE,103373.0,241500.0
Wayne,NE,51399.0,169100.0
Weeping Water,NE,63507.0,175000.0
Wellfleet,NE,51250.0,
Western,NE,42188.0,46500.0
Westerville,NE,,
Weston,NE,60208.0,100000.0
West Point,NE,66771.0,169900.0
White Clay,NE,,
Whitney,NE,52000.0,28100.0
Wilber,NE,78750.0,166200.0
Wilcox,NE,72857.0,110800.0
Willow Island,NE,,
Wilsonville,NE,50625.0,45600.0
Winnebago,NE,42083.0,61500.0
Winnetoon,NE,42500.0,
Winside,NE,57083.0,95000.0
Winslow,NE,66042.0,159200.0
Wisner,NE,68417.0,120100.0
Wolbach,NE,55625.0,53900.0
Wood Lake,NE,,61700.0
Woodland Hills,NE,170139.0,386100.0
Woodland Park,NE,68977.0,160200.0
Wood River,NE,69459.0,125000.0
Wymore,NE,52587.0,55300.0
Wynot,NE,75000.0,106300.0
Yankee Hill,NE,77009.0,264500.0
York,NE,68794.0,157900.0
Yutan,NE,84531.0,174500.0
Alamo,NV,65083.0,121100.0
Amargosa Valley,NV,53333.0,107500.0
Austin,NV,,
Baker,NV,,
Battle Mountain,NV,99962.0,193300.0
Beatty,NV,,134100.0
Beaverdam,NV,,
Bennett Springs,NV,,325000.0
Blue Diamond,NV,81023.0,552100.0
Boulder City,NV,76402.0,401100.0
Bunkerville,NV,142500.0,320600.0
Caliente,NV,36400.0,153900.0
Cal-Nev-Ari,NV,38929.0,67700.0
Carlin,NV,68207.0,183500.0
Carson City,NV,67465.0,390800.0
Carter Springs,NV,98750.0,305700.0
Cold Springs,NV,85851.0,374700.0
Crescent Valley,NV,73393.0,58700.0
Crystal Bay,NV,201094.0,2000001.0
Dayton,NV,85375.0,361700.0
Denio,NV,,
Double Spring,NV,100417.0,612100.0
Dry Valley,NV,,
Dyer,NV,39837.0,104700.0
East Valley,NV,123445.0,861100.0
Elko,NV,85000.0,275600.0
Ely,NV,77076.0,185900.0
Empire,NV,,
Enterprise,NV,91165.0,413800.0
Eureka,NV,72113.0,267600.0
Fallon,NV,63490.0,234000.0
Fallon Station,NV,100214.0,
Fernley,NV,84025.0,328900.0
Fish Springs,NV,95795.0,632400.0
Fort McDermitt,NV,20139.0,29200.0
Gabbs,NV,,
Gardnerville,NV,66157.0,405600.0
Gardnerville Ranchos,NV,76917.0,441600.0
Genoa,NV,116250.0,971800.0
Gerlach,NV,,
Glenbrook,NV,,2000001.0
Golconda,NV,,
Golden Valley,NV,85242.0,493100.0
Goldfield,NV,,69500.0
Goodsprings,NV,23989.0,
Grass Valley,NV,77308.0,134200.0
Hawthorne,NV,55847.0,169700.0
Henderson,NV,85311.0,427900.0
Hiko,NV,,
Humboldt River Ranch,NV,56875.0,259900.0
Imlay,NV,,
Incline Village,NV,155195.0,1199700.0
Indian Hills,NV,77256.0,432100.0
Indian Springs,NV,56250.0,273700.0
Jackpot,NV,62692.0,
Johnson Lane,NV,102477.0,646800.0
Kingsbury,NV,74424.0,731400.0
Kingston,NV,,114800.0
Lakeridge,NV,86734.0,1084500.0
Lamoille,NV,,
Las Vegas,NV,66356.0,365300.0
Laughlin,NV,44359.0,222200.0
Lemmon Valley,NV,87052.0,325900.0
Logan Creek,NV,,2000001.0
Lovelock,NV,42955.0,160400.0
Lund,NV,,320000.0
McDermitt,NV,,
McGill,NV,62837.0,135200.0
Mesquite,NV,69146.0,333400.0
Mina,NV,27235.0,
Minden,NV,87778.0,477700.0
Moapa Town,NV,73182.0,306900.0
Moapa Valley,NV,82592.0,293000.0
Mogul,NV,131838.0,570500.0
Montello,NV,,
Mountain City,NV,,
Mount Charleston,NV,104489.0,574000.0
Mount Wilson,NV,,
Nellis AFB,NV,67733.0,98200.0
Nelson,NV,,
Nixon,NV,67608.0,54400.0
North Las Vegas,NV,71774.0,340200.0
Oasis,NV,,
Orovada,NV,,
Osino,NV,101532.0,180100.0
Owyhee,NV,56000.0,57500.0
Pahrump,NV,54988.0,251100.0
Panaca,NV,68073.0,243600.0
Paradise,NV,55224.0,333800.0
Paradise Valley,NV,,
Pioche,NV,73849.0,166800.0
Preston,NV,,
Rachel,NV,,
Reno,NV,73073.0,462100.0
Round Hill Village,NV,171923.0,1030300.0
Ruhenstroth,NV,98281.0,630600.0
Ruth,NV,,68500.0
Sandy Valley,NV,86042.0,249400.0
Schurz,NV,29583.0,84300.0
Searchlight,NV,,116600.0
Silver City,NV,76750.0,339100.0
Silver Peak,NV,80208.0,38900.0
Silver Springs,NV,47584.0,226400.0
Skyland,NV,82772.0,1344700.0
Smith Valley,NV,49226.0,669500.0
Spanish Springs,NV,119830.0,527800.0
Sparks,NV,82938.0,423500.0
Spring Creek,NV,109952.0,299500.0
Spring Valley,NV,69341.0,375200.0
Stagecoach,NV,68417.0,265900.0
Stateline,NV,41830.0,835000.0
Summerlin South,NV,110911.0,593800.0
Sunrise Manor,NV,52476.0,265000.0
Sun Valley,NV,71471.0,285600.0
Sutcliffe,NV,28967.0,
Tonopah,NV,35931.0,163100.0
Topaz Lake,NV,88125.0,508300.0
Topaz Ranch Estates,NV,56250.0,240900.0
Unionville,NV,,
Ursine,NV,,
Valmy,NV,,
Verdi,NV,77212.0,601200.0
Virginia City,NV,106815.0,303000.0
Wadsworth,NV,60500.0,106600.0
Walker Lake,NV,40481.0,148700.0
Washoe Valley,NV,99018.0,474500.0
Wells,NV,55917.0,168800.0
West Wendover,NV,80342.0,172500.0
Whitney,NV,58624.0,271700.0
Winchester,NV,45709.0,251700.0
Winnemucca,NV,78161.0,280200.0
Yerington,NV,41600.0,226400.0
Zephyr Cove,NV,137500.0,1839300.0
Alton,NH,,
Amherst,NH,144940.0,477900.0
Antrim,NH,83542.0,229200.0
Ashland,NH,40559.0,163600.0
Bartlett,NH,39174.0,164100.0
Belmont,NH,,148100.0
Bennington,NH,73839.0,209200.0
Berlin,NH,41638.0,93200.0
Bethlehem,NH,62647.0,198600.0
Blodgett Landing,NH,,290600.0
Bradford,NH,55962.0,258900.0
Bristol,NH,69306.0,185700.0
Canaan,NH,,212500.0
Center Ossipee,NH,50096.0,207900.0
Center Sandwich,NH,97708.0,359300.0
Charlestown,NH,,93500.0
Claremont,NH,53697.0,157900.0
Colebrook,NH,42500.0,119600.0
Concord,NH,77874.0,287600.0
Contoocook,NH,103317.0,291500.0
Conway,NH,46771.0,219400.0
Derry,NH,83750.0,328200.0
Dover,NH,90844.0,368600.0
Durham,NH,93542.0,431500.0
East Merrimack,NH,80234.0,258300.0
Enfield,NH,54493.0,220200.0
Epping,NH,74798.0,298200.0
Exeter,NH,79813.0,317600.0
Farmington,NH,44664.0,203700.0
Francestown,NH,113750.0,337100.0
Franklin,NH,66942.0,233800.0
Goffstown,NH,131146.0,337700.0
Gorham,NH,55845.0,132800.0
Greenville,NH,67321.0,249200.0
Groveton,NH,51711.0,88200.0
Hampton,NH,92907.0,454600.0
Hampton Beach,NH,73269.0,435700.0
Hancock,NH,59028.0,366700.0
Hanover,NH,111958.0,652200.0
Henniker,NH,70839.0,254800.0
Hillsborough,NH,63854.0,187100.0
Hinsdale,NH,96161.0,204700.0
Hooksett,NH,83456.0,249200.0
Hudson,NH,80901.0,298100.0
Jaffrey,NH,86384.0,218600.0
Keene,NH,69381.0,221400.0
Klondike Corner,NH,,426200.0
Laconia,NH,67856.0,251700.0
Lancaster,NH,67331.0,177600.0
Lebanon,NH,90911.0,316800.0
Lincoln,NH,58125.0,249800.0
Lisbon,NH,64208.0,147200.0
Littleton,NH,40873.0,193100.0
Londonderry,NH,113557.0,392000.0
Loudon,NH,98894.0,369500.0
Manchester,NH,74040.0,304700.0
Marlborough,NH,62950.0,234100.0
Melvin Village,NH,,290000.0
Meredith,NH,46850.0,370800.0
Milford,NH,71065.0,311400.0
Milton,NH,43750.0,
Milton Mills,NH,,
Mountain Lakes,NH,59107.0,150800.0
Nashua,NH,88766.0,344900.0
New Boston,NH,250001.0,
Newfields,NH,173295.0,469700.0
New Hampton,NH,80625.0,233300.0
New London,NH,83796.0,408200.0
Newmarket,NH,88295.0,341000.0
Newport,NH,67500.0,162200.0
North Conway,NH,59041.0,342700.0
North Haverhill,NH,52808.0,187500.0
North Walpole,NH,79318.0,173500.0
North Woodstock,NH,64419.0,291400.0
Peterborough,NH,83906.0,296100.0
Pinardville,NH,71690.0,242300.0
Pittsfield,NH,46154.0,192200.0
Plainfield,NH,98417.0,305800.0
Plymouth,NH,62172.0,240500.0
Portsmouth,NH,100169.0,594000.0
Raymond,NH,69912.0,290400.0
Rochester,NH,74882.0,238400.0
Sanbornville,NH,133167.0,236300.0
Seabrook Beach,NH,107019.0,830700.0
Somersworth,NH,75841.0,265900.0
South Hooksett,NH,113024.0,345400.0
Suissevale,NH,95486.0,276700.0
Suncook,NH,72375.0,279200.0
Tilton Northfield,NH,63553.0,186800.0
Troy,NH,57212.0,155900.0
Union,NH,,
Walpole,NH,,354700.0
Warner,NH,40887.0,312500.0
West Stewartstown,NH,63333.0,
West Swanzey,NH,57762.0,183800.0
Whitefield,NH,53750.0,142300.0
Wilton,NH,59556.0,271500.0
Winchester,NH,45298.0,163500.0
Wolfeboro,NH,47990.0,364200.0
Woodsville,NH,53578.0,179000.0
Absecon,NJ,73141.0,225900.0
Absecon Highlands,NJ,82523.0,255600.0
Allamuchy,NJ,,
Allendale borough,NJ,163875.0,731300.0
Allenhurst borough,NJ,95625.0,1208300.0
Allentown borough,NJ,113438.0,367900.0
Allenwood,NJ,153750.0,606100.0
Alloway,NJ,129961.0,295600.0
Alpha borough,NJ,78500.0,236300.0
Alpine borough,NJ,228194.0,2000001.0
Ampere North,NJ,75679.0,320800.0
Anderson,NJ,77405.0,244600.0
Andover borough,NJ,78750.0,363500.0
Annandale,NJ,121806.0,488400.0
Arrowhead Lake,NJ,77500.0,169300.0
Asbury,NJ,81635.0,436400.0
Asbury Park,NJ,63461.0,455000.0
Ashland,NJ,112690.0,282100.0
Atco,NJ,93925.0,251100.0
Atlantic City,NJ,35188.0,174200.0
Atlantic Highlands borough,NJ,118591.0,589300.0
Auburn,NJ,185987.0,419200.0
Audubon borough,NJ,103379.0,281600.0
Audubon Park borough,NJ,51387.0,101600.0
Avalon borough,NJ,153295.0,1664800.0
Avenel,NJ,84549.0,326700.0
Avon-by-the-Sea borough,NJ,106563.0,1168500.0
Barclay,NJ,156696.0,414600.0
Bargaintown,NJ,113989.0,302000.0
Barnegat,NJ,98621.0,337800.0
Barnegat Light borough,NJ,93958.0,921900.0
Barrington borough,NJ,82070.0,229000.0
Basking Ridge,NJ,183611.0,819200.0
Bay Head borough,NJ,127500.0,1604700.0
Bayonne,NJ,80044.0,413100.0
Beach Haven borough,NJ,110815.0,1109400.0
Beach Haven West,NJ,111882.0,528900.0
Beachwood borough,NJ,99099.0,280800.0
Beattystown,NJ,100213.0,388700.0
Beckett,NJ,114046.0,270100.0
Bedminster,NJ,148000.0,811100.0
Beesleys Point,NJ,96528.0,279500.0
Belford,NJ,131875.0,467100.0
Belle Mead,NJ,203942.0,673300.0
Belleplain,NJ,54102.0,264900.0
Bellmawr borough,NJ,71935.0,199600.0
Belmar borough,NJ,89736.0,716600.0
Belvidere,NJ,95861.0,257300.0
Bergenfield borough,NJ,121738.0,437700.0
Berlin borough,NJ,98706.0,286300.0
Bernardsville borough,NJ,220060.0,720500.0
Beverly,NJ,90069.0,181300.0
Blackwells Mills,NJ,233516.0,696100.0
Blackwood,NJ,82741.0,211000.0
Blairstown,NJ,,
Blawenburg,NJ,250001.0,
Bloomingdale borough,NJ,125865.0,364200.0
Bloomsbury borough,NJ,85446.0,304400.0
Bogota borough,NJ,113260.0,429100.0
Boonton,NJ,96500.0,468900.0
Bordentown,NJ,88153.0,281800.0
Bound Brook borough,NJ,78776.0,345100.0
Bradley Beach borough,NJ,89967.0,830400.0
Bradley Gardens,NJ,170063.0,510100.0
Brainards,NJ,165278.0,
Branchville borough,NJ,118125.0,289800.0
Brass Castle,NJ,92563.0,337300.0
Bridgeport,NJ,,
Bridgeton,NJ,44440.0,130800.0
Bridgeville,NJ,103281.0,243200.0
Bridgewater Center,NJ,186146.0,631500.0
Brielle borough,NJ,160845.0,771800.0
Brigantine,NJ,91307.0,423000.0
Broadway,NJ,,
Brookdale,NJ,149392.0,478200.0
Brookfield,NJ,54015.0,279200.0
Brooklawn borough,NJ,58288.0,142200.0
Brookside,NJ,194950.0,876300.0
Browns Mills,NJ,70826.0,190200.0
Brownville,NJ,106406.0,322400.0
Budd Lake,NJ,99303.0,385700.0
Buena borough,NJ,85916.0,222400.0
Burleigh,NJ,111641.0,187500.0
Burlington,NJ,69351.0,195200.0
Butler borough,NJ,108378.0,396700.0
Buttzville,NJ,,
Byram Center,NJ,116862.0,336700.0
Caldwell borough,NJ,117879.0,558400.0
Califon borough,NJ,106875.0,384200.0
Camden,NJ,36258.0,95700.0
Cape May,NJ,69896.0,767000.0
Cape May Court House,NJ,66422.0,341700.0
Cape May Point borough,NJ,82679.0,984000.0
Carlls Corner,NJ,79545.0,181700.0
Carlstadt borough,NJ,89669.0,517200.0
Carneys Point,NJ,71602.0,160000.0
Carteret borough,NJ,79049.0,337500.0
Cedar Glen Lakes,NJ,38171.0,85900.0
Cedar Glen West,NJ,50365.0,69000.0
Cedar Knolls,NJ,138304.0,592400.0
Cedarville,NJ,39792.0,163200.0
Centre Grove,NJ,106442.0,197300.0
Chatham borough,NJ,250001.0,944600.0
Cherry Hill Mall,NJ,107056.0,281700.0
Chesilhurst borough,NJ,85104.0,202500.0
Chester borough,NJ,142857.0,614700.0
Clayton borough,NJ,91711.0,233000.0
Clearbrook,NJ,42371.0,229900.0
Clementon borough,NJ,62917.0,169900.0
Cliffside Park borough,NJ,96734.0,520800.0
Cliffwood Beach,NJ,111786.0,302900.0
Clifton,NJ,94179.0,428000.0
Clinton,NJ,137688.0,413400.0
Closter borough,NJ,181652.0,774100.0
Clyde,NJ,99423.0,433300.0
Collings Lakes,NJ,84265.0,200200.0
Collingswood borough,NJ,78909.0,312000.0
Cologne,NJ,99896.0,292600.0
Colonia,NJ,129122.0,439800.0
Columbia,NJ,118438.0,289800.0
Concordia,NJ,52114.0,274000.0
Connecticut Farms,NJ,153958.0,401000.0
Cookstown,NJ,107083.0,320200.0
Corbin City,NJ,84500.0,212200.0
Country Lake Estates,NJ,114914.0,214900.0
Cranbury,NJ,202250.0,749100.0
Crandon Lakes,NJ,102083.0,240000.0
Cranford,NJ,89688.0,489300.0
Cream Ridge,NJ,188482.0,758500.0
Cresskill borough,NJ,162430.0,722000.0
Crestwood Village,NJ,37214.0,85700.0
Crosswicks,NJ,126848.0,574500.0
Cumberland-Hesstown,NJ,,216700.0
Dayton,NJ,136130.0,466800.0
Deal borough,NJ,73380.0,1531300.0
Deans,NJ,213971.0,631400.0
Deerfield Street,NJ,,209600.0
Delaware,NJ,56875.0,243800.0
Delaware Park,NJ,112393.0,275600.0
Delmont,NJ,153750.0,208500.0
Demarest borough,NJ,165119.0,938700.0
Dennisville,NJ,94196.0,335500.0
Diamond Beach,NJ,104464.0,581900.0
Dividing Creek,NJ,59583.0,140400.0
Dorchester,NJ,35217.0,138000.0
Dorothy,NJ,78952.0,287500.0
Dover,NJ,67987.0,316900.0
Dover Beaches North,NJ,53276.0,696400.0
Dover Beaches South,NJ,97400.0,636400.0
Dumont borough,NJ,116708.0,439800.0
Dunellen borough,NJ,86532.0,360600.0
Dutch Neck,NJ,90652.0,
East Franklin,NJ,96963.0,340600.0
East Freehold,NJ,184579.0,590100.0
East Millstone,NJ,,618000.0
East Newark borough,NJ,63594.0,314600.0
East Orange,NJ,58659.0,282900.0
East Rocky Hill,NJ,237500.0,573100.0
East Rutherford borough,NJ,92536.0,446900.0
East Vineland,NJ,96180.0,259300.0
Eatontown borough,NJ,88393.0,400300.0
Echelon,NJ,75874.0,272300.0
Edgewater borough,NJ,136806.0,750200.0
Egg Harbor City,NJ,51675.0,170900.0
Elizabeth,NJ,59939.0,358400.0
Ellisburg,NJ,88486.0,277400.0
Elmer borough,NJ,91116.0,203400.0
Elmwood Park borough,NJ,84578.0,434900.0
Elwood,NJ,68043.0,168500.0
Emerson borough,NJ,141908.0,610800.0
Encore at Monroe,NJ,69004.0,444000.0
Englewood,NJ,93134.0,453200.0
Englewood Cliffs borough,NJ,213261.0,1231400.0
English Creek,NJ,59931.0,254800.0
Englishtown borough,NJ,101750.0,419000.0
Erma,NJ,92226.0,311100.0
Essex Fells borough,NJ,247000.0,945500.0
Estell Manor,NJ,114091.0,280100.0
Fair Haven borough,NJ,229643.0,898200.0
Fair Lawn borough,NJ,141540.0,488300.0
Fairton,NJ,64766.0,186800.0
Fairview borough,NJ,59359.0,475600.0
Fairview,NJ,187132.0,544200.0
Fanwood borough,NJ,177727.0,588100.0
Far Hills borough,NJ,145139.0,753700.0
Farmingdale borough,NJ,93523.0,392300.0
Fieldsboro borough,NJ,82333.0,272900.0
Finderne,NJ,101029.0,374300.0
Finesville,NJ,63833.0,289300.0
Flagtown,NJ,173571.0,595200.0
Flanders,NJ,138606.0,475300.0
Flemington borough,NJ,85306.0,377900.0
Florence,NJ,95096.0,242900.0
Florham Park borough,NJ,141620.0,705200.0
Folsom borough,NJ,112989.0,235500.0
Fords,NJ,110643.0,382900.0
Forked River,NJ,87195.0,376800.0
Forsgate,NJ,229837.0,600700.0
Fort Dix,NJ,91250.0,
Fortescue,NJ,37917.0,154200.0
Fort Lee borough,NJ,101573.0,393200.0
Franklin borough,NJ,87558.0,221900.0
Franklin Center,NJ,132787.0,543700.0
Franklin Lakes borough,NJ,204917.0,1135700.0
Franklin Park,NJ,106330.0,309500.0
Franklinville,NJ,67025.0,181500.0
Freehold borough,NJ,71205.0,361700.0
Frenchtown borough,NJ,99018.0,363600.0
Gandys Beach,NJ,74375.0,220800.0
Garfield,NJ,72026.0,430500.0
Garwood borough,NJ,107823.0,469800.0
Germania,NJ,118271.0,278900.0
Gibbsboro borough,NJ,93103.0,264800.0
Gibbstown,NJ,89688.0,220800.0
Gillette,NJ,127734.0,587000.0
Glassboro borough,NJ,78518.0,256900.0
Glendora,NJ,83689.0,200500.0
Glen Gardner borough,NJ,79000.0,235700.0
Glen Ridge borough,NJ,246429.0,696700.0
Glen Rock borough,NJ,202586.0,786300.0
Gloucester City,NJ,71756.0,165900.0
Golden Triangle,NJ,103664.0,278500.0
Goshen,NJ,,338800.0
Gouldtown,NJ,55164.0,171300.0
Great Meadows,NJ,68700.0,365000.0
Great Notch,NJ,141791.0,538200.0
Green Knoll,NJ,149228.0,539500.0
Greentree,NJ,134626.0,375800.0
Green Village,NJ,92422.0,981600.0
Greenwich (Cumberland County),NJ,98750.0,230400.0
Greenwich (Warren County),NJ,162000.0,435500.0
Grenloch,NJ,100417.0,232900.0
Griggstown,NJ,167656.0,468300.0
Groveville,NJ,117617.0,339600.0
Guttenberg,NJ,76187.0,364500.0
Hackensack,NJ,79133.0,353000.0
Hackettstown,NJ,95174.0,313600.0
Haddonfield borough,NJ,178362.0,623900.0
Haddon Heights borough,NJ,117556.0,342500.0
Hainesburg,NJ,96759.0,358100.0
Haledon borough,NJ,98462.0,329900.0
Hamburg borough,NJ,78586.0,241900.0
Hamilton Square,NJ,124262.0,352900.0
Hammonton,NJ,79747.0,297200.0
Hampton borough,NJ,74833.0,290400.0
Hancocks Bridge,NJ,72917.0,151900.0
Harlingen,NJ,235000.0,788500.0
Harmony,NJ,,292800.0
Harrington Park borough,NJ,183138.0,689900.0
Harrison,NJ,72773.0,431500.0
Harrisonville,NJ,78000.0,301900.0
Harvey Cedars borough,NJ,125313.0,1138200.0
Hasbrouck Heights borough,NJ,114219.0,488700.0
Haworth borough,NJ,215972.0,777400.0
Hawthorne borough,NJ,105168.0,481500.0
Heathcote,NJ,119979.0,513600.0
Heislerville,NJ,70489.0,
Helmetta borough,NJ,104500.0,303000.0
Hewitt,NJ,175559.0,409200.0
Hibernia,NJ,,
High Bridge borough,NJ,106111.0,296600.0
Highland Lakes,NJ,122527.0,277900.0
Highland Park borough,NJ,93927.0,420900.0
Highlands borough,NJ,86901.0,396200.0
Hightstown borough,NJ,102917.0,311300.0
Hillsborough,NJ,137748.0,395400.0
Hillsdale borough,NJ,175802.0,636600.0
Hi-Nella borough,NJ,64423.0,205400.0
Hoboken,NJ,168137.0,859300.0
Ho-Ho-Kus borough,NJ,250001.0,949800.0
Holiday City-Berkeley,NJ,45260.0,218100.0
Holiday City South,NJ,54875.0,234700.0
Holiday Heights,NJ,57412.0,303900.0
Hopatcong borough,NJ,107670.0,284600.0
Hope,NJ,77361.0,243200.0
Hopelawn,NJ,81875.0,339900.0
Hopewell borough,NJ,137138.0,509700.0
Hutchinson,NJ,143750.0,346200.0
Interlaken borough,NJ,156250.0,815600.0
Iselin,NJ,109646.0,369700.0
Island Heights borough,NJ,105089.0,460600.0
Jamesburg borough,NJ,112813.0,329800.0
Jersey City,NJ,91151.0,500100.0
Jobstown,NJ,79000.0,500000.0
Johnsonburg,NJ,130714.0,429500.0
Juliustown,NJ,,305600.0
Keansburg borough,NJ,80144.0,254000.0
Kean University,NJ,,
Kearny,NJ,81307.0,404000.0
Keasbey,NJ,61200.0,356000.0
Kendall Park,NJ,159362.0,518800.0
Kenilworth borough,NJ,97600.0,462100.0
Kenvil,NJ,77461.0,326200.0
Keyport borough,NJ,75709.0,355000.0
Kingston,NJ,73571.0,376000.0
Kingston Estates,NJ,100212.0,274900.0
Kinnelon borough,NJ,170905.0,681800.0
Lake Como borough,NJ,82500.0,549800.0
Lake Hiawatha,NJ,95673.0,390400.0
Lake Hopatcong,NJ,116317.0,370800.0
Lakehurst borough,NJ,78525.0,198200.0
Lake Mohawk,NJ,151167.0,417300.0
Lakeside-Beebe Run,NJ,,153500.0
Lake Telemark,NJ,168448.0,369400.0
Lakewood,NJ,54826.0,604600.0
Lambertville,NJ,102482.0,533800.0
Lamington,NJ,,
Landing,NJ,121003.0,351500.0
Laurel Heights,NJ,76696.0,177200.0
Laurel Lake,NJ,52321.0,131500.0
Laurel Springs borough,NJ,113500.0,232600.0
Laurence Harbor,NJ,95399.0,314000.0
Lavallette borough,NJ,108750.0,925200.0
Lawnside borough,NJ,74250.0,209800.0
Lawrenceville,NJ,115577.0,365300.0
Layton,NJ,101903.0,324200.0
Lebanon borough,NJ,106389.0,378500.0
Ledgewood,NJ,109185.0,445200.0
Leeds Point,NJ,,
Leesburg,NJ,76310.0,96900.0
Leisure Knoll,NJ,52279.0,243200.0
Leisuretowne,NJ,57901.0,199300.0
Leisure Village,NJ,41304.0,119000.0
Leisure Village East,NJ,45395.0,211100.0
Leisure Village West,NJ,54167.0,182800.0
Leonardo,NJ,113750.0,391300.0
Leonia borough,NJ,110679.0,619700.0
Liberty Corner,NJ,250001.0,992200.0
Lincoln Park borough,NJ,112056.0,407700.0
Lincroft,NJ,186875.0,674300.0
Linden,NJ,86801.0,357000.0
Lindenwold borough,NJ,53645.0,155400.0
Linwood,NJ,133487.0,338700.0
Little Ferry borough,NJ,72722.0,389800.0
Little Silver borough,NJ,216974.0,817200.0
Llewellyn Park,NJ,172254.0,960500.0
Loch Arbour,NJ,122500.0,1263900.0
Lodi borough,NJ,80044.0,423900.0
Long Branch,NJ,72234.0,446800.0
Longport borough,NJ,101250.0,996800.0
Long Valley,NJ,117000.0,438900.0
Lopatcong Overlook,NJ,83242.0,192800.0
Lower Berkshire Valley,NJ,131154.0,384700.0
Lyons,NJ,250001.0,898800.0
McGuire AFB,NJ,82480.0,
McKee City,NJ,72140.0,205100.0
Macopin,NJ,112143.0,376600.0
Madison borough,NJ,163567.0,844700.0
Madison Park,NJ,74651.0,353800.0
Magnolia borough,NJ,74295.0,200000.0
Malaga,NJ,75795.0,199100.0
Manahawkin,NJ,82870.0,399400.0
Manasquan borough,NJ,130240.0,865600.0
Mantoloking borough,NJ,240417.0,2000001.0
Manville borough,NJ,85925.0,301300.0
Margate City,NJ,112661.0,572100.0
Marksboro,NJ,64583.0,270000.0
Marlboro,NJ,93125.0,215600.0
Marlton,NJ,90345.0,288300.0
Marmora,NJ,103594.0,339400.0
Marshallville,NJ,163750.0,352200.0
Martinsville,NJ,194485.0,662700.0
Matawan borough,NJ,125040.0,407800.0
Mauricetown,NJ,61977.0,195600.0
Mays Landing,NJ,83639.0,240900.0
Maywood borough,NJ,119057.0,470100.0
Medford Lakes borough,NJ,139879.0,360000.0
Mendham borough,NJ,212550.0,759800.0
Menlo Park Terrace,NJ,119474.0,366000.0
Mercerville,NJ,116380.0,308400.0
Merchantville borough,NJ,72375.0,284800.0
Metuchen borough,NJ,154339.0,537000.0
Mickleton,NJ,123125.0,346400.0
Middlebush,NJ,122778.0,461200.0
Middlesex borough,NJ,101868.0,390200.0
Midland Park borough,NJ,136326.0,557800.0
Milford borough,NJ,89196.0,282600.0
Millington,NJ,199375.0,735000.0
Millstone borough,NJ,133929.0,473500.0
Milltown borough,NJ,125043.0,406300.0
Millville,NJ,65279.0,185400.0
Milmay,NJ,59792.0,235100.0
Mizpah,NJ,,240800.0
Money Island,NJ,,
Monmouth Beach borough,NJ,144792.0,912700.0
Monmouth Junction,NJ,121857.0,478700.0
Monroe Manor,NJ,198485.0,574800.0
Montclair State University,NJ,,
Montvale borough,NJ,175179.0,673700.0
Moonachie borough,NJ,90263.0,416400.0
Moorestown-Lenola,NJ,136574.0,491100.0
Morganville,NJ,129521.0,583700.0
Morris Plains borough,NJ,144540.0,602000.0
Morristown,NJ,113926.0,535900.0
Mountain Lake,NJ,93690.0,306100.0
Mountain Lakes borough,NJ,250001.0,869800.0
Mountainside borough,NJ,162531.0,719000.0
Mount Arlington borough,NJ,95431.0,374300.0
Mount Ephraim borough,NJ,81800.0,200400.0
Mount Hermon,NJ,,398300.0
Mount Hope,NJ,83860.0,350400.0
Mount Royal,NJ,,341500.0
Mount Tabor,NJ,100054.0,410500.0
Mullica Hill,NJ,123265.0,387900.0
Mystic Island,NJ,65194.0,261700.0
National Park borough,NJ,83125.0,181000.0
Navesink,NJ,163699.0,657800.0
Neptune City borough,NJ,82009.0,367900.0
Nesco,NJ,,354900.0
Neshanic,NJ,141771.0,495700.0
Neshanic Station,NJ,206322.0,620300.0
Netcong borough,NJ,83125.0,332600.0
Newark,NJ,46460.0,312300.0
New Brunswick,NJ,57138.0,289800.0
New Egypt,NJ,70060.0,342500.0
Newfield borough,NJ,103438.0,230100.0
Newfoundland,NJ,122847.0,431700.0
New Gretna,NJ,92813.0,303100.0
New Milford borough,NJ,107976.0,480000.0
Newport,NJ,57188.0,171200.0
New Providence borough,NJ,167188.0,700700.0
Newton,NJ,72240.0,271300.0
Newtonville,NJ,103772.0,198200.0
New Vernon,NJ,100844.0,2000001.0
New Village,NJ,98393.0,248000.0
North Arlington borough,NJ,96869.0,442700.0
North Beach Haven,NJ,104183.0,960300.0
North Caldwell borough,NJ,215000.0,875800.0
North Cape May,NJ,71389.0,282600.0
Northfield,NJ,103977.0,252200.0
North Haledon borough,NJ,128472.0,479500.0
North Middletown,NJ,136500.0,296200.0
North Plainfield borough,NJ,81219.0,334100.0
Northvale borough,NJ,120278.0,542000.0
North Wildwood,NJ,81102.0,438100.0
Norwood borough,NJ,156630.0,633800.0
Oakhurst,NJ,130313.0,585600.0
Oakland borough,NJ,162848.0,535900.0
Oaklyn borough,NJ,81012.0,228900.0
Oak Ridge,NJ,119004.0,385500.0
Oak Valley,NJ,86875.0,207900.0
Ocean Acres,NJ,106367.0,326000.0
Ocean City,NJ,98576.0,664100.0
Ocean Gate borough,NJ,67788.0,323000.0
Ocean Grove,NJ,72500.0,771700.0
Oceanport borough,NJ,132723.0,644200.0
Ocean View,NJ,97868.0,344300.0
Oceanville,NJ,158967.0,302000.0
Ogdensburg borough,NJ,107569.0,277100.0
Old Bridge,NJ,104712.0,440400.0
Old Tappan borough,NJ,195833.0,923400.0
Oldwick,NJ,148750.0,693900.0
Olivet,NJ,118058.0,270400.0
Oradell borough,NJ,196023.0,692200.0
Othello,NJ,103750.0,264300.0
Oxford,NJ,60833.0,176400.0
Packanack Lake,NJ,182274.0,573100.0
Palermo,NJ,96970.0,411700.0
Palisades Park borough,NJ,93250.0,671400.0
Palmyra borough,NJ,84866.0,203100.0
Panther Valley,NJ,124035.0,342900.0
Paramus borough,NJ,136824.0,684800.0
Park Ridge borough,NJ,164241.0,661300.0
Parsippany,NJ,102074.0,517500.0
Passaic,NJ,57832.0,379800.0
Paterson,NJ,52092.0,314100.0
Paulsboro borough,NJ,58271.0,162500.0
Peapack and Gladstone borough,NJ,183125.0,826900.0
Pedricktown,NJ,60000.0,192800.0
Pemberton borough,NJ,85701.0,297100.0
Pemberton Heights,NJ,73798.0,225700.0
Pennington borough,NJ,166957.0,563000.0
Penns Grove borough,NJ,29821.0,143400.0
Pennsville,NJ,76009.0,175800.0
Perth Amboy,NJ,56239.0,327700.0
Phillipsburg,NJ,64130.0,157500.0
Pine Beach borough,NJ,116518.0,369000.0
Pine Brook,NJ,151680.0,679400.0
Pine Hill borough,NJ,69176.0,170700.0
Pine Lake Park,NJ,87358.0,326600.0
Pine Ridge at Crestwood,NJ,56750.0,116300.0
Pines Lake,NJ,178705.0,603600.0
Pitman borough,NJ,91566.0,234600.0
Plainfield,NJ,70712.0,351500.0
Plainsboro Center,NJ,112629.0,461200.0
Pleasantdale,NJ,155643.0,490100.0
Pleasant Plains,NJ,,593300.0
Pleasantville,NJ,48704.0,155800.0
Pluckemin,NJ,51659.0,619600.0
Point Pleasant borough,NJ,106203.0,475400.0
Point Pleasant Beach borough,NJ,119647.0,772100.0
Pomona,NJ,95161.0,237200.0
Pompton Lakes borough,NJ,113781.0,373900.0
Pompton Plains,NJ,111503.0,484600.0
Port Colden,NJ,52009.0,341600.0
Port Elizabeth,NJ,173611.0,222900.0
Port Monmouth,NJ,95268.0,404200.0
Port Morris,NJ,62894.0,339500.0
Port Murray,NJ,,
Port Norris,NJ,44091.0,114300.0
Port Reading,NJ,139864.0,397800.0
Port Republic,NJ,128611.0,359800.0
Pottersville,NJ,161806.0,588200.0
Preakness,NJ,133265.0,570400.0
Presidential Lakes Estates,NJ,84423.0,223200.0
Princeton,NJ,176695.0,971200.0
Princeton Junction,NJ,209554.0,633700.0
Princeton Meadows,NJ,120758.0,584500.0
Prospect Park borough,NJ,54271.0,365300.0
Quinton,NJ,88036.0,131300.0
Rahway,NJ,86557.0,343200.0
Rainbow Lakes,NJ,102917.0,521300.0
Ramapo College of New Jersey,NJ,,
Ramblewood,NJ,104938.0,348400.0
Ramsey borough,NJ,160589.0,657400.0
Ramtown,NJ,123250.0,398300.0
Raritan borough,NJ,99928.0,435800.0
Red Bank borough,NJ,89500.0,424700.0
Regency at Monroe,NJ,107642.0,646300.0
Renaissance at Monroe,NJ,118072.0,456600.0
Richland,NJ,,234200.0
Richwood,NJ,201037.0,587400.0
Ridgefield borough,NJ,105609.0,556000.0
Ridgefield Park,NJ,94047.0,444600.0
Ridgewood,NJ,211224.0,858900.0
Ringoes,NJ,86667.0,381400.0
Ringwood borough,NJ,141800.0,417500.0
Rio Grande,NJ,88033.0,326100.0
Riverdale borough,NJ,103214.0,383000.0
River Edge borough,NJ,150073.0,625000.0
Riverton borough,NJ,122069.0,344100.0
Roadstown,NJ,107188.0,220800.0
Robbinsville Center,NJ,152535.0,501500.0
Robertsville,NJ,188068.0,613000.0
Rockaway borough,NJ,93750.0,395500.0
Rockleigh borough,NJ,206250.0,2000001.0
Rocky Hill borough,NJ,126250.0,587000.0
Roebling,NJ,89917.0,188100.0
Roosevelt borough,NJ,101339.0,346500.0
Roseland borough,NJ,135451.0,614300.0
Roselle borough,NJ,75264.0,293300.0
Roselle Park borough,NJ,97769.0,359400.0
Rosenhayn,NJ,59654.0,208300.0
Ross Corner,NJ,,
Rossmoor,NJ,46917.0,153100.0
Rumson borough,NJ,250001.0,1539900.0
Runnemede borough,NJ,85700.0,186800.0
Rutgers University-Busch Campus,NJ,87500.0,
Rutgers University-Livingston Campus,NJ,,
Rutherford borough,NJ,128576.0,572300.0
Saddle River borough,NJ,228750.0,2000001.0
Salem,NJ,35143.0,65100.0
Sayreville borough,NJ,95250.0,377600.0
Sea Bright borough,NJ,109402.0,798000.0
Seabrook Farms,NJ,43869.0,196900.0
Sea Girt borough,NJ,218438.0,1980600.0
Sea Isle City,NJ,90703.0,903100.0
Seaside Heights borough,NJ,51364.0,372900.0
Seaside Park borough,NJ,80658.0,800000.0
Seaville,NJ,127063.0,396200.0
Secaucus,NJ,129348.0,557800.0
Seeley,NJ,92308.0,307700.0
Sewaren,NJ,107887.0,360300.0
Sewell,NJ,130884.0,276200.0
Shark River Hills,NJ,122500.0,445500.0
Sheppards Mill,NJ,,308300.0
Shiloh borough,NJ,87917.0,192300.0
Ship Bottom borough,NJ,95208.0,850900.0
Short Hills,NJ,250001.0,1563100.0
Shrewsbury borough,NJ,158065.0,698900.0
Sicklerville,NJ,97576.0,232000.0
Silver Lake (Cumberland County),NJ,120833.0,286200.0
Silver Lake (Essex County),NJ,80365.0,441700.0
Silver Lake (Warren County),NJ,88295.0,239300.0
Silver Ridge,NJ,33625.0,207300.0
Singac,NJ,96467.0,359700.0
Six Mile Run,NJ,115526.0,525800.0
Skillman,NJ,132105.0,448200.0
Smithville,NJ,67453.0,238600.0
Somerdale borough,NJ,83778.0,207300.0
Somerset,NJ,110859.0,381500.0
Somers Point,NJ,68262.0,250800.0
Somerville borough,NJ,102423.0,378200.0
South Amboy,NJ,94776.0,346300.0
South Bound Brook borough,NJ,92625.0,316600.0
South Dennis,NJ,122083.0,359600.0
South Plainfield borough,NJ,123417.0,417300.0
South River borough,NJ,95981.0,360800.0
South Seaville,NJ,118427.0,281000.0
South Toms River borough,NJ,96688.0,248900.0
Spotswood borough,NJ,100781.0,355300.0
Springdale,NJ,169016.0,434100.0
Springfield,NJ,153750.0,563700.0
Spring Lake borough,NJ,157250.0,2000001.0
Spring Lake Heights borough,NJ,104143.0,614200.0
Stanhope borough,NJ,125938.0,287900.0
Stewartsville,NJ,149417.0,422100.0
Stirling,NJ,150313.0,637700.0
Stockton borough,NJ,100833.0,397800.0
Stockton University,NJ,,
Stonebridge,NJ,113080.0,562000.0
Stone Harbor borough,NJ,130000.0,1739400.0
Stratford borough,NJ,89200.0,219900.0
Strathmere,NJ,102162.0,966200.0
Strathmore,NJ,153988.0,475900.0
Succasunna,NJ,162566.0,467800.0
Summit,NJ,176702.0,907900.0
Sunset Lake,NJ,,403100.0
Surf City borough,NJ,110750.0,884000.0
Sussex borough,NJ,65481.0,238600.0
Swedesboro borough,NJ,92218.0,228300.0
Sweetwater,NJ,98843.0,371300.0
Tavistock borough,NJ,,
Tenafly borough,NJ,207652.0,951100.0
Ten Mile Run,NJ,162557.0,653700.0
Teterboro borough,NJ,,
The College of New Jersey,NJ,,
The Hills,NJ,155632.0,526200.0
The Ponds,NJ,68961.0,311800.0
Thorofare,NJ,68036.0,236900.0
Three Bridges,NJ,,432400.0
Tinton Falls borough,NJ,107959.0,436000.0
Titusville,NJ,95750.0,343900.0
Toms River,NJ,92012.0,356100.0
Totowa borough,NJ,112097.0,470700.0
Towaco,NJ,154432.0,634800.0
Trenton,NJ,44444.0,111200.0
Troy Hills,NJ,179766.0,634700.0
Tuckahoe,NJ,128667.0,297200.0
Tuckerton borough,NJ,80957.0,268600.0
Turnersville,NJ,152120.0,316500.0
Twin Rivers,NJ,110750.0,260500.0
Union,NJ,124100.0,418000.0
Union Beach borough,NJ,124828.0,380800.0
Union City,NJ,59967.0,448000.0
Upper Greenwood Lake,NJ,126250.0,316700.0
Upper Montclair,NJ,234620.0,900100.0
Upper Pohatcong,NJ,95893.0,227800.0
Upper Saddle River borough,NJ,234476.0,1029700.0
Upper Stewartsville,NJ,,401700.0
Vauxhall,NJ,100811.0,340400.0
Ventnor City,NJ,71321.0,320500.0
Vernon Center,NJ,69519.0,145700.0
Vernon Valley,NJ,126250.0,288800.0
Victory Gardens borough,NJ,55000.0,224500.0
Victory Lakes,NJ,94821.0,208500.0
Vienna,NJ,156750.0,431300.0
Villas,NJ,74182.0,256500.0
Vincentown,NJ,98672.0,228600.0
Vineland,NJ,63468.0,205500.0
Vista Center,NJ,126902.0,538600.0
Voorhees,NJ,63052.0,350000.0
Waldwick borough,NJ,150861.0,546200.0
Wallington borough,NJ,79270.0,452200.0
Wanamassa,NJ,162954.0,446500.0
Wanaque borough,NJ,108650.0,349900.0
Waretown,NJ,101500.0,405300.0
Washington borough,NJ,67761.0,207400.0
Washington Crossing,NJ,147768.0,367900.0
Watchung borough,NJ,157065.0,792400.0
Watsessing,NJ,81903.0,409100.0
Wenonah borough,NJ,127125.0,320900.0
West Belmar,NJ,108667.0,473000.0
West Berlin,NJ,92125.0,219300.0
West Cape May borough,NJ,87212.0,612200.0
Westfield,NJ,203235.0,890000.0
West Freehold,NJ,117108.0,475900.0
West Long Branch borough,NJ,114036.0,611600.0
Westmont,NJ,112436.0,341300.0
West New York,NJ,70141.0,407000.0
Weston,NJ,87417.0,544000.0
West Park,NJ,67917.0,199700.0
Westville borough,NJ,63000.0,173400.0
West Wildwood borough,NJ,58750.0,345200.0
Westwood borough,NJ,160466.0,535900.0
Wharton borough,NJ,91557.0,324600.0
Whippany,NJ,145519.0,606400.0
White Horse,NJ,101380.0,264000.0
White House Station,NJ,104155.0,416000.0
White Meadow Lake,NJ,151327.0,423000.0
Whitesboro,NJ,62273.0,213000.0
Whittingham,NJ,71996.0,368000.0
Wildwood,NJ,49131.0,323000.0
Wildwood Crest borough,NJ,64363.0,510700.0
William Paterson University of New Jersey,NJ,,
Williamstown,NJ,89567.0,239900.0
Windsor,NJ,54318.0,430900.0
Woodbine borough,NJ,41167.0,190200.0
Woodbridge,NJ,103481.0,344200.0
Woodbury,NJ,75425.0,191200.0
Woodbury Heights borough,NJ,112222.0,232700.0
Woodcliff Lake borough,NJ,227500.0,891300.0
Woodland Park borough,NJ,90323.0,452300.0
Woodlynne borough,NJ,68125.0,111000.0
Wood-Ridge borough,NJ,132901.0,499700.0
Woodstown borough,NJ,86528.0,232600.0
Wrightstown borough,NJ,53125.0,207800.0
Yardville,NJ,107661.0,297300.0
Yorketown,NJ,156838.0,522700.0
Zarephath,NJ,,
Abeytas,NM,,
Abiquiu,NM,,
Acomita Lake,NM,78417.0,
Adelino,NM,48892.0,
Agua Fria,NM,42411.0,254500.0
Alamillo,NM,27656.0,89100.0
Alamo,NM,24118.0,9999.0
Alamogordo,NM,50721.0,148500.0
Albuquerque,NM,61503.0,246000.0
Alcalde,NM,42813.0,219200.0
Algodones,NM,40500.0,250000.0
Alma,NM,,
Angel Fire,NM,76875.0,395600.0
Angustura,NM,54500.0,161800.0
Animas,NM,,156800.0
Anthony,NM,27406.0,100000.0
Anton Chico,NM,21979.0,134400.0
Anzac Village,NM,66875.0,
Apache Creek,NM,,
Aragon,NM,,93100.0
Arenas Valley,NM,68068.0,210100.0
Arrey,NM,,
Arroyo Hondo (Santa Fe County),NM,95750.0,1009400.0
Arroyo Hondo (Taos County),NM,,
Arroyo Seco,NM,59960.0,451400.0
Artesia,NM,75389.0,212900.0
Atoka,NM,77816.0,117600.0
Aztec,NM,45846.0,167500.0
Barton,NM,81406.0,320000.0
Bayard,NM,34699.0,98700.0
Becenti,NM,33906.0,55400.0
Beclabito,NM,60500.0,77700.0
Belen,NM,38838.0,112500.0
Bent,NM,,
Berino,NM,26477.0,90700.0
Bernalillo,NM,57905.0,213000.0
Bibo,NM,,
Black Hat,NM,,
Black Rock,NM,45714.0,94600.0
Blanco,NM,49943.0,215700.0
Bloomfield,NM,49442.0,159200.0
Bluewater,NM,145330.0,270800.0
Bluewater Village,NM,,
Boles Acres,NM,73030.0,224400.0
Borrego Pass,NM,11250.0,92500.0
Bosque Farms,NM,67435.0,243500.0
Brazos,NM,,
Brimhall Nizhoni,NM,51250.0,62400.0
Broadview,NM,,
Buckhorn,NM,,
Butterfield Park,NM,55114.0,
Caballo,NM,,
Cañada de los Alamos,NM,78506.0,423700.0
Candy Kitchen,NM,,
Canjilon,NM,158190.0,356800.0
Cannon AFB,NM,56786.0,
Cañon,NM,92344.0,
Cañoncito,NM,69178.0,362500.0
Cañones,NM,,
Canova,NM,,
Capitan,NM,48826.0,126700.0
Capulin,NM,32411.0,39200.0
Carlsbad,NM,77209.0,172500.0
Carnuel,NM,86681.0,257200.0
Carrizozo,NM,27829.0,64100.0
Casa Colorada,NM,110167.0,164300.0
Casas Adobes,NM,53173.0,
Catalpa Canyon,NM,,133600.0
Causey,NM,50000.0,72100.0
Cedar Crest,NM,106550.0,310100.0
Cedar Grove,NM,61020.0,169300.0
Cedar Hill,NM,68958.0,270000.0
Cedro,NM,100694.0,317400.0
Center Point,NM,45969.0,187900.0
Chama,NM,40521.0,175300.0
Chamberino,NM,,208500.0
Chamisal,NM,34875.0,180700.0
Chamita,NM,62292.0,225800.0
Chamizal,NM,,
Chaparral,NM,44219.0,90200.0
Chical,NM,77985.0,352000.0
Chili,NM,58683.0,263700.0
Chilili,NM,,
Chimayo,NM,61250.0,209500.0
Chupadero,NM,144792.0,
Church Rock,NM,31875.0,33800.0
Cimarron,NM,35917.0,150000.0
City of the Sun,NM,,
Clayton,NM,33239.0,109900.0
Cliff,NM,36000.0,263000.0
Cloudcroft,NM,51484.0,172400.0
Clovis,NM,52983.0,148400.0
Cobre,NM,,
Cochiti,NM,63500.0,220300.0
Cochiti Lake,NM,57813.0,182000.0
Columbus,NM,26549.0,77000.0
Conchas Dam,NM,,
Conejo,NM,99769.0,892400.0
Continental Divide,NM,,
Cordova,NM,,110300.0
Corona,NM,28125.0,88000.0
Corrales,NM,94966.0,488300.0
Costilla,NM,,
Cotton City,NM,70037.0,175300.0
Coyote,NM,,
Crestview,NM,117909.0,206800.0
Crouch Mesa,NM,50100.0,83500.0
Crownpoint,NM,35362.0,60900.0
Cruzville,NM,58603.0,
Crystal,NM,,62100.0
Cuartelez,NM,,
Cuba,NM,34432.0,172200.0
Cubero,NM,,
Cundiyo,NM,,
Cuyamungue,NM,64500.0,305000.0
Cuyamungue Grant,NM,91094.0,382100.0
Datil,NM,,
Deer Canyon,NM,,
Deming,NM,33548.0,101900.0
Des Moines,NM,54750.0,
Dexter,NM,48750.0,96200.0
Dixon,NM,33674.0,287000.0
Doña Ana,NM,26223.0,104400.0
Dora,NM,56161.0,
Dulce,NM,41250.0,56700.0
Duran,NM,,
Eagle Nest,NM,43750.0,174200.0
East Pecos,NM,,
Edgewood,NM,70568.0,235600.0
Edith Enclave,NM,91667.0,264600.0
El Cerro,NM,108200.0,232900.0
El Cerro Mission,NM,45264.0,86300.0
Eldorado at Santa Fe,NM,93969.0,484800.0
El Duende,NM,,
Elephant Butte,NM,52641.0,164600.0
Elida,NM,47917.0,49100.0
El Morro Valley,NM,,
El Rancho,NM,66250.0,261600.0
El Rito,NM,21422.0,270400.0
El Valle de Arroyo Seco,NM,65750.0,230700.0
Encantado,NM,,714300.0
Encinal,NM,72031.0,39100.0
Encino,NM,,
Ensenada,NM,,
Escondida,NM,,
Escudilla Bonita,NM,93140.0,
Española,NM,44427.0,188100.0
Estancia,NM,32286.0,99400.0
Eunice,NM,68819.0,132800.0
Fairacres,NM,,
Farmington,NM,61388.0,219300.0
Faywood,NM,,
Fence Lake,NM,,
Flora Vista,NM,41525.0,197600.0
Floyd,NM,35938.0,190600.0
Folsom,NM,71875.0,184400.0
Fort Sumner,NM,,247700.0
Fort Wingate,NM,250001.0,
Fruitland,NM,,
Galisteo,NM,75859.0,635600.0
Gallina,NM,125208.0,280800.0
Gallup,NM,58358.0,143500.0
Gamerco,NM,,
Garfield,NM,,
Gila,NM,,264900.0
Gila Hot Springs,NM,,
Glen Acres,NM,96250.0,97400.0
Glenwood,NM,78929.0,155000.0
Glorieta,NM,46394.0,304300.0
Golden,NM,,
Golden Acres,NM,122670.0,306800.0
Grady,NM,66220.0,96700.0
Grants,NM,55631.0,137100.0
Grenville,NM,,112500.0
Hachita,NM,,
Hagerman,NM,52500.0,81300.0
Hanover,NM,29872.0,97800.0
Happy Valley,NM,61083.0,171300.0
Hatch,NM,42917.0,111800.0
Haystack,NM,33750.0,56400.0
Hernandez,NM,19429.0,201200.0
Highland Meadows,NM,26339.0,68500.0
High Rolls,NM,71094.0,250000.0
Hillsboro,NM,16365.0,225600.0
Hobbs,NM,63804.0,165000.0
Holloman AFB,NM,48263.0,
Homer C Jones,NM,,
Homestead,NM,,
Hope,NM,,
Hot Springs Landing,NM,,
House,NM,,114300.0
Hurley,NM,39313.0,82100.0
Hyde Park,NM,174345.0,1083300.0
Indian Hills,NM,57431.0,159500.0
Isleta,NM,,87300.0
Iyanbito,NM,38750.0,60000.0
Jacona,NM,50625.0,357700.0
Jaconita,NM,70417.0,236200.0
Jal,NM,56731.0,112800.0
Jamestown,NM,73281.0,155100.0
Jarales,NM,50673.0,97400.0
Jemez Pueblo,NM,56116.0,216700.0
Jemez Springs,NM,88750.0,267400.0
Keeler Farm,NM,49231.0,123600.0
Kingston,NM,,
Kirtland,NM,99167.0,265600.0
Kirtland AFB,NM,75900.0,
La Bajada,NM,,1075000.0
La Boca,NM,,
La Cienega,NM,72959.0,362100.0
La Cueva (Sandoval County),NM,162969.0,220800.0
La Cueva (Santa Fe County),NM,53462.0,309100.0
Laguna,NM,41905.0,
La Hacienda,NM,,56200.0
La Huerta,NM,,354800.0
La Jara,NM,,
La Joya,NM,,
Lake Arthur,NM,51429.0,82500.0
Lake Roberts,NM,,
Lake Roberts Heights,NM,,
Lake Sumner,NM,,9999.0
Lake Valley,NM,77880.0,179200.0
La Luz,NM,41467.0,73500.0
La Madera (Rio Arriba County),NM,,
La Madera (Sandoval County),NM,,679300.0
La Mesa,NM,38693.0,101200.0
La Mesilla,NM,71473.0,248800.0
Lamy,NM,,564700.0
La Plata,NM,53056.0,169900.0
La Puebla,NM,68393.0,269000.0
Las Campanas,NM,173333.0,1347400.0
Las Cruces,NM,51013.0,197200.0
Las Maravillas,NM,55734.0,175000.0
Las Nutrias,NM,68194.0,
Las Palomas,NM,,102100.0
Las Tusas,NM,55636.0,140400.0
Las Vegas,NM,39558.0,131500.0
La Tierra,NM,228550.0,
La Union,NM,,
La Villita,NM,99127.0,258400.0
Lee Acres,NM,44850.0,158400.0
Lemitar,NM,,128300.0
Lindrith,NM,55625.0,
Little Walnut Village,NM,94556.0,269700.0
Livingston Wheeler,NM,74464.0,174000.0
Llano del Medio,NM,,
Lobo Canyon,NM,82841.0,153400.0
Loco Hills,NM,,
Logan,NM,25673.0,104200.0
Lordsburg,NM,37240.0,76500.0
Los Alamos,NM,130342.0,410100.0
Los Cerrillos,NM,37250.0,
Los Chaves,NM,77364.0,221600.0
Los Luceros,NM,,
Los Lunas,NM,68934.0,212600.0
Los Ojos,NM,,
Los Ranchos de Albuquerque,NM,67747.0,464400.0
Loving,NM,50000.0,133200.0
Lovington,NM,70029.0,151000.0
Lower Frisco,NM,,
Luis Lopez,NM,,
Lumberton,NM,,
Luna,NM,21968.0,9999.0
Lybrook,NM,,
Lyden,NM,,
McCartys Village,NM,41150.0,229500.0
McGaffey,NM,,
McIntosh,NM,65577.0,172100.0
Madrid,NM,,306900.0
Madrone,NM,,
Magdalena,NM,28848.0,110700.0
Malaga,NM,139107.0,232100.0
Manuelito,NM,19250.0,
Manzano,NM,,
Manzano Springs,NM,,
Maxwell,NM,37813.0,80400.0
Mayhill,NM,,
Meadow Lake,NM,36525.0,85600.0
Medanales,NM,,
Melrose,NM,34219.0,58100.0
Mescalero,NM,29359.0,32500.0
Mesilla,NM,65809.0,293400.0
Mesita,NM,49719.0,39000.0
Mesquite,NM,65816.0,97000.0
Middle Frisco,NM,,
Middle Mesa,NM,43346.0,
Midway,NM,35708.0,155300.0
Milan,NM,36433.0,46900.0
Mimbres,NM,62083.0,189100.0
Mogollon,NM,,
Monterey Park,NM,25357.0,130600.0
Monument,NM,,261900.0
Moquino,NM,,
Mora,NM,64375.0,215400.0
Moriarty,NM,33026.0,105300.0
Morningside,NM,,
Mosquero,NM,16806.0,
Mountainair,NM,38482.0,92300.0
Mountain View (Cibola County),NM,36250.0,
Mountain View (Luna County),NM,,
Mount Taylor,NM,108625.0,
Nadine,NM,102569.0,226800.0
Nageezi,NM,10893.0,38300.0
Nakaibito,NM,27292.0,54400.0
Nambe,NM,42596.0,233200.0
Napi Headquarters,NM,26362.0,53400.0
Nara Visa,NM,27188.0,
Naschitti,NM,26250.0,127100.0
Navajo,NM,28160.0,50800.0
Navajo Dam,NM,63375.0,
Nenahnezad,NM,40511.0,75000.0
Newcomb,NM,27375.0,23100.0
Newkirk,NM,,
Nogal,NM,,210700.0
North Acomita Village,NM,,26900.0
North Hobbs,NM,78608.0,208000.0
North Hurley,NM,,
North Light Plant,NM,53684.0,136500.0
North San Ysidro,NM,,
North Valley,NM,59421.0,278200.0
Oasis,NM,11019.0,
Ohkay Owingeh,NM,62266.0,2000001.0
Ojo Amarillo,NM,21510.0,
Ojo Caliente,NM,,
Ojo Encino,NM,25825.0,93800.0
Ojo Sarco,NM,,
Old Town,NM,,
Organ,NM,230152.0,
Orogrande,NM,,
Paa-Ko,NM,199583.0,739700.0
Paguate,NM,,46200.0
Pajarito Mesa,NM,11036.0,55900.0
Paradise Hills,NM,68710.0,230500.0
Paraje,NM,28942.0,40400.0
Pastura,NM,,
Peak Place,NM,47500.0,12800.0
Pecan Park,NM,,
Pecos,NM,42105.0,79200.0
Peña Blanca,NM,65104.0,162500.0
Peñasco,NM,31429.0,209800.0
Peralta,NM,57711.0,242800.0
Picacho Hills,NM,143864.0,428400.0
Picuris Pueblo,NM,28125.0,175000.0
Pie Town,NM,,
Pinedale,NM,12348.0,44400.0
Pinehaven,NM,,
Pinehill,NM,41250.0,
Pinon,NM,,
Pinos Altos,NM,,284400.0
Placitas (Doña Ana County),NM,13354.0,
Placitas (Sandoval County),NM,105216.0,470300.0
Playas,NM,,
Pleasanton,NM,48875.0,
Pojoaque,NM,61583.0,94600.0
Polvadera,NM,,161200.0
Ponderosa,NM,55625.0,157100.0
Ponderosa Pine,NM,88253.0,282100.0
Portales,NM,49313.0,124000.0
Prewitt,NM,18445.0,
Pueblito,NM,68333.0,
Pueblitos,NM,57361.0,160300.0
Pueblo,NM,,
Pueblo of Sandia Village,NM,28214.0,171900.0
Pueblo Pintado,NM,40536.0,75000.0
Puerto de Luna,NM,250001.0,235000.0
Pulpotio Bareas,NM,,
Punta de Agua,NM,,
Purty Rock,NM,,
Quemado,NM,64141.0,
Questa,NM,53047.0,182000.0
Radium Springs,NM,41750.0,113900.0
Ramah,NM,106932.0,209800.0
Rancho Grande,NM,,
Ranchos de Taos,NM,50750.0,384300.0
Raton,NM,40899.0,119100.0
Red River,NM,,323800.0
Redrock,NM,,
Red Rock Ranch,NM,,
Regina,NM,39000.0,217600.0
Reserve,NM,37500.0,166700.0
Ribera,NM,47237.0,174300.0
Rincon,NM,,
Rio Chiquito,NM,,239600.0
Rio Communities,NM,45179.0,163400.0
Rio en Medio,NM,94063.0,
Rio Lucio,NM,43750.0,176300.0
Rio Rancho,NM,78978.0,246700.0
Rio Rancho Estates,NM,110185.0,268600.0
Rivers,NM,,
Rock Springs,NM,,21700.0
Rodeo,NM,,
Rodey,NM,,
Rosedale,NM,,195800.0
Roswell,NM,48298.0,130200.0
Rowe,NM,90708.0,
Roy,NM,38693.0,
Ruidoso,NM,36033.0,224800.0
Ruidoso Downs,NM,28939.0,54400.0
Sacramento,NM,,
Sagar,NM,,
Salem,NM,26768.0,62100.0
San Acacia,NM,,
San Antonio,NM,,
San Antonito (Bernalillo County),NM,58924.0,308000.0
San Antonito (Socorro County),NM,,
San Cristobal,NM,,
Sandia Heights,NM,151991.0,593100.0
Sandia Knolls,NM,98298.0,281300.0
Sandia Park,NM,127045.0,434000.0
San Felipe Pueblo,NM,33000.0,240600.0
San Fidel,NM,,
San Ildefonso Pueblo,NM,82656.0,260600.0
San Jon,NM,39063.0,62100.0
San Jose (Rio Arriba County),NM,54107.0,219400.0
San Jose (San Miguel County),NM,,
San Lorenzo,NM,67344.0,
San Luis,NM,,
San Mateo,NM,,
San Miguel,NM,52721.0,112100.0
Sanostee,NM,26875.0,60200.0
San Pablo,NM,,279200.0
San Pedro,NM,,427600.0
San Rafael,NM,77903.0,102600.0
Santa Ana Pueblo,NM,59318.0,135300.0
Santa Clara,NM,46078.0,108300.0
Santa Clara Pueblo,NM,48625.0,209400.0
Santa Cruz,NM,33676.0,216700.0
Santa Fe,NM,67663.0,370600.0
Santa Fe Foothills,NM,157955.0,1000000.0
Santa Rosa,NM,41250.0,109500.0
Santa Teresa,NM,58320.0,212700.0
Santo Domingo Pueblo,NM,52969.0,162200.0
San Ysidro,NM,126500.0,293500.0
San Ysidro,NM,,256700.0
Sausal,NM,,218300.0
Seama,NM,37566.0,
Seboyeta,NM,56397.0,18200.0
Sedillo,NM,,382700.0
Sena,NM,,
Seton Village,NM,126250.0,830400.0
Sheep Springs,NM,19886.0,92500.0
Shiprock,NM,38393.0,86100.0
Silver City,NM,36853.0,150100.0
Skyline-Ganipa,NM,62895.0,71100.0
Socorro,NM,42622.0,149200.0
Soham,NM,,
Sombrillo,NM,175234.0,242700.0
South Acomita Village,NM,32434.0,113200.0
South River,NM,74125.0,212000.0
South Valley,NM,44670.0,184400.0
Spencerville,NM,71705.0,209900.0
Springer,NM,36458.0,89200.0
Stanley,NM,,144200.0
Stoneridge,NM,,
Sundance,NM,39643.0,51100.0
Sunland Park,NM,45545.0,175200.0
Sunlit Hills,NM,82639.0,775700.0
Sunshine,NM,100781.0,155800.0
Tajique,NM,,
Talpa,NM,46473.0,337500.0
Tano Road,NM,150938.0,959400.0
Taos,NM,40185.0,336400.0
Taos Pueblo,NM,36597.0,308600.0
Taos Ski Valley,NM,71667.0,422200.0
Tatum,NM,46477.0,91500.0
Tecolote,NM,,
Tecolotito,NM,33971.0,9999.0
Tesuque,NM,56250.0,820700.0
Tesuque Pueblo,NM,59375.0,105800.0
Texico,NM,56250.0,97100.0
Thoreau,NM,30125.0,50700.0
Thunder Mountain,NM,44725.0,326400.0
Tierra Amarilla,NM,,
Tijeras,NM,59219.0,238400.0
Timberlake,NM,,215900.0
Timberon,NM,,
Tohatchi,NM,34602.0,47800.0
Tome,NM,77778.0,293400.0
Torreon (Sandoval County),NM,,
Torreon (Torrance County),NM,38060.0,
Tortugas,NM,,
Totah Vista,NM,,
Tres Arroyos,NM,105000.0,639500.0
Trout Valley,NM,,
Truchas,NM,,215600.0
Truth or Consequences,NM,28685.0,101300.0
Tse Bonito,NM,41208.0,9999.0
Tucumcari,NM,34424.0,54000.0
Tularosa,NM,47234.0,112300.0
Turley,NM,57500.0,120600.0
Twin Forks,NM,,225000.0
Twin Lakes,NM,25294.0,58200.0
Tyrone,NM,52989.0,167800.0
University Park,NM,23375.0,
Upper Fruitland,NM,38125.0,85300.0
Ute Park,NM,,
Vadito,NM,50833.0,158000.0
Vado,NM,46380.0,121000.0
Valencia (Santa Fe County),NM,250001.0,
Valencia (Valencia County),NM,59743.0,244000.0
Valle Vista,NM,35833.0,191400.0
Vanderwagen,NM,,
Vaughn,NM,25568.0,48500.0
Veguita,NM,,
Velarde,NM,61227.0,
Ventura,NM,,90200.0
Villanueva,NM,25264.0,110100.0
Virden,NM,118750.0,175900.0
Wagon Mound,NM,41192.0,
Waterflow,NM,58309.0,163400.0
Watrous,NM,,
Weed,NM,,
West Hammond,NM,61250.0,181300.0
White Cliffs,NM,90658.0,
White Rock,NM,144661.0,420000.0
White Sands,NM,88750.0,
Whites City,NM,,
White Signal,NM,89688.0,311800.0
Willard,NM,,93900.0
Williams Acres,NM,47331.0,
Williamsburg,NM,36354.0,52500.0
Windmill,NM,74250.0,52800.0
Winston,NM,,
Yah-ta-hey,NM,68143.0,
Youngsville,NM,,
Zia Pueblo,NM,55724.0,220300.0
Zuni Pueblo,NM,43594.0,72500.0
Accord,NY,135333.0,271400.0
Adams,NY,56818.0,179500.0
Adams Center,NY,90089.0,163400.0
Addison,NY,54271.0,92000.0
Afton,NY,53646.0,99000.0
Airmont,NY,101612.0,626400.0
Akron,NY,48289.0,182300.0
Akwesasne,NY,57969.0,195400.0
Albany,NY,54736.0,213400.0
Albertson,NY,129563.0,730300.0
Albion,NY,41985.0,76000.0
Alden,NY,71985.0,185700.0
Alexander,NY,81190.0,140400.0
Alexandria Bay,NY,50714.0,134800.0
Alfred,NY,43583.0,138700.0
Allegany,NY,70870.0,137300.0
Almond,NY,52000.0,78800.0
Altamont,NY,104350.0,287000.0
Altmar,NY,50536.0,100000.0
Altona,NY,,68300.0
Amagansett,NY,169000.0,1697000.0
Amenia,NY,78512.0,259700.0
Ames,NY,105208.0,125000.0
Amityville,NY,96496.0,482000.0
Amsterdam,NY,46338.0,107900.0
Andes,NY,50750.0,200000.0
Andover,NY,61172.0,71900.0
Angelica,NY,51250.0,71600.0
Angola,NY,71809.0,141700.0
Angola on the Lake,NY,65781.0,132800.0
Antwerp,NY,53750.0,131500.0
Apalachin,NY,76161.0,143300.0
Aquebogue,NY,146142.0,535200.0
Arcade,NY,58900.0,146100.0
Ardsley,NY,243594.0,800000.0
Argyle,NY,52250.0,156500.0
Arkport,NY,60139.0,116200.0
Arlington,NY,77097.0,260300.0
Armonk,NY,234688.0,1006500.0
Asharoken,NY,131250.0,1133000.0
Athens,NY,79306.0,266100.0
Atlantic Beach,NY,156795.0,859600.0
Attica,NY,61311.0,130300.0
Auburn,NY,48203.0,138000.0
Aurora,NY,81500.0,261400.0
Au Sable Forks,NY,52065.0,141900.0
Averill Park,NY,109746.0,209600.0
Avoca,NY,62232.0,84400.0
Avon,NY,71958.0,178400.0
Babylon,NY,136875.0,586300.0
Bainbridge,NY,47368.0,117900.0
Baiting Hollow,NY,108313.0,498300.0
Baldwin,NY,132852.0,523100.0
Baldwinsville,NY,78471.0,173100.0
Ballston Spa,NY,78136.0,260700.0
Balmville,NY,98646.0,362400.0
Bard College,NY,201038.0,
Bardonia,NY,131406.0,581400.0
Barker,NY,59375.0,123300.0
Barneveld,NY,73384.0,
Barnum Island,NY,113203.0,629200.0
Barrytown,NY,78750.0,300000.0
Barryville,NY,,295800.0
Batavia,NY,54937.0,127800.0
Bath,NY,42832.0,99300.0
Baxter Estates,NY,172292.0,1006400.0
Bay Park,NY,100972.0,483900.0
Bayport,NY,128369.0,590700.0
Bay Shore,NY,103272.0,444800.0
Bayville,NY,136346.0,653500.0
Baywood,NY,115592.0,375300.0
Beacon,NY,96891.0,391500.0
Beaver Dam Lake,NY,113775.0,375200.0
Bedford,NY,250001.0,1000700.0
Bedford Hills,NY,84555.0,469500.0
Belfast,NY,57500.0,77600.0
Bellerose,NY,204167.0,827500.0
Bellerose Terrace,NY,140893.0,541400.0
Belle Terre,NY,169500.0,1000000.0
Belleville,NY,83750.0,160000.0
Bellmore,NY,162798.0,624800.0
Bellport,NY,131719.0,672600.0
Belmont,NY,57679.0,87000.0
Bemus Point,NY,81750.0,350000.0
Bergen,NY,84688.0,145700.0
Bethpage,NY,128428.0,574800.0
Big Flats,NY,92389.0,210400.0
Billington Heights,NY,76750.0,290600.0
Binghamton,NY,42031.0,117400.0
Binghamton University,NY,,
Black River,NY,80305.0,209800.0
Blasdell,NY,58611.0,146400.0
Blauvelt,NY,171786.0,602600.0
Bliss,NY,51875.0,101800.0
Blodgett Mills,NY,59464.0,
Bloomfield,NY,86809.0,167400.0
Bloomingburg,NY,42500.0,315500.0
Bloomville,NY,78021.0,114000.0
Blue Point,NY,126818.0,568000.0
Bohemia,NY,116875.0,458400.0
Bolivar,NY,50509.0,73300.0
Bolton Landing,NY,82679.0,310500.0
Boonville,NY,39934.0,141800.0
Brasher Falls,NY,28333.0,89600.0
Breesport,NY,64665.0,119300.0
Brentwood,NY,111572.0,416000.0
Brewerton,NY,69669.0,178900.0
Brewster,NY,55818.0,355800.0
Brewster Heights,NY,135536.0,324600.0
Brewster Hill,NY,89967.0,371100.0
Briarcliff Manor,NY,208988.0,826800.0
Bridgehampton,NY,185521.0,2000001.0
Bridgeport,NY,58491.0,109900.0
Bridgeville,NY,,189600.0
Bridgewater,NY,34677.0,73300.0
Brighton,NY,78570.0,236500.0
Brightwaters,NY,187581.0,672200.0
Brinckerhoff,NY,84830.0,345600.0
Broadalbin,NY,81000.0,144000.0
Brockport,NY,46468.0,127600.0
Brocton,NY,47763.0,97900.0
Bronxville,NY,206850.0,1185700.0
Brookhaven,NY,105481.0,529300.0
Brooktondale,NY,88036.0,442300.0
Brookville,NY,250001.0,2000001.0
Brownville,NY,97794.0,166900.0
Brushton,NY,52212.0,111800.0
Buchanan,NY,133646.0,461500.0
Buffalo,NY,46184.0,132100.0
Burdett,NY,56250.0,125000.0
Burke,NY,85417.0,116700.0
Burlington Flats,NY,105833.0,187500.0
Busti,NY,69097.0,
Byersville,NY,78125.0,135900.0
Cadyville,NY,79904.0,181100.0
Cairo,NY,47063.0,133300.0
Calcium,NY,60389.0,209600.0
Caledonia,NY,85208.0,156500.0
Callicoon,NY,70500.0,150000.0
Calverton,NY,56838.0,172900.0
Cambridge,NY,57880.0,165800.0
Camden,NY,65000.0,147600.0
Camillus,NY,51563.0,121800.0
Campbell,NY,57986.0,88000.0
Canajoharie,NY,64561.0,99500.0
Canandaigua,NY,59144.0,212600.0
Canaseraga,NY,69444.0,71700.0
Canastota,NY,69541.0,134200.0
Candor,NY,54688.0,113400.0
Canisteo,NY,64896.0,102900.0
Canton,NY,57639.0,191800.0
Cape Vincent,NY,61058.0,174200.0
Captree,NY,,
Carle Place,NY,107344.0,680100.0
Carmel,NY,107465.0,475300.0
Caroga Lake,NY,50565.0,114700.0
Carthage,NY,59519.0,121500.0
Cassadaga,NY,59583.0,108200.0
Castile,NY,63000.0,116700.0
Castleton-on-Hudson,NY,59453.0,192000.0
Castorland,NY,56250.0,151000.0
Cato,NY,64375.0,137500.0
Catskill,NY,70532.0,202700.0
Cattaraugus,NY,57574.0,75600.0
Cayuga,NY,74167.0,149500.0
Cayuga Heights,NY,121202.0,389500.0
Cazenovia,NY,77260.0,237200.0
Cedarhurst,NY,102561.0,805900.0
Celoron,NY,55625.0,78500.0
Cementon,NY,55300.0,
Centereach,NY,122462.0,439800.0
Center Moriches,NY,138102.0,499800.0
Centerport,NY,188750.0,721100.0
Central Bridge,NY,77303.0,178400.0
Central Islip,NY,100459.0,365700.0
Central Square,NY,58824.0,172400.0
Centre Island,NY,204375.0,1513900.0
Chadwicks,NY,62041.0,121400.0
Champlain,NY,59423.0,123300.0
Chappaqua,NY,185464.0,708200.0
Chateaugay,NY,81328.0,110900.0
Chatham,NY,92208.0,253400.0
Chaumont,NY,73750.0,189400.0
Chautauqua,NY,,835000.0
Chazy,NY,,156800.0
Cheektowaga,NY,64066.0,152100.0
Chelsea Cove,NY,100183.0,242400.0
Chenango Bridge,NY,97321.0,163200.0
Cherry Creek,NY,65588.0,69600.0
Cherry Valley,NY,81042.0,171400.0
Chester,NY,102105.0,267900.0
Chestertown,NY,61423.0,165600.0
Chestnut Ridge,NY,106918.0,622100.0
Chittenango,NY,63966.0,169600.0
Churchville,NY,83631.0,183200.0
Clarence,NY,80737.0,288000.0
Clarence Center,NY,133653.0,418200.0
Clark Mills,NY,63980.0,
Clarkson,NY,81429.0,186300.0
Claverack-Red Mills,NY,147500.0,235100.0
Clayton,NY,56702.0,178600.0
Clayville,NY,84500.0,111300.0
Cleveland,NY,73417.0,126000.0
Clifton Gardens,NY,84842.0,277200.0
Clifton Knolls-Mill Creek,NY,165060.0,352500.0
Clifton Springs,NY,67500.0,159000.0
Clinton,NY,84583.0,240700.0
Clintondale,NY,47292.0,290200.0
Clyde,NY,57688.0,86800.0
Cobleskill,NY,65610.0,168800.0
Cohocton,NY,60735.0,81700.0
Cohoes,NY,62679.0,189800.0
Cold Brook,NY,97917.0,117000.0
Cold Spring,NY,112109.0,560500.0
Cold Spring Harbor,NY,250001.0,1402600.0
Colonie,NY,100093.0,248000.0
Colton,NY,70724.0,108300.0
Commack,NY,168804.0,626500.0
Conesus,NY,82500.0,114300.0
Conesus Lake,NY,88542.0,344500.0
Congers,NY,136791.0,535400.0
Constableville,NY,68750.0,82500.0
Constantia,NY,69769.0,171600.0
Coopers Plains,NY,90595.0,98500.0
Cooperstown,NY,80139.0,400000.0
Copake,NY,109181.0,185300.0
Copake Falls,NY,93512.0,
Copake Lake,NY,113550.0,450000.0
Copenhagen,NY,75938.0,134500.0
Copiague,NY,116060.0,430600.0
Coram,NY,95940.0,380300.0
Corfu,NY,77250.0,137000.0
Corinth,NY,71845.0,169300.0
Corning,NY,59453.0,142500.0
Cornwall-on-Hudson,NY,117708.0,418000.0
Cortland,NY,55042.0,131000.0
Cortland West,NY,105417.0,222000.0
Country Knolls,NY,127639.0,347800.0
Cove Neck,NY,209375.0,1525000.0
Coxsackie,NY,62857.0,232000.0
Cragsmoor,NY,113381.0,191100.0
Cranberry Lake,NY,86250.0,
Crest View Heights,NY,148519.0,214800.0
Croghan,NY,55179.0,141300.0
Crompond,NY,184519.0,533600.0
Croton-on-Hudson,NY,166087.0,670800.0
Crown Heights,NY,115833.0,289300.0
Crugers,NY,67083.0,479900.0
Crystal Beach,NY,58984.0,143900.0
Cuba,NY,67339.0,78300.0
Cumberland Head,NY,92833.0,205300.0
Cumminsville,NY,55972.0,85500.0
Cutchogue,NY,124485.0,834900.0
Cuylerville,NY,99750.0,168400.0
Dalton,NY,68915.0,82900.0
Danby,NY,,288300.0
Dannemora,NY,67778.0,130900.0
Dansville,NY,56506.0,106100.0
Davenport Center,NY,51071.0,112800.0
Deer Park,NY,125753.0,473500.0
Deferiet,NY,53750.0,119400.0
DeKalb Junction,NY,44583.0,65800.0
Delanson,NY,114375.0,229500.0
Delevan,NY,61579.0,96900.0
Delhi,NY,55486.0,178000.0
Depauville,NY,,87500.0
Depew,NY,68856.0,159700.0
Deposit,NY,43618.0,109200.0
Dering Harbor,NY,,
DeRuyter,NY,54643.0,108500.0
De Witt,NY,116543.0,243900.0
Dexter,NY,45946.0,129400.0
Dix Hills,NY,209217.0,844600.0
Dobbs Ferry,NY,144000.0,714500.0
Dolgeville,NY,55353.0,97200.0
Dover Plains,NY,58750.0,254400.0
Downsville,NY,,131300.0
Dresden,NY,66739.0,108500.0
Dryden,NY,59420.0,212700.0
Duane Lake,NY,160568.0,358200.0
Duanesburg,NY,139479.0,251600.0
Dundee,NY,47344.0,89300.0
Dunkirk,NY,46800.0,84900.0
Durhamville,NY,123527.0,182800.0
Eagle Bay,NY,,
Earlville,NY,65000.0,108300.0
East Atlantic Beach,NY,142757.0,817300.0
East Aurora,NY,95216.0,315900.0
East Avon,NY,105078.0,205300.0
Eastchester,NY,153482.0,766800.0
East Durham,NY,69028.0,120500.0
East Farmingdale,NY,102965.0,532300.0
East Frankfort,NY,43750.0,87500.0
East Glenville,NY,83045.0,259500.0
East Greenbush,NY,106686.0,281000.0
East Hampton,NY,94375.0,2000001.0
East Hampton North,NY,105156.0,897100.0
East Herkimer,NY,82333.0,110900.0
East Hills,NY,250001.0,1248200.0
East Islip,NY,137908.0,540400.0
East Ithaca,NY,115449.0,280400.0
East Kingston,NY,46250.0,214700.0
East Marion,NY,100682.0,793200.0
East Massapequa,NY,138613.0,569200.0
East Meadow,NY,129268.0,594400.0
East Moriches,NY,128788.0,564500.0
East Nassau,NY,56310.0,183800.0
East Northport,NY,148098.0,583900.0
East Norwich,NY,173750.0,746400.0
East Patchogue,NY,105208.0,432700.0
Eastport,NY,127931.0,559500.0
East Quogue,NY,104680.0,750700.0
East Randolph,NY,62688.0,102600.0
East Rochester,NY,65134.0,125100.0
East Rockaway,NY,115701.0,596700.0
East Setauket,NY,145369.0,585200.0
East Shoreham,NY,164214.0,476400.0
East Syracuse,NY,52794.0,110200.0
East Williston,NY,225833.0,1020100.0
East Worcester,NY,64375.0,96600.0
Eatons Neck,NY,243125.0,818700.0
Eden,NY,84750.0,213400.0
Edmeston,NY,50785.0,125500.0
Edwards,NY,56875.0,71400.0
Eggertsville,NY,78184.0,197000.0
Elba,NY,68125.0,125000.0
Elbridge,NY,59937.0,137700.0
Eldred,NY,51250.0,316700.0
Elizabethtown,NY,61023.0,143200.0
Ellenville,NY,77125.0,172700.0
Ellicottville,NY,88646.0,285900.0
Ellisburg,NY,62083.0,160000.0
Elma Center,NY,102159.0,411000.0
Elmira,NY,41073.0,85600.0
Elmira Heights,NY,54567.0,96400.0
Elmont,NY,115691.0,535600.0
Elmsford,NY,120301.0,515400.0
Elwood,NY,161406.0,638800.0
Endicott,NY,43509.0,102000.0
Endwell,NY,67556.0,158200.0
Erin,NY,39615.0,42100.0
Esperance,NY,65625.0,160600.0
Evans Mills,NY,52813.0,177100.0
Fabius,NY,68750.0,126300.0
Fair Haven,NY,59018.0,146900.0
Fairmount,NY,82303.0,160100.0
Fairport,NY,95354.0,256200.0
Fairview (Dutchess County),NY,92679.0,255500.0
Fairview (Westchester County),NY,76296.0,522800.0
Falconer,NY,50625.0,84600.0
Fallsburg,NY,32679.0,
Farmingdale,NY,127059.0,507100.0
Farmingville,NY,128302.0,424300.0
Farnham,NY,68750.0,124800.0
Fayetteville,NY,120244.0,223800.0
Felts Mills,NY,45357.0,86300.0
Fillmore,NY,70677.0,92900.0
Fire Island,NY,108750.0,467300.0
Firthcliffe,NY,96315.0,337200.0
Fishers Island,NY,47708.0,
Fishers Landing,NY,74038.0,86400.0
Fishkill,NY,94205.0,248500.0
Flanders,NY,79100.0,376300.0
Fleischmanns,NY,60417.0,248600.0
Floral Park,NY,153659.0,700500.0
Florida,NY,112188.0,333000.0
Flower Hill,NY,250001.0,1929400.0
Fly Creek,NY,53472.0,160500.0
Fonda,NY,45208.0,82100.0
Forest Home,NY,54286.0,500000.0
Forestville,NY,,94900.0
Fort Ann,NY,92321.0,154400.0
Fort Covington,NY,57438.0,117000.0
Fort Drum,NY,56559.0,
Fort Edward,NY,57795.0,148100.0
Fort Johnson,NY,61071.0,118800.0
Fort Montgomery,NY,86293.0,306300.0
Fort Plain,NY,39016.0,75700.0
Fort Salonga,NY,179568.0,766700.0
Fowlerville,NY,78000.0,259200.0
Frankfort,NY,49236.0,110700.0
Franklin,NY,76648.0,177600.0
Franklin Square,NY,136225.0,621500.0
Franklinville,NY,68438.0,88500.0
Fredonia,NY,48855.0,161200.0
Freedom Plains,NY,,268700.0
Freeport,NY,109390.0,444300.0
Freeville,NY,78750.0,183300.0
Frewsburg,NY,57138.0,122200.0
Friendship,NY,42171.0,56200.0
Fulton,NY,51243.0,91000.0
Fultonville,NY,83224.0,130200.0
Gainesville,NY,79028.0,107100.0
Galeville,NY,71415.0,116200.0
Galway,NY,56667.0,195800.0
Gananda,NY,108722.0,201700.0
Gang Mills,NY,102015.0,254500.0
Garden City,NY,204883.0,980600.0
Garden City Park,NY,115156.0,740800.0
Garden City South,NY,146650.0,652400.0
Gardiner,NY,104894.0,350000.0
Gardnertown,NY,95729.0,263800.0
Garrattsville,NY,50000.0,115100.0
Gasport,NY,75708.0,141900.0
Gates,NY,53362.0,147200.0
Geneseo,NY,37701.0,197200.0
Geneva,NY,63602.0,123100.0
Germantown,NY,89120.0,330000.0
Ghent,NY,128984.0,254500.0
Gilbertsville,NY,90313.0,142900.0
Gilgo,NY,250001.0,821400.0
Glasco,NY,56875.0,293500.0
Glen Aubrey,NY,86932.0,119100.0
Glen Cove,NY,91372.0,625500.0
Glen Head,NY,135283.0,773700.0
Glen Park,NY,35000.0,168800.0
Glens Falls,NY,64731.0,180500.0
Glens Falls North,NY,78889.0,257100.0
Glenwood Landing,NY,121612.0,846700.0
Gloversville,NY,47205.0,89000.0
Golden's Bridge,NY,218833.0,652000.0
Gordon Heights,NY,110313.0,348400.0
Gorham,NY,86250.0,202600.0
Goshen,NY,93679.0,365900.0
Gouverneur,NY,42335.0,101000.0
Gowanda,NY,50304.0,85000.0
Grahamsville,NY,,239100.0
Grand View-on-Hudson,NY,144519.0,1152200.0
Grandyle Village,NY,89671.0,174600.0
Granville,NY,46337.0,129400.0
Great Bend,NY,,129700.0
Great Neck,NY,128457.0,953800.0
Great Neck Estates,NY,175515.0,1613500.0
Great Neck Gardens,NY,,1136600.0
Great Neck Plaza,NY,97022.0,391400.0
Great River,NY,140469.0,801800.0
Greece,NY,66708.0,147600.0
Greene,NY,54167.0,137900.0
Green Island,NY,64018.0,151400.0
Greenlawn,NY,145904.0,574900.0
Greenport,NY,78919.0,772300.0
Greenport West,NY,73750.0,696200.0
Greenvale,NY,,626300.0
Greenville (Greene County),NY,,234600.0
Greenville (Westchester County),NY,170909.0,913800.0
Greenwich,NY,76827.0,189300.0
Greenwood Lake,NY,79261.0,294500.0
Greigsville,NY,,99200.0
Groton,NY,59861.0,145000.0
Groveland Station,NY,85583.0,114400.0
Guilford,NY,75139.0,113500.0
Hadley,NY,57880.0,192300.0
Hagaman,NY,61250.0,174500.0
Hailesboro,NY,58125.0,109400.0
Haines Falls,NY,131833.0,
Halesite,NY,177917.0,775600.0
Hall,NY,47396.0,142100.0
Hamburg,NY,93942.0,221400.0
Hamilton,NY,59152.0,244800.0
Hamilton College,NY,,
Hamlin,NY,60968.0,132700.0
Hammond,NY,50859.0,87800.0
Hammondsport,NY,64375.0,178400.0
Hampton Bays,NY,116526.0,649900.0
Hampton Manor,NY,104211.0,201900.0
Hancock,NY,45500.0,127200.0
Hankins,NY,38750.0,331800.0
Hannawa Falls,NY,92818.0,151800.0
Hannibal,NY,71250.0,107700.0
Harbor Hills,NY,183073.0,1569400.0
Harbor Isle,NY,170694.0,598000.0
Harriman,NY,74861.0,242900.0
Harris Hill,NY,95603.0,280400.0
Harrison,NY,151038.0,954600.0
Hartsdale,NY,157891.0,349500.0
Hartwick,NY,80750.0,160500.0
Hartwick Seminary,NY,48203.0,206300.0
Hastings-on-Hudson,NY,161908.0,831800.0
Hauppauge,NY,138156.0,618800.0
Haverstraw,NY,77254.0,324800.0
Haviland,NY,80663.0,256600.0
Hawthorne,NY,130816.0,663200.0
Head of the Harbor,NY,250001.0,1076600.0
Hemlock,NY,100536.0,181700.0
Hempstead,NY,80350.0,421300.0
Henderson,NY,,130000.0
Heritage Hills,NY,87552.0,428900.0
Herkimer,NY,56607.0,108900.0
Hermon,NY,60714.0,91200.0
Herricks,NY,156625.0,817700.0
Herrings,NY,65000.0,
Heuvelton,NY,61429.0,105600.0
Hewlett,NY,138971.0,596400.0
Hewlett Bay Park,NY,250001.0,2000001.0
Hewlett Harbor,NY,250001.0,1326400.0
Hewlett Neck,NY,250001.0,1358900.0
Hicksville,NY,139809.0,593500.0
High Falls,NY,57105.0,193800.0
Highland,NY,97296.0,336000.0
Highland Falls,NY,94223.0,296600.0
Highland-on-the-Lake,NY,84792.0,158400.0
Hillburn,NY,79688.0,435800.0
Hillcrest,NY,119375.0,489400.0
Hillside,NY,131875.0,371400.0
Hillside Lake,NY,116417.0,287500.0
Hilton,NY,75098.0,156500.0
Hobart,NY,80208.0,137500.0
Holbrook,NY,140563.0,469600.0
Holland,NY,40536.0,178800.0
Holland Patent,NY,77188.0,202500.0
Holley,NY,58125.0,113800.0
Holtsville,NY,128444.0,456900.0
Homer,NY,65905.0,151800.0
Honeoye,NY,70264.0,133500.0
Honeoye Falls,NY,78235.0,227900.0
Hoosick Falls,NY,63811.0,142900.0
Hopewell Junction,NY,103894.0,569000.0
Hornell,NY,47632.0,79900.0
Horseheads,NY,58125.0,124500.0
Horseheads North,NY,79656.0,191300.0
Hortonville,NY,96250.0,160800.0
Houghton,NY,90244.0,150600.0
Hudson,NY,46293.0,289000.0
Hudson Falls,NY,58746.0,154000.0
Hunt,NY,31190.0,67900.0
Hunter,NY,49844.0,226400.0
Huntington,NY,148858.0,701600.0
Huntington Bay,NY,250001.0,1403200.0
Huntington Station,NY,122226.0,487400.0
Hurley,NY,92863.0,274600.0
Hurleyville,NY,,275600.0
Hyde Park,NY,81136.0,278600.0
Ilion,NY,71556.0,96100.0
Interlaken,NY,59167.0,131900.0
Inwood,NY,67058.0,557800.0
Irondequoit,NY,74031.0,155200.0
Irvington,NY,184569.0,900100.0
Islandia,NY,109964.0,422500.0
Island Park,NY,96875.0,501300.0
Islip,NY,121259.0,458800.0
Islip Terrace,NY,149946.0,451100.0
Ithaca,NY,45468.0,324300.0
Jacksonville,NY,73144.0,175000.0
Jamesport,NY,110208.0,640000.0
Jamestown,NY,39507.0,76100.0
Jamestown West,NY,61389.0,150300.0
Jefferson,NY,,157700.0
Jefferson Heights,NY,66023.0,206500.0
Jefferson Valley-Yorktown,NY,146250.0,531600.0
Jeffersonville,NY,55000.0,207000.0
Jericho,NY,171173.0,904900.0
Johnson City,NY,50611.0,107400.0
Johnstown,NY,59809.0,137800.0
Jordan,NY,71488.0,132500.0
Kaser,NY,30320.0,830900.0
Katonah,NY,203250.0,708100.0
Kauneonga Lake,NY,,
Keeseville,NY,55804.0,119700.0
Kenmore,NY,74571.0,178700.0
Kennedy,NY,,59500.0
Kensington,NY,210000.0,1414800.0
Kerhonkson,NY,68500.0,227200.0
Keuka Park,NY,79569.0,273400.0
Kiamesha Lake,NY,73300.0,110900.0
Kinderhook,NY,84861.0,349000.0
Kings Park,NY,117869.0,556100.0
Kings Point,NY,172402.0,1995300.0
Kingston,NY,62071.0,247800.0
Kiryas Joel,NY,40218.0,626200.0
Kysorville,NY,71250.0,
Lackawanna,NY,46869.0,117700.0
Lacona,NY,74732.0,134500.0
La Fargeville,NY,,147200.0
Lake Carmel,NY,102125.0,326800.0
Lake Delta,NY,89337.0,207700.0
Lake Erie Beach,NY,60132.0,135400.0
Lake George,NY,52196.0,269500.0
Lake Grove,NY,114381.0,497500.0
Lake Huntington,NY,,306700.0
Lake Katrine,NY,61667.0,199400.0
Lakeland,NY,76250.0,155200.0
Lake Luzerne,NY,71250.0,206700.0
Lake Mohegan,NY,156528.0,486800.0
Lake Placid,NY,53475.0,374400.0
Lake Ronkonkoma,NY,98922.0,447100.0
Lake Success,NY,239000.0,1432000.0
Lakeview,NY,128450.0,485100.0
Lakeville,NY,87733.0,
Lakewood,NY,68631.0,127500.0
Lancaster,NY,61646.0,170100.0
Lansing,NY,75245.0,369900.0
Larchmont,NY,220714.0,1361400.0
Latham,NY,96457.0,279800.0
Lattingtown,NY,237083.0,1614600.0
Laurel,NY,116208.0,719700.0
Laurel Hollow,NY,250001.0,1451800.0
Laurens,NY,45625.0,136500.0
Lawrence,NY,169029.0,1214000.0
Leeds,NY,,202300.0
Leicester,NY,93333.0,137000.0
Le Roy,NY,62833.0,143800.0
Levittown,NY,140559.0,515300.0
Lewiston,NY,65563.0,196800.0
Liberty,NY,43594.0,127500.0
Lido Beach,NY,172857.0,726100.0
Lima,NY,71719.0,180000.0
Lime Lake,NY,51250.0,116300.0
Limestone,NY,,66200.0
Lincolndale,NY,152222.0,461400.0
Lincoln Park,NY,70238.0,255400.0
Lindenhurst,NY,115967.0,456600.0
Linwood,NY,,
Lisle,NY,64375.0,107300.0
Little Falls,NY,51009.0,100800.0
Little Valley,NY,40972.0,81500.0
Liverpool,NY,70556.0,158500.0
Livingston Manor,NY,50197.0,157400.0
Livonia,NY,65797.0,169200.0
Livonia Center,NY,59250.0,158100.0
Lloyd Harbor,NY,233007.0,1505100.0
Loch Sheldrake,NY,38207.0,
Lockport,NY,56053.0,119600.0
Locust Valley,NY,134063.0,694900.0
Lodi,NY,47125.0,84200.0
Long Beach,NY,125974.0,631300.0
Long Lake,NY,67917.0,202100.0
Lorenz Park,NY,67200.0,190600.0
Lorraine,NY,60714.0,85000.0
Loudonville,NY,124545.0,336800.0
Lowville,NY,55607.0,147500.0
Lynbrook,NY,139266.0,586800.0
Lyncourt,NY,57845.0,106900.0
Lyndonville,NY,59063.0,105100.0
Lyon Mountain,NY,37292.0,36100.0
Lyons,NY,61576.0,85600.0
Lyons Falls,NY,55859.0,95600.0
MacDonnell Heights,NY,131509.0,277100.0
Macedon,NY,70625.0,155400.0
McGraw,NY,60781.0,101100.0
Machias,NY,61324.0,66300.0
McLean,NY,71509.0,129600.0
Madison,NY,44028.0,95300.0
Madrid,NY,83750.0,132600.0
Mahopac,NY,119563.0,438000.0
Malden-on-Hudson,NY,,266200.0
Malone,NY,49531.0,105600.0
Malverne,NY,158333.0,611700.0
Malverne Park Oaks,NY,133794.0,466000.0
Mamaroneck,NY,121672.0,718900.0
Manchester,NY,59231.0,101500.0
Manhasset,NY,156959.0,1205700.0
Manhasset Hills,NY,181667.0,960100.0
Manlius,NY,70156.0,231200.0
Mannsville,NY,78542.0,126400.0
Manorhaven,NY,95493.0,649500.0
Manorville,NY,126790.0,521800.0
Marathon,NY,54000.0,113000.0
Marcellus,NY,72028.0,215000.0
Marcy,NY,59425.0,
Margaretville,NY,36750.0,170500.0
Mariaville Lake,NY,,272800.0
Marion,NY,49583.0,144700.0
Marist College,NY,,
Marlboro,NY,110547.0,326500.0
Massapequa,NY,170151.0,644300.0
Massapequa Park,NY,161193.0,615600.0
Massena,NY,48161.0,94900.0
Mastic,NY,96648.0,319800.0
Mastic Beach,NY,103099.0,304200.0
Matinecock,NY,233333.0,2000001.0
Mattituck,NY,106813.0,670000.0
Mattydale,NY,69824.0,106400.0
Maybrook,NY,90111.0,228700.0
Mayfield,NY,64531.0,139500.0
Mayville,NY,70250.0,149100.0
Mechanicstown,NY,80796.0,245600.0
Mechanicville,NY,45686.0,176900.0
Medford,NY,115063.0,408900.0
Medina,NY,56782.0,96500.0
Melrose Park,NY,123476.0,206900.0
Melville,NY,146302.0,737100.0
Menands,NY,73000.0,259100.0
Meridian,NY,80500.0,131600.0
Merrick,NY,185368.0,686400.0
Merritt Park,NY,120972.0,440400.0
Mexico,NY,70625.0,140000.0
Middleburgh,NY,48393.0,166300.0
Middle Island,NY,85673.0,322700.0
Middleport,NY,59773.0,105900.0
Middletown,NY,70155.0,236900.0
Middleville,NY,76458.0,132400.0
Milford,NY,50938.0,125000.0
Millbrook,NY,71477.0,369300.0
Miller Place,NY,136203.0,546200.0
Millerton,NY,78953.0,241700.0
Mill Neck,NY,250001.0,1491900.0
Millport,NY,42344.0,89400.0
Millwood,NY,182188.0,775200.0
Milton (Saratoga County),NY,100694.0,293500.0
Milton (Ulster County),NY,84479.0,280100.0
Mineola,NY,130111.0,595500.0
Minetto,NY,83988.0,164000.0
Mineville,NY,56892.0,128000.0
Minoa,NY,82232.0,157100.0
Mohawk,NY,77574.0,108800.0
Mongaup Valley,NY,74489.0,
Monroe,NY,115451.0,377700.0
Monsey,NY,49630.0,831500.0
Montauk,NY,138900.0,1071700.0
Montebello,NY,144167.0,702300.0
Montgomery,NY,89107.0,343700.0
Monticello,NY,45531.0,138300.0
Montour Falls,NY,33977.0,114300.0
Montrose,NY,121367.0,402700.0
Mooers,NY,59886.0,147400.0
Moravia,NY,57788.0,128500.0
Moriches,NY,78469.0,421500.0
Morris,NY,77222.0,137800.0
Morrisonville,NY,66419.0,217900.0
Morrisville,NY,53438.0,131400.0
Mountain Dale,NY,,149000.0
Mountain Lodge Park,NY,59314.0,210800.0
Mount Ivy,NY,79756.0,279200.0
Mount Kisco,NY,99444.0,506400.0
Mount Morris,NY,59211.0,86500.0
Mount Sinai,NY,152586.0,595400.0
Mount Vernon,NY,75511.0,446400.0
Mount Vision,NY,48750.0,
Munnsville,NY,70536.0,105600.0
Munsey Park,NY,250001.0,1866600.0
Munsons Corners,NY,64167.0,134700.0
Muttontown,NY,226477.0,1732800.0
Myers Corner,NY,109963.0,361900.0
Nanuet,NY,114498.0,455800.0
Napanoch,NY,78125.0,157000.0
Napeague,NY,80865.0,
Naples,NY,47024.0,127700.0
Narrowsburg,NY,52656.0,227100.0
Nassau,NY,74931.0,204200.0
Nassau Lake,NY,118005.0,219600.0
Natural Bridge,NY,,100400.0
Nazareth College,NY,,
Nedrow,NY,76458.0,105700.0
Nelliston,NY,38264.0,48400.0
Nelsonville,NY,127292.0,580000.0
Nesconset,NY,141754.0,615400.0
Newark,NY,56142.0,116100.0
Newark Valley,NY,75104.0,114300.0
New Baltimore,NY,,322700.0
New Berlin,NY,57072.0,94400.0
Newburgh,NY,48555.0,190800.0
New Cassel,NY,112569.0,479600.0
New City,NY,168672.0,596900.0
Newfane,NY,60769.0,128300.0
Newfield,NY,91404.0,148800.0
New Hackensack,NY,118795.0,341000.0
New Hamburg,NY,130387.0,299400.0
New Hartford,NY,77625.0,190000.0
New Hempstead,NY,119875.0,665400.0
New Hyde Park,NY,144375.0,695100.0
New Paltz,NY,59779.0,332600.0
Newport,NY,80809.0,137500.0
New Rochelle,NY,100542.0,637000.0
New Square,NY,27488.0,562500.0
New Suffolk,NY,106042.0,1009600.0
New Windsor,NY,82120.0,303900.0
New York,NY,76607.0,732100.0
New York Mills,NY,55000.0,151400.0
Niagara Falls,NY,45932.0,94900.0
Niagara University,NY,,
Nichols,NY,65625.0,133500.0
Niskayuna,NY,125910.0,306700.0
Nissequogue,NY,154250.0,1021100.0
Niverville,NY,96607.0,279900.0
Norfolk,NY,49071.0,90100.0
North Amityville,NY,94056.0,408000.0
Northampton,NY,74856.0,
North Babylon,NY,126377.0,447500.0
North Ballston Spa,NY,79894.0,213200.0
North Bay,NY,,
North Bay Shore,NY,104004.0,393400.0
North Bellmore,NY,172316.0,616000.0
North Bellport,NY,89026.0,355500.0
North Blenheim,NY,,85700.0
North Boston,NY,56840.0,204200.0
North Collins,NY,49028.0,120700.0
North Creek,NY,51336.0,178900.0
Northeast Ithaca,NY,94306.0,334700.0
North Gates,NY,70482.0,140000.0
North Granville,NY,97679.0,123700.0
North Great River,NY,144246.0,461500.0
North Haven,NY,151250.0,1400000.0
North Hills,NY,182401.0,1254200.0
North Hornell,NY,75625.0,146400.0
North Lindenhurst,NY,118177.0,434000.0
North Lynbrook,NY,,595600.0
North Massapequa,NY,134666.0,586700.0
North Merrick,NY,154179.0,622100.0
North New Hyde Park,NY,149235.0,783900.0
North Patchogue,NY,117586.0,376200.0
Northport,NY,137487.0,704400.0
North Rose,NY,70104.0,95700.0
North Sea,NY,150833.0,1035900.0
North Syracuse,NY,64583.0,141400.0
North Tonawanda,NY,66836.0,166300.0
North Valley Stream,NY,147569.0,568300.0
Northville,NY,64423.0,171200.0
Northville,NY,114635.0,881300.0
North Wantagh,NY,159028.0,579600.0
Northwest Harbor,NY,127315.0,1125700.0
Northwest Ithaca,NY,53393.0,264300.0
Norwich,NY,50579.0,115300.0
Norwood,NY,66250.0,94300.0
Noyack,NY,100222.0,909600.0
Nunda,NY,50101.0,106100.0
Nyack,NY,97013.0,548800.0
Oak Beach,NY,,
Oakdale,NY,119291.0,557900.0
Oakfield,NY,60577.0,130500.0
Ocean Beach,NY,,
Oceanside,NY,136997.0,607900.0
Odessa,NY,81875.0,152300.0
Ogdensburg,NY,58184.0,81500.0
Olcott,NY,70606.0,123900.0
Old Bethpage,NY,180341.0,789200.0
Old Brookville,NY,188092.0,2000001.0
Old Field,NY,250001.0,1208300.0
Old Forge,NY,132645.0,335200.0
Old Westbury,NY,250001.0,2000001.0
Olean,NY,45078.0,87600.0
Oneida,NY,56044.0,135800.0
Oneida Castle,NY,71042.0,129300.0
Oneonta,NY,62188.0,170900.0
Ontario,NY,45869.0,166500.0
Orangeburg,NY,108125.0,598800.0
Orange Lake,NY,104313.0,315800.0
Orchard Park,NY,91705.0,329400.0
Orient,NY,86938.0,843900.0
Oriskany,NY,63194.0,150000.0
Oriskany Falls,NY,44792.0,95200.0
Ossining,NY,99678.0,428200.0
Oswego,NY,50266.0,108300.0
Otego,NY,67857.0,162300.0
Otisville,NY,79615.0,252000.0
Otter Lake,NY,81250.0,250000.0
Ovid,NY,62361.0,108900.0
Owego,NY,51200.0,115500.0
Oxbow,NY,,92700.0
Oxford,NY,53542.0,100600.0
Oyster Bay,NY,108111.0,589700.0
Oyster Bay Cove,NY,250001.0,1577400.0
Painted Post,NY,73654.0,155000.0
Palatine Bridge,NY,66250.0,126600.0
Palenville,NY,,228000.0
Palmyra,NY,72976.0,118400.0
Pamelia Center,NY,116354.0,
Panama,NY,53889.0,93500.0
Parc,NY,,
Parish,NY,80000.0,124700.0
Parishville,NY,57969.0,96500.0
Patchogue,NY,99271.0,425500.0
Paul Smiths,NY,,
Pavilion,NY,87500.0,124600.0
Pawling,NY,82375.0,298400.0
Peach Lake,NY,119861.0,406600.0
Pearl River,NY,137331.0,530000.0
Peconic,NY,67125.0,810100.0
Peekskill,NY,86695.0,365000.0
Pelham,NY,172692.0,841300.0
Pelham Manor,NY,250001.0,1029800.0
Penn Yan,NY,50878.0,137000.0
Perry,NY,59539.0,95800.0
Perrysburg,NY,54671.0,104600.0
Peru,NY,70556.0,195200.0
Phelps,NY,56630.0,153100.0
Philadelphia,NY,39000.0,135000.0
Philmont,NY,60848.0,172000.0
Phoenicia,NY,,576900.0
Phoenix,NY,53920.0,124000.0
Piermont,NY,131458.0,695800.0
Pierrepont Manor,NY,77609.0,77000.0
Piffard,NY,49052.0,175900.0
Pike,NY,65750.0,87500.0
Pine Bush,NY,96429.0,250900.0
Pine Hill,NY,81181.0,331500.0
Pine Plains,NY,69321.0,260400.0
Pine Valley,NY,54643.0,137500.0
Pittsford,NY,116250.0,302200.0
Plainedge,NY,132107.0,563100.0
Plainview,NY,181423.0,691400.0
Plandome,NY,250001.0,2000001.0
Plandome Heights,NY,250001.0,1517600.0
Plandome Manor,NY,245833.0,2000001.0
Plattekill,NY,100652.0,218300.0
Plattsburgh,NY,55049.0,172900.0
Plattsburgh West,NY,51196.0,71300.0
Pleasant Valley,NY,96510.0,303400.0
Pleasantville,NY,167841.0,773800.0
Plessis,NY,143026.0,125000.0
Poestenkill,NY,82500.0,242400.0
Point Lookout,NY,104386.0,876200.0
Poland,NY,85556.0,141000.0
Pomona,NY,167740.0,666600.0
Poquott,NY,190417.0,807700.0
Port Byron,NY,48882.0,99200.0
Port Chester,NY,92116.0,548400.0
Port Dickinson,NY,56154.0,130300.0
Port Ewen,NY,73000.0,242700.0
Port Gibson,NY,,
Port Henry,NY,46058.0,135900.0
Port Jefferson,NY,134230.0,608900.0
Port Jefferson Station,NY,118713.0,444600.0
Port Jervis,NY,38804.0,188900.0
Portlandville,NY,70524.0,229200.0
Port Leyden,NY,40060.0,87700.0
Portville,NY,59500.0,97700.0
Port Washington,NY,177439.0,945000.0
Port Washington North,NY,137679.0,994200.0
Potsdam,NY,31584.0,143200.0
Pottersville,NY,57708.0,217600.0
Poughkeepsie,NY,53875.0,245100.0
Prattsburgh,NY,54643.0,97000.0
Prattsville,NY,26354.0,200000.0
Preston-Potter Hollow,NY,113464.0,187400.0
Prospect,NY,60795.0,137500.0
Pulaski,NY,61226.0,143100.0
Pultneyville,NY,102083.0,243000.0
Putnam Lake,NY,92112.0,315200.0
Quiogue,NY,110547.0,632600.0
Quogue,NY,,1593800.0
Radisson,NY,100595.0,284200.0
Randolph,NY,70438.0,87800.0
Ransomville,NY,78854.0,194700.0
Rapids,NY,106739.0,281300.0
Ravena,NY,68873.0,195400.0
Red Creek,NY,71250.0,116200.0
Redford,NY,92355.0,
Red Hook,NY,90750.0,319400.0
Red Oaks Mill,NY,133676.0,349900.0
Redwood,NY,127583.0,172600.0
Remsen,NY,50417.0,100600.0
Remsenburg-Speonk,NY,162692.0,866800.0
Rensselaer,NY,68284.0,209200.0
Rensselaer Falls,NY,97857.0,87500.0
Retsof,NY,125500.0,200900.0
Rhinebeck,NY,73910.0,476700.0
Rhinecliff,NY,,384700.0
Richburg,NY,38594.0,68400.0
Richfield Springs,NY,54643.0,118200.0
Richmondville,NY,47132.0,151900.0
Richville,NY,55417.0,95700.0
Ridge,NY,85775.0,373600.0
Rifton,NY,,239300.0
Ripley,NY,48958.0,81400.0
Riverhead,NY,73197.0,410000.0
Riverside,NY,73393.0,102400.0
Riverside,NY,56429.0,
Rochester,NY,44156.0,111400.0
Rochester Institute of Technology,NY,18516.0,
Rock Hill,NY,108333.0,372600.0
Rockville Centre,NY,147361.0,763400.0
Rocky Point,NY,115173.0,385600.0
Rodman,NY,74375.0,153800.0
Roessleville,NY,82406.0,251100.0
Rome,NY,56901.0,124900.0
Romulus,NY,54167.0,78500.0
Ronkonkoma,NY,123681.0,437100.0
Roosevelt,NY,128058.0,415600.0
Roscoe,NY,56343.0,109800.0
Rosendale,NY,59722.0,256700.0
Roslyn,NY,97073.0,674500.0
Roslyn Estates,NY,250001.0,1650200.0
Roslyn Harbor,NY,204722.0,1291700.0
Roslyn Heights,NY,195349.0,950600.0
Rotterdam,NY,79415.0,190400.0
Round Lake,NY,88636.0,269100.0
Round Top,NY,94353.0,199000.0
Rouses Point,NY,45542.0,162500.0
Ruby,NY,101042.0,256500.0
Rushford,NY,47083.0,56300.0
Rushville,NY,50833.0,121900.0
Russell Gardens,NY,165313.0,1428200.0
Rye,NY,227565.0,1727200.0
Rye Brook,NY,199965.0,916700.0
Sackets Harbor,NY,80000.0,227400.0
Saddle Rock,NY,192875.0,1651900.0
Saddle Rock Estates,NY,132692.0,1246300.0
Sagaponack,NY,86375.0,2000001.0
Sag Harbor,NY,145402.0,1535500.0
St. Bonaventure,NY,52992.0,128700.0
St. James,NY,142448.0,597100.0
St. John Fisher College,NY,,
St. Johnsville,NY,43523.0,82400.0
St. Regis Falls,NY,59063.0,101500.0
Salamanca,NY,38472.0,76600.0
Salem,NY,75250.0,138200.0
Salisbury,NY,147056.0,619200.0
Salisbury Center,NY,67688.0,130000.0
Salisbury Mills,NY,138958.0,458300.0
Saltaire,NY,,
Salt Point,NY,103438.0,219500.0
Sanborn,NY,75109.0,163700.0
Sand Ridge,NY,44950.0,197800.0
Sands Point,NY,250001.0,2000001.0
Sandy Creek,NY,60313.0,107800.0
Saranac Lake,NY,58197.0,175700.0
Saratoga Springs,NY,97241.0,420500.0
Saugerties,NY,52703.0,299100.0
Saugerties South,NY,75568.0,246300.0
Savannah,NY,46029.0,78800.0
Savona,NY,44524.0,91500.0
Sayville,NY,143333.0,550900.0
Scarsdale,NY,250001.0,1635400.0
Schaghticoke,NY,67969.0,173600.0
Schenectady,NY,54650.0,140000.0
Schenevus,NY,59464.0,118500.0
Schoharie,NY,50898.0,173700.0
Schroon Lake,NY,64423.0,239800.0
Schuyler Lake,NY,35809.0,58200.0
Schuylerville,NY,66953.0,182000.0
Scio,NY,,118300.0
Scotchtown,NY,89880.0,278900.0
Scotia,NY,66736.0,171900.0
Scottsburg,NY,81250.0,85800.0
Scotts Corners,NY,242159.0,930300.0
Scottsville,NY,70556.0,158100.0
Sea Cliff,NY,181375.0,898700.0
Seaford,NY,149413.0,612400.0
Searingtown,NY,199524.0,1040100.0
Selden,NY,115406.0,407300.0
Seneca Falls,NY,50714.0,114500.0
Seneca Knolls,NY,54011.0,116400.0
Setauket,NY,218077.0,663400.0
Sharon Springs,NY,50781.0,114300.0
Shelter Island,NY,98902.0,940300.0
Shelter Island Heights,NY,81463.0,967200.0
Shenorock,NY,129700.0,425000.0
Sherburne,NY,45093.0,123400.0
Sherman,NY,39464.0,82500.0
Sherrill,NY,86821.0,194000.0
Shinnecock Hills,NY,156833.0,1572000.0
Shirley,NY,109821.0,355600.0
Shokan,NY,,227400.0
Shoreham,NY,156875.0,657700.0
Shorehaven,NY,160238.0,396300.0
Shortsville,NY,77639.0,128900.0
Shrub Oak,NY,128832.0,441300.0
Sidney,NY,56667.0,98200.0
Siena College,NY,,
Silver Creek,NY,67396.0,108600.0
Silver Springs,NY,42938.0,95800.0
Sinclairville,NY,38750.0,79800.0
Skaneateles,NY,117976.0,562500.0
Slaterville Springs,NY,75074.0,167200.0
Sleepy Hollow,NY,98580.0,744500.0
Sleepy Hollow Lake,NY,88542.0,272100.0
Sloan,NY,65717.0,107100.0
Sloatsburg,NY,104602.0,396900.0
Smallwood,NY,63909.0,157400.0
Smithtown,NY,146506.0,634100.0
Smithville Flats,NY,55938.0,112500.0
Smyrna,NY,34464.0,65000.0
Sodus,NY,51960.0,84100.0
Sodus Point,NY,74760.0,195500.0
Solvay,NY,55302.0,139800.0
Sound Beach,NY,124070.0,350100.0
Southampton,NY,186313.0,2000001.0
South Blooming Grove,NY,72063.0,438200.0
South Cairo,NY,107941.0,166000.0
South Corning,NY,64125.0,127400.0
South Dayton,NY,54583.0,65900.0
South Edmeston,NY,41607.0,84400.0
South Fallsburg,NY,,293800.0
South Farmingdale,NY,166680.0,549800.0
South Floral Park,NY,111698.0,565000.0
South Glens Falls,NY,57336.0,192900.0
South Hempstead,NY,153088.0,569600.0
South Hill,NY,107536.0,336900.0
South Huntington,NY,149615.0,573900.0
South Ilion,NY,95500.0,82000.0
South Lansing,NY,145417.0,313900.0
South Lima,NY,103750.0,205100.0
South Lockport,NY,48274.0,112900.0
South Nyack,NY,113558.0,587200.0
Southold,NY,103832.0,695100.0
Southport,NY,54531.0,87400.0
South Valley Stream,NY,139519.0,626500.0
Spackenkill,NY,131406.0,369800.0
Sparkill,NY,178750.0,625700.0
Sparrow Bush,NY,53114.0,207700.0
Speculator,NY,71563.0,184400.0
Spencer,NY,57188.0,137000.0
Spencerport,NY,77500.0,166400.0
Springfield Center,NY,59659.0,112500.0
Springs,NY,132837.0,836400.0
Spring Valley,NY,50749.0,302100.0
Springville,NY,55305.0,167100.0
Springwater,NY,70134.0,201900.0
Staatsburg,NY,76644.0,320000.0
Stamford,NY,46667.0,161900.0
Stannards,NY,69276.0,97000.0
Star Lake,NY,53125.0,77100.0
Stewart Manor,NY,151250.0,734900.0
Stillwater,NY,83281.0,240500.0
Stittville,NY,104196.0,175300.0
Stone Ridge,NY,117683.0,403100.0
Stony Brook,NY,145487.0,576800.0
Stony Brook University,NY,,
Stony Point,NY,124881.0,450600.0
Stottville,NY,56667.0,177700.0
Strykersville,NY,69519.0,158800.0
Suffern,NY,94688.0,336300.0
Sunset Bay,NY,,212500.0
SUNY Oswego,NY,,
Swan Lake,NY,39063.0,167900.0
Sylvan Beach,NY,48125.0,118400.0
Syosset,NY,180297.0,816200.0
Syracuse,NY,43584.0,117900.0
Taconic Shores,NY,146364.0,188100.0
Tannersville,NY,61510.0,274200.0
Tappan,NY,171125.0,587900.0
Tarrytown,NY,109945.0,627300.0
Terryville,NY,112682.0,435200.0
Thendara,NY,100268.0,294600.0
Theresa,NY,55556.0,144700.0
Thiells,NY,122417.0,478700.0
Thomaston,NY,134107.0,1073500.0
Thornwood,NY,163571.0,654400.0
Thousand Island Park,NY,153750.0,289100.0
Three Mile Bay,NY,47813.0,190600.0
Ticonderoga,NY,49215.0,147400.0
Tillson,NY,86276.0,246700.0
Tioga Terrace,NY,120417.0,192700.0
Titusville,NY,108472.0,328800.0
Tivoli,NY,44583.0,346900.0
Tonawanda,NY,59532.0,150800.0
Tonawanda Town,NY,74313.0,182200.0
Town Line,NY,95089.0,213400.0
Tribes Hill,NY,92574.0,145900.0
Troy,NY,54837.0,177100.0
Trumansburg,NY,68309.0,268500.0
Tuckahoe,NY,58534.0,965900.0
Tuckahoe,NY,108683.0,566400.0
Tully,NY,77700.0,162100.0
Tupper Lake,NY,52779.0,96000.0
Turin,NY,97818.0,96700.0
Tuscarora,NY,,138400.0
Tuxedo,NY,122188.0,523800.0
Tuxedo Park,NY,250001.0,2000001.0
Unadilla,NY,42917.0,103500.0
Unadilla Forks,NY,70417.0,155000.0
Uniondale,NY,107885.0,467500.0
Union Springs,NY,92163.0,153000.0
Unionville,NY,84688.0,260000.0
University at Buffalo,NY,,
University Gardens,NY,104844.0,838200.0
Upper Brookville,NY,229375.0,1784200.0
Upper Nyack,NY,188229.0,670700.0
Upper Red Hook,NY,141818.0,413600.0
Utica,NY,48212.0,123800.0
Vails Gate,NY,66438.0,263000.0
Valatie,NY,93824.0,270600.0
Valhalla,NY,87451.0,601700.0
Valley Cottage,NY,131172.0,470600.0
Valley Falls,NY,85938.0,182000.0
Valley Stream,NY,122048.0,571700.0
Van Etten,NY,54120.0,106900.0
Varna,NY,64500.0,58600.0
Vassar College,NY,114325.0,525900.0
Vernon,NY,57434.0,147800.0
Verona,NY,71535.0,186500.0
Verplanck,NY,70833.0,422900.0
Victor,NY,89911.0,265800.0
Victory,NY,58182.0,169600.0
Village Green,NY,60089.0,132400.0
Village of the Branch,NY,173594.0,616400.0
Viola,NY,93844.0,1006800.0
Virgil,NY,56815.0,173200.0
Voorheesville,NY,102885.0,277800.0
Waddington,NY,65000.0,192900.0
Wading River,NY,128750.0,467900.0
Wadsworth,NY,54107.0,
Wainscott,NY,172500.0,2000001.0
Walden,NY,76724.0,311800.0
Walker Valley,NY,91004.0,272400.0
Wallkill,NY,73870.0,254500.0
Walton,NY,29790.0,104000.0
Walton Park,NY,140614.0,379700.0
Walworth,NY,94107.0,168800.0
Wampsville,NY,67188.0,145800.0
Wanakah,NY,72614.0,169500.0
Wantagh,NY,180167.0,646800.0
Wappingers Falls,NY,61554.0,267200.0
Warrensburg,NY,55278.0,142600.0
Warsaw,NY,50000.0,124900.0
Warwick,NY,85736.0,381000.0
Washington Heights,NY,67188.0,317700.0
Washington Mills,NY,110658.0,200200.0
Washingtonville,NY,101146.0,325800.0
Wassaic,NY,,122700.0
Watchtower,NY,,
Waterford,NY,65923.0,161400.0
Waterloo,NY,65712.0,106500.0
Water Mill,NY,174919.0,1965100.0
Watertown,NY,49722.0,150000.0
Waterville,NY,73393.0,144800.0
Watervliet,NY,51092.0,167200.0
Watkins Glen,NY,44542.0,167700.0
Waverly,NY,49060.0,124700.0
Wayland,NY,65882.0,91900.0
Webster,NY,63833.0,176300.0
Websters Crossing,NY,76250.0,107500.0
Weedsport,NY,67426.0,150600.0
Wells,NY,75583.0,189700.0
Wells Bridge,NY,98056.0,220200.0
Wellsburg,NY,65536.0,101800.0
Wellsville,NY,48784.0,82800.0
Wesley Hills,NY,147408.0,804800.0
West Babylon,NY,121266.0,448300.0
West Bay Shore,NY,141131.0,485300.0
Westbury,NY,125976.0,579600.0
West Carthage,NY,46875.0,161100.0
West Chazy,NY,85125.0,188300.0
West Danby,NY,,
West Elmira,NY,94091.0,186100.0
West End,NY,67017.0,147700.0
Westernville,NY,,291700.0
Westfield,NY,43369.0,89000.0
Westford,NY,53500.0,101800.0
West Glens Falls,NY,96384.0,253800.0
Westhampton,NY,131354.0,906900.0
Westhampton Beach,NY,133173.0,941200.0
West Hampton Dunes,NY,250001.0,2000001.0
West Haverstraw,NY,81795.0,329900.0
West Hempstead,NY,154009.0,593400.0
West Hills,NY,173419.0,707100.0
West Hurley,NY,68990.0,337600.0
West Islip,NY,161792.0,546800.0
West Kill,NY,122000.0,207100.0
Westmere,NY,80133.0,280500.0
Westmoreland,NY,86406.0,94400.0
West Nyack,NY,160020.0,542100.0
Weston Mills,NY,73300.0,113300.0
West Point,NY,133844.0,
Westport,NY,47500.0,154200.0
West Sand Lake,NY,109808.0,246400.0
West Sayville,NY,157275.0,500000.0
West Seneca,NY,75435.0,197500.0
Westvale,NY,103646.0,180300.0
West Valley,NY,55577.0,97900.0
West Winfield,NY,70000.0,119200.0
Wheatley Heights,NY,133125.0,479400.0
Whitehall,NY,40294.0,96400.0
White Lake (Oneida County),NY,,92500.0
White Lake (Sullivan County),NY,,
White Plains,NY,109551.0,612800.0
Whitesboro,NY,65234.0,129200.0
Whitney Point,NY,44120.0,121900.0
Williamson,NY,58198.0,122400.0
Williamsville,NY,93730.0,234900.0
Williston Park,NY,145956.0,673300.0
Willsboro,NY,53523.0,179500.0
Willsboro Point,NY,92708.0,294000.0
Wilmington,NY,83750.0,248000.0
Wilson,NY,55139.0,151700.0
Windham,NY,,
Windsor,NY,74464.0,119900.0
Wingdale,NY,58288.0,266500.0
Winthrop,NY,,119600.0
Witherbee,NY,38289.0,23600.0
Wolcott,NY,50063.0,85500.0
Woodbourne,NY,94750.0,216000.0
Woodbury,NY,193657.0,949900.0
Woodbury,NY,141632.0,400400.0
Woodmere,NY,161591.0,881100.0
Woodridge,NY,70313.0,167900.0
Woodsburgh,NY,250001.0,1523800.0
Woodstock,NY,50938.0,553800.0
Woodsville,NY,51667.0,85300.0
Worcester,NY,83036.0,134400.0
Wurtsboro,NY,74048.0,181100.0
Wurtsboro Hills,NY,53889.0,115900.0
Wyandanch,NY,87669.0,344800.0
Wynantskill,NY,92115.0,262300.0
Wyoming,NY,68250.0,121000.0
Yaphank,NY,116680.0,382300.0
Yonkers,NY,78208.0,456500.0
York,NY,90625.0,162500.0
Yorkshire,NY,29438.0,20200.0
Yorktown Heights,NY,92237.0,578600.0
Yorkville,NY,58414.0,114000.0
Youngstown,NY,76467.0,192600.0
Zena,NY,110208.0,384900.0
Aberdeen,NC,69758.0,256400.0
Advance,NC,91528.0,338200.0
Ahoskie,NC,38063.0,112500.0
Alamance,NC,93309.0,345700.0
Albemarle,NC,51673.0,153600.0
Alexis,NC,47656.0,166900.0
Alliance,NC,39432.0,111600.0
Altamahaw,NC,72083.0,162800.0
Anderson Creek,NC,79524.0,233700.0
Andrews,NC,34939.0,96500.0
Angier,NC,54936.0,201000.0
Ansonville,NC,48500.0,83200.0
Apex,NC,129688.0,458200.0
Aquadale,NC,108036.0,116600.0
Arapahoe,NC,80625.0,137500.0
Archdale,NC,63627.0,169900.0
Archer Lodge,NC,73750.0,237000.0
Arrowhead Beach,NC,63162.0,193800.0
Asheboro,NC,44405.0,149500.0
Asheville,NC,63810.0,376800.0
Ashley Heights,NC,59125.0,86300.0
Askewville,NC,48750.0,
Atkinson,NC,46250.0,109600.0
Atlantic,NC,46106.0,124300.0
Atlantic Beach,NC,49583.0,456500.0
Aulander,NC,33250.0,83500.0
Aurora,NC,43897.0,82500.0
Autryville,NC,42250.0,117500.0
Avery Creek,NC,104808.0,307800.0
Avon,NC,33750.0,261000.0
Ayden,NC,53000.0,153800.0
Badin,NC,42708.0,116000.0
Bailey,NC,57829.0,124200.0
Bakersville,NC,39896.0,225000.0
Bald Head Island,NC,158750.0,1181800.0
Balfour,NC,69643.0,282300.0
Banner Elk,NC,66607.0,408500.0
Barker Heights,NC,,208100.0
Barker Ten Mile,NC,,161200.0
Barnardsville,NC,,137800.0
Bath,NC,59688.0,377800.0
Bayboro,NC,28393.0,134200.0
Bayshore,NC,115347.0,443100.0
Bayview,NC,110698.0,392500.0
Bear Grass,NC,54821.0,102100.0
Beaufort,NC,41890.0,277800.0
Beech Mountain,NC,85250.0,343900.0
Belhaven,NC,30147.0,94400.0
Bell Arthur,NC,,159000.0
Belmont,NC,84274.0,307600.0
Belville,NC,79875.0,234800.0
Belvoir,NC,41300.0,
Belwood,NC,46355.0,171700.0
Bennett,NC,63750.0,130900.0
Benson,NC,56054.0,144600.0
Bent Creek,NC,77355.0,335700.0
Bermuda Run,NC,71515.0,277200.0
Bessemer City,NC,44440.0,139100.0
Bethania,NC,80227.0,247100.0
Bethel,NC,51107.0,104700.0
Bethlehem,NC,75838.0,273300.0
Beulaville,NC,34115.0,106500.0
Biltmore Forest,NC,174286.0,1174200.0
Biscoe,NC,44814.0,120200.0
Black Creek,NC,53382.0,104500.0
Black Mountain,NC,75310.0,312700.0
Bladenboro,NC,54797.0,85100.0
Blowing Rock,NC,116731.0,594300.0
Blue Clay Farms,NC,,326400.0
Boardman,NC,55764.0,56300.0
Bogue,NC,90625.0,232400.0
Boiling Spring Lakes,NC,57969.0,226500.0
Boiling Springs,NC,90625.0,214400.0
Bolivia,NC,50972.0,268200.0
Bolton,NC,,126900.0
Bonnetsville,NC,41135.0,115400.0
Boone,NC,28242.0,322200.0
Boonville,NC,59408.0,160600.0
Bostic,NC,53438.0,124500.0
Bowdens,NC,,
Bowmore,NC,22105.0,71800.0
Brandywine Bay,NC,97917.0,312800.0
Brevard,NC,42843.0,310700.0
Briar Chapel,NC,153300.0,470600.0
Brices Creek,NC,112813.0,315100.0
Bridgeton,NC,48542.0,128400.0
Broad Creek,NC,59500.0,191100.0
Broadway,NC,63333.0,217000.0
Brogden,NC,32132.0,97400.0
Brookford,NC,54063.0,125000.0
Brunswick,NC,16643.0,112500.0
Bryson City,NC,41542.0,229000.0
Buies Creek,NC,42208.0,312200.0
Bunn,NC,50536.0,164000.0
Bunnlevel,NC,69265.0,166300.0
Burgaw,NC,63355.0,194100.0
Burlington,NC,52963.0,167000.0
Burnsville,NC,39018.0,211400.0
Butner,NC,68604.0,190700.0
Butters,NC,,75000.0
Buxton,NC,87344.0,328600.0
Cajah's Mountain,NC,52133.0,158300.0
Calabash,NC,46607.0,169600.0
Calypso,NC,,81300.0
Camden,NC,82794.0,
Cameron,NC,71696.0,156600.0
Candor,NC,45351.0,114500.0
Canton,NC,54728.0,192400.0
Cape Carteret,NC,76750.0,327700.0
Cape Colony,NC,76477.0,210600.0
Caroleen,NC,73198.0,111300.0
Carolina Beach,NC,87159.0,442300.0
Carolina Meadows,NC,120536.0,492900.0
Carolina Shores,NC,77259.0,249800.0
Carrboro,NC,76933.0,457200.0
Carthage,NC,55469.0,188400.0
Cary,NC,125317.0,477400.0
Casar,NC,52500.0,88700.0
Cashiers,NC,78150.0,247800.0
Castalia,NC,30000.0,70000.0
Castle Hayne,NC,55625.0,297700.0
Caswell Beach,NC,121125.0,550000.0
Catawba,NC,44167.0,130400.0
Cedar Point,NC,87981.0,402000.0
Cedar Rock,NC,77143.0,358700.0
Centerville,NC,99773.0,149500.0
Cerro Gordo,NC,,164400.0
Chadbourn,NC,23477.0,68600.0
Chapel Hill,NC,85940.0,537100.0
Charlotte,NC,74070.0,312800.0
Cherokee,NC,43655.0,140300.0
Cherry Branch,NC,105739.0,250300.0
Cherryville,NC,57137.0,178300.0
Chimney Rock Village,NC,66563.0,394400.0
China Grove,NC,44881.0,183900.0
Chinquapin,NC,,
Chocowinity,NC,35098.0,105600.0
Chowan Beach,NC,18378.0,91000.0
Claremont,NC,60735.0,191800.0
Clarkton,NC,23618.0,105600.0
Clayton,NC,71698.0,260400.0
Clemmons,NC,75667.0,285600.0
Cleveland,NC,56250.0,171900.0
Cliffside,NC,34111.0,
Clinton,NC,38880.0,159700.0
Clyde,NC,55943.0,172900.0
Coats,NC,42566.0,120400.0
Cofield,NC,60417.0,66300.0
Coinjock,NC,40938.0,200600.0
Colerain,NC,89265.0,157100.0
Columbia,NC,19551.0,120500.0
Columbus,NC,53333.0,204200.0
Como,NC,63750.0,118800.0
Concord,NC,83480.0,288100.0
Conetoe,NC,36835.0,81200.0
Connelly Springs,NC,63963.0,131000.0
Conover,NC,49978.0,199900.0
Conway,NC,43095.0,102900.0
Cooleemee,NC,50250.0,131000.0
Cordova,NC,51046.0,127200.0
Cornelius,NC,107969.0,452300.0
Cove City,NC,50833.0,78500.0
Cove Creek,NC,51812.0,225200.0
Cramerton,NC,89313.0,276500.0
Creedmoor,NC,78750.0,224100.0
Creswell,NC,,125000.0
Cricket,NC,45536.0,136400.0
Crossnore,NC,106000.0,225000.0
Crouse,NC,,208300.0
Cullowhee,NC,32054.0,
Cypress Landing,NC,78601.0,381800.0
Dallas,NC,55979.0,208700.0
Dana,NC,53256.0,208100.0
Danbury,NC,77222.0,166700.0
Davidson,NC,140938.0,572300.0
Davis,NC,90813.0,183500.0
Deep Run,NC,61974.0,62100.0
Deercroft,NC,78494.0,291400.0
Delco,NC,,
Dellview,NC,,
Delway,NC,,
Denton,NC,44539.0,131800.0
Denver,NC,65577.0,266600.0
Dillsboro,NC,55625.0,200000.0
Dobbins Heights,NC,24167.0,48300.0
Dobson,NC,54236.0,154900.0
Dortches,NC,68583.0,220100.0
Dover,NC,36563.0,88200.0
Drexel,NC,59052.0,176800.0
Dublin,NC,49250.0,144600.0
Duck,NC,122500.0,630900.0
Dudley,NC,42022.0,88900.0
Dundarrach,NC,,
Dunn,NC,41843.0,165700.0
Durham,NC,74710.0,316600.0
Earl,NC,41935.0,158300.0
East Arcadia,NC,31731.0,
East Bend,NC,79375.0,158300.0
East Flat Rock,NC,54605.0,192900.0
East Laurinburg,NC,28500.0,35000.0
Eastover,NC,68646.0,235200.0
East Rockingham,NC,31475.0,92700.0
East Spencer,NC,37917.0,96300.0
Eden,NC,43607.0,104900.0
Edenton,NC,46979.0,222100.0
Edneyville,NC,61600.0,245300.0
Efland,NC,85248.0,184000.0
Elizabeth City,NC,50155.0,166100.0
Elizabethtown,NC,24081.0,152700.0
Elkin,NC,57711.0,181100.0
Elk Park,NC,45455.0,139300.0
Ellenboro,NC,47727.0,92700.0
Ellerbe,NC,45654.0,85500.0
Elm City,NC,48125.0,97000.0
Elon,NC,73597.0,335700.0
Elrod,NC,,55700.0
Elroy,NC,59505.0,116900.0
Emerald Isle,NC,85982.0,489200.0
Emma,NC,42491.0,93600.0
Enfield,NC,19853.0,82500.0
Engelhard,NC,35192.0,112800.0
Enochville,NC,57328.0,175500.0
Erwin,NC,49245.0,136200.0
Etowah,NC,76071.0,302200.0
Eureka,NC,55625.0,99400.0
Everetts,NC,55000.0,90300.0
Evergreen,NC,59191.0,74300.0
Fair Bluff,NC,25500.0,47900.0
Fairfield,NC,50357.0,160700.0
Fairfield Harbour,NC,68723.0,254500.0
Fairmont,NC,31731.0,87400.0
Fairplains,NC,37261.0,125000.0
Fairview,NC,82917.0,374300.0
Fairview,NC,85441.0,318400.0
Faison,NC,43194.0,84800.0
Faith,NC,123456.0,245500.0
Falcon,NC,71786.0,212500.0
Falkland,NC,88504.0,46000.0
Fallston,NC,44545.0,89500.0
Farmington,NC,48833.0,171400.0
Farmville,NC,47604.0,163300.0
Fayetteville,NC,53424.0,158500.0
Fearrington Village,NC,95391.0,410200.0
Five Points,NC,,275800.0
Flat Rock,NC,102039.0,520700.0
Flat Rock,NC,50032.0,114400.0
Fletcher,NC,74483.0,299800.0
Fontana Dam,NC,,
Forest City,NC,35232.0,136600.0
Forest Hills,NC,89063.0,
Forest Oaks,NC,110417.0,276400.0
Foscoe,NC,53382.0,291900.0
Fountain,NC,22250.0,110100.0
Four Oaks,NC,66014.0,186000.0
Foxfire,NC,69782.0,337800.0
Franklin,NC,38947.0,164900.0
Franklinton,NC,59911.0,147800.0
Franklinville,NC,38712.0,106100.0
Fremont,NC,44219.0,104400.0
Frisco,NC,65368.0,367800.0
Fruitland,NC,40500.0,130300.0
Fuquay-Varina,NC,94142.0,364200.0
Gamewell,NC,54037.0,148100.0
Garland,NC,40577.0,105900.0
Garner,NC,77171.0,288900.0
Garysburg,NC,38510.0,100300.0
Gaston,NC,34934.0,73900.0
Gastonia,NC,58047.0,219700.0
Gatesville,NC,75750.0,176900.0
Germanton,NC,72617.0,166500.0
Gerton,NC,,353900.0
Gibson,NC,27063.0,69100.0
Gibsonville,NC,98558.0,251600.0
Glen Alpine,NC,51563.0,150500.0
Glen Raven,NC,57639.0,184300.0
Glenville,NC,92667.0,456500.0
Glenwood,NC,114107.0,158200.0
Gloucester,NC,53036.0,203300.0
Godwin,NC,,158000.0
Gold Hill,NC,105254.0,
Goldsboro,NC,44196.0,162300.0
Goldston,NC,37278.0,165400.0
Gorman,NC,,210100.0
Governors Club,NC,211719.0,911500.0
Governors Village,NC,148462.0,521500.0
Graham,NC,51482.0,175600.0
Graingers,NC,,
Grandfather Village,NC,220000.0,1250000.0
Grandy,NC,70610.0,260500.0
Granite Falls,NC,76680.0,201300.0
Granite Quarry,NC,51798.0,221300.0
Grantsboro,NC,70000.0,130800.0
Greenevers,NC,,68000.0
Green Level,NC,42695.0,122100.0
Greensboro,NC,55051.0,197200.0
Greenville,NC,47485.0,192900.0
Grifton,NC,34609.0,99200.0
Grimesland,NC,35000.0,105600.0
Grover,NC,33583.0,90000.0
Gulf,NC,,
Half Moon,NC,66042.0,166000.0
Halifax,NC,59031.0,70000.0
Hallsboro,NC,63478.0,253300.0
Hamilton,NC,41429.0,67300.0
Hamlet,NC,34798.0,97600.0
Hampstead,NC,105755.0,368900.0
Harkers Island,NC,67888.0,264300.0
Harmony,NC,62024.0,118300.0
Harrells,NC,67250.0,205000.0
Harrellsville,NC,62292.0,112500.0
Harrisburg,NC,134767.0,383400.0
Hassell,NC,18229.0,
Hatteras,NC,47067.0,470900.0
Havelock,NC,56492.0,170200.0
Haw River,NC,57404.0,123400.0
Hayesville,NC,,193800.0
Hays,NC,40963.0,113100.0
Hemby Bridge,NC,77454.0,223000.0
Henderson,NC,37670.0,108700.0
Hendersonville,NC,50198.0,253700.0
Henrietta,NC,45444.0,
Hertford,NC,43696.0,184200.0
Hickory,NC,58251.0,233800.0
Hiddenite,NC,132870.0,219000.0
Highlands,NC,55573.0,642300.0
High Point,NC,58582.0,196500.0
High Shoals,NC,47857.0,124600.0
Hightsville,NC,15682.0,122500.0
Hildebran,NC,51680.0,183200.0
Hillsborough,NC,86250.0,376900.0
Hobgood,NC,46250.0,56500.0
Hobucken,NC,,
Hoffman,NC,35781.0,55600.0
Holden Beach,NC,106375.0,475300.0
Hollister,NC,39913.0,137500.0
Holly Ridge,NC,90197.0,267900.0
Holly Springs,NC,127755.0,449600.0
Hookerton,NC,38571.0,74000.0
Hoopers Creek,NC,63750.0,231800.0
Hope Mills,NC,57864.0,161300.0
Horse Shoe,NC,68000.0,366000.0
Hot Springs,NC,45500.0,178000.0
Hudson,NC,49761.0,175300.0
Huntersville,NC,112893.0,393200.0
Icard,NC,45620.0,149700.0
Indian Beach,NC,80000.0,528800.0
Indian Trail,NC,95101.0,303100.0
Ingold,NC,38281.0,
Iron Station,NC,58346.0,170800.0
Ivanhoe,NC,,
JAARS,NC,60685.0,
Jackson,NC,46386.0,
Jackson Heights,NC,36927.0,135100.0
Jackson Springs,NC,235720.0,182200.0
Jacksonville,NC,50185.0,176200.0
James City,NC,62227.0,146200.0
Jamestown,NC,85583.0,261400.0
Jamesville,NC,41205.0,93500.0
Jefferson,NC,37232.0,174400.0
Jonesville,NC,26044.0,114200.0
Kannapolis,NC,66487.0,213300.0
Keener,NC,40347.0,107600.0
Kelford,NC,30268.0,67000.0
Kelly,NC,47857.0,82700.0
Kenansville,NC,53750.0,127600.0
Kenly,NC,51250.0,153900.0
Kernersville,NC,66151.0,241800.0
Kill Devil Hills,NC,73036.0,337100.0
King,NC,59770.0,190700.0
Kings Grant,NC,60964.0,234700.0
Kings Mountain,NC,45301.0,158300.0
Kingstown,NC,31094.0,86600.0
Kinston,NC,35653.0,101000.0
Kittrell,NC,83250.0,98100.0
Kitty Hawk,NC,85700.0,456400.0
Knightdale,NC,79364.0,305500.0
Kure Beach,NC,97269.0,559000.0
La Grange,NC,46799.0,86200.0
Lake Junaluska,NC,71875.0,304700.0
Lake Lure,NC,75259.0,480100.0
Lake Norman of Catawba,NC,96908.0,505200.0
Lake Norman of Iredell,NC,171583.0,781300.0
Lake Park,NC,73972.0,268000.0
Lake Royale,NC,100239.0,231500.0
Lake Santeetlah,NC,112750.0,422700.0
Lake Waccamaw,NC,74297.0,291300.0
Landis,NC,73571.0,212800.0
Lansing,NC,45536.0,130900.0
Lasker,NC,80625.0,160000.0
Lattimore,NC,68125.0,140700.0
Laurel Hill,NC,23086.0,80000.0
Laurel Park,NC,90855.0,358900.0
Laurinburg,NC,38015.0,121100.0
Lawndale,NC,33542.0,86700.0
Leggett,NC,48438.0,
Leland,NC,82651.0,322600.0
Lenoir,NC,44802.0,145200.0
Lewiston Woodville,NC,41944.0,79200.0
Lewisville,NC,86641.0,256000.0
Lexington,NC,36868.0,141500.0
Liberty,NC,48672.0,148700.0
Light Oak,NC,,
Lilesville,NC,51538.0,116700.0
Lillington,NC,57774.0,197900.0
Lincolnton,NC,41614.0,212700.0
Linden,NC,61250.0,135400.0
Linville,NC,70168.0,345700.0
Littleton,NC,26667.0,99500.0
Locust,NC,52551.0,263700.0
Long Creek,NC,,
Long View,NC,44740.0,134200.0
Louisburg,NC,41813.0,209700.0
Love Valley,NC,20938.0,71700.0
Lowell,NC,55481.0,153300.0
Lowesville,NC,113086.0,352700.0
Lowgap,NC,77083.0,
Lucama,NC,37750.0,105600.0
Lumber Bridge,NC,61250.0,162500.0
Lumberton,NC,41314.0,138700.0
McAdenville,NC,102083.0,330800.0
Macclesfield,NC,59375.0,114300.0
McDonald,NC,50833.0,92500.0
McFarlan,NC,58250.0,75000.0
McLeansville,NC,69902.0,164600.0
Macon,NC,77917.0,157800.0
Madison,NC,51150.0,130100.0
Maggie Valley,NC,62083.0,267800.0
Magnolia,NC,35357.0,65400.0
Maiden,NC,62765.0,186600.0
Mamers,NC,,145700.0
Manns Harbor,NC,49250.0,
Manteo,NC,78074.0,375900.0
Marble,NC,44145.0,197700.0
Marietta,NC,32500.0,101800.0
Marion,NC,48520.0,122200.0
Mar-Mac,NC,50286.0,137700.0
Marshall,NC,49712.0,228400.0
Marshallberg,NC,83221.0,170800.0
Mars Hill,NC,80833.0,290400.0
Marshville,NC,50000.0,122900.0
Marvin,NC,238875.0,799200.0
Matthews,NC,103405.0,360000.0
Maury,NC,19797.0,86800.0
Maxton,NC,23106.0,85300.0
Mayodan,NC,40458.0,110100.0
Maysville,NC,57083.0,132600.0
Mebane,NC,78419.0,264500.0
Mesic,NC,,136000.0
Micro,NC,45000.0,155400.0
Middleburg,NC,,
Middlesex,NC,42917.0,157600.0
Midland,NC,101220.0,294400.0
Midway,NC,72574.0,203600.0
Millers Creek,NC,41434.0,174400.0
Millingport,NC,89000.0,167800.0
Mills River,NC,79802.0,344900.0
Milton,NC,,177100.0
Milwaukee,NC,,103200.0
Mineral Springs,NC,94113.0,338700.0
Minnesott Beach,NC,77596.0,298900.0
Mint Hill,NC,92102.0,357100.0
Misenheimer,NC,44063.0,146900.0
Mocksville,NC,46553.0,179200.0
Momeyer,NC,53750.0,
Moncure,NC,51896.0,
Monroe,NC,63982.0,234300.0
Montreat,NC,,
Mooresboro,NC,,101300.0
Mooresville,NC,82622.0,311600.0
Moravian Falls,NC,52217.0,190400.0
Morehead City,NC,51716.0,316500.0
Morganton,NC,47715.0,179600.0
Morrisville,NC,114075.0,429600.0
Morven,NC,,110400.0
Mountain Home,NC,59010.0,311400.0
Mountain View,NC,65369.0,166200.0
Mount Airy,NC,34089.0,172900.0
Mount Gilead,NC,65388.0,134500.0
Mount Holly,NC,73923.0,251600.0
Mount Olive,NC,41738.0,110600.0
Mount Pleasant,NC,70313.0,238900.0
Moyock,NC,101484.0,348800.0
Mulberry,NC,51750.0,147800.0
Murfreesboro,NC,42685.0,141200.0
Murphy,NC,34283.0,185100.0
Murraysville,NC,76154.0,254700.0
Myrtle Grove,NC,108363.0,366100.0
Nags Head,NC,87560.0,427300.0
Nashville,NC,61513.0,179500.0
Navassa,NC,50694.0,168600.0
Nebo,NC,45639.0,100100.0
Neuse Forest,NC,84542.0,208100.0
New Bern,NC,55673.0,202500.0
New Hope,NC,,140300.0
Newland,NC,42829.0,218900.0
New London,NC,58667.0,170300.0
Newport,NC,79109.0,180800.0
Newton,NC,57918.0,146700.0
Newton Grove,NC,64750.0,160500.0
Norlina,NC,34550.0,84600.0
Norman,NC,44375.0,65000.0
Northchase,NC,52122.0,272600.0
Northlakes,NC,100577.0,285100.0
North Topsail Beach,NC,82857.0,398900.0
Northwest,NC,31750.0,117300.0
North Wilkesboro,NC,36855.0,218600.0
Norwood,NC,55897.0,146900.0
Oakboro,NC,78453.0,221000.0
Oak City,NC,57769.0,89300.0
Oak Island,NC,85513.0,348600.0
Oak Ridge,NC,146131.0,484300.0
Ocean Isle Beach,NC,91250.0,662300.0
Ocracoke,NC,65672.0,484800.0
Ogden,NC,113523.0,404900.0
Old Fort,NC,41125.0,111800.0
Old Hundred,NC,25441.0,
Oriental,NC,51563.0,392600.0
Orrum,NC,23000.0,
Ossipee,NC,57273.0,116300.0
Oxford,NC,42016.0,166400.0
Pantego,NC,67292.0,103300.0
Parkton,NC,54063.0,141700.0
Parmele,NC,34821.0,79200.0
Patterson Springs,NC,43750.0,103500.0
Peachland,NC,70096.0,138500.0
Peletier,NC,45781.0,136600.0
Pembroke,NC,23107.0,112100.0
Pikeville,NC,65417.0,134800.0
Pilot Mountain,NC,42045.0,156800.0
Pinebluff,NC,70750.0,198200.0
Pinehurst,NC,102917.0,385300.0
Pine Knoll Shores,NC,92656.0,493300.0
Pine Level,NC,65347.0,180200.0
Pinetops,NC,44643.0,117900.0
Pinetown,NC,,
Pineville,NC,55450.0,313100.0
Piney Green,NC,65336.0,188700.0
Pink Hill,NC,43074.0,72200.0
Pinnacle,NC,32200.0,84900.0
Pittsboro,NC,62513.0,330400.0
Plain View,NC,70083.0,201300.0
Pleasant Garden,NC,84395.0,186000.0
Pleasant Hill,NC,80313.0,141500.0
Plymouth,NC,24385.0,93000.0
Polkton,NC,47277.0,130100.0
Polkville,NC,53194.0,132100.0
Pollocksville,NC,44615.0,136400.0
Porters Neck,NC,111733.0,461400.0
Potters Hill,NC,45662.0,67700.0
Powellsville,NC,42188.0,131300.0
Princeton,NC,34315.0,117300.0
Princeville,NC,50938.0,96700.0
Proctorville,NC,60625.0,87100.0
Prospect,NC,,89100.0
Pumpkin Center,NC,60797.0,158500.0
Raeford,NC,38371.0,141300.0
Raemon,NC,,82200.0
Raleigh,NC,78631.0,347000.0
Ramseur,NC,32964.0,113300.0
Randleman,NC,63040.0,160100.0
Ranlo,NC,78533.0,176500.0
Raynham,NC,,
Red Cross,NC,51250.0,198300.0
Red Oak,NC,80242.0,233400.0
Red Springs,NC,20917.0,84200.0
Reidsville,NC,35061.0,141200.0
Rennert,NC,,38400.0
Rex,NC,,
Rhodhiss,NC,53000.0,102700.0
Richfield,NC,74651.0,254700.0
Richlands,NC,59333.0,196100.0
Rich Square,NC,30972.0,79500.0
Riegelwood,NC,42452.0,195600.0
River Bend,NC,74375.0,213600.0
River Road,NC,46434.0,165400.0
Roanoke Rapids,NC,45732.0,126000.0
Robbins,NC,47770.0,98400.0
Robbinsville,NC,17222.0,
Roberdel,NC,80682.0,105100.0
Robersonville,NC,42857.0,84500.0
Rockfish,NC,61172.0,175100.0
Rockingham,NC,38750.0,121800.0
Rockwell,NC,62656.0,193800.0
Rocky Mount,NC,50092.0,137800.0
Rocky Point,NC,47500.0,183700.0
Rodanthe,NC,,360000.0
Rolesville,NC,145166.0,422000.0
Ronda,NC,47333.0,96400.0
Roper,NC,20194.0,72900.0
Roseboro,NC,50455.0,107400.0
Rose Hill,NC,45000.0,107800.0
Rosman,NC,50437.0,129400.0
Rougemont,NC,,215800.0
Rowland,NC,28750.0,96700.0
Roxboro,NC,39787.0,116600.0
Roxobel,NC,37500.0,
Royal Pines,NC,98309.0,356900.0
Ruffin,NC,,117000.0
Rural Hall,NC,56037.0,170700.0
Ruth,NC,56875.0,119800.0
Rutherford College,NC,57500.0,171500.0
Rutherfordton,NC,58913.0,193400.0
St. Helena,NC,73571.0,196000.0
St. James,NC,113507.0,554600.0
St. Pauls,NC,36490.0,100800.0
St. Stephens,NC,59597.0,167500.0
Salem,NC,55156.0,140500.0
Salemburg,NC,46071.0,126800.0
Salisbury,NC,48888.0,190300.0
Saluda,NC,51429.0,295200.0
Salvo,NC,62159.0,403800.0
Sandy Creek,NC,56250.0,124100.0
Sandyfield,NC,29722.0,76000.0
Sanford,NC,52951.0,184100.0
Saratoga,NC,31250.0,110400.0
Sawmills,NC,63388.0,156100.0
Saxapahaw,NC,50909.0,156500.0
Scotch Meadows,NC,106750.0,238100.0
Scotland Neck,NC,17271.0,68100.0
Seaboard,NC,24531.0,72500.0
Sea Breeze,NC,54432.0,400000.0
Seagrove,NC,65000.0,137100.0
Sedalia,NC,41563.0,159000.0
Selma,NC,29325.0,136400.0
Seven Devils,NC,94167.0,336000.0
Seven Lakes,NC,93937.0,354100.0
Seven Springs,NC,47083.0,
Severn,NC,41667.0,120000.0
Shallotte,NC,71659.0,268500.0
Shannon,NC,28359.0,85800.0
Sharpsburg,NC,35521.0,114500.0
Shelby,NC,46176.0,151900.0
Siler City,NC,48374.0,147700.0
Silver City,NC,21159.0,102500.0
Silver Lake,NC,75123.0,247400.0
Simpson,NC,57500.0,171600.0
Sims,NC,61042.0,176600.0
Skippers Corner,NC,58821.0,212000.0
Smithfield,NC,37000.0,192200.0
Smithtown,NC,43906.0,101300.0
Sneads Ferry,NC,40278.0,195200.0
Snow Hill,NC,34583.0,128500.0
Southern Pines,NC,81867.0,378000.0
Southern Shores,NC,112371.0,587800.0
South Henderson,NC,35341.0,
South Mills,NC,,172300.0
Southmont,NC,49000.0,220700.0
Southport,NC,78287.0,343600.0
South Rosemary,NC,41875.0,84000.0
South Weldon,NC,20417.0,65600.0
Sparta,NC,38045.0,164500.0
Speed,NC,,70600.0
Spencer,NC,61079.0,145600.0
Spencer Mountain,NC,,
Spindale,NC,38857.0,115200.0
Spivey's Corner,NC,68583.0,220200.0
Spout Springs,NC,90554.0,288000.0
Springdale,NC,62931.0,143400.0
Spring Hope,NC,29699.0,111100.0
Spring Lake,NC,44447.0,104000.0
Spruce Pine,NC,44596.0,178600.0
Staley,NC,54107.0,148600.0
Stallings,NC,99451.0,346400.0
Stanfield,NC,79946.0,277600.0
Stanley,NC,61723.0,178000.0
Stantonsburg,NC,55938.0,116400.0
Star,NC,35750.0,112500.0
Statesville,NC,51784.0,202200.0
Stedman,NC,98615.0,181900.0
Stem,NC,82212.0,194100.0
Stokes,NC,65500.0,195000.0
Stokesdale,NC,118159.0,323900.0
Stoneville,NC,50661.0,116800.0
Stonewall,NC,,89600.0
Stony Point,NC,68371.0,165700.0
Stovall,NC,48214.0,101400.0
Sugar Mountain,NC,111250.0,261800.0
Summerfield,NC,148182.0,455300.0
Sunbury,NC,52083.0,201900.0
Sunset Beach,NC,82261.0,333200.0
Surf City,NC,85714.0,451900.0
Swannanoa,NC,64815.0,221400.0
Swan Quarter,NC,65806.0,97500.0
Swansboro,NC,105779.0,315600.0
Swepsonville,NC,84737.0,262100.0
Sylva,NC,38704.0,175000.0
Tabor City,NC,34722.0,92200.0
Tarboro,NC,43523.0,145600.0
Tar Heel,NC,,153600.0
Taylorsville,NC,43681.0,176300.0
Taylortown,NC,47431.0,176700.0
Teachey,NC,51875.0,162700.0
Thomasville,NC,48457.0,146200.0
Toast,NC,33665.0,94000.0
Tobaccoville,NC,75673.0,190300.0
Topsail Beach,NC,112708.0,588200.0
Trenton,NC,45417.0,131300.0
Trent Woods,NC,112679.0,290400.0
Trinity,NC,70368.0,176400.0
Troutman,NC,74219.0,287500.0
Troy,NC,44261.0,135100.0
Tryon,NC,50398.0,229200.0
Turkey,NC,,51800.0
Tyro,NC,55995.0,173600.0
Unionville,NC,90904.0,294700.0
Valdese,NC,66745.0,160500.0
Valle Crucis,NC,,
Valley Hill,NC,82436.0,277900.0
Vanceboro,NC,38646.0,135900.0
Vandemere,NC,31250.0,
Vander,NC,45875.0,218300.0
Vann Crossroads,NC,,326700.0
Varnamtown,NC,69063.0,198100.0
Vass,NC,59375.0,246600.0
Waco,NC,41875.0,97700.0
Wade,NC,62500.0,167900.0
Wadesboro,NC,32022.0,96100.0
Wagram,NC,51304.0,98300.0
Wake Forest,NC,115159.0,397300.0
Wakulla,NC,,
Walkertown,NC,58900.0,194000.0
Wallace,NC,47318.0,155700.0
Wallburg,NC,80592.0,243500.0
Walnut Cove,NC,42398.0,154500.0
Walnut Creek,NC,149875.0,435100.0
Walstonburg,NC,40000.0,83900.0
Wanchese,NC,71484.0,249700.0
Warrenton,NC,31563.0,144400.0
Warsaw,NC,41831.0,
Washington,NC,42821.0,170700.0
Washington Park,NC,82250.0,285700.0
Watha,NC,45833.0,106900.0
Waves,NC,158860.0,547800.0
Waxhaw,NC,124711.0,448000.0
Waynesville,NC,44920.0,221000.0
Weaverville,NC,76310.0,423000.0
Webster,NC,40833.0,345700.0
Weddington,NC,171810.0,674600.0
Welcome,NC,59348.0,152200.0
Weldon,NC,37330.0,90200.0
Wendell,NC,91316.0,306800.0
Wentworth,NC,71806.0,161700.0
Wesley Chapel,NC,133333.0,443400.0
West Canton,NC,27974.0,162500.0
West Jefferson,NC,41036.0,190900.0
West Marion,NC,40231.0,114200.0
Westport,NC,136290.0,502300.0
Whispering Pines,NC,105707.0,409400.0
Whitakers,NC,34375.0,99000.0
White Lake,NC,58421.0,186700.0
White Oak,NC,90199.0,183100.0
White Plains,NC,47375.0,205500.0
Whiteville,NC,34121.0,141900.0
Whitsett,NC,68393.0,174700.0
Whittier,NC,,
Wilkesboro,NC,43480.0,175900.0
Williamston,NC,41182.0,103800.0
Wilmington,NC,58908.0,318600.0
Wilson,NC,46891.0,167400.0
Wilson's Mills,NC,59309.0,200000.0
Windsor,NC,46786.0,116400.0
Winfall,NC,59732.0,321100.0
Wingate,NC,72188.0,185400.0
Winston-Salem,NC,54416.0,187400.0
Winterville,NC,82969.0,198600.0
Winton,NC,38333.0,76200.0
Woodfin,NC,59144.0,327000.0
Woodland,NC,40489.0,126100.0
Woodlawn,NC,66023.0,264000.0
Wrightsboro,NC,56719.0,188700.0
Wrightsville Beach,NC,125074.0,966200.0
Yadkin College,NC,102675.0,133800.0
Yadkinville,NC,41148.0,137000.0
Yanceyville,NC,26693.0,134300.0
Youngsville,NC,73472.0,366700.0
Zebulon,NC,50934.0,213100.0
Abercrombie,ND,63250.0,120800.0
Adams,ND,48750.0,65000.0
Alamo,ND,,116700.0
Alexander,ND,85833.0,310000.0
Alice,ND,117857.0,
Almont,ND,120000.0,37200.0
Alsen,ND,86250.0,
Ambrose,ND,71563.0,
Amenia,ND,83125.0,185800.0
Amidon,ND,31458.0,
Anamoose,ND,70833.0,58900.0
Aneta,ND,29911.0,54300.0
Antler,ND,42917.0,
Apple Valley,ND,99375.0,239800.0
Ardoch,ND,,11900.0
Argusville,ND,153516.0,343100.0
Arnegard,ND,111313.0,259800.0
Arthur,ND,81750.0,214500.0
Ashley,ND,38393.0,49500.0
Auburn,ND,,
Ayr,ND,,
Balfour,ND,43125.0,
Balta,ND,42750.0,81800.0
Bantry,ND,,
Barney,ND,51250.0,80000.0
Barton,ND,,
Bathgate,ND,,42500.0
Beach,ND,71500.0,151600.0
Belcourt,ND,61250.0,95500.0
Belfield,ND,77850.0,152700.0
Benedict,ND,57007.0,249000.0
Bergen,ND,,
Berlin,ND,120000.0,48300.0
Berthold,ND,88625.0,220000.0
Beulah,ND,90655.0,216900.0
Binford,ND,46250.0,55000.0
Bisbee,ND,31875.0,78300.0
Bismarck,ND,76014.0,283800.0
Blacktail,ND,,
Blanchard,ND,,
Bottineau,ND,67723.0,161200.0
Bowbells,ND,86875.0,115300.0
Bowdon,ND,,38800.0
Bowman,ND,73309.0,177800.0
Braddock,ND,56250.0,37000.0
Briarwood,ND,153750.0,562500.0
Brinsmade,ND,51250.0,9999.0
Brocket,ND,96250.0,
Brooktree Park,ND,191118.0,355300.0
Buchanan,ND,104375.0,162500.0
Bucyrus,ND,148542.0,164600.0
Buffalo,ND,66250.0,147200.0
Burlington,ND,87417.0,235500.0
Butte,ND,50417.0,153100.0
Buxton,ND,98333.0,175000.0
Caledonia,ND,,80900.0
Calio,ND,208750.0,325000.0
Calvin,ND,121875.0,
Cando,ND,53400.0,155000.0
Cannon Ball,ND,31500.0,205000.0
Canton City (Hensel),ND,,28800.0
Carpio,ND,61500.0,101800.0
Carrington,ND,62240.0,146700.0
Carson,ND,43750.0,62500.0
Casselton,ND,61861.0,281600.0
Cathay,ND,35000.0,
Cavalier,ND,55387.0,130600.0
Cayuga,ND,81250.0,85000.0
Center,ND,56250.0,165900.0
Christine,ND,84750.0,250000.0
Churchs Ferry,ND,,
Cleveland,ND,49028.0,
Clifford,ND,83750.0,90000.0
Cogswell,ND,68750.0,38300.0
Coleharbor,ND,48125.0,97500.0
Colfax,ND,99375.0,143800.0
Columbus,ND,84375.0,119600.0
Conway,ND,46250.0,
Cooperstown,ND,53224.0,92200.0
Courtenay,ND,50938.0,88800.0
Crary,ND,92500.0,
Crosby,ND,82656.0,120400.0
Crystal,ND,,59100.0
Dahlen,ND,,
Davenport,ND,91875.0,195800.0
Dawson,ND,,151300.0
Dazey,ND,41375.0,
Deering,ND,67708.0,105700.0
De Lamere,ND,61250.0,67500.0
Denhoff,ND,61250.0,250000.0
Des Lacs,ND,78750.0,124100.0
Devils Lake,ND,41203.0,161400.0
Dickey,ND,106786.0,187500.0
Dickinson,ND,75767.0,250600.0
Dodge,ND,61250.0,92500.0
Donnybrook,ND,45781.0,108300.0
Douglas,ND,106250.0,55000.0
Drake,ND,43750.0,67600.0
Drayton,ND,68971.0,96900.0
Driscoll,ND,41447.0,91400.0
Dunn Center,ND,90000.0,152500.0
Dunseith,ND,48820.0,40900.0
Dwight,ND,136250.0,181300.0
East Dunseith,ND,15673.0,89000.0
East Fairview,ND,,
Edgeley,ND,42500.0,99100.0
Edinburg,ND,54167.0,87500.0
Edmore,ND,65291.0,80100.0
Egeland,ND,,
Elgin,ND,53750.0,108900.0
Ellendale,ND,37228.0,101300.0
Elliott,ND,50000.0,76700.0
Embden,ND,,
Emerado,ND,64271.0,146400.0
Enderlin,ND,58403.0,109700.0
Englevale,ND,,
Epping,ND,,185300.0
Erie,ND,136250.0,
Esmond,ND,,58300.0
Fairdale,ND,26250.0,
Fairmount,ND,54167.0,65200.0
Fargo,ND,64432.0,254900.0
Fessenden,ND,64052.0,63500.0
Fingal,ND,51667.0,56000.0
Finley,ND,71458.0,67300.0
Flasher,ND,42188.0,75000.0
Flaxton,ND,,35000.0
Forbes,ND,91667.0,
Fordville,ND,75875.0,72300.0
Forest River,ND,65000.0,82900.0
Forman,ND,65000.0,144400.0
Fort Ransom,ND,80000.0,168800.0
Fort Totten,ND,30234.0,36200.0
Fortuna,ND,2499.0,31500.0
Fort Yates,ND,72813.0,49000.0
Four Bears Village,ND,28409.0,82500.0
Foxholm,ND,121250.0,212500.0
Fredonia,ND,61250.0,55000.0
Frontier,ND,116250.0,374200.0
Fullerton,ND,81250.0,62900.0
Gackle,ND,57500.0,85000.0
Galesburg,ND,88333.0,93300.0
Gardena,ND,,
Gardner,ND,116250.0,218800.0
Garrison,ND,70813.0,178900.0
Gascoyne,ND,87500.0,112500.0
Gilby,ND,71786.0,75600.0
Gladstone,ND,80625.0,200900.0
Glenburn,ND,81250.0,165100.0
Glenfield,ND,55357.0,41800.0
Glen Ullin,ND,43214.0,98000.0
Golden Valley,ND,87917.0,115100.0
Golva,ND,93077.0,114800.0
Goodrich,ND,72969.0,48900.0
Grace City,ND,,50000.0
Grafton,ND,59696.0,110200.0
Grand Forks,ND,59079.0,237000.0
Grand Forks AFB,ND,70500.0,
Grandin,ND,83125.0,146900.0
Grano,ND,,
Granville,ND,96250.0,101700.0
Great Bend,ND,46250.0,52500.0
Green Acres,ND,50197.0,
Grenora,ND,,93100.0
Gwinner,ND,66500.0,144000.0
Hague,ND,,99500.0
Halliday,ND,60833.0,131300.0
Hamberg,ND,,9999.0
Hamilton,ND,87813.0,28300.0
Hampden,ND,,
Hankinson,ND,57031.0,103600.0
Hannaford,ND,53750.0,67000.0
Hannah,ND,2499.0,
Hansboro,ND,33438.0,
Harmon,ND,95962.0,461300.0
Harvey,ND,43864.0,125000.0
Harwood,ND,139750.0,278200.0
Hatton,ND,67500.0,119400.0
Havana,ND,98750.0,92500.0
Haynes,ND,48021.0,52900.0
Hazelton,ND,48125.0,72300.0
Hazen,ND,79231.0,176900.0
Hebron,ND,55781.0,101100.0
Heil,ND,,
Heimdal,ND,,
Hettinger,ND,55192.0,114100.0
Hillsboro,ND,76076.0,170000.0
Hoople,ND,73542.0,95000.0
Hope,ND,56563.0,107500.0
Horace,ND,146184.0,428300.0
Hunter,ND,72708.0,126100.0
Hurdsfield,ND,86250.0,
Inkster,ND,,
Jamestown,ND,53389.0,185300.0
Jessie,ND,,
Jud,ND,69583.0,71300.0
Karlsruhe,ND,,75000.0
Kathryn,ND,50833.0,83800.0
Kenmare,ND,59063.0,122400.0
Kensal,ND,76500.0,93300.0
Kief,ND,,
Killdeer,ND,77069.0,286500.0
Kindred,ND,92404.0,286900.0
Knox,ND,65833.0,140000.0
Kramer,ND,36964.0,108900.0
Kulm,ND,88125.0,78300.0
Lakota,ND,60862.0,135900.0
LaMoure,ND,69375.0,122700.0
Landa,ND,76250.0,
Langdon,ND,58939.0,135000.0
Lankin,ND,,68800.0
Lansford,ND,72500.0,156300.0
Larimore,ND,70568.0,157300.0
Larson,ND,,
Lawton,ND,,14200.0
Leal,ND,,
Leeds,ND,72188.0,81600.0
Lehr,ND,43750.0,48600.0
Leith,ND,,
Leonard,ND,70313.0,147700.0
Lidgerwood,ND,46950.0,74100.0
Lignite,ND,90000.0,95500.0
Lincoln,ND,83947.0,250000.0
Linton,ND,49135.0,88400.0
Lisbon,ND,61250.0,128700.0
Litchville,ND,41875.0,147500.0
Logan,ND,108750.0,513900.0
Loma,ND,,137500.0
Long Creek,ND,,
Loraine,ND,,
Ludden,ND,94500.0,
Luverne,ND,,
McClusky,ND,48000.0,75800.0
McGregor,ND,,
McHenry,ND,2499.0,
McLeod,ND,66944.0,87800.0
McVille,ND,65000.0,83300.0
Maddock,ND,41042.0,48800.0
Makoti,ND,49000.0,81800.0
Mandan,ND,78077.0,244700.0
Mandaree,ND,63750.0,103100.0
Manning,ND,,
Mantador,ND,48750.0,
Manvel,ND,88125.0,181300.0
Mapleton,ND,108375.0,245600.0
Marion,ND,70625.0,92000.0
Marmarth,ND,58661.0,39900.0
Martin,ND,52875.0,83800.0
Max,ND,68194.0,152900.0
Maxbass,ND,65208.0,
Mayville,ND,67813.0,176400.0
Medina,ND,39688.0,67100.0
Medora,ND,64643.0,
Menoken,ND,96250.0,238900.0
Mercer,ND,109000.0,170000.0
Michigan City,ND,71875.0,82500.0
Milnor,ND,82589.0,114100.0
Milton,ND,101875.0,85000.0
Minnewaukan,ND,81250.0,108300.0
Minot,ND,75545.0,241900.0
Minot AFB,ND,72237.0,
Minto,ND,68636.0,101800.0
Mohall,ND,62292.0,155700.0
Monango,ND,,
Montpelier,ND,69107.0,
Mooreton,ND,69063.0,110900.0
Mott,ND,45417.0,66500.0
Mountain,ND,26250.0,86300.0
Munich,ND,59625.0,108200.0
Mylo,ND,,
Napoleon,ND,59318.0,81400.0
Nash,ND,,
Neche,ND,78333.0,87400.0
Nekoma,ND,112500.0,
Newburg,ND,54286.0,76700.0
New England,ND,70735.0,145400.0
New Leipzig,ND,51250.0,78800.0
New Rockford,ND,38393.0,96500.0
New Salem,ND,70469.0,171200.0
New Town,ND,56176.0,181400.0
Niagara,ND,83750.0,76700.0
Nome,ND,69375.0,45000.0
Noonan,ND,61528.0,90800.0
North River,ND,137500.0,322200.0
Northwood,ND,88125.0,194500.0
Oakes,ND,64931.0,159700.0
Oberon,ND,50417.0,42500.0
Oriska,ND,79375.0,68500.0
Orrin,ND,,
Osnabrock,ND,35430.0,72000.0
Overly,ND,33125.0,44200.0
Oxbow,ND,161250.0,571400.0
Page,ND,73438.0,86900.0
Palermo,ND,64375.0,
Park River,ND,70764.0,107200.0
Parshall,ND,44904.0,147100.0
Pekin,ND,55625.0,65000.0
Pembina,ND,85795.0,122200.0
Perth,ND,158125.0,
Petersburg,ND,53750.0,104500.0
Pettibone,ND,53750.0,45000.0
Pick City,ND,46250.0,129200.0
Pillsbury,ND,,206300.0
Pingree,ND,110417.0,121900.0
Pisek,ND,38750.0,
Plaza,ND,76607.0,120300.0
Porcupine,ND,54583.0,
Portal,ND,109643.0,77700.0
Portland,ND,77250.0,186600.0
Powers Lake,ND,78750.0,206600.0
Prairie Rose,ND,130625.0,341700.0
Raleigh,ND,114688.0,9999.0
Ray,ND,65208.0,172500.0
Reeder,ND,33750.0,44200.0
Regan,ND,70500.0,93000.0
Regent,ND,65625.0,57100.0
Reile's Acres,ND,202500.0,419700.0
Reynolds,ND,85417.0,139700.0
Rhame,ND,73750.0,107800.0
Richardton,ND,62500.0,169200.0
Riverdale,ND,86250.0,219000.0
Robinson,ND,,
Rocklake,ND,57143.0,75000.0
Rogers,ND,71625.0,
Rolette,ND,56250.0,89000.0
Rolla,ND,58036.0,103500.0
Ross,ND,79069.0,
Rugby,ND,54852.0,155800.0
Ruso,ND,,
Ruthville,ND,,11800.0
Rutland,ND,84688.0,83000.0
Ryder,ND,35938.0,53800.0
St. John,ND,,
St. Thomas,ND,82500.0,67900.0
Sanborn,ND,75114.0,55500.0
Sarles,ND,,9999.0
Sawyer,ND,74375.0,163300.0
Scranton,ND,79375.0,130900.0
Selfridge,ND,48333.0,43800.0
Selz,ND,72109.0,44400.0
Sentinel Butte,ND,36875.0,63300.0
Sharon,ND,,
Sheldon,ND,50000.0,51900.0
Shell Valley,ND,42029.0,59200.0
Sherwood,ND,64375.0,55000.0
Sheyenne,ND,42321.0,53900.0
Sibley,ND,53333.0,166700.0
Solen,ND,,14200.0
Souris,ND,66250.0,
South Heart,ND,133281.0,309600.0
Spiritwood,ND,,
Spiritwood Lake,ND,188000.0,
Springbrook,ND,,
Stanley,ND,101351.0,208600.0
Stanton,ND,56042.0,112500.0
Starkweather,ND,,83000.0
Steele,ND,56563.0,146300.0
Strasburg,ND,43438.0,80000.0
Streeter,ND,38750.0,57200.0
Surrey,ND,100104.0,286500.0
Sutton,ND,,
Sykeston,ND,48750.0,55000.0
Tappen,ND,46250.0,
Taylor,ND,91000.0,180400.0
Thompson,ND,108333.0,256300.0
Tioga,ND,63920.0,171300.0
Tolley,ND,,132500.0
Tolna,ND,50000.0,115600.0
Tower City,ND,93125.0,166300.0
Towner,ND,51500.0,90300.0
Trenton,ND,100625.0,
Turtle Lake,ND,58125.0,122500.0
Tuttle,ND,39375.0,
Underwood,ND,72917.0,190700.0
Upham,ND,57500.0,24900.0
Valley City,ND,52224.0,142000.0
Velva,ND,75147.0,180000.0
Venturia,ND,,
Verona,ND,75417.0,61300.0
Voltaire,ND,,207500.0
Wahpeton,ND,51417.0,152600.0
Walcott,ND,89375.0,146600.0
Wales,ND,,
Walhalla,ND,28542.0,103000.0
Warwick,ND,46667.0,
Washburn,ND,70268.0,207200.0
Watford City,ND,84076.0,350500.0
West Fargo,ND,96929.0,282400.0
Westhope,ND,66667.0,104400.0
Wheatland,ND,,
White Earth,ND,75625.0,
White Shield,ND,63929.0,185000.0
Wildrose,ND,89375.0,86700.0
Williston,ND,80352.0,245600.0
Willow City,ND,69000.0,45000.0
Wilton,ND,79479.0,197000.0
Wimbledon,ND,73750.0,103100.0
Wing,ND,82946.0,75000.0
Wishek,ND,61953.0,101100.0
Wolford,ND,,
Woodworth,ND,39250.0,55000.0
Wyndmere,ND,80427.0,139600.0
York,ND,,
Ypsilanti,ND,,
Zap,ND,,93300.0
Zeeland,ND,,21900.0
Aberdeen,OH,37361.0,131000.0
Ada,OH,55749.0,128700.0
Adamsville,OH,118516.0,57300.0
Addyston,OH,46818.0,112100.0
Adelphi,OH,36058.0,111200.0
Adena,OH,40893.0,76400.0
Ai,OH,81128.0,9999.0
Akron,OH,46596.0,99700.0
Albany,OH,61118.0,140400.0
Alexandria,OH,94844.0,200000.0
Alger,OH,35398.0,58300.0
Alliance,OH,51721.0,108000.0
Alvordton,OH,16731.0,
Amanda,OH,47313.0,122300.0
Amberley,OH,144702.0,421400.0
Amelia,OH,76680.0,201100.0
Amesville,OH,73125.0,132600.0
Amherst,OH,86250.0,202700.0
Amsterdam,OH,58750.0,54800.0
Andersonville,OH,78333.0,181300.0
Andover,OH,47404.0,108200.0
Anna,OH,80833.0,157200.0
Ansonia,OH,57292.0,93700.0
Antioch,OH,18750.0,58800.0
Antwerp,OH,50313.0,117000.0
Apple Creek,OH,62353.0,157100.0
Apple Valley,OH,82175.0,226200.0
Aquilla,OH,55000.0,123700.0
Arcadia,OH,83750.0,143400.0
Arcanum,OH,51597.0,151200.0
Archbold,OH,69125.0,164300.0
Arlington,OH,84234.0,172800.0
Arlington Heights,OH,47875.0,83100.0
Ashland,OH,56040.0,135200.0
Ashley,OH,58462.0,144700.0
Ashtabula,OH,39053.0,92000.0
Ashville,OH,60293.0,189500.0
Athalia,OH,48250.0,99200.0
Athens,OH,34493.0,232200.0
Attica,OH,71563.0,102800.0
Atwater,OH,60521.0,102200.0
Aurora,OH,134728.0,362600.0
Austinburg,OH,,183300.0
Austintown,OH,50241.0,122000.0
Avon,OH,128087.0,364600.0
Avon Lake,OH,103946.0,318800.0
Bailey Lakes,OH,80750.0,122800.0
Bainbridge,OH,125827.0,394700.0
Bainbridge,OH,40625.0,89800.0
Bairdstown,OH,60625.0,71900.0
Ballville,OH,80766.0,165400.0
Baltic,OH,68603.0,120000.0
Baltimore,OH,55121.0,180900.0
Bannock,OH,47538.0,100000.0
Barberton,OH,49289.0,110000.0
Barnesville,OH,59265.0,99400.0
Barnhill,OH,60893.0,90000.0
Bascom,OH,60703.0,121900.0
Bass Lake,OH,126438.0,255300.0
Batavia,OH,55169.0,170300.0
Batesville,OH,,129200.0
Bay View,OH,78125.0,143500.0
Bay Village,OH,118816.0,313600.0
Beach City,OH,62188.0,110100.0
Beachwood,OH,105346.0,362500.0
Beallsville,OH,33125.0,100000.0
Beaver,OH,38068.0,134800.0
Beavercreek,OH,108140.0,245300.0
Beaverdam,OH,77813.0,95300.0
Beckett Ridge,OH,111953.0,278100.0
Bedford,OH,55198.0,112800.0
Bedford Heights,OH,47528.0,122400.0
Beechwood Trails,OH,114375.0,310700.0
Bellaire,OH,40650.0,87600.0
Bellbrook,OH,105631.0,230300.0
Belle Center,OH,57031.0,118400.0
Bellefontaine,OH,58402.0,146700.0
Belle Valley,OH,48750.0,73200.0
Bellevue,OH,55770.0,122500.0
Bellville,OH,54259.0,162500.0
Belmont,OH,64750.0,92700.0
Belmore,OH,59643.0,
Beloit,OH,50682.0,98700.0
Belpre,OH,47474.0,141900.0
Bentleyville,OH,217083.0,698500.0
Benton Ridge,OH,71875.0,110500.0
Bentonville,OH,,
Berea,OH,67493.0,175400.0
Bergholz,OH,57734.0,63500.0
Berkey,OH,105625.0,259400.0
Berlin,OH,73214.0,312400.0
Berlin Heights,OH,93203.0,177900.0
Bethel,OH,40625.0,130500.0
Bethesda,OH,37000.0,112800.0
Bettsville,OH,61250.0,90900.0
Beulah Beach,OH,,
Beverly,OH,52917.0,145700.0
Bexley,OH,138929.0,458900.0
Bidwell,OH,70375.0,104900.0
Birmingham,OH,26766.0,
Blacklick Estates,OH,65445.0,135000.0
Bladensburg,OH,68452.0,
Blaine,OH,63958.0,79100.0
Blakeslee,OH,68438.0,137500.0
Blanchester,OH,43611.0,132400.0
Bloomdale,OH,57679.0,108900.0
Bloomingburg,OH,61563.0,89400.0
Bloomingdale,OH,56875.0,129700.0
Bloomingville,OH,,235000.0
Bloomville,OH,61118.0,91500.0
Blue Ash,OH,113558.0,345600.0
Blue Jay,OH,110714.0,248800.0
Bluffton,OH,74620.0,186900.0
Bolindale,OH,56653.0,91700.0
Bolivar,OH,67717.0,158600.0
Bolton,OH,49732.0,88400.0
Boston Heights,OH,109545.0,409100.0
Botkins,OH,72292.0,166100.0
Bourneville,OH,50208.0,
Bowerston,OH,29167.0,71500.0
Bowersville,OH,62500.0,103400.0
Bowling Green,OH,41346.0,205700.0
Bradford,OH,61250.0,120900.0
Bradner,OH,59710.0,118300.0
Brady Lake,OH,44464.0,162100.0
Brandt,OH,48505.0,142200.0
Bratenahl,OH,162625.0,342500.0
Brecksville,OH,122546.0,354100.0
Brecon,OH,68890.0,64300.0
Bremen,OH,69583.0,142300.0
Brewster,OH,54028.0,124200.0
Brice,OH,54698.0,198200.0
Bridgeport,OH,51045.0,83800.0
Bridgetown,OH,76270.0,160700.0
Brilliant,OH,47727.0,56400.0
Brimfield,OH,74928.0,186900.0
Broadview Heights,OH,97902.0,278200.0
Brookfield Center,OH,51534.0,186300.0
Brooklyn,OH,59875.0,140000.0
Brooklyn Heights,OH,96458.0,215500.0
Brook Park,OH,64046.0,147100.0
Brookside,OH,68958.0,97000.0
Brookville,OH,59158.0,162700.0
Broughton,OH,43958.0,75000.0
Brownsville,OH,,64400.0
Brunersburg,OH,89679.0,122900.0
Brunswick,OH,81780.0,217200.0
Bryan,OH,51415.0,124600.0
Buchtel,OH,57292.0,126500.0
Buckeye Lake,OH,61348.0,138000.0
Buckland,OH,58500.0,88200.0
Bucyrus,OH,49021.0,114200.0
Buffalo,OH,,107000.0
Buford,OH,81117.0,149200.0
Burbank,OH,60417.0,128400.0
Burgoon,OH,64583.0,103900.0
Burkettsville,OH,76458.0,170000.0
Burlington,OH,39174.0,210000.0
Burton,OH,61563.0,189300.0
Butler,OH,67292.0,126100.0
Butlerville,OH,63523.0,138600.0
Byesville,OH,36803.0,89700.0
Cadiz,OH,44118.0,106500.0
Cairo,OH,65962.0,99200.0
Calcutta,OH,59519.0,145800.0
Caldwell,OH,46250.0,98400.0
Caledonia,OH,64286.0,115800.0
Cambridge,OH,39589.0,107400.0
Camden,OH,49667.0,111700.0
Campbell,OH,43176.0,75800.0
Camp Dennison,OH,88393.0,212500.0
Canal Fulton,OH,57500.0,170600.0
Canal Lewisville,OH,72361.0,59700.0
Canal Winchester,OH,111119.0,271900.0
Candlewood Lake,OH,106277.0,243200.0
Canfield,OH,100219.0,203800.0
Canton,OH,37627.0,86200.0
Carbon Hill,OH,78667.0,
Cardington,OH,52344.0,126100.0
Carey,OH,62339.0,119400.0
Carlisle,OH,69513.0,173100.0
Carroll,OH,63235.0,192000.0
Carrollton,OH,62444.0,118700.0
Casstown,OH,57083.0,118800.0
Castalia,OH,48516.0,173000.0
Castine,OH,46250.0,103100.0
Catawba,OH,46406.0,124000.0
Cecil,OH,70417.0,47700.0
Cedarville,OH,53365.0,183300.0
Celeryville,OH,54214.0,104200.0
Celina,OH,60060.0,152000.0
Centerburg,OH,62794.0,215700.0
Centerville (Thurman),OH,,
Centerville,OH,79509.0,238200.0
Chagrin Falls,OH,99821.0,386900.0
Champion Heights,OH,69909.0,124700.0
Chardon,OH,86480.0,250000.0
Chatfield,OH,52875.0,80800.0
Chauncey,OH,33803.0,65800.0
Cherry Fork,OH,,
Cherry Grove,OH,104063.0,264000.0
Chesapeake,OH,53700.0,98800.0
Cheshire,OH,85208.0,78300.0
Chesterhill,OH,51667.0,113000.0
Chesterland,OH,95723.0,271800.0
Chesterville,OH,48906.0,117000.0
Cheviot,OH,52461.0,123100.0
Chickasaw,OH,89250.0,255600.0
Chillicothe,OH,50839.0,143500.0
Chilo,OH,60625.0,
Chippewa Lake,OH,79333.0,159400.0
Chippewa Park,OH,58661.0,118000.0
Choctaw Lake,OH,116250.0,295600.0
Christiansburg,OH,72375.0,99500.0
Churchill,OH,62386.0,97600.0
Cincinnati,OH,49191.0,192000.0
Cinnamon Lake,OH,83673.0,164400.0
Circleville,OH,51830.0,157900.0
Clarington,OH,43125.0,126400.0
Clarksburg,OH,36250.0,94600.0
Clarksville,OH,66250.0,108200.0
Clarktown,OH,56625.0,152200.0
Clay Center,OH,60625.0,118200.0
Clayton,OH,89282.0,182800.0
Cleveland,OH,37271.0,87400.0
Cleveland Heights,OH,69155.0,164400.0
Cleves,OH,85109.0,151400.0
Clifton,OH,75750.0,175000.0
Clinton,OH,80893.0,147500.0
Cloverdale,OH,56563.0,85000.0
Clyde,OH,55956.0,130100.0
Coal Grove,OH,51394.0,93200.0
Coalton,OH,42966.0,54600.0
Coldstream,OH,225833.0,724600.0
Coldwater,OH,76384.0,195200.0
College Corner,OH,46563.0,114300.0
Collins,OH,82656.0,
Columbiana,OH,45833.0,180400.0
Columbus,OH,62994.0,212500.0
Columbus Grove,OH,64375.0,131000.0
Commercial Point,OH,102689.0,312900.0
Concorde Hills,OH,250001.0,735700.0
Conesville,OH,51750.0,95000.0
Congress,OH,56500.0,
Conneaut,OH,55708.0,112300.0
Connorville,OH,49821.0,181300.0
Continental,OH,71532.0,153000.0
Convoy,OH,59653.0,86300.0
Coolville,OH,45417.0,110300.0
Corning,OH,37500.0,57100.0
Cortland,OH,60767.0,190600.0
Corwin,OH,93365.0,254900.0
Coshocton,OH,47184.0,108400.0
Covedale,OH,90665.0,188400.0
Covington,OH,55000.0,144700.0
Craig Beach,OH,71750.0,142600.0
Crestline,OH,49471.0,92000.0
Creston,OH,64157.0,133300.0
Cridersville,OH,62564.0,127300.0
Crooksville,OH,42348.0,85200.0
Crown City,OH,56719.0,138100.0
Crystal Lakes,OH,55714.0,112300.0
Crystal Rock,OH,147983.0,266500.0
Cumberland,OH,54861.0,77900.0
Curtice,OH,96207.0,248800.0
Custar,OH,52500.0,107400.0
Cuyahoga Falls,OH,67922.0,160400.0
Cuyahoga Heights,OH,73229.0,185000.0
Cygnet,OH,77833.0,114600.0
Cynthiana,OH,,
Dalton,OH,60833.0,173400.0
Damascus,OH,77784.0,114200.0
Danville,OH,51250.0,129100.0
Darbydale,OH,,140200.0
Darbyville,OH,46042.0,128800.0
Darrtown,OH,75197.0,169000.0
Day Heights,OH,80375.0,202000.0
Dayton,OH,41443.0,86200.0
Deer Park,OH,77710.0,178000.0
Deersville,OH,96250.0,
Defiance,OH,58750.0,135800.0
De Graff,OH,80583.0,150500.0
Delaware,OH,86387.0,251700.0
Delhi Hills,OH,94023.0,178000.0
Dellroy,OH,52833.0,121300.0
Delphos,OH,59000.0,112100.0
Delshire,OH,73269.0,147000.0
Delta,OH,67100.0,146600.0
Dennison,OH,52530.0,93100.0
Dent,OH,80321.0,244200.0
Derby,OH,40729.0,142300.0
Deshler,OH,57273.0,103600.0
Devola,OH,79290.0,207600.0
Dexter City,OH,53750.0,93800.0
Dillonvale,OH,82619.0,192800.0
Dillonvale,OH,37292.0,70100.0
Dola,OH,,
Donnelsville,OH,65250.0,125000.0
Dover,OH,62558.0,165200.0
Doylestown,OH,70000.0,221100.0
Dresden,OH,44531.0,120600.0
Drexel,OH,33430.0,41900.0
Dry Ridge,OH,101301.0,215400.0
Dry Run,OH,167269.0,430100.0
Dublin,OH,158363.0,478400.0
Duncan Falls,OH,91875.0,177600.0
Dundee,OH,118610.0,94400.0
Dunkirk,OH,44813.0,90700.0
Dunlap,OH,74276.0,291600.0
Dupont,OH,41136.0,105800.0
East Alliance,OH,,
East Canton,OH,52614.0,140100.0
East Cleveland,OH,23004.0,71800.0
East Fultonham,OH,,
Eastlake,OH,59648.0,155500.0
East Liberty,OH,,267700.0
East Liverpool,OH,34560.0,64600.0
East Palestine,OH,49766.0,99300.0
East Rochester,OH,44333.0,135400.0
East Sparta,OH,73281.0,119500.0
East Springfield,OH,49917.0,94600.0
Eaton,OH,54860.0,134100.0
Eaton Estates,OH,58967.0,113500.0
Edgerton,OH,39563.0,96500.0
Edgewood,OH,55401.0,106500.0
Edison,OH,55139.0,122900.0
Edon,OH,61563.0,95000.0
Eldorado,OH,66750.0,111200.0
Elgin,OH,83447.0,97600.0
Elida,OH,85682.0,196800.0
Elizabethtown,OH,20921.0,9999.0
Elmore,OH,69583.0,148300.0
Elmwood Place,OH,36773.0,73100.0
Elyria,OH,49569.0,131000.0
Empire,OH,53750.0,67500.0
Englewood,OH,67769.0,162500.0
Enon,OH,77697.0,189600.0
Etna,OH,115579.0,242400.0
Euclid,OH,45018.0,105000.0
Evendale,OH,158618.0,388600.0
Fairborn,OH,53783.0,154800.0
Fairfax,OH,70750.0,204400.0
Fairfield,OH,67182.0,196600.0
Fairfield Beach,OH,42759.0,167500.0
Fairlawn,OH,87952.0,227900.0
Fairport Harbor,OH,53654.0,128200.0
Fairview,OH,26364.0,92500.0
Fairview Park,OH,76027.0,214100.0
Farmersville,OH,71979.0,141900.0
Fayette,OH,41016.0,81500.0
Fayetteville,OH,66250.0,125000.0
Felicity,OH,34821.0,98300.0
Findlay,OH,54986.0,169000.0
Finneytown,OH,78571.0,164300.0
Five Points,OH,133603.0,399600.0
Flat Rock,OH,26215.0,83600.0
Fletcher,OH,68750.0,110200.0
Florida,OH,60333.0,67200.0
Flushing,OH,60192.0,90600.0
Forest,OH,46731.0,103400.0
Forest Park,OH,63690.0,145200.0
Forestville,OH,90313.0,279400.0
Fort Jennings,OH,62500.0,175800.0
Fort Loramie,OH,82917.0,240900.0
Fort McKinley,OH,48566.0,83100.0
Fort Recovery,OH,64013.0,156900.0
Fort Seneca,OH,75119.0,
Fort Shawnee,OH,87218.0,173100.0
Fostoria,OH,53145.0,82400.0
Four Bridges,OH,137143.0,512700.0
Frankfort,OH,56458.0,153400.0
Franklin,OH,52966.0,141200.0
Franklin Furnace,OH,49200.0,100700.0
Frazeysburg,OH,49118.0,113600.0
Fredericksburg,OH,71477.0,146600.0
Fredericktown,OH,67813.0,146500.0
Freeport,OH,45455.0,73800.0
Fremont,OH,48252.0,111700.0
Fresno,OH,,
Friendship,OH,,
Fruit Hill,OH,98361.0,228600.0
Fulton,OH,56250.0,137500.0
Fultonham,OH,75341.0,96600.0
Gahanna,OH,104555.0,298800.0
Galena,OH,119091.0,382600.0
Galion,OH,44458.0,93400.0
Gallipolis,OH,48380.0,108900.0
Gambier,OH,90625.0,275000.0
Gann (Brinkhaven),OH,78008.0,80000.0
Garfield Heights,OH,49864.0,93600.0
Garrettsville,OH,60739.0,172100.0
Gates Mills,OH,214219.0,616100.0
Geneva,OH,47401.0,131900.0
Geneva-on-the-Lake,OH,45755.0,115600.0
Genoa,OH,64750.0,137500.0
Georgetown,OH,37796.0,108700.0
Germantown,OH,86524.0,164400.0
Gettysburg,OH,55625.0,103300.0
Gibsonburg,OH,67279.0,117000.0
Gilboa,OH,66500.0,113900.0
Girard,OH,43504.0,96200.0
Glandorf,OH,91667.0,198500.0
Glencoe,OH,115625.0,47500.0
Glendale,OH,100313.0,379500.0
Glenford,OH,99375.0,143800.0
Glenmont,OH,53906.0,86400.0
Glenmoor,OH,83750.0,123100.0
Glenwillow,OH,91667.0,314900.0
Gloria Glens Park,OH,64167.0,143500.0
Glouster,OH,36905.0,76100.0
Gnadenhutten,OH,71394.0,106500.0
Golf Manor,OH,48677.0,116200.0
Gomer,OH,61964.0,120200.0
Good Hope,OH,,97500.0
Gordon,OH,69250.0,115300.0
Goshen,OH,88478.0,151800.0
Grafton,OH,81522.0,180100.0
Grand Rapids,OH,71719.0,145700.0
Grand River,OH,81250.0,146000.0
Grandview,OH,135556.0,360600.0
Grandview Heights,OH,100833.0,521800.0
Granville,OH,124255.0,444300.0
Granville South,OH,127083.0,334000.0
Gratiot,OH,67768.0,127700.0
Gratis,OH,72647.0,115300.0
Graysville,OH,,
Green,OH,90419.0,256200.0
Green Camp,OH,69375.0,113600.0
Greenfield,OH,42253.0,91600.0
Greenhills,OH,71979.0,154600.0
Green Meadows,OH,76083.0,136600.0
Green Springs,OH,72861.0,89700.0
Greentown,OH,116736.0,288800.0
Greenville,OH,45746.0,140400.0
Greenwich,OH,60588.0,105400.0
Groesbeck,OH,65870.0,192700.0
Grove City,OH,84765.0,262800.0
Groveport,OH,85230.0,215700.0
Grover Hill,OH,55227.0,58800.0
Guilford Lake,OH,55746.0,157700.0
Hamburg,OH,71625.0,266900.0
Hamden,OH,47171.0,98800.0
Hamersville,OH,60952.0,128100.0
Hamilton,OH,52995.0,141300.0
Hamler,OH,55750.0,104200.0
Hanging Rock,OH,54750.0,106700.0
Hannibal,OH,55938.0,175400.0
Hanover,OH,83750.0,203200.0
Hanoverton,OH,58750.0,117200.0
Harbor Hills,OH,79423.0,413200.0
Harbor View,OH,67083.0,93000.0
Harpster,OH,34000.0,135100.0
Harrisburg,OH,59375.0,162500.0
Harrisburg,OH,,165400.0
Harrison,OH,99871.0,204400.0
Harrisville,OH,62955.0,90000.0
Harrod,OH,72857.0,112500.0
Hartford (Croton),OH,53750.0,146900.0
Hartville,OH,63873.0,226300.0
Harveysburg,OH,76250.0,159400.0
Haskins,OH,100156.0,233200.0
Haviland,OH,56250.0,75000.0
Haydenville,OH,58485.0,82000.0
Hayesville,OH,73125.0,138700.0
Heath,OH,75822.0,188300.0
Hebron,OH,60706.0,160800.0
Helena,OH,68750.0,113100.0
Hemlock,OH,80208.0,84400.0
Hessville,OH,,
Hicksville,OH,59096.0,127600.0
Hidden Lakes,OH,,
Hide-A-Way Hills,OH,108875.0,221400.0
Higginsport,OH,47727.0,102800.0
Highland,OH,38750.0,91900.0
Highland Heights,OH,124821.0,335800.0
Highland Hills,OH,25500.0,104200.0
Highland Holiday,OH,46192.0,
Highpoint,OH,60887.0,140400.0
Hilliard,OH,116287.0,336300.0
Hills and Dales,OH,169375.0,436800.0
Hillsboro,OH,44731.0,120100.0
Hilltop,OH,70774.0,
Hiram,OH,90772.0,224600.0
Hockingport,OH,,
Holgate,OH,48125.0,95800.0
Holiday City,OH,54500.0,93300.0
Holiday Lakes,OH,122188.0,210900.0
Holiday Valley,OH,82891.0,178600.0
Holland,OH,64000.0,191100.0
Hollansburg,OH,54375.0,63600.0
Holloway,OH,51154.0,35000.0
Holmesville,OH,70750.0,117800.0
Homeworth,OH,70875.0,114200.0
Hooven,OH,46250.0,80200.0
Hopedale,OH,47813.0,111800.0
Howard,OH,,98600.0
Howland Center,OH,81044.0,162300.0
Hoytville,OH,70893.0,73200.0
Hubbard,OH,61064.0,118000.0
Huber Heights,OH,75903.0,149200.0
Huber Ridge,OH,92188.0,192100.0
Hudson,OH,160280.0,417300.0
Hunter,OH,106346.0,235700.0
Hunting Valley,OH,176875.0,1493000.0
Huntsville,OH,69583.0,134700.0
Huron,OH,63525.0,191900.0
Iberia,OH,,211800.0
Independence,OH,109691.0,282100.0
Irondale,OH,41250.0,74600.0
Ironton,OH,43702.0,103500.0
Ithaca,OH,,105400.0
Jackson,OH,51864.0,120700.0
Jacksonburg,OH,56875.0,140600.0
Jackson Center,OH,57056.0,123400.0
Jacksontown,OH,,
Jacksonville,OH,46591.0,73600.0
Jamestown,OH,57333.0,136800.0
Jefferson,OH,45547.0,175400.0
Jeffersonville,OH,38438.0,109800.0
Jenera,OH,50905.0,115600.0
Jeromesville,OH,74167.0,125000.0
Jerry City,OH,48676.0,130000.0
Jersey,OH,,249100.0
Jerusalem,OH,32917.0,95000.0
Jewett,OH,53068.0,82300.0
Johnstown,OH,78442.0,246600.0
Junction City,OH,49643.0,94100.0
Kalida,OH,97171.0,195800.0
Kanauga,OH,62250.0,
Kansas,OH,51949.0,
Kelleys Island,OH,74375.0,295400.0
Kent,OH,37505.0,201000.0
Kenton,OH,46809.0,92400.0
Kenwood,OH,103297.0,309700.0
Kettering,OH,69818.0,174300.0
Kettlersville,OH,65750.0,137500.0
Kidron,OH,65000.0,198900.0
Kilbourne,OH,,
Killbuck,OH,65750.0,129500.0
Kimbolton,OH,,76300.0
Kings Mills,OH,125655.0,294000.0
Kingston,OH,36596.0,128800.0
Kingsville,OH,38309.0,120200.0
Kinsman Center,OH,60694.0,110500.0
Kipton,OH,55833.0,116900.0
Kirby,OH,62500.0,78800.0
Kirkersville,OH,76563.0,154800.0
Kirtland,OH,111184.0,363900.0
Kirtland Hills,OH,156250.0,728400.0
Kunkle,OH,,39500.0
La Croft,OH,40179.0,79200.0
Lafayette,OH,49063.0,106300.0
Lafayette,OH,85000.0,165400.0
Lafferty,OH,69432.0,72700.0
LaGrange,OH,92621.0,236800.0
Lake Buckhorn,OH,63750.0,278900.0
Lake Darby,OH,90083.0,206500.0
Lake Lakengren,OH,83722.0,166400.0
Lakeline,OH,68750.0,187500.0
Lake Lorelei,OH,92108.0,209500.0
Lake Milton,OH,70926.0,354500.0
Lake Mohawk,OH,84514.0,237500.0
Lakemore,OH,53414.0,152000.0
Lake Seneca,OH,81200.0,143400.0
Lakeside,OH,84417.0,302900.0
Lake Tomahawk,OH,,263100.0
Lakeview,OH,42750.0,85200.0
Lake Waynoka,OH,84063.0,226400.0
Lakewood,OH,63299.0,221100.0
Lancaster,OH,52716.0,163900.0
Landen,OH,104245.0,260000.0
Lansing,OH,,110000.0
La Rue,OH,51250.0,87900.0
Latty,OH,78393.0,97500.0
Laura,OH,91042.0,110800.0
Laurelville,OH,50357.0,137000.0
Lawrenceville,OH,39932.0,
Leavittsburg,OH,56579.0,85500.0
Lebanon,OH,75665.0,247300.0
Leesburg,OH,71700.0,118200.0
Leesville,OH,49167.0,68500.0
Leetonia,OH,59688.0,91200.0
Leipsic,OH,59750.0,100500.0
Lewisburg,OH,65655.0,139400.0
Lewistown,OH,,
Lewisville,OH,60417.0,106000.0
Lexington,OH,58191.0,164000.0
Liberty Center,OH,64167.0,132500.0
Lima,OH,41824.0,87600.0
Limaville,OH,71442.0,82800.0
Lincoln Heights,OH,14676.0,74800.0
Lincoln Heights,OH,41699.0,76100.0
Lincoln Village,OH,59151.0,148700.0
Lindsey,OH,64792.0,132300.0
Linndale,OH,71786.0,76700.0
Lisbon,OH,52457.0,106400.0
Lithopolis,OH,103315.0,289900.0
Little Hocking,OH,,85300.0
Lloydsville,OH,66141.0,275600.0
Lockbourne,OH,42500.0,114600.0
Lockington,OH,53250.0,131300.0
Lockland,OH,44770.0,106100.0
Lodi,OH,55284.0,148500.0
Logan,OH,46762.0,134500.0
Logan Elm Village,OH,80603.0,166900.0
London,OH,58040.0,174600.0
Lorain,OH,46562.0,115200.0
Lordstown,OH,64116.0,147500.0
Lore City,OH,51875.0,82500.0
Loudonville,OH,51557.0,125200.0
Louisville,OH,62287.0,181100.0
Loveland,OH,81706.0,273900.0
Loveland Park,OH,119547.0,248900.0
Lowell,OH,40417.0,91800.0
Lowellville,OH,51458.0,78600.0
Lower Salem,OH,,112500.0
Lucas,OH,57813.0,114900.0
Lucasville,OH,76250.0,169500.0
Luckey,OH,95966.0,155500.0
Ludlow Falls,OH,66146.0,98600.0
Lynchburg,OH,56250.0,136000.0
Lyndhurst,OH,84697.0,178300.0
Lyons,OH,62143.0,129300.0
McArthur,OH,51061.0,160900.0
McClure,OH,55938.0,84100.0
McComb,OH,61382.0,130600.0
McConnelsville,OH,46875.0,100000.0
McCutchenville,OH,,113800.0
McDermott,OH,48208.0,60600.0
McDonald,OH,75315.0,124500.0
Macedonia,OH,97611.0,268600.0
McGuffey,OH,55938.0,66700.0
Mack,OH,120207.0,268800.0
McKinley Heights,OH,40240.0,77000.0
Macksburg,OH,37813.0,54500.0
Madeira,OH,159321.0,432900.0
Madison,OH,88483.0,181700.0
Madison Place,OH,,476900.0
Magnetic Springs,OH,62250.0,121600.0
Magnolia,OH,73365.0,144600.0
Maineville,OH,87894.0,238400.0
Malinta,OH,52813.0,97800.0
Malta,OH,30625.0,90200.0
Malvern,OH,28387.0,116300.0
Manchester,OH,30313.0,84100.0
Mansfield,OH,40996.0,97300.0
Mantua,OH,49750.0,174200.0
Maple Heights,OH,49877.0,85500.0
Maple Ridge,OH,54213.0,147400.0
Maplewood Park,OH,49408.0,
Marathon,OH,,
Marble Cliff,OH,124318.0,743800.0
Marblehead,OH,97019.0,296300.0
Marengo,OH,53194.0,170300.0
Maria Stein,OH,101581.0,340100.0
Mariemont,OH,135326.0,501300.0
Marietta,OH,44401.0,143200.0
Marion,OH,44879.0,97200.0
Marlboro,OH,72031.0,177600.0
Marne,OH,,164100.0
Marseilles,OH,59821.0,78300.0
Marshallville,OH,67188.0,146800.0
Martinsburg,OH,36250.0,53800.0
Martins Ferry,OH,39195.0,90400.0
Martinsville,OH,58750.0,104400.0
Marysville,OH,89104.0,249900.0
Mason,OH,121082.0,375000.0
Massieville,OH,37128.0,99400.0
Massillon,OH,53699.0,128900.0
Masury,OH,43688.0,73200.0
Matamoras,OH,21125.0,103700.0
Maumee,OH,79203.0,168000.0
Mayfield,OH,104940.0,275000.0
Mayfield Heights,OH,59423.0,180500.0
Mechanicsburg,OH,56146.0,135000.0
Medina,OH,74820.0,210500.0
Medway,OH,73269.0,145600.0
Melmore,OH,,157700.0
Melrose,OH,72375.0,67700.0
Mendon,OH,54083.0,98300.0
Mentor,OH,84503.0,215500.0
Mentor-on-the-Lake,OH,58524.0,162200.0
Metamora,OH,67000.0,137100.0
Meyers Lake,OH,66250.0,214200.0
Miami Heights,OH,118258.0,304700.0
Miamisburg,OH,74711.0,185000.0
Miamitown,OH,61161.0,22900.0
Miamiville,OH,,
Middlebranch,OH,91684.0,210300.0
Middleburg Heights,OH,74109.0,200700.0
Middlefield,OH,62392.0,186500.0
Middle Point,OH,54479.0,81600.0
Middleport,OH,36343.0,76900.0
Middletown,OH,50457.0,135200.0
Midland,OH,62604.0,125000.0
Midvale,OH,61635.0,102500.0
Midway,OH,57500.0,113600.0
Mifflin,OH,51477.0,116100.0
Milan,OH,90145.0,170500.0
Milford,OH,69141.0,211900.0
Milford Center,OH,82500.0,176600.0
Millbury,OH,76250.0,182700.0
Milledgeville,OH,53571.0,94000.0
Miller,OH,95489.0,242900.0
Miller City,OH,48125.0,115000.0
Millersburg,OH,48913.0,135800.0
Millersport,OH,69063.0,216300.0
Millfield,OH,32090.0,45700.0
Millville,OH,75313.0,179900.0
Milton Center,OH,61250.0,70000.0
Miltonsburg,OH,60313.0,128100.0
Mineral City,OH,53295.0,92400.0
Mineral Ridge,OH,58472.0,138400.0
Minerva,OH,48511.0,107800.0
Minerva Park,OH,120640.0,270500.0
Minford,OH,,122100.0
Mingo Junction,OH,58141.0,91500.0
Minster,OH,103939.0,241800.0
Mitiwanga,OH,73626.0,284600.0
Mogadore,OH,80099.0,156600.0
Monfort Heights,OH,80625.0,193400.0
Monroe,OH,100100.0,242000.0
Monroeville,OH,65625.0,122000.0
Montezuma,OH,73125.0,102500.0
Montgomery,OH,142244.0,465200.0
Montpelier,OH,46868.0,97500.0
Montrose-Ghent,OH,169783.0,461700.0
Moraine,OH,40793.0,127100.0
Moreland Hills,OH,199279.0,520200.0
Morgandale,OH,32961.0,91900.0
Morral,OH,,116700.0
Morristown,OH,48125.0,86300.0
Morrow,OH,67500.0,214900.0
Moscow,OH,46771.0,78600.0
Mount Blanchard,OH,66250.0,108100.0
Mount Carmel,OH,65000.0,181200.0
Mount Cory,OH,74773.0,82800.0
Mount Eaton,OH,66250.0,153600.0
Mount Gilead,OH,51534.0,133300.0
Mount Healthy,OH,44471.0,115400.0
Mount Healthy Heights,OH,52089.0,131300.0
Mount Hope,OH,69773.0,
Mount Orab,OH,62833.0,191500.0
Mount Pleasant,OH,52500.0,110800.0
Mount Repose,OH,92264.0,213500.0
Mount Sterling,OH,59514.0,149000.0
Mount Vernon,OH,52286.0,149200.0
Mount Victory,OH,48646.0,112500.0
Mowrystown,OH,54750.0,78100.0
Mulberry,OH,67838.0,175400.0
Munroe Falls,OH,67601.0,201700.0
Murray City,OH,39205.0,74700.0
Mutual,OH,46875.0,125000.0
Nankin,OH,81985.0,138400.0
Napoleon,OH,59414.0,138300.0
Nashport,OH,88438.0,153100.0
Nashville,OH,45714.0,69300.0
Navarre,OH,53594.0,119900.0
Neapolis,OH,101797.0,188800.0
Neffs,OH,35000.0,75200.0
Negley,OH,,79100.0
Nellie,OH,73333.0,175000.0
Nelsonville,OH,37639.0,91000.0
Nettle Lake,OH,97847.0,44400.0
Nevada,OH,68594.0,83300.0
Neville,OH,,105400.0
New Albany,OH,224824.0,634600.0
New Alexandria,OH,75750.0,80900.0
Newark,OH,56284.0,162300.0
New Athens,OH,54688.0,91300.0
New Baltimore,OH,130625.0,323400.0
New Bavaria,OH,85938.0,101800.0
New Bloomington,OH,26250.0,
New Boston,OH,26972.0,54200.0
New Bremen,OH,85238.0,208500.0
Newburgh Heights,OH,53661.0,87000.0
New Burlington,OH,58092.0,196400.0
New California,OH,167946.0,420600.0
New Carlisle,OH,56744.0,110500.0
Newcomerstown,OH,39824.0,89100.0
New Concord,OH,74485.0,186300.0
New Franklin,OH,87032.0,185000.0
New Hampshire,OH,150278.0,111100.0
New Haven (Hamilton County),OH,,
New Haven (Huron County),OH,52656.0,69600.0
New Holland,OH,44167.0,127100.0
New Knoxville,OH,75882.0,162000.0
New Lebanon,OH,59365.0,96500.0
New Lexington,OH,41339.0,98500.0
New London,OH,50778.0,98300.0
New Madison,OH,62895.0,96800.0
New Marshfield,OH,29261.0,115000.0
New Miami,OH,45046.0,81900.0
New Middletown,OH,48466.0,150200.0
New Paris,OH,40234.0,79600.0
New Philadelphia,OH,55590.0,158800.0
New Pittsburg,OH,89471.0,251200.0
Newport (Shelby County),OH,56563.0,
Newport (Washington County),OH,84688.0,211400.0
New Richmond,OH,76760.0,205700.0
New Riegel,OH,57500.0,94500.0
New Springfield,OH,45804.0,93400.0
New Straitsville,OH,44777.0,56000.0
Newton Falls,OH,50738.0,94600.0
Newtown,OH,90339.0,289500.0
New Vienna,OH,54500.0,107400.0
New Washington,OH,57969.0,102900.0
New Waterford,OH,55833.0,122800.0
New Weston,OH,48542.0,62500.0
Ney,OH,64792.0,111400.0
Niles,OH,48860.0,98500.0
North Baltimore,OH,55379.0,112200.0
North Bend,OH,95757.0,353500.0
Northbrook,OH,55710.0,116100.0
North Canton,OH,69132.0,186000.0
North College Hill,OH,51971.0,111300.0
North Fairfield,OH,78750.0,100000.0
Northfield,OH,68342.0,166200.0
Northgate,OH,69099.0,162400.0
North Hampton,OH,79250.0,152400.0
North Industry,OH,75078.0,123100.0
North Kingsville,OH,65893.0,154300.0
North Lawrence,OH,72188.0,139600.0
North Lewisburg,OH,53580.0,147600.0
North Lima,OH,92632.0,238800.0
North Madison,OH,54917.0,141700.0
North Olmsted,OH,81768.0,191400.0
North Perry,OH,100625.0,251400.0
North Randall,OH,40976.0,116700.0
Northridge,OH,74011.0,160100.0
North Ridgeville,OH,89466.0,232200.0
North Robinson,OH,39091.0,98400.0
North Royalton,OH,81511.0,263400.0
North Star,OH,96250.0,169600.0
Northwood,OH,74404.0,155100.0
North Zanesville,OH,100156.0,214700.0
Norton,OH,81034.0,171100.0
Norwalk,OH,58311.0,153100.0
Norwich,OH,60250.0,103100.0
Norwood,OH,58095.0,205200.0
Oak Harbor,OH,50362.0,160800.0
Oak Hill,OH,37500.0,85200.0
Oakwood (Cuyahoga County),OH,56316.0,139700.0
Oakwood,OH,132722.0,313300.0
Oakwood (Paulding County),OH,46667.0,82400.0
Oberlin,OH,67660.0,184200.0
Obetz,OH,77171.0,164800.0
Oceola,OH,65781.0,111400.0
Octa,OH,,76400.0
Ohio City,OH,55543.0,88500.0
Olde West Chester,OH,96031.0,275000.0
Old Fort,OH,50125.0,69000.0
Old Washington,OH,,125000.0
Olmsted Falls,OH,92416.0,198100.0
Ontario,OH,62313.0,147300.0
Orange,OH,150729.0,415500.0
Orangeville,OH,36563.0,112500.0
Oregon,OH,73883.0,174100.0
Orient,OH,,
Orrville,OH,67388.0,165300.0
Orwell,OH,42063.0,127800.0
Osgood,OH,90625.0,205900.0
Ostrander,OH,137171.0,414800.0
Ottawa,OH,61379.0,178900.0
Ottawa Hills,OH,171250.0,316300.0
Ottoville,OH,69286.0,211500.0
Otway,OH,,56400.0
Owensville,OH,,152000.0
Oxford,OH,43132.0,215400.0
Painesville,OH,51373.0,142900.0
Palestine,OH,48542.0,66700.0
Pancoastburg,OH,,
Pandora,OH,64708.0,130700.0
Park Layne,OH,61406.0,100900.0
Parkman,OH,51908.0,119300.0
Parma,OH,65848.0,145300.0
Parma Heights,OH,57197.0,150300.0
Parral,OH,75000.0,151300.0
Pataskala,OH,87246.0,237900.0
Patterson,OH,44779.0,74400.0
Paulding,OH,52750.0,106000.0
Payne,OH,55197.0,96600.0
Peebles,OH,44200.0,123800.0
Pekin,OH,51705.0,88300.0
Pemberville,OH,84167.0,166500.0
Peninsula,OH,121111.0,414100.0
Pepper Pike,OH,198438.0,514800.0
Perry,OH,89836.0,214400.0
Perry Heights,OH,62689.0,142000.0
Perrysburg,OH,98419.0,273400.0
Perrysville,OH,45000.0,99800.0
Petersburg,OH,46667.0,97400.0
Pettisville,OH,94531.0,155500.0
Pheasant Run,OH,66875.0,110400.0
Phillipsburg,OH,56250.0,100900.0
Philo,OH,43500.0,99800.0
Pickerington,OH,114573.0,286200.0
Pigeon Creek,OH,134000.0,313400.0
Piketon,OH,42019.0,105100.0
Pioneer,OH,46528.0,126500.0
Piqua,OH,55379.0,110100.0
Pitsburg,OH,50893.0,136800.0
Plain City,OH,86512.0,276100.0
Plainfield,OH,51683.0,125000.0
Plainville,OH,,422700.0
Pleasant City,OH,70938.0,84600.0
Pleasant Grove,OH,71115.0,154700.0
Pleasant Hill,OH,65875.0,153600.0
Pleasant Hills,OH,63513.0,171100.0
Pleasant Plain,OH,101875.0,155400.0
Pleasant Run,OH,73583.0,157600.0
Pleasant Run Farm,OH,82303.0,191800.0
Pleasantville,OH,53750.0,140600.0
Plumwood,OH,,266700.0
Plymouth,OH,63594.0,99100.0
Poland,OH,82024.0,188100.0
Polk,OH,62321.0,119400.0
Pomeroy,OH,34583.0,54400.0
Portage,OH,52389.0,108300.0
Portage Lakes,OH,70125.0,161500.0
Port Clinton,OH,55534.0,131900.0
Port Jefferson,OH,36250.0,76900.0
Portsmouth,OH,36051.0,91000.0
Port Washington,OH,70714.0,106600.0
Port William,OH,46250.0,88800.0
Potsdam,OH,53750.0,117900.0
Pottery Addition,OH,41750.0,92000.0
Powell,OH,182736.0,463900.0
Powhatan Point,OH,45509.0,108600.0
Proctorville,OH,33310.0,108300.0
Prospect,OH,61629.0,157100.0
Pulaski,OH,55357.0,95000.0
Put-in-Bay,OH,58750.0,381300.0
Quaker City,OH,37232.0,89100.0
Quincy,OH,67102.0,96400.0
Racine,OH,50703.0,96900.0
Radnor,OH,67778.0,182400.0
Rarden,OH,47917.0,67500.0
Ravenna,OH,48221.0,123300.0
Rawson,OH,42250.0,114300.0
Rayland,OH,56875.0,107900.0
Raymond,OH,,187500.0
Reading,OH,59966.0,168100.0
Reedurban,OH,56673.0,139100.0
Reminderville,OH,101463.0,303000.0
Remington,OH,185750.0,440100.0
Rendville,OH,13333.0,
Reno,OH,38895.0,156400.0
Reno Beach,OH,75208.0,126600.0
Republic,OH,77188.0,90700.0
Reynoldsburg,OH,68778.0,217200.0
Richfield,OH,72625.0,280400.0
Richmond,OH,56667.0,114800.0
Richmond Dale,OH,,112800.0
Richmond Heights,OH,55143.0,165400.0
Richville,OH,75074.0,150500.0
Richwood,OH,63185.0,153500.0
Ridgeville Corners,OH,75139.0,144900.0
Ridgeway,OH,64000.0,118800.0
Ridgewood,OH,136875.0,277000.0
Rio Grande,OH,39286.0,162500.0
Ripley,OH,42900.0,94100.0
Risingsun,OH,54167.0,91900.0
Rittman,OH,61331.0,145100.0
Riverlea,OH,153750.0,464900.0
Riverside,OH,56232.0,122700.0
Roachester,OH,61563.0,138800.0
Roaming Shores,OH,93452.0,196800.0
Robertsville,OH,52879.0,102100.0
Rochester,OH,90208.0,122800.0
Rockbridge,OH,,
Rock Creek,OH,52083.0,121300.0
Rockford,OH,54125.0,113300.0
Rocky Fork Point,OH,34386.0,84200.0
Rocky Ridge,OH,66563.0,95000.0
Rocky River,OH,90459.0,304000.0
Rogers,OH,43750.0,95000.0
Rome (Stout),OH,,60000.0
Rose Farm,OH,,91000.0
Roseland,OH,45040.0,69500.0
Rosemount,OH,45117.0,103800.0
Roseville,OH,41486.0,75300.0
Rosewood,OH,102333.0,159500.0
Ross,OH,62121.0,250300.0
Rossburg,OH,58125.0,99300.0
Rossford,OH,74886.0,165400.0
Rossmoyne,OH,46231.0,144700.0
Roswell,OH,59375.0,87500.0
Rudolph,OH,110536.0,
Rushsylvania,OH,65568.0,111300.0
Rushville,OH,67723.0,160800.0
Russells Point,OH,38224.0,118800.0
Russellville,OH,58750.0,103300.0
Russia,OH,71250.0,242700.0
Rutland,OH,65694.0,82100.0
Sabina,OH,45833.0,92400.0
St. Bernard,OH,69840.0,136200.0
St. Clairsville,OH,71732.0,195400.0
St. Henry,OH,109167.0,269700.0
St. Johns,OH,61250.0,106400.0
St. Louisville,OH,67935.0,142700.0
St. Martin,OH,125769.0,261100.0
St. Marys,OH,70800.0,133500.0
St. Paris,OH,62500.0,131700.0
Salem,OH,45380.0,113700.0
Salem Heights (Columbiana County),OH,,122200.0
Salem Heights (Hamilton County),OH,93971.0,214600.0
Salesville,OH,36453.0,
Salineville,OH,41198.0,75000.0
Sandusky,OH,47375.0,100700.0
Sandyville,OH,,
Sarahsville,OH,47188.0,85000.0
Sardinia,OH,54375.0,94600.0
Sardis,OH,65000.0,139300.0
Savannah,OH,73438.0,130600.0
Sawyerwood,OH,50625.0,97200.0
Saybrook-on-the-Lake,OH,61094.0,144600.0
Scio,OH,36250.0,90000.0
Sciotodale,OH,,122300.0
Scott,OH,,73300.0
Seaman,OH,40682.0,125000.0
Sebring,OH,46387.0,85100.0
Senecaville,OH,48036.0,96300.0
Seven Hills,OH,91975.0,226900.0
Seven Mile,OH,57500.0,146700.0
Seville,OH,65729.0,180700.0
Shadyside,OH,53505.0,121200.0
Shaker Heights,OH,96494.0,273300.0
Sharon Center,OH,117614.0,290900.0
Sharonville,OH,71544.0,189700.0
Shawnee,OH,130950.0,170100.0
Shawnee,OH,51146.0,77000.0
Shawnee Hills,OH,127708.0,413900.0
Shawnee Hills,OH,95909.0,166500.0
Sheffield,OH,101173.0,260600.0
Sheffield Lake,OH,61699.0,143300.0
Shelby,OH,55355.0,114700.0
Sherrodsville,OH,64167.0,93600.0
Sherwood,OH,66875.0,99800.0
Sherwood,OH,140788.0,286700.0
Shiloh,OH,43256.0,108100.0
Shiloh,OH,59653.0,79700.0
Shreve,OH,63750.0,125700.0
Sidney,OH,63851.0,146000.0
Silver Lake,OH,131012.0,278600.0
Silverton,OH,50489.0,162800.0
Sinking Spring,OH,100662.0,132400.0
Sixteen Mile Stand,OH,117377.0,578500.0
Skyline Acres,OH,,124600.0
Smithville,OH,69063.0,176800.0
Solon,OH,128470.0,366900.0
Somerset,OH,56518.0,161300.0
Somerville,OH,130500.0,93800.0
South Amherst,OH,80517.0,164100.0
South Bloomfield,OH,84808.0,192000.0
South Canal,OH,59760.0,124400.0
South Charleston,OH,47137.0,120100.0
South Euclid,OH,75933.0,123200.0
South Lebanon,OH,108194.0,192400.0
South Mount Vernon,OH,29023.0,65000.0
South Point,OH,76344.0,163800.0
South Russell,OH,175343.0,387600.0
South Salem,OH,75278.0,116700.0
South Solon,OH,56563.0,106300.0
South Vienna,OH,67708.0,136400.0
South Webster,OH,42232.0,115400.0
South Zanesville,OH,38170.0,80400.0
Sparta,OH,64833.0,90000.0
Spencer,OH,52857.0,141200.0
Spencerville,OH,40455.0,127700.0
Springboro,OH,113182.0,298400.0
Springdale,OH,70405.0,168500.0
Springfield,OH,45113.0,102100.0
Spring Valley,OH,67813.0,131700.0
Stafford,OH,54583.0,134400.0
Sterling,OH,55714.0,116500.0
Steubenville,OH,42725.0,120100.0
Stewart,OH,34646.0,
Stockdale,OH,,
Stockport,OH,46818.0,92100.0
Stone Creek,OH,51042.0,93300.0
Stony Prairie,OH,44056.0,112900.0
Stony Ridge,OH,65885.0,87500.0
Stoutsville,OH,64688.0,170600.0
Stow,OH,89805.0,227400.0
Strasburg,OH,61833.0,172900.0
Stratton,OH,40625.0,50000.0
Streetsboro,OH,77199.0,178200.0
Strongsville,OH,101176.0,259200.0
Struthers,OH,48125.0,87000.0
Stryker,OH,74482.0,103500.0
Suffield,OH,56425.0,166700.0
Sugar Bush Knolls,OH,158698.0,392000.0
Sugarcreek,OH,66076.0,193100.0
Sugar Grove,OH,64167.0,168300.0
Sullivan,OH,93676.0,187400.0
Sulphur Springs,OH,,95000.0
Summerfield,OH,29412.0,91400.0
Summerside,OH,57976.0,178000.0
Summitville,OH,80625.0,119200.0
Sunbury,OH,92115.0,294600.0
Swanton,OH,67367.0,155900.0
Sycamore,OH,58309.0,95400.0
Sylvania,OH,86048.0,216000.0
Syracuse,OH,53571.0,109600.0
Tallmadge,OH,85394.0,211200.0
Tarlton,OH,75000.0,122500.0
Taylor Creek,OH,92174.0,280600.0
Tedrow,OH,51750.0,97500.0
Terrace Park,OH,198000.0,582100.0
The Plains,OH,52794.0,223200.0
The Village of Indian Hill,OH,218073.0,1102600.0
Thornport,OH,110000.0,427300.0
Thornville,OH,92143.0,241700.0
Thurston,OH,45833.0,138300.0
Tiffin,OH,48869.0,123600.0
Tiltonsville,OH,55583.0,99000.0
Timberlake,OH,76771.0,211600.0
Tipp City,OH,74178.0,222600.0
Tippecanoe,OH,58580.0,
Tiro,OH,57772.0,53200.0
Toledo,OH,45405.0,98800.0
Tontogany,OH,59250.0,150000.0
Toronto,OH,48287.0,98500.0
Tremont City,OH,65250.0,99000.0
Trenton,OH,84392.0,186500.0
Trimble,OH,43450.0,42800.0
Trinway,OH,68227.0,126800.0
Trotwood,OH,46442.0,91300.0
Troy,OH,69730.0,176000.0
Tuppers Plains,OH,,
Turpin Hills,OH,145817.0,388300.0
Tuscarawas,OH,67321.0,131400.0
Twinsburg,OH,91554.0,272800.0
Twinsburg Heights,OH,36528.0,125000.0
Uhrichsville,OH,42155.0,95400.0
Union,OH,68586.0,124500.0
Union City,OH,36776.0,56400.0
Uniontown,OH,93668.0,219500.0
Unionville Center,OH,78750.0,166700.0
Uniopolis,OH,80182.0,88700.0
University Heights,OH,91960.0,209800.0
Upper Arlington,OH,144705.0,526800.0
Upper Sandusky,OH,61444.0,144900.0
Urbana,OH,62628.0,131000.0
Urbancrest,OH,34453.0,118800.0
Utica,OH,67593.0,125000.0
Valley City,OH,117000.0,425800.0
Valley Hi,OH,54286.0,166700.0
Valley View,OH,93352.0,259500.0
Valleyview,OH,60625.0,135900.0
Van Buren,OH,86250.0,150000.0
Vandalia,OH,73171.0,173400.0
Vanlue,OH,70750.0,106500.0
Van Wert,OH,51412.0,99500.0
Vaughnsville,OH,,96300.0
Venedocia,OH,51429.0,
Vermilion,OH,73458.0,162700.0
Verona,OH,59813.0,123100.0
Versailles,OH,69327.0,172500.0
Vickery,OH,,87800.0
Vienna Center,OH,60855.0,123600.0
Vincent,OH,81510.0,112000.0
Vinton,OH,55417.0,88800.0
Wadsworth,OH,72325.0,218900.0
Waite Hill,OH,152708.0,719900.0
Wakeman,OH,67652.0,167200.0
Walbridge,OH,51563.0,118000.0
Waldo,OH,62115.0,132600.0
Walnut Creek,OH,86696.0,234600.0
Walton Hills,OH,95521.0,252000.0
Wapakoneta,OH,63008.0,139900.0
Warren,OH,33296.0,74300.0
Warrensville Heights,OH,43848.0,100300.0
Warsaw,OH,41641.0,114400.0
Washington Court House,OH,51601.0,136900.0
Washingtonville,OH,44886.0,93700.0
Waterford,OH,49271.0,134200.0
Waterville,OH,101473.0,256800.0
Wauseon,OH,71000.0,145100.0
Waverly,OH,55146.0,142600.0
Wayne,OH,69643.0,125200.0
Wayne Lakes,OH,50500.0,120300.0
Waynesburg,OH,45833.0,117300.0
Waynesfield,OH,63750.0,99500.0
Waynesville,OH,60804.0,217700.0
Wellington,OH,61452.0,167200.0
Wellston,OH,51597.0,111000.0
Wellsville,OH,38229.0,53200.0
West Alexandria,OH,56800.0,130600.0
West Carrollton,OH,54861.0,127200.0
West Elkton,OH,42386.0,81700.0
Westerville,OH,103617.0,320500.0
West Farmington,OH,57159.0,114900.0
Westfield Center,OH,107604.0,314200.0
West Hill,OH,30590.0,60900.0
West Jefferson,OH,63750.0,160900.0
West Lafayette,OH,39783.0,78800.0
Westlake,OH,103658.0,310600.0
West Leipsic,OH,70417.0,89200.0
West Liberty,OH,58417.0,146600.0
West Logan,OH,25125.0,85500.0
West Manchester,OH,55750.0,91100.0
West Mansfield,OH,83173.0,137300.0
West Millgrove,OH,,71700.0
West Milton,OH,56643.0,119800.0
Westminster,OH,64773.0,158000.0
Weston,OH,51033.0,104900.0
West Portsmouth,OH,38356.0,98900.0
West Rushville,OH,59444.0,176900.0
West Salem,OH,61563.0,106400.0
West Union,OH,33326.0,119500.0
West Unity,OH,57778.0,101800.0
Wetherington,OH,188368.0,598300.0
Wharton,OH,61500.0,103800.0
Wheelersburg,OH,66683.0,211200.0
Whitehall,OH,47879.0,124900.0
Whitehouse,OH,76923.0,232000.0
White Oak,OH,71465.0,178200.0
Whites Landing,OH,31023.0,145300.0
Wickliffe,OH,76938.0,146600.0
Wightmans Grove,OH,,
Wilberforce,OH,79423.0,212700.0
Wilkesville,OH,,84300.0
Wilkshire Hills,OH,62838.0,252800.0
Willard,OH,51846.0,107700.0
Williamsburg,OH,58500.0,154100.0
Williamsdale,OH,71776.0,164400.0
Williamsport,OH,58250.0,132100.0
Williston,OH,61971.0,137000.0
Willoughby,OH,70807.0,190100.0
Willoughby Hills,OH,63438.0,307000.0
Willowick,OH,71418.0,148300.0
Willshire,OH,52500.0,70000.0
Wilmington,OH,48407.0,147900.0
Wilmot,OH,60250.0,103700.0
Wilson,OH,71667.0,104200.0
Winchester,OH,43036.0,117100.0
Windham,OH,39000.0,118500.0
Winesburg,OH,,199100.0
Wintersville,OH,70607.0,117200.0
Withamsville,OH,64592.0,184700.0
Wolfhurst,OH,42838.0,77500.0
Woodlawn,OH,59977.0,156400.0
Woodmere,OH,49609.0,280200.0
Woodsdale,OH,67014.0,332900.0
Woodsfield,OH,38490.0,102900.0
Woodstock,OH,61250.0,124300.0
Woodville,OH,78438.0,165300.0
Woodworth,OH,54306.0,146600.0
Wooster,OH,61608.0,185300.0
Worthington,OH,119408.0,378200.0
Wren,OH,58750.0,80000.0
Wright-Patterson AFB,OH,69962.0,
Wyoming,OH,137917.0,376600.0
Xenia,OH,53041.0,136400.0
Yankee Lake,OH,,191700.0
Yellow Springs,OH,77750.0,271400.0
Yorkshire,OH,100000.0,168800.0
Yorkville,OH,45592.0,101900.0
Youngstown,OH,34295.0,54900.0
Zaleski,OH,59698.0,143800.0
Zanesfield,OH,81071.0,127500.0
Zanesville,OH,40927.0,99600.0
Zoar,OH,90000.0,209400.0
Achille,OK,53000.0,76000.0
Ada,OK,47264.0,133300.0
Adair,OK,70114.0,148200.0
Adams,OK,69286.0,
Adamson,OK,,
Addington,OK,68125.0,60000.0
Afton,OK,43594.0,87000.0
Agra,OK,60208.0,168800.0
Akins,OK,,98700.0
Albany,OK,45417.0,
Albion,OK,35625.0,46900.0
Alderson,OK,48750.0,86700.0
Alex,OK,64375.0,58700.0
Aline,OK,54375.0,54000.0
Allen,OK,38988.0,81200.0
Altus,OK,56620.0,99700.0
Alva,OK,41809.0,121900.0
Amber,OK,48375.0,107800.0
Ames,OK,48750.0,77200.0
Amorita,OK,36875.0,
Anadarko,OK,49770.0,85200.0
Antlers,OK,27798.0,85400.0
Apache,OK,58203.0,87200.0
Arapaho,OK,37361.0,102200.0
Arcadia,OK,60833.0,137500.0
Ardmore,OK,49408.0,153300.0
Arkoma,OK,33500.0,56600.0
Armstrong,OK,39688.0,65000.0
Arnett,OK,46932.0,80700.0
Arpelar,OK,54500.0,122700.0
Asher,OK,98750.0,131600.0
Ashland,OK,,
Atoka,OK,40362.0,95400.0
Atwood,OK,47500.0,77500.0
Avant,OK,48250.0,61400.0
Avard,OK,76250.0,
Bache,OK,,76000.0
Badger Lee,OK,,
Baker,OK,,
Ballou,OK,90714.0,55300.0
Barber,OK,57917.0,144700.0
Barnsdall,OK,56500.0,76300.0
Baron,OK,58063.0,135300.0
Bartlesville,OK,58230.0,146700.0
Bearden,OK,101250.0,137500.0
Beaver,OK,53600.0,103400.0
Bee,OK,25000.0,
Beggs,OK,43958.0,95500.0
Belfonte,OK,30417.0,
Bell,OK,45500.0,168800.0
Bennington,OK,24250.0,69500.0
Bentley,OK,,
Bernice,OK,43333.0,118100.0
Bessie,OK,43929.0,66800.0
Bethany,OK,54606.0,149800.0
Bethel Acres,OK,82670.0,162400.0
Big Cabin,OK,43750.0,85000.0
Billings,OK,38295.0,38100.0
Binger,OK,42000.0,111700.0
Bison,OK,,71100.0
Bixby,OK,93765.0,278500.0
Blackburn,OK,53750.0,77500.0
Blackgum,OK,,
Blackwell,OK,47333.0,80900.0
Blair,OK,46763.0,81700.0
Blanchard,OK,86964.0,240900.0
Blanco,OK,42083.0,80000.0
Blue,OK,21563.0,73300.0
Bluejacket,OK,43125.0,78500.0
Boise City,OK,44583.0,58000.0
Bokchito,OK,33846.0,80000.0
Bokoshe,OK,32083.0,70700.0
Boley,OK,29750.0,94200.0
Boswell,OK,24758.0,72600.0
Bowlegs,OK,50833.0,52900.0
Bowring,OK,,42500.0
Box,OK,36250.0,
Boynton,OK,27778.0,28600.0
Bradley,OK,24119.0,23300.0
Braggs,OK,41750.0,87500.0
Braman,OK,27188.0,47000.0
Bray,OK,72537.0,145600.0
Breckenridge,OK,59375.0,154200.0
Brent,OK,59643.0,133300.0
Briartown,OK,26875.0,
Bridge Creek,OK,99583.0,199000.0
Bridgeport,OK,48250.0,55000.0
Briggs,OK,43482.0,108400.0
Bristow,OK,41574.0,90800.0
Broken Arrow,OK,82547.0,210800.0
Broken Bow,OK,44107.0,120200.0
Bromide,OK,38750.0,
Brooksville,OK,,85000.0
Brush Creek,OK,,
Brushy,OK,67500.0,130400.0
Bryant,OK,,
Buffalo,OK,67500.0,84800.0
Bug Tussle,OK,198162.0,152200.0
Bull Hollow,OK,,
Bunch,OK,38125.0,
Burbank,OK,55000.0,34200.0
Burlington,OK,60625.0,95600.0
Burneyville,OK,68015.0,154300.0
Burns Flat,OK,52813.0,102100.0
Bushyhead,OK,48816.0,109600.0
Butler,OK,69375.0,66800.0
Butler,OK,,
Byars,OK,37031.0,
Byng,OK,83661.0,171100.0
Byron,OK,,
Cache,OK,59834.0,151600.0
Caddo,OK,46563.0,104100.0
Calera,OK,54813.0,148000.0
Calumet,OK,56875.0,77500.0
Calvin,OK,42750.0,66400.0
Camargo,OK,33750.0,68600.0
Cameron,OK,52917.0,76400.0
Canadian,OK,61250.0,76700.0
Canadian Shores,OK,34375.0,53800.0
Caney,OK,36250.0,95000.0
Caney,OK,63750.0,115900.0
Caney Ridge,OK,,
Canton,OK,59297.0,59200.0
Canute,OK,76563.0,109700.0
Capron,OK,,
Carlisle,OK,32708.0,185000.0
Carlton Landing,OK,156875.0,593800.0
Carmen,OK,42344.0,52300.0
Carnegie,OK,40469.0,66700.0
Carney,OK,46406.0,91000.0
Carrier,OK,62500.0,
Carter,OK,65000.0,61000.0
Cartwright,OK,54342.0,83900.0
Cashion,OK,96705.0,175900.0
Castle,OK,68125.0,
Catoosa,OK,67143.0,150900.0
Cave Spring,OK,91250.0,81700.0
Cayuga,OK,69688.0,214300.0
Cedar Crest,OK,41500.0,114200.0
Cedar Lake,OK,34167.0,59200.0
Cedar Valley,OK,123287.0,312700.0
Cement,OK,37202.0,55000.0
Centrahoma,OK,21429.0,80000.0
Central High,OK,71898.0,183800.0
Chance,OK,29235.0,
Chandler,OK,48168.0,117600.0
Chattanooga,OK,58750.0,111900.0
Checotah,OK,36208.0,104800.0
Chelsea,OK,39961.0,92200.0
Cherokee,OK,75547.0,96500.0
Cherry Tree,OK,49205.0,93600.0
Chester,OK,48333.0,93300.0
Chewey,OK,65156.0,109600.0
Cheyenne,OK,50313.0,99700.0
Chickasha,OK,55136.0,109400.0
Choctaw,OK,90241.0,209000.0
Chouteau,OK,49837.0,143600.0
Christie,OK,124038.0,172800.0
Cimarron City,OK,96429.0,250000.0
Claremore,OK,56257.0,157600.0
Clarita,OK,35893.0,75000.0
Clarksville,OK,,
Clayton,OK,27083.0,33300.0
Clearview,OK,,110400.0
Cleora,OK,77604.0,199600.0
Cleo Springs,OK,41071.0,92200.0
Cleveland,OK,53667.0,101700.0
Clinton,OK,62368.0,119100.0
Cloud Creek,OK,,215600.0
Coalgate,OK,36019.0,83500.0
Colbert,OK,53600.0,76100.0
Colcord,OK,29792.0,89000.0
Cole,OK,85625.0,221800.0
Coleman,OK,45938.0,85000.0
Collinsville,OK,76866.0,188200.0
Colony,OK,37026.0,158000.0
Comanche,OK,38382.0,73200.0
Commerce,OK,35221.0,66000.0
Connerville,OK,,
Cookson,OK,62500.0,112800.0
Cooperton,OK,2499.0,65000.0
Copan,OK,29775.0,106700.0
Copeland,OK,53112.0,117300.0
Corn,OK,54728.0,99000.0
Cornish,OK,58750.0,84200.0
Cottonwood,OK,34375.0,76000.0
Council Hill,OK,31875.0,78300.0
Covington,OK,70625.0,73400.0
Coweta,OK,57166.0,165900.0
Cowlington,OK,25625.0,92500.0
Coyle,OK,78092.0,22900.0
Crescent,OK,50521.0,139400.0
Crescent Springs,OK,76944.0,97500.0
Cromwell,OK,55096.0,64700.0
Crowder,OK,51691.0,113900.0
Cumberland,OK,56271.0,154800.0
Cushing,OK,46602.0,104200.0
Custer City,OK,59375.0,71700.0
Cyril,OK,46629.0,99100.0
Dacoma,OK,50000.0,56700.0
Dale,OK,193010.0,
Davenport,OK,47054.0,72900.0
Davidson,OK,31875.0,40000.0
Davis,OK,51346.0,113000.0
Deer Creek,OK,100417.0,
Deer Lick,OK,,
Delaware,OK,36250.0,45000.0
Del City,OK,48200.0,105400.0
Dennis,OK,69000.0,325000.0
Depew,OK,34250.0,45600.0
Devol,OK,71250.0,87500.0
Dewar,OK,57000.0,84500.0
Dewey,OK,43607.0,120700.0
Dibble,OK,68333.0,154500.0
Dickson,OK,77813.0,163800.0
Dill City,OK,40000.0,46900.0
Disney,OK,44000.0,142900.0
Dixon,OK,40865.0,54800.0
Dodge,OK,59423.0,
Dotyville,OK,68839.0,
Dougherty,OK,49375.0,94600.0
Douglas,OK,,
Dover,OK,27013.0,
Dripping Springs,OK,92500.0,200000.0
Drowning Creek,OK,36989.0,32800.0
Drummond,OK,117788.0,
Drumright,OK,40776.0,72900.0
Dry Creek,OK,39063.0,86700.0
Duchess Landing,OK,,
Duncan,OK,55162.0,120700.0
Durant,OK,44593.0,157400.0
Durham,OK,56667.0,54000.0
Dustin,OK,24028.0,54300.0
Dwight Mission,OK,48594.0,78800.0
Eagle City,OK,,
Eagletown,OK,33333.0,118800.0
Eakly,OK,52500.0,75400.0
Earl,OK,79583.0,
Earlsboro,OK,64063.0,157700.0
East Duke,OK,60000.0,120800.0
Edgewater Park,OK,,102000.0
Edmond,OK,96389.0,304700.0
Eldon,OK,63942.0,111600.0
Eldorado,OK,49875.0,32700.0
Elgin,OK,78288.0,235500.0
Elk City,OK,47903.0,161500.0
Elmer,OK,,84700.0
Elm Grove,OK,,
Elmore City,OK,41597.0,92400.0
Elohim City,OK,,
El Reno,OK,49988.0,142100.0
Emet,OK,42917.0,
Empire City,OK,76094.0,149500.0
Enid,OK,60790.0,136500.0
Enterprise,OK,70972.0,84000.0
Erick,OK,41458.0,80000.0
Erin Springs,OK,88500.0,
Etowah,OK,50625.0,112500.0
Etta,OK,38594.0,
Eufaula,OK,38774.0,156300.0
Evening Shade,OK,36310.0,134800.0
Fairfax,OK,38889.0,49500.0
Fairfield,OK,70000.0,105800.0
Fairland,OK,41573.0,82200.0
Fairmont,OK,68333.0,100000.0
Fair Oaks,OK,56296.0,167200.0
Fairview,OK,54398.0,99000.0
Fallis,OK,185917.0,218300.0
Fanshawe,OK,39375.0,122500.0
Fargo,OK,63125.0,87200.0
Faxon,OK,71250.0,131300.0
Fay,OK,,51900.0
Felt,OK,67917.0,27500.0
Finley,OK,,
Fittstown,OK,73393.0,
Fitzhugh,OK,,
Fletcher,OK,51406.0,120600.0
Flint Creek,OK,47460.0,95800.0
Flute Springs,OK,,92500.0
Foraker,OK,130625.0,53800.0
Forest Park,OK,96250.0,268400.0
Forgan,OK,66250.0,57500.0
Fort Cobb,OK,52700.0,72300.0
Fort Coffee,OK,34375.0,78200.0
Fort Gibson,OK,67813.0,155200.0
Fort Supply,OK,59375.0,91700.0
Fort Towson,OK,48250.0,137500.0
Foss,OK,,
Foster,OK,68871.0,182500.0
Fox,OK,50625.0,95000.0
Foyil,OK,54375.0,92000.0
Francis,OK,54063.0,72900.0
Frederick,OK,41555.0,58400.0
Freedom,OK,51250.0,71700.0
Friendship,OK,39375.0,
Gage,OK,51250.0,70800.0
Gans,OK,50969.0,112900.0
Garber,OK,58750.0,81300.0
Garvin,OK,51250.0,91700.0
Gate,OK,68056.0,
Geary,OK,46417.0,63900.0
Gene Autry,OK,,95000.0
Geronimo,OK,59350.0,80000.0
Gerty,OK,,70000.0
Gideon,OK,81029.0,
Glencoe,OK,39028.0,70000.0
Glenpool,OK,75876.0,171300.0
Golden,OK,57500.0,110000.0
Goldsby,OK,88929.0,338800.0
Goltry,OK,84167.0,86800.0
Goodwell,OK,60375.0,114100.0
Gore,OK,63750.0,147100.0
Gotebo,OK,88558.0,143800.0
Gould,OK,38958.0,62500.0
Gowen,OK,,
Gracemont,OK,32500.0,61700.0
Grainola,OK,53750.0,
Grandfield,OK,31169.0,49900.0
Grand Lake Towne,OK,,266400.0
Grandview,OK,70189.0,137200.0
Granite,OK,56500.0,93600.0
Grant,OK,46875.0,82500.0
Grayson,OK,35625.0,71300.0
Greasy,OK,42500.0,60000.0
Greenfield,OK,52083.0,58300.0
Greenville,OK,63750.0,200000.0
Gregory,OK,112976.0,314500.0
Grove,OK,56469.0,217300.0
Guthrie,OK,55405.0,160700.0
Guymon,OK,55526.0,159500.0
Haileyville,OK,51563.0,83800.0
Hallett,OK,28750.0,54300.0
Hammon,OK,66429.0,93900.0
Hanna,OK,22500.0,48800.0
Hanson,OK,63125.0,147900.0
Hardesty,OK,80451.0,46300.0
Harrah,OK,68661.0,202000.0
Hartshorne,OK,36154.0,80400.0
Haskell,OK,35119.0,112300.0
Hastings,OK,43750.0,
Haworth,OK,36250.0,41300.0
Haywood,OK,58250.0,179200.0
Headrick,OK,48333.0,44500.0
Healdton,OK,45721.0,50700.0
Heavener,OK,36410.0,57000.0
Helena,OK,63750.0,58300.0
Hendrix,OK,27000.0,85000.0
Hennepin,OK,,121400.0
Hennessey,OK,50707.0,146900.0
Henryetta,OK,42513.0,79600.0
Hickory,OK,66875.0,116700.0
Hillsdale,OK,61607.0,108300.0
Hinton,OK,58491.0,162200.0
Hitchcock,OK,,64000.0
Hitchita,OK,41458.0,56700.0
Hobart,OK,29117.0,54800.0
Hochatown,OK,111500.0,
Hodgen,OK,,
Hoffman,OK,33750.0,
Holdenville,OK,38232.0,65000.0
Hollis,OK,46339.0,59200.0
Hollister,OK,45625.0,44200.0
Homestead,OK,,
Hominy,OK,34735.0,63500.0
Honey Hill,OK,37292.0,110800.0
Hooker,OK,48906.0,133700.0
Hoot Owl,OK,,
Hopeton,OK,,
Horntown,OK,68750.0,200000.0
Hough,OK,45000.0,160700.0
Howe,OK,45000.0,93600.0
Hoyt,OK,,
Hugo,OK,30089.0,87600.0
Hulbert,OK,43750.0,83900.0
Hunter,OK,75833.0,58300.0
Hydro,OK,37361.0,154600.0
Idabel,OK,34683.0,87400.0
Indiahoma,OK,58750.0,61200.0
Indianola,OK,,
Indianola,OK,40000.0,68300.0
Ingalls,OK,86000.0,150000.0
Inola,OK,57679.0,155800.0
Iron Post,OK,42946.0,
Isabella,OK,56550.0,
IXL,OK,,
Jay,OK,36625.0,94400.0
Jefferson,OK,,
Jenks,OK,101767.0,265400.0
Jennings,OK,34821.0,55400.0
Jet,OK,51450.0,73800.0
Johnson,OK,44748.0,159000.0
Johnson Prairie,OK,45781.0,113300.0
Jones,OK,74750.0,183300.0
Justice,OK,95294.0,212000.0
Kansas,OK,32917.0,78000.0
Katie,OK,47344.0,125000.0
Kaw City,OK,58125.0,133800.0
Keefton,OK,56297.0,137500.0
Kellyville,OK,46750.0,104400.0
Kemp,OK,19583.0,102300.0
Kendrick,OK,66250.0,76300.0
Kenefic,OK,48125.0,65800.0
Kenton,OK,,
Kenwood,OK,56818.0,107400.0
Keota,OK,38472.0,53200.0
Ketchum,OK,57250.0,145000.0
Keyes,OK,48500.0,44100.0
Keys,OK,35292.0,135800.0
Kiefer,OK,77434.0,188700.0
Kildare,OK,67083.0,78300.0
Kingfisher,OK,51795.0,205600.0
Kingston,OK,46923.0,89400.0
Kinta,OK,37750.0,108800.0
Kiowa,OK,44868.0,67500.0
Knowles,OK,,
Konawa,OK,32721.0,60500.0
Krebs,OK,45761.0,103900.0
Kremlin,OK,85208.0,127900.0
Lahoma,OK,71250.0,115600.0
Lake Aluma,OK,250001.0,937500.0
Lake Ellsworth Addition,OK,28487.0,112500.0
Lakeside Village,OK,,49600.0
Lamar,OK,43250.0,75000.0
Lambert,OK,53750.0,
Lamont,OK,64500.0,48600.0
Lane,OK,,77500.0
Langley,OK,51250.0,108700.0
Langston,OK,29250.0,
Latta,OK,72379.0,133500.0
Laverne,OK,54886.0,100800.0
Lawrence Creek,OK,26786.0,157800.0
Lawton,OK,51561.0,125500.0
Lawtonka Acres,OK,,129200.0
Leach,OK,61667.0,132800.0
Lebanon,OK,56111.0,166700.0
Leedey,OK,73409.0,94200.0
Le Flore,OK,41458.0,65000.0
Lehigh,OK,53313.0,154700.0
Lenapah,OK,57656.0,51700.0
Leon,OK,33750.0,85000.0
Leonard,OK,33500.0,304200.0
Lequire,OK,80208.0,95800.0
Lexington,OK,44333.0,82400.0
Liberty,OK,55000.0,162500.0
Liberty,OK,63438.0,152600.0
Lima,OK,31250.0,
Limestone,OK,109875.0,290800.0
Lindsay,OK,50150.0,100600.0
Little City,OK,21705.0,
Little Ponderosa,OK,,173300.0
Little Rock,OK,,103100.0
Loco,OK,28125.0,56000.0
Locust Grove,OK,41313.0,98600.0
Lone Chimney,OK,,
Lone Grove,OK,68433.0,168600.0
Lone Wolf,OK,37361.0,70900.0
Long,OK,46667.0,142300.0
Longdale,OK,40750.0,
Longtown,OK,49728.0,157300.0
Lookeba,OK,45625.0,56700.0
Lost City,OK,70294.0,119900.0
Lotsee,OK,,
Loveland,OK,,
Lovell,OK,,
Lowrey,OK,70238.0,100000.0
Loyal,OK,,81900.0
Lucien,OK,,64700.0
Luther,OK,58750.0,198900.0
Lyons Switch,OK,64167.0,205700.0
McAlester,OK,46875.0,126300.0
McBride,OK,,200000.0
McCord,OK,66080.0,168500.0
McCurtain,OK,15833.0,46900.0
McLoud,OK,67207.0,146900.0
Macomb,OK,49375.0,168800.0
Madill,OK,48785.0,101700.0
Mallard Bay,OK,,85000.0
Manchester,OK,60972.0,51600.0
Mangum,OK,47917.0,87700.0
Manitou,OK,80625.0,33800.0
Mannford,OK,60125.0,160700.0
Mannsville,OK,45000.0,91500.0
Maramec,OK,37188.0,48800.0
Marble City,OK,45357.0,60000.0
Marietta,OK,103333.0,
Marietta,OK,48098.0,106700.0
Marland,OK,24776.0,
Marlow,OK,50755.0,110100.0
Marshall,OK,58182.0,
Martha,OK,,104200.0
Maud,OK,49013.0,56400.0
May,OK,40750.0,
Maysville,OK,56344.0,126600.0
Mazie,OK,81406.0,
Mead,OK,66875.0,65900.0
Medford,OK,51154.0,58900.0
Medicine Park,OK,111071.0,332700.0
Meeker,OK,39808.0,101500.0
Mehan,OK,,
Meno,OK,71458.0,113100.0
Meridian,OK,,
Miami,OK,44010.0,95000.0
Middleberg,OK,96400.0,164000.0
Midwest City,OK,56811.0,147700.0
Milburn,OK,40000.0,61700.0
Milfay,OK,,
Mill Creek,OK,43750.0,53100.0
Millerton,OK,41250.0,51400.0
Minco,OK,56667.0,114400.0
Moffett,OK,28750.0,
Monroe,OK,33750.0,92500.0
Moodys,OK,,409900.0
Moore,OK,73285.0,170300.0
Mooreland,OK,59886.0,123900.0
Morris,OK,53963.0,114600.0
Morrison,OK,68438.0,142000.0
Mounds,OK,42014.0,158000.0
Mountain Park,OK,35694.0,25400.0
Mountain View,OK,48375.0,69100.0
Moyers,OK,,110600.0
Mulberry,OK,19063.0,85600.0
Muldrow,OK,45982.0,99300.0
Mule Barn,OK,,
Mulhall,OK,70208.0,83100.0
Murphy,OK,,90600.0
Muskogee,OK,46825.0,118300.0
Mustang,OK,84162.0,212200.0
Mutual,OK,29375.0,
Narcissa,OK,63523.0,144300.0
Nardin,OK,,
Nash,OK,26406.0,90700.0
Nashoba,OK,41250.0,
Nelagoney,OK,,9999.0
Nescatunga,OK,40938.0,74500.0
New Alluwe,OK,,37500.0
Newcastle,OK,90469.0,239100.0
New Cordell,OK,68295.0,95700.0
New Eucha,OK,74130.0,
Newkirk,OK,48839.0,95900.0
New Woodville,OK,,16900.0
Nichols Hills,OK,194576.0,875000.0
Nicoma Park,OK,61146.0,140600.0
Nicut,OK,26250.0,67000.0
Ninnekah,OK,66944.0,180700.0
Noble,OK,84029.0,175400.0
Norge,OK,48419.0,
Norman,OK,62849.0,224900.0
North Enid,OK,78636.0,180100.0
North Miami,OK,38542.0,62100.0
Norwood,OK,81607.0,215800.0
Notchietown,OK,,98000.0
Nowata,OK,41210.0,85200.0
Oak Grove,OK,62847.0,
Oak Hill-Piney,OK,,
Oakhurst,OK,60667.0,131700.0
Oakland,OK,58021.0,85000.0
Oaks,OK,52500.0,65000.0
Oakwood,OK,77679.0,92000.0
Ochelata,OK,55500.0,86800.0
Oilton,OK,33229.0,49500.0
Okarche,OK,80461.0,197900.0
Okay,OK,39792.0,78100.0
Okeene,OK,53021.0,87400.0
Okemah,OK,34882.0,60700.0
Oklahoma City,OK,64251.0,196700.0
Okmulgee,OK,38311.0,89200.0
Oktaha,OK,49792.0,82100.0
Old Eucha,OK,48750.0,
Old Green,OK,,
Olive,OK,40750.0,184700.0
Olustee,OK,58074.0,93700.0
Oologah,OK,82531.0,178300.0
Optima,OK,81667.0,77200.0
Orlando,OK,44375.0,45000.0
Osage,OK,35000.0,45600.0
Owasso,OK,79183.0,218400.0
Paden,OK,47292.0,79700.0
Panama,OK,44397.0,109100.0
Panola,OK,38622.0,44000.0
Paoli,OK,55208.0,81500.0
Paradise Hill,OK,26827.0,421700.0
Park Hill,OK,44420.0,119300.0
Pauls Valley,OK,45400.0,87600.0
Pawhuska,OK,45833.0,91000.0
Pawnee,OK,40284.0,88600.0
Peavine,OK,52917.0,96300.0
Peckham,OK,58750.0,100000.0
Peggs,OK,41094.0,102100.0
Pensacola,OK,42500.0,55700.0
Peoria,OK,26615.0,125600.0
Perkins,OK,47296.0,149900.0
Perry,OK,61410.0,96100.0
Pershing,OK,,
Pettit,OK,56750.0,141400.0
Phillips,OK,,85800.0
Pickett,OK,99000.0,150000.0
Piedmont,OK,86453.0,264800.0
Piney,OK,,
Pinhook Corner,OK,,
Pink,OK,65417.0,120800.0
Pin Oak Acres,OK,96172.0,
Pittsburg,OK,48750.0,58500.0
Platter,OK,,
Pocasset,OK,47917.0,104200.0
Pocola,OK,45417.0,110100.0
Ponca City,OK,51367.0,118900.0
Pond Creek,OK,65333.0,88000.0
Pontotoc,OK,51429.0,114300.0
Porter,OK,44688.0,84800.0
Porum,OK,29400.0,67900.0
Poteau,OK,47782.0,138400.0
Prague,OK,43750.0,114300.0
Preston,OK,50000.0,109400.0
Proctor,OK,,
Prue,OK,51389.0,79600.0
Pryor Creek,OK,46635.0,134700.0
Pump Back,OK,105278.0,157500.0
Pumpkin Hollow,OK,76500.0,197500.0
Purcell,OK,68295.0,158000.0
Putnam,OK,48750.0,33300.0
Quapaw,OK,47125.0,83700.0
Quay,OK,,
Quinlan,OK,,
Quinton,OK,28864.0,70900.0
Ralston,OK,58250.0,34000.0
Ramona,OK,46648.0,88100.0
Randlett,OK,61250.0,70800.0
Ratliff City,OK,,57500.0
Rattan,OK,40000.0,81300.0
Ravia,OK,55000.0,64400.0
Reagan,OK,40000.0,109400.0
Redbird,OK,98750.0,125000.0
Redbird Smith,OK,63162.0,104000.0
Red Oak,OK,34375.0,71400.0
Red Rock,OK,39250.0,43800.0
Remy,OK,117292.0,225300.0
Renfrow,OK,87500.0,33000.0
Rentiesville,OK,63750.0,86000.0
Reydon,OK,44063.0,54300.0
Ringling,OK,30750.0,58800.0
Ringwood,OK,40000.0,92100.0
Ripley,OK,40357.0,61300.0
River Bottom,OK,65000.0,137500.0
Rock Island,OK,38281.0,121900.0
Rocky,OK,45000.0,55800.0
Rocky Ford,OK,66250.0,145200.0
Rocky Mountain,OK,39167.0,131900.0
Rocky Point,OK,42639.0,74400.0
Roff,OK,63542.0,86300.0
Roland,OK,49952.0,125200.0
Roosevelt,OK,48750.0,59000.0
Rose,OK,67054.0,136900.0
Rosedale,OK,,
Rosston,OK,,
Rush Springs,OK,37344.0,74100.0
Ryan,OK,38250.0,45900.0
St. Louis,OK,44167.0,95000.0
Salina,OK,40391.0,101300.0
Sallisaw,OK,44310.0,117700.0
Sams Corner,OK,,192200.0
Sand Hill,OK,44583.0,93300.0
Sand Point,OK,81920.0,373200.0
Sand Springs,OK,70431.0,173400.0
Sapulpa,OK,62168.0,149100.0
Sasakwa,OK,43750.0,68300.0
Savanna,OK,50000.0,92000.0
Sawyer,OK,63750.0,151300.0
Sayre,OK,45859.0,66400.0
Schulter,OK,71429.0,
Scipio,OK,,81300.0
Seiling,OK,51630.0,145600.0
Selman,OK,,
Seminole,OK,34599.0,76300.0
Sentinel,OK,103750.0,93700.0
Sequoyah,OK,90556.0,216200.0
Seward,OK,,
Shady Grove (Cherokee County),OK,48214.0,152900.0
Shady Grove (McIntosh County),OK,,155500.0
Shady Point,OK,40500.0,87100.0
Shamrock,OK,,
Sharon,OK,64063.0,
Shattuck,OK,47500.0,105600.0
Shawnee,OK,50695.0,141300.0
Shidler,OK,65208.0,47100.0
Short,OK,,73900.0
Silo,OK,64611.0,154700.0
Simms,OK,74419.0,119200.0
Skedee,OK,43750.0,
Skiatook,OK,54444.0,151500.0
Slaughterville,OK,76763.0,173100.0
Slick,OK,19515.0,104200.0
Smith Village,OK,,107700.0
Smithville,OK,31447.0,28400.0
Snake Creek,OK,80000.0,122000.0
Snyder,OK,47448.0,103700.0
Soper,OK,38333.0,56700.0
Sour John,OK,60500.0,
South Coffeyville,OK,53750.0,89700.0
Sparks,OK,,54000.0
Sparrowhawk,OK,,
Spaulding,OK,38750.0,91700.0
Spavinaw,OK,29000.0,47600.0
Spencer,OK,54452.0,115600.0
Sperry,OK,41875.0,90400.0
Spiro,OK,33295.0,90700.0
Sportmans Shores,OK,37625.0,
Sportsmen Acres,OK,51917.0,107100.0
Springer,OK,51630.0,111500.0
Steely Hollow,OK,82153.0,
Sterling,OK,64464.0,116500.0
Stidham,OK,135000.0,
Stigler,OK,34415.0,134800.0
Stillwater,OK,39998.0,213100.0
Stilwell,OK,31516.0,102300.0
Stonewall,OK,57375.0,62100.0
Stoney Point,OK,31375.0,76700.0
Strang,OK,,
Stratford,OK,38426.0,89300.0
Stringtown,OK,48750.0,63600.0
Strong City,OK,,55000.0
Stroud,OK,51131.0,102400.0
Stuart,OK,58750.0,76400.0
Sugden,OK,80000.0,56700.0
Sulphur,OK,55951.0,125400.0
Summit,OK,,
Sumner,OK,,
Sunray,OK,,81300.0
Sweetwater,OK,53750.0,162500.0
Swink,OK,48750.0,103100.0
Sycamore,OK,,
Taft,OK,30000.0,56400.0
Tagg Flats,OK,,
Tahlequah,OK,49444.0,163300.0
Talala,OK,56667.0,97200.0
Talihina,OK,35455.0,56400.0
Taloga,OK,48125.0,71000.0
Tamaha,OK,27240.0,78200.0
Tatums,OK,,63300.0
Taylor Ferry,OK,69911.0,202900.0
Tecumseh,OK,53729.0,101300.0
Temple,OK,29010.0,49400.0
Tenkiller,OK,26389.0,106300.0
Teresita,OK,78750.0,155400.0
Terlton,OK,48333.0,78300.0
Terral,OK,38750.0,31700.0
Texanna,OK,53004.0,183500.0
Texhoma,OK,56068.0,116700.0
Texola,OK,,
Thackerville,OK,46750.0,79000.0
The Village,OK,67524.0,172300.0
Thomas,OK,56313.0,123800.0
Tiawah,OK,69514.0,239000.0
Tipton,OK,39450.0,65500.0
Tishomingo,OK,32063.0,95300.0
Titanic,OK,74423.0,184600.0
Tonkawa,OK,55299.0,74900.0
Tonkawa Tribal Housing,OK,46500.0,41000.0
Toppers,OK,49531.0,116200.0
Tribbey,OK,52250.0,88600.0
Tryon,OK,57778.0,94400.0
Tullahassee,OK,108182.0,218200.0
Tulsa,OK,56648.0,174200.0
Tupelo,OK,35208.0,53800.0
Turley,OK,40906.0,57900.0
Turpin,OK,57500.0,93100.0
Tushka,OK,26364.0,76700.0
Tuskahoma,OK,47500.0,80000.0
Tuttle,OK,98393.0,263400.0
Twin Lakes,OK,,
Twin Oaks,OK,32375.0,95900.0
Tyrone,OK,,56600.0
Union City,OK,80417.0,261200.0
Utica,OK,,
Valley Brook,OK,45313.0,76300.0
Valley Park,OK,,
Valliant,OK,41058.0,104600.0
Vanoss,OK,,
Velma,OK,73333.0,95400.0
Vera,OK,,
Verden,OK,41000.0,88300.0
Verdigris,OK,83281.0,199800.0
Vian,OK,36597.0,92300.0
Vici,OK,53393.0,110700.0
Vinita,OK,38621.0,89300.0
Wagoner,OK,55169.0,133500.0
Wainwright,OK,43750.0,67500.0
Wakita,OK,34375.0,31800.0
Walters,OK,50284.0,111000.0
Wanette,OK,39063.0,85000.0
Wann,OK,53750.0,60000.0
Wapanucka,OK,37500.0,72000.0
Wardville,OK,78640.0,267600.0
Warner,OK,39931.0,86300.0
Warr Acres,OK,54221.0,139700.0
Warwick,OK,33500.0,
Washington,OK,81875.0,201500.0
Washita,OK,53854.0,59600.0
Watonga,OK,47328.0,101900.0
Watova,OK,42841.0,
Watts,OK,35000.0,87500.0
Wauhillau,OK,37857.0,105100.0
Waukomis,OK,63482.0,116800.0
Waurika,OK,40197.0,39900.0
Wayne,OK,60865.0,100900.0
Waynoka,OK,49250.0,93900.0
Weatherford,OK,47851.0,213600.0
Webb City,OK,28333.0,54300.0
Webbers Falls,OK,64688.0,93900.0
Welch,OK,34896.0,94900.0
Weleetka,OK,39420.0,51700.0
Welling,OK,45417.0,117400.0
Wellston,OK,55665.0,90300.0
Welty,OK,58125.0,112500.0
West Peavine,OK,48203.0,129200.0
Westport,OK,79861.0,226300.0
West Siloam Springs,OK,55400.0,161600.0
Westville,OK,32600.0,82100.0
Wetumka,OK,29231.0,66000.0
Wewoka,OK,34120.0,64900.0
Whippoorwill,OK,26875.0,35000.0
White Eagle,OK,39583.0,65700.0
Whitefield,OK,43333.0,109800.0
Whitehorn Cove,OK,57857.0,173800.0
White Oak,OK,46364.0,
Whitesboro,OK,27396.0,68600.0
White Water,OK,,
Wickliffe,OK,67083.0,153400.0
Wilburton,OK,39263.0,88300.0
Willow,OK,53665.0,28900.0
Wilson,OK,66500.0,100300.0
Winchester,OK,57813.0,148400.0
Wister,OK,35395.0,81200.0
Woodall,OK,55603.0,167100.0
Woodlawn Park,OK,88125.0,261400.0
Woodward,OK,54864.0,146000.0
Wright City,OK,35682.0,56500.0
Wyandotte,OK,37917.0,65300.0
Wynnewood,OK,39327.0,85800.0
Wynona,OK,35313.0,
Yale,OK,33583.0,78700.0
Yeager,OK,50742.0,106300.0
Yukon,OK,75865.0,173200.0
Zeb,OK,56429.0,119300.0
Zena,OK,45795.0,83100.0
Zion,OK,,
Adair Village,OR,91591.0,359900.0
Adams,OR,54737.0,205600.0
Adrian,OR,68359.0,94700.0
Albany,OR,69777.0,321600.0
Aloha,OR,90533.0,436500.0
Alpine,OR,54500.0,561200.0
Alsea,OR,35795.0,
Altamont,OR,54609.0,203600.0
Amity,OR,90000.0,319900.0
Annex,OR,47500.0,165300.0
Antelope,OR,59643.0,
Arlington,OR,70577.0,161800.0
Ashland,OR,64767.0,581100.0
Astoria,OR,69463.0,383600.0
Athena,OR,66333.0,165500.0
Aumsville,OR,85636.0,295900.0
Aurora,OR,105139.0,495800.0
Baker City,OR,54063.0,209000.0
Bandon,OR,42404.0,387100.0
Banks,OR,82708.0,418200.0
Barlow,OR,,
Barnesdale,OR,55893.0,259400.0
Barview,OR,70294.0,194100.0
Bay City,OR,64167.0,315600.0
Bayshore,OR,58259.0,406400.0
Bayside Gardens,OR,73813.0,400700.0
Beatty,OR,,
Beaver,OR,,
Beavercreek,OR,119119.0,645100.0
Beaver Marsh,OR,,419000.0
Beaverton,OR,88899.0,494700.0
Bellfountain,OR,,569400.0
Bend,OR,82671.0,576900.0
Bethany,OR,156512.0,669200.0
Biggs Junction,OR,,
Black Butte Ranch,OR,,
Blodgett,OR,,
Bly,OR,21776.0,
Boardman,OR,60694.0,167700.0
Bonanza,OR,90313.0,208200.0
Boring,OR,111842.0,604600.0
Brogan,OR,,
Brookings,OR,79109.0,380400.0
Brooks,OR,86667.0,332100.0
Brownsville,OR,78348.0,289300.0
Bull Mountain,OR,150739.0,630200.0
Bunker Hill,OR,63417.0,148600.0
Burns,OR,41374.0,117000.0
Butte Falls,OR,45357.0,142400.0
Butteville,OR,144306.0,750000.0
Camp Sherman,OR,83125.0,605100.0
Canby,OR,91823.0,450700.0
Cannon Beach,OR,63509.0,665400.0
Canyon City,OR,62125.0,175500.0
Canyonville,OR,41573.0,163900.0
Cape Meares,OR,87000.0,817100.0
Carlton,OR,92500.0,385800.0
Cascade Locks,OR,62195.0,336400.0
Cascadia,OR,84063.0,
Cave Junction,OR,34594.0,256400.0
Cayuse,OR,77813.0,150000.0
Cedar Hills,OR,103544.0,555600.0
Cedar Mill,OR,165184.0,815200.0
Central Point,OR,79731.0,323800.0
Chemult,OR,,
Chenoweth,OR,59148.0,234900.0
Cherry Grove,OR,76607.0,368800.0
Cheshire,OR,43063.0,
Chiloquin,OR,40781.0,80300.0
Clatskanie,OR,58304.0,268000.0
Cloverdale,OR,,363800.0
Coburg,OR,79732.0,394100.0
Columbia City,OR,96379.0,397800.0
Condon,OR,38594.0,131400.0
Coos Bay,OR,53331.0,247000.0
Coquille,OR,48008.0,219500.0
Cornelius,OR,83051.0,379400.0
Corvallis,OR,61610.0,436000.0
Cottage Grove,OR,60219.0,286300.0
Cove,OR,66382.0,218900.0
Crabtree,OR,113295.0,
Crane,OR,31923.0,
Crawfordsville,OR,,415900.0
Crescent,OR,,145700.0
Crescent Lake,OR,,
Creswell,OR,85126.0,330200.0
Crooked River Ranch,OR,72428.0,375500.0
Culver,OR,81534.0,243100.0
Dallas,OR,67935.0,328400.0
Damascus,OR,107870.0,613600.0
Days Creek,OR,70114.0,346400.0
Dayton,OR,76014.0,307600.0
Dayville,OR,53750.0,213300.0
Deer Island,OR,,154800.0
Depoe Bay,OR,66667.0,343300.0
Deschutes River Woods,OR,83087.0,450300.0
Detroit,OR,58750.0,220000.0
Dexter,OR,55972.0,218800.0
Dillard,OR,46944.0,
Dilley,OR,115987.0,468200.0
Donald,OR,81250.0,300000.0
Drain,OR,49130.0,242300.0
Dufur,OR,74321.0,284500.0
Dundee,OR,98152.0,435200.0
Dunes City,OR,71058.0,480400.0
Dunthorpe,OR,250001.0,1508300.0
Durham,OR,98839.0,669600.0
Eagle Crest,OR,95492.0,628800.0
Eagle Point,OR,83625.0,356300.0
Echo,OR,67578.0,145800.0
Elgin,OR,49155.0,159200.0
Elkton,OR,45625.0,232500.0
Elmira,OR,71146.0,376300.0
Enterprise,OR,53750.0,266300.0
Eola,OR,,
Estacada,OR,78594.0,426800.0
Eugene,OR,61481.0,406000.0
Fair Oaks,OR,66705.0,272300.0
Fairview,OR,78407.0,403700.0
Fairview,OR,43036.0,262100.0
Falcon Heights,OR,75000.0,157300.0
Falls City,OR,39167.0,234100.0
Florence,OR,57568.0,311100.0
Foots Creek,OR,68309.0,430800.0
Forest Grove,OR,77977.0,438500.0
Fort Hill,OR,,
Fort Klamath,OR,32917.0,124100.0
Fossil,OR,50938.0,141100.0
Four Corners,OR,63578.0,280200.0
Garden Home-Whitford,OR,94382.0,577000.0
Gardiner,OR,,
Garibaldi,OR,53000.0,303300.0
Gaston,OR,91000.0,401300.0
Gates,OR,60625.0,276000.0
Gearhart,OR,100536.0,508300.0
Gervais,OR,86875.0,306800.0
Gilchrist,OR,95938.0,306700.0
Gladstone,OR,88043.0,441200.0
Glasgow,OR,82043.0,352200.0
Glendale,OR,55481.0,170100.0
Glide,OR,69875.0,383100.0
Gold Beach,OR,49018.0,345400.0
Gold Hill,OR,39338.0,283800.0
Gopher Flats,OR,83125.0,272500.0
Government Camp,OR,,
Grand Ronde,OR,29674.0,307600.0
Granite,OR,54375.0,
Grants Pass,OR,53941.0,331700.0
Grass Valley,OR,55982.0,120400.0
Green,OR,65304.0,218700.0
Greenhorn,OR,,
Green Meadows,OR,145286.0,256300.0
Gresham,OR,69437.0,411700.0
Haines,OR,43750.0,116100.0
Halfway,OR,40781.0,250000.0
Halsey,OR,96250.0,258000.0
Happy Valley,OR,126108.0,633100.0
Harbor,OR,46528.0,242000.0
Harper,OR,58393.0,171400.0
Harrisburg,OR,51708.0,288700.0
Hayesville,OR,65833.0,307400.0
Hebo,OR,,277800.0
Heceta Beach,OR,69375.0,430200.0
Helix,OR,177669.0,226100.0
Heppner,OR,46708.0,169500.0
Hermiston,OR,65502.0,239200.0
Hillsboro,OR,98891.0,452300.0
Hines,OR,47321.0,153800.0
Holley,OR,86731.0,195600.0
Hood River,OR,70791.0,492500.0
Hubbard,OR,89016.0,363800.0
Huntington,OR,33000.0,109400.0
Idanha,OR,74167.0,259400.0
Idaville,OR,,
Imbler,OR,83000.0,231700.0
Independence,OR,73361.0,302300.0
Ione,OR,70833.0,175000.0
Irrigon,OR,64519.0,165600.0
Island City,OR,63594.0,259000.0
Jacksonville,OR,100486.0,543300.0
Jasper,OR,,353600.0
Jeffers Gardens,OR,,411400.0
Jefferson,OR,87604.0,325500.0
Jennings Lodge,OR,64887.0,412300.0
John Day,OR,67083.0,181100.0
Johnson City,OR,44091.0,59200.0
Jordan Valley,OR,54875.0,135000.0
Joseph,OR,48309.0,302500.0
Junction City,OR,70411.0,308700.0
Juniper Canyon,OR,79167.0,347700.0
Juntura,OR,,
Keizer,OR,75753.0,363600.0
Keno,OR,69529.0,302400.0
Kerby,OR,39764.0,247500.0
King City,OR,57763.0,374100.0
Kings Valley,OR,,
Kirkpatrick,OR,178750.0,288500.0
Klamath Falls,OR,46695.0,237800.0
Knappa,OR,81875.0,417900.0
Labish Village,OR,56250.0,204500.0
Lacomb,OR,71494.0,
Lafayette,OR,93243.0,353800.0
La Grande,OR,52039.0,228800.0
Lake Oswego,OR,127252.0,825000.0
Lakeside,OR,60903.0,251400.0
Lakeview,OR,52574.0,143800.0
Langlois,OR,,290300.0
La Pine,OR,50625.0,313400.0
Lebanon,OR,53246.0,260800.0
Lexington,OR,38906.0,175000.0
Lincoln Beach,OR,60508.0,363800.0
Lincoln City,OR,54210.0,333200.0
Lonerock,OR,,137500.0
Long Creek,OR,30375.0,65500.0
Lookingglass,OR,68088.0,352500.0
Lostine,OR,63750.0,178100.0
Lowell,OR,64135.0,271900.0
Lyons,OR,94231.0,378900.0
McKay,OR,167500.0,475000.0
McMinnville,OR,65318.0,365300.0
Madras,OR,52500.0,245000.0
Malin,OR,52500.0,160000.0
Manzanita,OR,77650.0,589400.0
Mapleton,OR,40000.0,303700.0
Marcola,OR,69000.0,273800.0
Marion,OR,,325000.0
Marlene Village,OR,90667.0,477100.0
Maupin,OR,44583.0,238900.0
Maywood Park,OR,130481.0,499100.0
Meacham,OR,,
Medford,OR,65647.0,355600.0
Mehama,OR,,278800.0
Melrose,OR,94671.0,489600.0
Merlin,OR,65670.0,381300.0
Merrill,OR,52708.0,171000.0
Metolius,OR,68382.0,205500.0
Metzger,OR,92763.0,467600.0
Mill City,OR,73625.0,271600.0
Millersburg,OR,119148.0,456800.0
Milton-Freewater,OR,46372.0,186200.0
Milwaukie,OR,78676.0,443500.0
Mission,OR,41500.0,244400.0
Mitchell,OR,41833.0,150000.0
Molalla,OR,77442.0,381300.0
Monmouth,OR,61282.0,343900.0
Monroe,OR,56125.0,257800.0
Monument,OR,36675.0,
Moro,OR,57292.0,194800.0
Mosier,OR,68941.0,285900.0
Mount Angel,OR,54583.0,371600.0
Mount Hood,OR,,9999.0
Mount Hood Villages,OR,86459.0,448200.0
Mount Vernon,OR,62422.0,122800.0
Mulino,OR,98417.0,650200.0
Myrtle Creek,OR,56842.0,209200.0
Myrtle Point,OR,44716.0,218200.0
Neahkahnie,OR,105833.0,1113300.0
Nehalem,OR,66964.0,345800.0
Neotsu,OR,97929.0,464000.0
Nesika Beach,OR,68261.0,358800.0
Neskowin,OR,,
Netarts,OR,70515.0,334100.0
Newberg,OR,87873.0,426600.0
New Hope,OR,68194.0,427000.0
New Pine Creek,OR,,
Newport,OR,57511.0,373400.0
North Bend,OR,67841.0,282000.0
North Plains,OR,109559.0,482700.0
North Powder,OR,64583.0,117700.0
Nyssa,OR,46950.0,141200.0
Oak Grove,OR,79066.0,452200.0
Oak Hills,OR,122206.0,608800.0
Oakland,OR,60909.0,309300.0
Oakridge,OR,29336.0,192400.0
Oatfield,OR,100467.0,489000.0
O'Brien,OR,28466.0,183100.0
Oceanside,OR,76532.0,597500.0
Ochoco West,OR,62431.0,279200.0
Odell,OR,82768.0,299600.0
Ontario,OR,39750.0,174900.0
Oregon City,OR,90174.0,473900.0
Oregon Shores,OR,83278.0,356000.0
Orient,OR,135486.0,989600.0
Pacific City,OR,65385.0,460900.0
Paisley,OR,44609.0,110400.0
Parkdale,OR,68333.0,322700.0
Pendleton,OR,67931.0,238600.0
Peoria,OR,,
Philomath,OR,80599.0,344300.0
Phoenix,OR,47382.0,318600.0
Pilot Rock,OR,71650.0,153200.0
Pine Grove,OR,,205800.0
Pine Hollow,OR,50089.0,239400.0
Pistol River,OR,,
Pleasant Valley,OR,,437000.0
Plush,OR,29500.0,112500.0
Portland,OR,85876.0,523100.0
Port Orford,OR,32390.0,233800.0
Powers,OR,37000.0,130300.0
Prairie City,OR,50556.0,153800.0
Prescott,OR,,250000.0
Prineville,OR,63904.0,298000.0
Prineville Lake Acres,OR,70313.0,292500.0
Pronghorn,OR,,1337000.0
Prospect,OR,40357.0,303000.0
Rainier,OR,58333.0,271400.0
Raleigh Hills,OR,119473.0,809100.0
Redmond,OR,72798.0,379600.0
Redwood,OR,69393.0,362600.0
Reedsport,OR,48329.0,164100.0
Rhododendron,OR,77692.0,413000.0
Richland,OR,53333.0,209600.0
Rickreall,OR,,
Riddle,OR,60121.0,182000.0
Rivergrove,OR,173750.0,801000.0
River Point,OR,61000.0,442900.0
River Road,OR,71353.0,333100.0
Riverside,OR,93214.0,220700.0
Rockaway Beach,OR,47788.0,293000.0
Rockcreek,OR,98822.0,574500.0
Rocky Point,OR,27188.0,
Rogue River,OR,43929.0,261400.0
Roseburg,OR,50297.0,252000.0
Roseburg North,OR,55810.0,186500.0
Rose Lodge,OR,51964.0,179100.0
Rowena,OR,,
Ruch,OR,79500.0,380300.0
Rufus,OR,60625.0,160900.0
Running Y Ranch,OR,158646.0,497400.0
St. Helens,OR,77475.0,314100.0
St. Paul,OR,109250.0,466700.0
Salem,OR,67540.0,349500.0
Sandy,OR,98341.0,435100.0
San Marine,OR,73025.0,
Santa Clara,OR,80781.0,344400.0
Saunders Lake,OR,,365500.0
Scappoose,OR,96339.0,410000.0
Scio,OR,75625.0,300000.0
Scotts Mills,OR,62125.0,345700.0
Seaside,OR,44087.0,396400.0
Selma,OR,42319.0,253400.0
Seneca,OR,66250.0,94200.0
Seventh Mountain,OR,132778.0,942900.0
Shady Cove,OR,60702.0,266200.0
Shaniko,OR,23438.0,9999.0
Shedd,OR,52411.0,
Sheridan,OR,56989.0,260500.0
Sherwood,OR,109770.0,520500.0
Siletz,OR,84205.0,164500.0
Silver Lake,OR,,
Silverton,OR,75167.0,406000.0
Sisters,OR,84088.0,546400.0
Sodaville,OR,53958.0,281300.0
South Lebanon,OR,54507.0,298800.0
Sportsmans Park,OR,39028.0,172300.0
Sprague River,OR,,
Spray,OR,30469.0,259600.0
Springfield,OR,60982.0,293200.0
Stafford,OR,180967.0,1121900.0
Stanfield,OR,68750.0,169300.0
Stayton,OR,72639.0,373300.0
Sublimity,OR,74875.0,431000.0
Summerville,OR,113594.0,225000.0
Summit,OR,116429.0,456300.0
Sumpter,OR,24362.0,
Sunriver,OR,87276.0,637300.0
Sutherlin,OR,48610.0,224200.0
Svensen,OR,65000.0,305800.0
Sweet Home,OR,56783.0,226500.0
Takilma,OR,30625.0,545300.0
Talent,OR,51215.0,316300.0
Tangent,OR,83500.0,291700.0
Terrebonne,OR,70526.0,404900.0
Tetherow,OR,195586.0,1570700.0
The Dalles,OR,59714.0,284100.0
Three Rivers,OR,75313.0,402100.0
Tigard,OR,101354.0,525100.0
Tillamook,OR,53711.0,259100.0
Toledo,OR,46477.0,300600.0
Trail,OR,,
Trent,OR,,362900.0
Tri-City,OR,53766.0,224000.0
Troutdale,OR,86307.0,406100.0
Tualatin,OR,105542.0,548900.0
Tumalo,OR,62379.0,583300.0
Turner,OR,101292.0,425300.0
Tutuilla,OR,76786.0,222500.0
Tygh Valley,OR,,375000.0
Ukiah,OR,,
Umapine,OR,,345000.0
Umatilla,OR,56413.0,172900.0
Union,OR,60385.0,206600.0
Unity,OR,41250.0,
Vale,OR,43456.0,142700.0
Veneta,OR,58825.0,292000.0
Vernonia,OR,78315.0,291000.0
Waldport,OR,49659.0,311600.0
Wallowa,OR,46250.0,254100.0
Wallowa Lake,OR,79648.0,289100.0
Wamic,OR,62721.0,262500.0
Warm Springs,OR,59167.0,129200.0
Warren,OR,95708.0,395900.0
Warrenton,OR,69400.0,334200.0
Wasco,OR,53542.0,168800.0
Waterloo,OR,76250.0,216700.0
Wedderburn,OR,38021.0,312500.0
Westfir,OR,61250.0,264700.0
West Haven-Sylvan,OR,113854.0,689300.0
West Linn,OR,134116.0,677500.0
Weston,OR,50000.0,110200.0
Westport,OR,63750.0,
West Scio,OR,,
West Slope,OR,89154.0,658200.0
Wheeler,OR,53750.0,355000.0
White City,OR,57385.0,244900.0
Willamina,OR,54310.0,222300.0
Williams,OR,81310.0,376000.0
Wilsonville,OR,83210.0,549100.0
Wimer,OR,33000.0,277000.0
Winchester Bay,OR,50515.0,
Winston,OR,51182.0,199600.0
Woodburn,OR,58916.0,281900.0
Wood Village,OR,67014.0,242000.0
Yachats,OR,55313.0,485400.0
Yamhill,OR,115000.0,380300.0
Yoncalla,OR,50234.0,181300.0
Aaronsburg (Centre County),PA,72448.0,175000.0
Aaronsburg (Washington County),PA,13269.0,
Abbottstown borough,PA,70469.0,173000.0
Ackermanville,PA,54000.0,207600.0
Adamsburg borough,PA,71429.0,171900.0
Adamstown borough,PA,95795.0,244000.0
Adamsville,PA,56250.0,106700.0
Addison borough,PA,75000.0,169400.0
Akron borough,PA,68164.0,239700.0
Alba borough,PA,49375.0,103100.0
Albion borough,PA,50156.0,127100.0
Albrightsville,PA,32083.0,
Alburtis borough,PA,101167.0,227300.0
Aldan borough,PA,87673.0,213500.0
Alexandria borough,PA,58125.0,138100.0
Alfarata,PA,,135800.0
Aliquippa,PA,42601.0,90000.0
Alleghenyville,PA,116023.0,341200.0
Allenport,PA,58125.0,99600.0
Allenport borough,PA,68750.0,91700.0
Allensville,PA,61667.0,155600.0
Allentown,PA,52449.0,168800.0
Allenwood,PA,82857.0,173900.0
Allison,PA,88580.0,
Allison Park,PA,106588.0,307200.0
Allport,PA,115688.0,111300.0
Almedia,PA,49821.0,163800.0
Alsace Manor,PA,70952.0,118800.0
Altamont,PA,50833.0,114100.0
Altoona,PA,50435.0,110700.0
Alverda,PA,35208.0,82900.0
Ambler borough,PA,84303.0,324600.0
Ambridge borough,PA,46059.0,88700.0
Amity Gardens,PA,84613.0,278200.0
Ancient Oaks,PA,121181.0,385900.0
Annville,PA,64732.0,179800.0
Apollo borough,PA,52273.0,74800.0
Applewold borough,PA,45750.0,185000.0
Arcadia University,PA,,
Archbald borough,PA,72964.0,206400.0
Ardmore,PA,117997.0,424100.0
Arendtsville borough,PA,98409.0,189200.0
Aristes,PA,46750.0,134700.0
Arlington Heights,PA,66224.0,242300.0
Armagh borough,PA,55000.0,107300.0
Arnold,PA,38150.0,72200.0
Arnold City,PA,,93700.0
Arnot,PA,86250.0,108300.0
Arona borough,PA,87500.0,150000.0
Ashland borough,PA,62854.0,57700.0
Ashley borough,PA,39234.0,72800.0
Ashville borough,PA,72143.0,96300.0
Aspers,PA,76875.0,192500.0
Aspinwall borough,PA,107738.0,367700.0
Atglen borough,PA,86688.0,267100.0
Athens borough,PA,48503.0,146300.0
Atkinson Mills,PA,71250.0,156500.0
Atlantic,PA,76250.0,135700.0
Atlas,PA,47083.0,56700.0
Atlasburg,PA,65625.0,110500.0
Atwood borough,PA,44444.0,201700.0
Auburn borough,PA,67321.0,143200.0
Audubon,PA,99330.0,430400.0
Austin borough,PA,42708.0,81700.0
Avalon borough,PA,50725.0,146600.0
Avella,PA,61806.0,126100.0
Avis borough,PA,53657.0,139700.0
Avoca borough,PA,65924.0,156800.0
Avon,PA,63672.0,197200.0
Avondale borough,PA,75909.0,287300.0
Avonia,PA,79761.0,224800.0
Avonmore borough,PA,53750.0,90000.0
Baden borough,PA,62754.0,130800.0
Baidland,PA,102520.0,175200.0
Baileyville,PA,,
Bainbridge,PA,110865.0,191900.0
Bairdford,PA,,154200.0
Bakerstown,PA,155865.0,478300.0
Bala Cynwyd,PA,138403.0,605200.0
Bald Eagle,PA,61250.0,
Baldwin borough,PA,75139.0,175900.0
Bally borough,PA,71827.0,218400.0
Bangor borough,PA,51578.0,163500.0
Barkeyville borough,PA,59712.0,140000.0
Barrville,PA,,
Bath borough,PA,56813.0,210500.0
Baumstown,PA,46500.0,150000.0
Beallsville borough,PA,72188.0,136600.0
Bear Creek Village borough,PA,122083.0,326900.0
Bear Lake borough,PA,67824.0,105900.0
Bear Rocks,PA,64325.0,168600.0
Beaver borough,PA,75532.0,231800.0
Beaverdale,PA,40909.0,72500.0
Beaver Falls,PA,39194.0,83600.0
Beaver Meadows borough,PA,55000.0,108300.0
Beaver Springs,PA,48571.0,128900.0
Beavertown,PA,31667.0,162500.0
Beavertown borough,PA,59167.0,142900.0
Bechtelsville borough,PA,89107.0,212700.0
Bedford borough,PA,48342.0,170500.0
Beech Creek borough,PA,56000.0,159700.0
Beech Mountain Lakes,PA,109342.0,189000.0
Belfast,PA,90101.0,223000.0
Bell Acres borough,PA,156382.0,413100.0
Bellefonte borough,PA,56008.0,231300.0
Belle Vernon borough,PA,39007.0,133900.0
Belleville,PA,57614.0,148800.0
Bellevue borough,PA,60778.0,162700.0
Bellwood borough,PA,50250.0,136600.0
Belmont,PA,71635.0,146400.0
Ben Avon borough,PA,97175.0,329200.0
Ben Avon Heights borough,PA,223750.0,484200.0
Bendersville borough,PA,77054.0,172200.0
Benson borough,PA,51875.0,69200.0
Bentleyville borough,PA,53152.0,141300.0
Benton borough,PA,36500.0,146700.0
Berlin borough,PA,51318.0,124100.0
Bernville borough,PA,84196.0,194400.0
Berrysburg borough,PA,62000.0,132400.0
Berwick borough,PA,46505.0,130200.0
Berwyn,PA,102101.0,654400.0
Bessemer borough,PA,58750.0,106000.0
Bethany borough,PA,92647.0,252100.0
Bethel,PA,55469.0,90000.0
Bethel Park municipality,PA,102177.0,243600.0
Bethlehem,PA,62072.0,220300.0
Beurys Lake,PA,43438.0,152300.0
Big Bass Lake,PA,52463.0,174400.0
Big Beaver borough,PA,66125.0,173100.0
Bigler,PA,68833.0,154700.0
Biglerville borough,PA,49634.0,197600.0
Big Run borough,PA,49375.0,95200.0
Birchwood Lakes,PA,59444.0,128900.0
Bird-in-Hand,PA,67734.0,375000.0
Birdsboro borough,PA,73798.0,196700.0
Birmingham borough,PA,68250.0,106300.0
Black Lick,PA,33375.0,84300.0
Blain borough,PA,50625.0,143800.0
Blairsville borough,PA,46082.0,97000.0
Blakely borough,PA,62065.0,165800.0
Blanchard,PA,69750.0,165400.0
Blandburg,PA,75893.0,112500.0
Blandon,PA,111292.0,253500.0
Blawnox borough,PA,43333.0,169300.0
Bloomfield borough,PA,63466.0,211900.0
Blooming Valley borough,PA,71875.0,164600.0
Bloomsburg,PA,46019.0,176600.0
Blossburg borough,PA,64901.0,141400.0
Blue Ball,PA,102656.0,255900.0
Blue Bell,PA,152417.0,532600.0
Blue Knob,PA,93750.0,181300.0
Blue Ridge Summit,PA,44348.0,257400.0
Boalsburg,PA,117114.0,387100.0
Bobtown,PA,46618.0,57600.0
Boiling Springs,PA,100000.0,322100.0
Bolivar borough,PA,51563.0,86300.0
Bonneauville borough,PA,65417.0,211700.0
Boothwyn,PA,90125.0,253700.0
Boston,PA,61719.0,129100.0
Boswell borough,PA,47813.0,88500.0
Bowers,PA,86250.0,222300.0
Bowmanstown borough,PA,51544.0,160200.0
Bowmansville,PA,101404.0,274600.0
Boyertown borough,PA,52717.0,187500.0
Brackenridge borough,PA,49388.0,84600.0
Braddock borough,PA,27212.0,43800.0
Braddock Hills borough,PA,36138.0,108400.0
Bradenville,PA,48125.0,126700.0
Bradford,PA,47917.0,69700.0
Bradford Woods borough,PA,165568.0,448000.0
Branchdale,PA,31319.0,67600.0
Brandonville,PA,31719.0,121700.0
Brave,PA,,83300.0
Breinigsville,PA,99306.0,351600.0
Brentwood borough,PA,57900.0,131500.0
Bressler,PA,83000.0,146300.0
Briar Creek borough,PA,34886.0,187500.0
Brickerville,PA,74107.0,277400.0
Bridgeport borough,PA,79887.0,295800.0
Bridgeville borough,PA,55709.0,158800.0
Bridgewater borough,PA,59271.0,179300.0
Brisbin borough,PA,55833.0,114100.0
Bristol borough,PA,67176.0,214700.0
Brittany Farms-The Highlands,PA,103534.0,368300.0
Broad Top City borough,PA,66172.0,122100.0
Brockway borough,PA,47404.0,111600.0
Brodheadsville,PA,98472.0,243800.0
Brookhaven borough,PA,90264.0,255200.0
Brooks Mill,PA,93077.0,
Brookville borough,PA,57807.0,117500.0
Broomall,PA,113242.0,424400.0
Brownstown borough,PA,46071.0,76400.0
Brownstown,PA,111164.0,267700.0
Brownsville borough,PA,28657.0,58500.0
Browntown,PA,63438.0,135700.0
Bruin borough,PA,62083.0,134600.0
Bryn Athyn borough,PA,127625.0,636900.0
Bryn Mawr,PA,93250.0,382000.0
Buckhorn,PA,,264100.0
Buck Run,PA,57167.0,97100.0
Buffington,PA,,
Bulger,PA,83250.0,162500.0
Burgettstown borough,PA,56300.0,141000.0
Burlington borough,PA,41250.0,112500.0
Burnham borough,PA,58929.0,113700.0
Burnside borough,PA,47500.0,60400.0
Butler,PA,39546.0,105700.0
Byrnedale,PA,78250.0,77100.0
Cairnbrook,PA,65938.0,80300.0
California borough,PA,46471.0,115200.0
Callensburg borough,PA,47500.0,70000.0
Callery borough,PA,98056.0,175800.0
Callimont borough,PA,86875.0,215900.0
Caln,PA,61908.0,229200.0
Calumet,PA,77432.0,124900.0
Cambridge Springs borough,PA,52109.0,108200.0
Campbelltown,PA,80450.0,308500.0
Camp Hill borough,PA,104959.0,274000.0
Canadohta Lake,PA,58542.0,154200.0
Canan Station,PA,,
Canoe Creek,PA,,
Canonsburg borough,PA,76597.0,170100.0
Canton borough,PA,41000.0,122400.0
Carbondale,PA,52681.0,112700.0
Carlisle borough,PA,55756.0,208900.0
Carlisle Barracks,PA,154632.0,
Carmichaels borough,PA,80909.0,120400.0
Carnegie borough,PA,61875.0,159000.0
Carnot-Moon,PA,89573.0,231900.0
Carrolltown borough,PA,62000.0,110600.0
Carroll Valley borough,PA,86750.0,278500.0
Carson Valley,PA,,155900.0
Casanova,PA,71425.0,
Cashtown,PA,,194700.0
Cassandra borough,PA,54792.0,75000.0
Casselman borough,PA,58750.0,88300.0
Cassville borough,PA,49375.0,150700.0
Castanea,PA,57778.0,126800.0
Castle Shannon borough,PA,65700.0,167400.0
Catasauqua borough,PA,62134.0,176800.0
Catawissa borough,PA,48950.0,130000.0
Cecil-Bishop,PA,89900.0,266200.0
Cedar Crest,PA,23000.0,82900.0
Cementon,PA,65595.0,226900.0
Centerport borough,PA,78000.0,243800.0
Centerville borough (Crawford County),PA,48125.0,85800.0
Centerville borough (Washington County),PA,65972.0,123900.0
Central City borough,PA,45583.0,71300.0
Centralia borough,PA,,
Centre Hall borough,PA,63942.0,235100.0
Cetronia,PA,75200.0,273500.0
Chadds Ford,PA,154861.0,460800.0
Chalfant borough,PA,57135.0,95800.0
Chalfont borough,PA,118871.0,412200.0
Chalkhill,PA,67240.0,
Chambersburg borough,PA,53493.0,185100.0
Chapman borough,PA,58125.0,187500.0
Charleroi borough,PA,44808.0,63900.0
Charlottsville,PA,,
Chase,PA,102250.0,252000.0
Cheltenham Village,PA,100192.0,251200.0
Cherry Tree borough,PA,63448.0,101600.0
Cherry Valley borough,PA,41875.0,230000.0
Cherryville,PA,90298.0,337600.0
Chester,PA,39193.0,80800.0
Chesterbrook,PA,135849.0,406200.0
Chester Heights borough,PA,91447.0,282800.0
Chester Hill borough,PA,48438.0,98800.0
Chestnut Hill,PA,117376.0,345700.0
Chest Springs borough,PA,80625.0,120000.0
Cheswick borough,PA,70132.0,153700.0
Chevy Chase Heights,PA,49734.0,136200.0
Chewton,PA,57813.0,112500.0
Cheyney University,PA,,
Chicora borough,PA,62727.0,157600.0
Chinchilla,PA,109231.0,240900.0
Christiana borough,PA,74821.0,204200.0
Church Hill,PA,69891.0,164300.0
Churchill borough,PA,102216.0,220300.0
Churchtown,PA,80982.0,378600.0
Churchville,PA,181306.0,546200.0
Clairton,PA,41301.0,54900.0
Clappertown,PA,,160000.0
Clarence,PA,71083.0,160600.0
Clarendon borough,PA,57656.0,79300.0
Clarion borough,PA,43178.0,144400.0
Clark borough,PA,78250.0,206900.0
Clarks Green borough,PA,105298.0,249100.0
Clarks Summit borough,PA,87102.0,214000.0
Clarksville borough,PA,84185.0,101100.0
Clay,PA,79911.0,259500.0
Claysburg,PA,65417.0,139700.0
Claysville borough,PA,78333.0,144600.0
Clearfield borough,PA,50485.0,99000.0
Cleona borough,PA,68333.0,159100.0
Clifton Heights borough,PA,61155.0,185000.0
Clinton,PA,96773.0,217600.0
Clintondale,PA,120250.0,160000.0
Clintonville borough,PA,46875.0,91300.0
Clymer borough,PA,45750.0,79900.0
Coal Center borough,PA,36750.0,75600.0
Coaldale borough (Bedford County),PA,33750.0,52100.0
Coaldale borough (Schuylkill County),PA,54139.0,56300.0
Coalmont borough,PA,33750.0,90000.0
Coalport borough,PA,45417.0,57500.0
Coatesville,PA,55989.0,147700.0
Coburn,PA,28558.0,139600.0
Cochranton borough,PA,54773.0,114400.0
Cochranville,PA,92292.0,271300.0
Cokeburg borough,PA,39250.0,112500.0
Collegeville borough,PA,99271.0,395500.0
Collingdale borough,PA,49819.0,128200.0
Collinsburg,PA,56176.0,124200.0
Colonial Park,PA,62878.0,203400.0
Colony Park,PA,119167.0,327500.0
Columbia borough,PA,50309.0,156100.0
Columbus,PA,59196.0,108000.0
Colver,PA,,72800.0
Colwyn borough,PA,51188.0,88000.0
Commodore,PA,,178000.0
Conashaugh Lakes,PA,,289700.0
Conestoga,PA,79722.0,235900.0
Confluence borough,PA,54432.0,126400.0
Conneaut Lake borough,PA,45694.0,105900.0
Conneaut Lakeshore,PA,67063.0,169000.0
Conneautville borough,PA,49167.0,99400.0
Connellsville,PA,51943.0,115000.0
Connoquenessing borough,PA,79911.0,306600.0
Conshohocken borough,PA,114523.0,381100.0
Continental Courts,PA,42500.0,26900.0
Conway borough,PA,61582.0,175100.0
Conyngham borough,PA,74923.0,209100.0
Coopersburg borough,PA,70465.0,272900.0
Cooperstown borough,PA,59239.0,102700.0
Coplay borough,PA,62153.0,193500.0
Coral,PA,52574.0,62400.0
Coraopolis borough,PA,55714.0,120000.0
Cornwall borough,PA,94917.0,290600.0
Cornwells Heights,PA,83977.0,339100.0
Corry,PA,44138.0,90100.0
Corsica borough,PA,61875.0,107500.0
Cotton Town,PA,,
Coudersport borough,PA,44881.0,115300.0
Courtdale borough,PA,71250.0,145800.0
Cove Forge,PA,61042.0,
Crabtree,PA,,
Crafton borough,PA,72099.0,175300.0
Cranesville borough,PA,75000.0,112800.0
Creekside borough,PA,39792.0,75800.0
Crenshaw,PA,75074.0,179200.0
Cresson borough,PA,58929.0,110300.0
Cressona borough,PA,69300.0,140700.0
Cross Creek,PA,129167.0,102500.0
Cross Keys,PA,42857.0,130300.0
Cross Roads borough,PA,91042.0,239300.0
Crown,PA,46719.0,115600.0
Croydon,PA,70556.0,241100.0
Crucible,PA,,55300.0
Culp,PA,,
Cumbola,PA,44375.0,85000.0
Curryville,PA,,220000.0
Curtisville,PA,59022.0,116400.0
Curwensville borough,PA,46726.0,101000.0
Daisytown borough,PA,66250.0,80500.0
Dale borough,PA,33542.0,40200.0
Dallas borough,PA,83350.0,195800.0
Dallastown borough,PA,56397.0,152800.0
Dalmatia,PA,52292.0,119200.0
Dalton borough,PA,79688.0,226300.0
Danville borough,PA,58910.0,168800.0
Darby borough,PA,45511.0,96600.0
Darlington borough,PA,49583.0,130400.0
Dauberville,PA,95528.0,230600.0
Dauphin borough,PA,57000.0,171300.0
Davidsville,PA,53326.0,210900.0
Dawson borough,PA,41094.0,92200.0
Dayton borough,PA,53750.0,90300.0
Deemston borough,PA,76250.0,243400.0
Deer Lake,PA,110655.0,237700.0
Deer Lake borough,PA,95938.0,215500.0
Defiance,PA,85417.0,105100.0
Delano,PA,45000.0,42300.0
Delaware Water Gap borough,PA,60139.0,255000.0
Delmont borough,PA,59896.0,237900.0
Delta borough,PA,64000.0,176700.0
Denver borough,PA,76650.0,213800.0
Derry borough,PA,48380.0,118100.0
DeSales University,PA,,
Devon,PA,206827.0,655700.0
Dewart,PA,64519.0,148500.0
Dickson City borough,PA,56679.0,175100.0
Dillsburg borough,PA,78674.0,192700.0
Dilworthtown,PA,169141.0,475800.0
Dixonville,PA,,86600.0
Donaldson,PA,57500.0,89300.0
Donegal borough,PA,35000.0,231300.0
Donora borough,PA,42651.0,59800.0
Dormont borough,PA,73798.0,186200.0
Dorneyville,PA,121250.0,344300.0
Douglassville,PA,,413300.0
Dover borough,PA,75804.0,172500.0
Downingtown borough,PA,74323.0,295500.0
Doylestown borough,PA,95206.0,489000.0
Dravosburg borough,PA,43208.0,92700.0
Drexel Hill,PA,82777.0,221900.0
Driftwood borough,PA,24167.0,70000.0
Dry Tavern,PA,68750.0,172200.0
Dryville,PA,,241400.0
Dublin borough,PA,87292.0,331500.0
DuBois,PA,55580.0,111800.0
Duboistown borough,PA,71111.0,177000.0
Dudley borough,PA,55250.0,78500.0
Dumb Hundred,PA,77708.0,136200.0
Dunbar borough,PA,54732.0,69100.0
Duncannon borough,PA,52500.0,131100.0
Duncansville borough,PA,60972.0,131100.0
Dunlevy borough,PA,59732.0,94600.0
Dunlo,PA,135263.0,
Dunmore borough,PA,72821.0,185300.0
Dunnstown,PA,77321.0,196100.0
Dupont borough,PA,61224.0,122100.0
Duquesne,PA,40969.0,53400.0
Duryea borough,PA,68790.0,116100.0
Dushore borough,PA,32250.0,120800.0
Eagle,PA,74196.0,322900.0
Eagle Creek,PA,62891.0,114500.0
Eagle Lake,PA,,
Eagles Mere borough,PA,102500.0,591700.0
Eagleview,PA,123616.0,596100.0
Eagleville (Centre County),PA,56442.0,204200.0
Eagleville (Montgomery County),PA,111574.0,334600.0
Earlston,PA,58866.0,169600.0
East Altoona,PA,,9999.0
East Bangor borough,PA,68203.0,167200.0
East Berlin borough,PA,68628.0,196500.0
East Berwick,PA,92823.0,154300.0
East Brady borough,PA,59375.0,126100.0
East Butler borough,PA,53563.0,129200.0
East Conemaugh borough,PA,39063.0,43500.0
East Earl,PA,98734.0,347100.0
East Freedom,PA,78107.0,87000.0
East Greenville borough,PA,75417.0,192300.0
East Lansdowne borough,PA,57778.0,172700.0
Eastlawn Gardens,PA,108449.0,323200.0
East McKeesport borough,PA,60988.0,80400.0
Easton,PA,62642.0,150500.0
East Petersburg borough,PA,85828.0,230700.0
East Pittsburgh borough,PA,35483.0,64100.0
East Prospect borough,PA,82500.0,173000.0
East Rochester borough,PA,39766.0,106800.0
East Salem,PA,65357.0,158300.0
East Sharpsburg,PA,,109700.0
East Side borough,PA,66875.0,113400.0
East Stroudsburg borough,PA,60137.0,191900.0
East Uniontown,PA,44320.0,102900.0
Eastvale borough,PA,49063.0,57900.0
East Vandergrift borough,PA,53650.0,65700.0
East Washington borough,PA,82434.0,243400.0
East Waterford,PA,56667.0,160000.0
East York,PA,73904.0,203400.0
Eau Claire borough,PA,59375.0,96000.0
Ebensburg borough,PA,56875.0,165000.0
Economy borough,PA,86983.0,234200.0
Eddington,PA,102120.0,320200.0
Eddystone borough,PA,53355.0,111100.0
Edenborn,PA,55313.0,85000.0
Edenburg,PA,97188.0,212600.0
Edgewood borough,PA,92750.0,296700.0
Edgewood,PA,40550.0,74800.0
Edgeworth borough,PA,208333.0,714100.0
Edie,PA,63438.0,127500.0
Edinboro borough,PA,39102.0,197000.0
Edwardsville borough,PA,36299.0,110200.0
Effort,PA,91161.0,230900.0
Egypt,PA,105655.0,281300.0
Ehrenfeld borough,PA,48250.0,61500.0
Eighty Four,PA,110833.0,296200.0
Elberta,PA,85714.0,171500.0
Elco borough,PA,60625.0,118800.0
Elderton borough,PA,56818.0,112000.0
Eldorado,PA,74635.0,163500.0
Eldred borough,PA,38345.0,118100.0
Elgin borough,PA,55982.0,88100.0
Elim,PA,62198.0,109900.0
Elizabeth borough,PA,45324.0,103000.0
Elizabethtown borough,PA,66640.0,220100.0
Elizabethville borough,PA,65000.0,152100.0
Elkins Park,PA,121135.0,351700.0
Elkland borough,PA,57375.0,124400.0
Ellport borough,PA,67143.0,139700.0
Ellsworth borough,PA,57794.0,95600.0
Ellwood City borough,PA,57325.0,116100.0
Elrama,PA,60714.0,82300.0
Elverson borough,PA,73864.0,341700.0
Elysburg,PA,119216.0,225900.0
Emerald Lakes,PA,101318.0,227600.0
Emigsville,PA,73217.0,176200.0
Emlenton borough,PA,73750.0,112500.0
Emmaus borough,PA,80625.0,232900.0
Emporium borough,PA,34387.0,70700.0
Emsworth borough,PA,59611.0,178000.0
Englewood,PA,,142300.0
Enhaut,PA,60337.0,94400.0
Enlow,PA,125852.0,264400.0
Enola,PA,65517.0,158900.0
Enon Valley borough,PA,56875.0,126600.0
Ephrata borough,PA,62590.0,204200.0
Erie,PA,43135.0,101500.0
Ernest borough,PA,63333.0,74700.0
Espy,PA,83594.0,168800.0
Etna borough,PA,46892.0,114900.0
Evansburg,PA,115386.0,390100.0
Evans City borough,PA,67057.0,188800.0
Everett borough,PA,37708.0,121400.0
Everson borough,PA,56000.0,82700.0
Exeter borough,PA,60463.0,138600.0
Export borough,PA,63421.0,126700.0
Exton,PA,120489.0,535100.0
Eyers Grove,PA,41500.0,156700.0
Factoryville borough,PA,54375.0,187200.0
Fairchance borough,PA,37232.0,113600.0
Fairdale,PA,80250.0,148200.0
Fairfield borough,PA,61071.0,218700.0
Fairhope,PA,34363.0,112600.0
Fairless Hills,PA,81059.0,305400.0
Fairview borough,PA,78906.0,134800.0
Fairview,PA,90388.0,184400.0
Fairview-Ferndale,PA,37163.0,66100.0
Falls Creek borough,PA,50000.0,86200.0
Fallston borough,PA,56250.0,103100.0
Falmouth,PA,71932.0,257800.0
Farmersville,PA,48460.0,404800.0
Farmington,PA,73981.0,207400.0
Farrell,PA,29063.0,73100.0
Farwell,PA,46983.0,145800.0
Fawn Grove borough,PA,62083.0,240500.0
Fawn Lake Forest,PA,78036.0,211300.0
Faxon,PA,80148.0,191800.0
Fayette City borough,PA,52125.0,74200.0
Fayetteville,PA,58510.0,181700.0
Feasterville,PA,94293.0,343400.0
Fellsburg,PA,86840.0,220600.0
Felton borough,PA,73600.0,170700.0
Ferndale borough,PA,50952.0,78800.0
Fernville,PA,67031.0,194200.0
Finleyville borough,PA,45000.0,151500.0
Fisherville,PA,,
Fivepointville,PA,83640.0,285300.0
Fleetwood borough,PA,82444.0,207000.0
Flemington borough,PA,47600.0,134800.0
Flourtown,PA,139360.0,449500.0
Flying Hills,PA,87586.0,227800.0
Folcroft borough,PA,56650.0,139000.0
Folsom,PA,95048.0,248400.0
Foot of Ten,PA,53269.0,129700.0
Force,PA,31786.0,49900.0
Ford City borough,PA,54457.0,78500.0
Ford Cliff borough,PA,57000.0,88400.0
Forest City borough,PA,55694.0,128700.0
Forest Hills borough,PA,82962.0,171300.0
Forestville,PA,110519.0,159400.0
Forksville borough,PA,48333.0,141700.0
Fort Fetter,PA,,177300.0
Fort Indiantown Gap,PA,,
Fort Loudon,PA,113527.0,265900.0
Fort Washington,PA,140455.0,529200.0
Forty Fort borough,PA,74091.0,150800.0
Foster Brook,PA,63578.0,95800.0
Fostoria,PA,,
Foundryville,PA,70227.0,136600.0
Fountain Hill borough,PA,51346.0,191100.0
Fountain Springs,PA,,92900.0
Foxburg borough,PA,62500.0,153600.0
Fox Chapel borough,PA,250001.0,856100.0
Fox Chase,PA,89009.0,233000.0
Frackville borough,PA,65139.0,101000.0
Frankfort Springs borough,PA,66250.0,130600.0
Franklin borough,PA,39044.0,44400.0
Franklin,PA,54235.0,105000.0
Franklin Forge,PA,,
Franklin Park borough,PA,158052.0,436300.0
Franklintown borough,PA,64698.0,154500.0
Frankstown,PA,,
Frazer,PA,126198.0,496500.0
Fredericksburg (Blair County),PA,53125.0,153900.0
Fredericksburg (Crawford County),PA,47113.0,94900.0
Fredericksburg (Lebanon County),PA,89475.0,203200.0
Fredericktown,PA,135357.0,340800.0
Fredonia borough,PA,47292.0,95000.0
Freeburg borough,PA,58438.0,166000.0
Freedom borough,PA,60074.0,91200.0
Freeland borough,PA,55739.0,94300.0
Freemansburg borough,PA,94902.0,196300.0
Freeport borough,PA,37336.0,90900.0
Friedens,PA,53451.0,102200.0
Friedensburg,PA,49315.0,137100.0
Friendsville borough,PA,87500.0,266700.0
Friesville,PA,,135600.0
Frisco,PA,73457.0,181300.0
Frizzleburg,PA,38188.0,120000.0
Frystown,PA,53000.0,269400.0
Fullerton,PA,63423.0,219300.0
Galeton borough,PA,47554.0,86700.0
Gallitzin borough,PA,52500.0,84700.0
Ganister,PA,,
Gap,PA,100313.0,320100.0
Garden View,PA,50548.0,143800.0
Gardners,PA,66750.0,132300.0
Garrett borough,PA,54750.0,67100.0
Gastonville,PA,78953.0,167300.0
Geeseytown,PA,,
Geistown borough,PA,66250.0,145200.0
Geneva,PA,70313.0,80000.0
Georgetown borough,PA,87500.0,162500.0
Georgetown (Lancaster County),PA,75938.0,266500.0
Georgetown (Luzerne County),PA,64279.0,88300.0
Gettysburg borough,PA,50736.0,241500.0
Gibraltar,PA,87831.0,206300.0
Gibsonia,PA,130750.0,307400.0
Gilberton borough,PA,50625.0,35800.0
Gilbertsville,PA,115042.0,334600.0
Girard borough,PA,66432.0,163200.0
Girardville borough,PA,45139.0,36900.0
Glasgow borough,PA,58750.0,24200.0
Glassport borough,PA,49345.0,81300.0
Glenburn,PA,84659.0,333300.0
Glen Campbell borough,PA,37321.0,49600.0
Glendon borough,PA,91250.0,181300.0
Glenfield borough,PA,96250.0,160200.0
Glen Hope borough,PA,60833.0,
Glen Lyon,PA,32746.0,80600.0
Glenmoore,PA,149432.0,398300.0
Glenolden borough,PA,71719.0,186800.0
Glen Osborne borough,PA,118750.0,491700.0
Glen Rock borough,PA,62750.0,224500.0
Glenshaw,PA,92028.0,229900.0
Glenside,PA,105278.0,348700.0
Gold Key Lake,PA,85208.0,200400.0
Goldsboro borough,PA,74440.0,185100.0
Goodville,PA,41758.0,
Gordon borough,PA,64508.0,94800.0
Gordonville,PA,56406.0,297200.0
Gouglersville,PA,82500.0,255500.0
Gouldsboro,PA,50938.0,193400.0
Graceton,PA,,215700.0
Grampian borough,PA,50625.0,65400.0
Grantley,PA,144740.0,399500.0
Granville,PA,68235.0,65400.0
Grapeville,PA,42222.0,81300.0
Grassflat,PA,61750.0,132900.0
Gratz borough,PA,,134100.0
Gray,PA,,
Grazierville,PA,76322.0,126400.0
Great Bend borough,PA,48750.0,154900.0
Greencastle borough,PA,75000.0,239000.0
Greenfields,PA,60563.0,210800.0
Green Hills borough,PA,,
Green Lane borough,PA,74167.0,243500.0
Greenock,PA,50074.0,136600.0
Greensboro borough,PA,49500.0,84500.0
Greensburg,PA,58001.0,160600.0
Greens Landing,PA,71442.0,151100.0
Green Tree borough,PA,86450.0,229700.0
Greenville borough,PA,54237.0,87500.0
Greenwood,PA,60114.0,141600.0
Grier City,PA,71250.0,117400.0
Grill,PA,133891.0,269500.0
Grindstone,PA,,90800.0
Grove City borough,PA,58900.0,156500.0
Guilford,PA,121140.0,260300.0
Guys Mills,PA,,145800.0
Halfway House,PA,113097.0,262500.0
Halifax borough,PA,60234.0,142500.0
Hallam borough,PA,67857.0,174700.0
Hallstead borough,PA,47125.0,109300.0
Hamburg borough,PA,59614.0,164300.0
Hamorton,PA,135603.0,451700.0
Hampton,PA,82557.0,124400.0
Hannasville,PA,98636.0,114600.0
Hanover borough,PA,60050.0,178400.0
Harleigh,PA,110709.0,243100.0
Harleysville,PA,109091.0,392800.0
Harmonsburg,PA,77917.0,134100.0
Harmony borough,PA,88571.0,240400.0
Harrisburg,PA,46654.0,112100.0
Harrison City,PA,24659.0,
Harrisville borough,PA,78393.0,138500.0
Hartleton borough,PA,83750.0,148200.0
Hartstown,PA,56875.0,102300.0
Harveys Lake borough,PA,70417.0,196100.0
Harwick,PA,51667.0,121100.0
Hasson Heights,PA,80500.0,98000.0
Hastings borough,PA,56528.0,94300.0
Hatboro borough,PA,106318.0,327800.0
Hatfield borough,PA,65257.0,296600.0
Haverford College,PA,200795.0,
Hawk Run,PA,50703.0,71200.0
Hawley borough,PA,44662.0,157000.0
Hawthorn borough,PA,43929.0,89800.0
Haysville borough,PA,64167.0,151300.0
Hayti,PA,78391.0,262000.0
Hazen,PA,,
Hazleton,PA,39362.0,119700.0
Hebron,PA,97607.0,155700.0
Heckscherville,PA,71250.0,66100.0
Hegins,PA,88516.0,180600.0
Heidelberg borough,PA,63500.0,151000.0
Heidlersburg,PA,41875.0,55300.0
Heilwood,PA,,48400.0
Hellertown borough,PA,76579.0,221900.0
Hemlock Farms,PA,79002.0,240200.0
Hendersonville,PA,70688.0,209600.0
Henrietta,PA,49231.0,190600.0
Hereford,PA,59926.0,30700.0
Herminie,PA,41250.0,117400.0
Hermitage,PA,66922.0,174400.0
Herndon borough,PA,59453.0,109300.0
Hershey,PA,77480.0,326900.0
Hickory,PA,75511.0,181500.0
Hickory Hills,PA,48125.0,116100.0
Highland Park,PA,55988.0,150900.0
Highspire borough,PA,50150.0,110100.0
Hilldale,PA,76875.0,206500.0
Hiller,PA,88984.0,127500.0
Hokendauqua,PA,83750.0,228000.0
Holiday Pocono,PA,51538.0,186500.0
Hollidaysburg borough,PA,65142.0,181900.0
Holters Crossing,PA,77500.0,180400.0
Homeacre-Lyndora,PA,67645.0,177000.0
Homer City borough,PA,52045.0,115900.0
Homestead borough,PA,29306.0,75600.0
Hometown,PA,,210800.0
Homewood borough,PA,57917.0,116700.0
Homewood at Martinsburg,PA,41833.0,168800.0
Honesdale borough,PA,34700.0,143000.0
Honey Brook borough,PA,87885.0,238100.0
Hookstown borough,PA,48929.0,98300.0
Hooversville borough,PA,43750.0,80900.0
Hop Bottom borough,PA,46000.0,109600.0
Hopeland,PA,71000.0,223900.0
Hopewell borough,PA,28750.0,90800.0
Hopwood,PA,49125.0,167900.0
Horsham,PA,96284.0,349100.0
Hostetter,PA,,
Houserville,PA,112061.0,308500.0
Houston borough,PA,64028.0,169400.0
Houtzdale borough,PA,60000.0,84800.0
Howard borough,PA,60139.0,169800.0
Hublersburg,PA,,
Hudson,PA,55779.0,115100.0
Hughestown borough,PA,77315.0,162700.0
Hughesville borough,PA,65897.0,180200.0
Hulmeville borough,PA,116500.0,340500.0
Hummelstown borough,PA,53203.0,239900.0
Hummels Wharf,PA,63953.0,177800.0
Hunker borough,PA,54167.0,118000.0
Hunterstown,PA,36528.0,
Huntingdon borough,PA,59364.0,191300.0
Hyde,PA,50550.0,98300.0
Hyde Park,PA,59792.0,144600.0
Hyde Park borough,PA,55938.0,117000.0
Hydetown borough,PA,45179.0,92700.0
Hyndman borough,PA,48750.0,86500.0
Idaville,PA,77083.0,202300.0
Imperial,PA,54375.0,199200.0
Indiana borough,PA,40013.0,124100.0
Indian Lake borough,PA,112917.0,350000.0
Indian Mountain Lake,PA,74826.0,179200.0
Industry borough,PA,69773.0,169000.0
Ingram borough,PA,67879.0,143500.0
Inkerman,PA,39324.0,
Intercourse,PA,98571.0,390200.0
Iola,PA,,156300.0
Ironville,PA,,
Irvona borough,PA,58750.0,89000.0
Irwin borough,PA,52989.0,199800.0
Ivyland borough,PA,145750.0,458100.0
Jackson Center borough,PA,65625.0,117200.0
Jacksonville (Centre County),PA,54583.0,
Jacksonville (Indiana County),PA,51719.0,79200.0
Jacksonwald,PA,106723.0,290400.0
Jacobus borough,PA,105859.0,244600.0
James City,PA,59643.0,58500.0
Jamestown borough,PA,41000.0,84400.0
Jamison City,PA,90161.0,169800.0
Jeannette,PA,47801.0,103900.0
Jeddo borough,PA,62000.0,107100.0
Jefferson borough (Greene County),PA,68750.0,140200.0
Jefferson borough (York County),PA,77083.0,208200.0
Jefferson Hills borough,PA,108245.0,275700.0
Jenkintown borough,PA,118750.0,331600.0
Jennerstown borough,PA,59049.0,179600.0
Jermyn borough,PA,56447.0,167900.0
Jerome,PA,56250.0,87200.0
Jersey Shore borough,PA,65286.0,149200.0
Jerseytown,PA,48333.0,168800.0
Jessup borough,PA,58869.0,161500.0
Jim Thorpe borough,PA,64594.0,170800.0
Joffre,PA,,79100.0
Johnsonburg borough,PA,55048.0,58800.0
Johnstown,PA,33466.0,40000.0
Jonestown,PA,65000.0,
Jonestown borough,PA,95792.0,222900.0
Jugtown,PA,,162500.0
Julian,PA,71250.0,177100.0
Juniata Gap,PA,100208.0,193800.0
Juniata Terrace borough,PA,54440.0,57900.0
Kane borough,PA,45481.0,62800.0
Kapp Heights,PA,55815.0,142000.0
Karns City borough,PA,47250.0,130400.0
Kelayres,PA,62212.0,113500.0
Kempton,PA,105833.0,231700.0
Kenhorst borough,PA,80800.0,165200.0
Kenilworth,PA,99688.0,338100.0
Kenmar,PA,59160.0,194900.0
Kennerdell,PA,55909.0,156800.0
Kennett Square borough,PA,70903.0,328200.0
Kerrtown,PA,,
Kersey,PA,82891.0,183900.0
Kimberton,PA,73429.0,401600.0
King of Prussia,PA,107139.0,375700.0
Kingston borough,PA,52253.0,146700.0
Kirkwood,PA,,248700.0
Kiskimere,PA,66359.0,106500.0
Kistler borough,PA,58250.0,87700.0
Kittanning borough,PA,44583.0,92000.0
Klahr,PA,,
Klingerstown,PA,34318.0,156300.0
Knox borough,PA,51023.0,121300.0
Knoxville borough,PA,63214.0,88200.0
Koppel borough,PA,58553.0,91700.0
Kratzerville,PA,88333.0,242500.0
Kreamer,PA,56250.0,210000.0
Kulpmont borough,PA,49534.0,78200.0
Kulpsville,PA,84971.0,308900.0
Kutztown borough,PA,42656.0,220700.0
Kutztown University,PA,,
Kylertown,PA,63250.0,143200.0
Laceyville borough,PA,79318.0,121400.0
Laflin borough,PA,104286.0,210500.0
Lake Arthur Estates,PA,39420.0,9999.0
Lake City borough,PA,76250.0,144300.0
Lake Heritage,PA,116211.0,291800.0
Lake Latonka,PA,91667.0,343800.0
Lake Meade,PA,116417.0,271600.0
Lakemont,PA,46840.0,118600.0
Lake Winola,PA,46835.0,181000.0
Lake Wynonah,PA,91816.0,204200.0
Lamar,PA,71875.0,170700.0
Lampeter,PA,76442.0,339000.0
Lancaster,PA,61014.0,179500.0
Landingville borough,PA,84063.0,196900.0
Landisburg borough,PA,51500.0,132100.0
Landisville,PA,94657.0,262700.0
Lanesboro borough,PA,29576.0,110800.0
Langeloth,PA,62222.0,118300.0
Langhorne borough,PA,83125.0,414300.0
Langhorne Manor borough,PA,124375.0,475000.0
Lansdale borough,PA,84985.0,291400.0
Lansdowne borough,PA,70283.0,192200.0
Lansford borough,PA,43045.0,45700.0
Laporte borough,PA,74375.0,181300.0
Larke,PA,103558.0,168800.0
Larksville borough,PA,69769.0,146400.0
Latrobe borough,PA,59485.0,133300.0
Lattimer,PA,,
Laureldale borough,PA,63125.0,147000.0
Laurel Mountain borough,PA,55000.0,186100.0
Laurel Run borough,PA,49250.0,65000.0
Laurelton,PA,52708.0,181700.0
Laurys Station,PA,136250.0,362400.0
Lavelle,PA,67692.0,151500.0
Lawnton,PA,88866.0,207000.0
Lawrence,PA,67026.0,201900.0
Lawrence Park,PA,64375.0,130300.0
Lawrenceville borough,PA,57917.0,132500.0
Lawson Heights,PA,63462.0,177300.0
Leamersville,PA,,
Lebanon,PA,47160.0,125600.0
Lebanon South,PA,72045.0,184600.0
Leechburg borough,PA,56213.0,91400.0
Leeper,PA,105242.0,119400.0
Leesport borough,PA,91417.0,189300.0
Leetsdale borough,PA,65417.0,115800.0
Lehighton borough,PA,59940.0,171300.0
Leith-Hatfield,PA,71429.0,240800.0
Lemont,PA,63945.0,317500.0
Lemont Furnace,PA,46250.0,68900.0
Lemoyne borough,PA,64148.0,208200.0
Lenape Heights,PA,70700.0,158000.0
Lenhartsville borough,PA,64063.0,192900.0
Lenkerville,PA,,
Leola,PA,85529.0,281000.0
LeRaysville borough,PA,76210.0,176800.0
Level Green,PA,84195.0,225200.0
Levittown,PA,97750.0,283900.0
Lewisberry borough,PA,80179.0,200500.0
Lewisburg borough,PA,42302.0,225800.0
Lewis Run borough,PA,75750.0,109300.0
Lewistown borough,PA,36166.0,86500.0
Liberty borough (Allegheny County),PA,70750.0,96200.0
Liberty borough (Tioga County),PA,45625.0,110700.0
Lightstreet,PA,42000.0,145500.0
Ligonier borough,PA,68523.0,211200.0
Lilly borough,PA,54250.0,96600.0
Lima,PA,67560.0,342600.0
Lime Ridge,PA,62746.0,167000.0
Lincoln borough,PA,73203.0,113600.0
Lincoln Park,PA,118125.0,215900.0
Lincoln University,PA,,
Lincolnville,PA,49219.0,70000.0
Linds Crossing,PA,,
Linesville borough,PA,41250.0,120100.0
Linglestown,PA,86142.0,232500.0
Linntown,PA,101250.0,230700.0
Linwood,PA,69728.0,97600.0
Lionville,PA,103156.0,408400.0
Lititz borough,PA,80533.0,253100.0
Little Britain,PA,76080.0,331100.0
Little Meadows borough,PA,46875.0,174200.0
Littlestown borough,PA,62857.0,228100.0
Liverpool borough,PA,61250.0,149700.0
Lock Haven,PA,42930.0,133400.0
Locustdale,PA,,
Loganton borough,PA,70625.0,156300.0
Loganville borough,PA,92050.0,257700.0
Long Branch borough,PA,58125.0,133200.0
Longfellow,PA,58182.0,102800.0
Loop,PA,101474.0,238200.0
Lorain borough,PA,50573.0,54800.0
Lorane,PA,82875.0,228100.0
Loretto borough,PA,53750.0,127100.0
Lower Allen,PA,83814.0,233100.0
Lower Burrell,PA,78639.0,180700.0
Loyalhanna,PA,61016.0,163700.0
Lucerne Mines,PA,67135.0,117700.0
Lumber City,PA,,85600.0
Luzerne borough,PA,39471.0,103600.0
Lykens borough,PA,67768.0,111900.0
Lynnwood-Pricedale,PA,46522.0,166300.0
Lyons borough,PA,57500.0,160000.0
McAdoo borough,PA,43538.0,76500.0
McAlisterville,PA,,159400.0
McClure borough,PA,62667.0,119100.0
McConnellsburg borough,PA,33458.0,163100.0
McConnellstown,PA,84429.0,200800.0
McDonald borough,PA,52768.0,137500.0
McElhattan,PA,57321.0,204300.0
McEwensville borough,PA,66875.0,187500.0
McGovern,PA,108880.0,274300.0
McKean borough,PA,51094.0,183400.0
McKeansburg,PA,83000.0,158800.0
McKee,PA,56250.0,90300.0
McKeesport,PA,31635.0,58500.0
McKees Rocks borough,PA,33958.0,60000.0
McKinley,PA,112148.0,335600.0
McKnightstown,PA,108409.0,190800.0
McMurray,PA,158194.0,370400.0
McSherrystown borough,PA,69432.0,174900.0
Macungie borough,PA,60313.0,238600.0
McVeytown borough,PA,66458.0,118800.0
Madison borough,PA,70000.0,232900.0
Madisonburg,PA,41607.0,154500.0
Mahaffey borough,PA,45000.0,64500.0
Mahanoy City borough,PA,37440.0,31200.0
Mainville,PA,41111.0,137500.0
Maitland,PA,72628.0,95500.0
Malvern borough,PA,115743.0,473000.0
Mammoth,PA,49545.0,206400.0
Manchester borough,PA,71202.0,176400.0
Manheim borough,PA,75833.0,212000.0
Manns Choice borough,PA,47500.0,101600.0
Manor borough,PA,126161.0,248200.0
Manorville borough,PA,73843.0,161100.0
Mansfield borough,PA,40565.0,162700.0
Maple Glen,PA,166316.0,493300.0
Mapleton borough,PA,51250.0,79300.0
Mapletown,PA,56250.0,86900.0
Marcus Hook borough,PA,47594.0,98200.0
Marianna borough,PA,65083.0,77800.0
Marianne,PA,63625.0,156500.0
Marienville,PA,43403.0,109800.0
Marietta borough,PA,56429.0,201100.0
Marion,PA,53929.0,207000.0
Marion Center borough,PA,42059.0,139400.0
Marion Heights borough,PA,37417.0,93800.0
Marklesburg borough,PA,57115.0,155900.0
Markleysburg borough,PA,73542.0,126000.0
Marlin,PA,129875.0,159000.0
Mars borough,PA,57700.0,266700.0
Marshallton (Chester County),PA,127109.0,465900.0
Marshallton (Northumberland County),PA,49085.0,72400.0
Martinsburg borough,PA,66875.0,142700.0
Martinsburg Junction,PA,,
Martins Creek,PA,74306.0,188500.0
Marysville borough,PA,65350.0,172700.0
Masontown borough,PA,52692.0,113000.0
Masthope,PA,86719.0,291800.0
Matamoras borough,PA,78500.0,221100.0
Mather,PA,43000.0,76700.0
Mattawana,PA,81667.0,131700.0
Maxatawny,PA,,
Mayfield borough,PA,84545.0,132000.0
Maytown,PA,112461.0,243500.0
Meadowlands,PA,90938.0,170300.0
Meadowood,PA,87627.0,184100.0
Meadville,PA,46157.0,136200.0
Mechanicsburg borough,PA,75806.0,215900.0
Mechanicsville borough,PA,68214.0,93600.0
Media borough,PA,85951.0,397800.0
Mercer borough,PA,47250.0,116900.0
Mercersburg borough,PA,71905.0,194900.0
Meridian,PA,82609.0,201900.0
Merion Station,PA,250001.0,830300.0
Mertztown,PA,82440.0,168800.0
Meshoppen borough,PA,74000.0,140000.0
Messiah College,PA,,
Mexico,PA,65625.0,152200.0
Meyersdale borough,PA,65521.0,97000.0
Middleburg borough,PA,56339.0,154500.0
Middleport borough,PA,72500.0,82100.0
Middletown borough,PA,50599.0,144800.0
Middletown,PA,93235.0,272500.0
Midland borough,PA,61083.0,80900.0
Midway,PA,40813.0,162800.0
Midway borough,PA,57981.0,115500.0
Mifflin borough,PA,55893.0,75500.0
Mifflinburg borough,PA,64104.0,173000.0
Mifflintown borough,PA,48333.0,115700.0
Mifflinville,PA,52153.0,182900.0
Milesburg borough,PA,67925.0,170600.0
Milford borough,PA,76750.0,301300.0
Milford Square,PA,178607.0,309300.0
Millbourne borough,PA,58750.0,192900.0
Mill Creek borough,PA,39250.0,110200.0
Millersburg borough,PA,63220.0,135200.0
Millerstown,PA,,
Millerstown borough,PA,88125.0,179500.0
Millersville borough,PA,65804.0,230900.0
Millerton,PA,72222.0,
Mill Hall borough,PA,60278.0,141000.0
Millheim borough,PA,61250.0,211500.0
Mill Run,PA,76786.0,160000.0
Millsboro,PA,91154.0,
Millvale borough,PA,59250.0,107600.0
Mill Village borough,PA,53125.0,127900.0
Millville borough,PA,45764.0,192100.0
Millwood,PA,57656.0,141000.0
Milroy,PA,60875.0,119100.0
Milton borough,PA,50431.0,161300.0
Minersville borough,PA,49555.0,74100.0
Mingoville,PA,89438.0,268500.0
Misericordia University,PA,,
Mocanaqua,PA,56719.0,90800.0
Modena borough,PA,65938.0,168500.0
Mohnton borough,PA,76410.0,197300.0
Mohrsville,PA,100000.0,194100.0
Monaca borough,PA,62125.0,149800.0
Monessen,PA,51364.0,81400.0
Monongahela,PA,50000.0,106300.0
Monroe borough,PA,55000.0,171700.0
Monroeville municipality,PA,80625.0,182600.0
Mont Alto borough,PA,68438.0,174400.0
Montandon,PA,49324.0,178100.0
Mont Clare,PA,82083.0,269600.0
Montgomery borough,PA,54250.0,120800.0
Montgomeryville,PA,120250.0,404200.0
Montoursville borough,PA,63899.0,187600.0
Montrose borough,PA,50250.0,140400.0
Montrose Manor,PA,75500.0,159900.0
Monument,PA,,9999.0
Moores Mill,PA,,
Moose Run,PA,65714.0,167100.0
Moosic borough,PA,67434.0,232600.0
Morea,PA,53750.0,52800.0
Morgan Hill,PA,122446.0,311900.0
Morgantown,PA,74984.0,219500.0
Morrisdale,PA,33117.0,101600.0
Morrisville borough,PA,89985.0,247300.0
Morrisville,PA,46667.0,175200.0
Morton borough,PA,63599.0,253500.0
Moscow borough,PA,77708.0,251500.0
Moshannon,PA,34063.0,130800.0
Mount Aetna,PA,88125.0,235700.0
Mountainhome,PA,85726.0,250600.0
Mountain Top,PA,100453.0,251500.0
Mount Carbon borough,PA,,73800.0
Mount Carmel borough,PA,46375.0,60800.0
Mount Cobb,PA,136025.0,269600.0
Mount Eagle,PA,63333.0,167900.0
Mount Gretna borough,PA,105313.0,351300.0
Mount Gretna Heights,PA,110688.0,285000.0
Mount Holly Springs borough,PA,65972.0,156500.0
Mount Jewett borough,PA,54750.0,66900.0
Mount Joy borough,PA,80492.0,223600.0
Mount Morris,PA,65000.0,186100.0
Mount Oliver borough,PA,35640.0,71100.0
Mount Penn borough,PA,60357.0,148000.0
Mount Pleasant borough,PA,47407.0,123200.0
Mount Pleasant Mills,PA,52000.0,181300.0
Mount Pocono borough,PA,81127.0,200600.0
Mount Union borough,PA,38382.0,93600.0
Mountville borough,PA,83578.0,229600.0
Mount Wolf borough,PA,82292.0,165200.0
Muhlenberg Park,PA,91477.0,220200.0
Muir,PA,123750.0,152100.0
Muncy borough,PA,80208.0,179100.0
Mundys Corner,PA,52069.0,137300.0
Munhall borough,PA,47879.0,106400.0
Murrysville municipality,PA,117067.0,296900.0
Muse,PA,86932.0,332300.0
Myerstown borough,PA,52429.0,175600.0
Nanticoke,PA,56238.0,95800.0
Nanty-Glo borough,PA,39242.0,76500.0
Naomi,PA,,
Narberth borough,PA,114691.0,620300.0
Nazareth borough,PA,45536.0,223600.0
Nealmont,PA,,
Needmore,PA,70714.0,170000.0
Nemacolin,PA,19375.0,83700.0
Nescopeck borough,PA,59779.0,151800.0
Nesquehoning borough,PA,51213.0,98000.0
New Albany borough,PA,67222.0,124300.0
New Alexandria borough,PA,52237.0,167700.0
New Baltimore borough,PA,82500.0,82000.0
New Beaver borough,PA,58264.0,96200.0
New Bedford,PA,72672.0,202200.0
New Berlin borough,PA,77500.0,174600.0
New Berlinville,PA,83254.0,164500.0
New Bethlehem borough,PA,36103.0,121600.0
New Boston,PA,60341.0,76300.0
New Brighton borough,PA,45880.0,100200.0
New Britain borough,PA,120294.0,358200.0
New Buffalo borough,PA,43750.0,118800.0
Newburg,PA,37292.0,85000.0
Newburg borough (Clearfield County),PA,53125.0,83300.0
Newburg borough (Cumberland County),PA,95075.0,200900.0
New Castle,PA,39948.0,70900.0
New Castle Northwest,PA,69659.0,148600.0
New Centerville borough,PA,58929.0,122500.0
New Columbia,PA,56500.0,162100.0
New Columbus borough,PA,35625.0,163600.0
New Cumberland borough,PA,77770.0,217500.0
New Eagle borough,PA,50158.0,103700.0
Newell borough,PA,68021.0,106100.0
New Florence borough,PA,61500.0,102300.0
New Freedom borough,PA,110577.0,320000.0
New Freeport,PA,67917.0,
New Galilee borough,PA,57955.0,100700.0
New Holland borough,PA,59553.0,221900.0
New Hope borough,PA,117143.0,596300.0
New Jerusalem,PA,94948.0,264000.0
New Kensington,PA,47015.0,116300.0
New Kingstown,PA,,170500.0
New Lebanon borough,PA,61250.0,128600.0
Newmanstown,PA,86099.0,207800.0
New Market,PA,36645.0,151500.0
New Milford borough,PA,49130.0,154700.0
New Morgan borough,PA,126250.0,
New Oxford borough,PA,53947.0,197500.0
New Paris borough,PA,63250.0,101900.0
New Philadelphia borough,PA,49375.0,77900.0
Newport borough,PA,59868.0,150000.0
New Ringgold borough,PA,53750.0,110200.0
Newry borough,PA,37917.0,113200.0
New Salem,PA,80643.0,93800.0
New Salem borough,PA,99549.0,228900.0
New Schaefferstown,PA,63365.0,313600.0
New Stanton borough,PA,71744.0,231700.0
Newton Hamilton borough,PA,66607.0,70700.0
Newtown borough,PA,145893.0,679600.0
Newtown,PA,77250.0,97900.0
Newtown Grant,PA,166346.0,514500.0
New Tripoli,PA,61385.0,187600.0
Newville borough,PA,59875.0,148700.0
New Washington borough,PA,,72500.0
New Wilmington borough,PA,73611.0,195000.0
Nicholson borough,PA,66964.0,156500.0
Nittany,PA,103500.0,241800.0
Nixon,PA,124815.0,275000.0
Noblestown,PA,88618.0,420300.0
Norristown borough,PA,59068.0,188100.0
Northampton borough,PA,77182.0,202300.0
North Apollo borough,PA,60469.0,122900.0
North Belle Vernon borough,PA,51293.0,108100.0
North Bend,PA,63393.0,103700.0
North Braddock borough,PA,39885.0,52900.0
North Catasauqua borough,PA,85431.0,219200.0
North Charleroi borough,PA,37409.0,78200.0
North East borough,PA,61643.0,149000.0
Northern Cambria borough,PA,49750.0,85200.0
North Irwin borough,PA,54318.0,131800.0
North Philipsburg,PA,43695.0,90000.0
Northumberland borough,PA,56964.0,152600.0
North Vandergrift,PA,29643.0,
North Wales borough,PA,113375.0,354800.0
North Warren,PA,53295.0,104700.0
Northwest Harborcreek,PA,79009.0,213400.0
Northwood,PA,,86100.0
North York borough,PA,62292.0,120700.0
Norvelt,PA,57875.0,188200.0
Norwood borough,PA,83104.0,208700.0
Nottingham,PA,101532.0,258300.0
Noxen,PA,62898.0,137500.0
Nuangola borough,PA,77778.0,220300.0
Numidia,PA,53125.0,197900.0
Nuremberg,PA,50556.0,96300.0
Oakdale borough,PA,86635.0,170900.0
Oak Hills,PA,75375.0,249400.0
Oakland (Cambria County),PA,61973.0,96300.0
Oakland (Lawrence County),PA,61731.0,84300.0
Oakland borough,PA,57656.0,87400.0
Oakmont borough,PA,82012.0,286600.0
Oakwood,PA,63458.0,107400.0
Oberlin,PA,,148600.0
Ohiopyle borough,PA,38000.0,
Ohioville borough,PA,78070.0,172800.0
Oil City,PA,48632.0,59900.0
Oklahoma,PA,57284.0,238200.0
Oklahoma borough,PA,62188.0,141200.0
Old Forge borough,PA,71615.0,156300.0
Old Orchard,PA,106172.0,341500.0
Oley,PA,76000.0,200000.0
Oliver,PA,51301.0,132000.0
Olivia,PA,,
Olyphant borough,PA,60120.0,132200.0
Oneida,PA,153099.0,109800.0
Orangeville borough,PA,58971.0,176100.0
Orbisonia borough,PA,34861.0,111300.0
Orchard Hills,PA,58358.0,101200.0
Ore Hill,PA,,106600.0
Oreland,PA,99625.0,386700.0
Oreminea,PA,64375.0,228600.0
Orrstown borough,PA,62083.0,149600.0
Orrtanna,PA,38750.0,189600.0
Orviston,PA,25000.0,35300.0
Orwigsburg borough,PA,63551.0,165700.0
Orwin,PA,87000.0,115900.0
Osceola Mills borough,PA,58125.0,92500.0
Oswayo borough,PA,64375.0,95000.0
Oval,PA,75865.0,172500.0
Oxford borough,PA,59989.0,300800.0
Paint borough,PA,44028.0,93100.0
Palmdale,PA,55313.0,194800.0
Palmer Heights,PA,108173.0,257800.0
Palmerton borough,PA,66358.0,152200.0
Palmyra borough,PA,65743.0,192800.0
Palo Alto borough,PA,52176.0,83500.0
Paoli,PA,107793.0,445300.0
Paradise,PA,114191.0,225000.0
Pardeesville,PA,,135500.0
Paris,PA,80795.0,172700.0
Park Crest,PA,58824.0,185000.0
Parker,PA,46875.0,88600.0
Parkesburg borough,PA,101308.0,241100.0
Park Forest Village,PA,70822.0,376700.0
Parkside borough,PA,86587.0,179600.0
Parkville,PA,70497.0,185900.0
Parryville borough,PA,56250.0,163000.0
Patterson Heights borough,PA,96250.0,210800.0
Patton borough,PA,55583.0,83700.0
Paxtang borough,PA,83875.0,165400.0
Paxtonia,PA,81113.0,232500.0
Paxtonville,PA,57386.0,181700.0
Pen Argyl borough,PA,80069.0,169000.0
Penbrook borough,PA,61250.0,126100.0
Pen Mar,PA,111595.0,253200.0
Penn borough,PA,67857.0,105200.0
Penndel borough,PA,77708.0,311100.0
Penn Estates,PA,88957.0,198700.0
Penn Farms,PA,94259.0,292500.0
Penn Lake Park borough,PA,77639.0,212100.0
Pennsburg borough,PA,92054.0,254300.0
Pennsbury Village borough,PA,70179.0,141200.0
Penns Creek,PA,48145.0,146200.0
Pennside,PA,74388.0,175900.0
Penn State Berks,PA,,
Penn State Erie (Behrend),PA,,
Pennville,PA,72619.0,195800.0
Pennwyn,PA,,169700.0
Penn Wynne,PA,142005.0,465300.0
Penryn,PA,61227.0,243500.0
Perkasie borough,PA,95319.0,308100.0
Perryopolis borough,PA,56643.0,171800.0
Peru,PA,,
Petersburg borough,PA,58125.0,98200.0
Petrolia borough,PA,49375.0,90600.0
Philadelphia,PA,57537.0,215500.0
Philipsburg borough,PA,45530.0,115500.0
Phoenixville borough,PA,91593.0,325700.0
Picture Rocks borough,PA,96154.0,167200.0
Pikes Creek,PA,74688.0,171900.0
Pillow borough,PA,68750.0,113300.0
Pinecroft,PA,119219.0,310200.0
Pine Glen,PA,83125.0,126300.0
Pine Grove borough,PA,58395.0,108000.0
Pine Grove Mills,PA,145881.0,322400.0
Pine Ridge,PA,65967.0,133200.0
Pitcairn borough,PA,35829.0,68000.0
Pittsburgh,PA,60187.0,171800.0
Pittston,PA,44863.0,106800.0
Plainfield,PA,55329.0,148700.0
Plains,PA,64049.0,119500.0
Platea borough,PA,63125.0,149600.0
Pleasant Gap,PA,76104.0,213300.0
Pleasant Hill,PA,58366.0,145600.0
Pleasant Hills borough,PA,88893.0,216800.0
Pleasant View,PA,69844.0,111500.0
Pleasantville borough (Bedford County),PA,40417.0,126400.0
Pleasantville borough (Venango County),PA,55000.0,103100.0
Pleasureville,PA,97500.0,234900.0
Plum borough,PA,91931.0,199100.0
Plumsteadville,PA,166154.0,525700.0
Plumville borough,PA,44063.0,95000.0
Plymouth borough,PA,46858.0,84300.0
Plymouth Meeting,PA,120662.0,449600.0
Plymptonville,PA,54036.0,102800.0
Pocono Mountain Lake Estates,PA,59601.0,185200.0
Pocono Pines,PA,95833.0,211100.0
Pocono Ranch Lands,PA,90692.0,160300.0
Pocono Springs,PA,47434.0,146400.0
Pocono Woodland Lakes,PA,117500.0,277300.0
Point Marion borough,PA,47500.0,89800.0
Point View,PA,,
Polk borough,PA,58611.0,84800.0
Pomeroy,PA,102542.0,212400.0
Portage borough,PA,47825.0,92300.0
Port Allegany borough,PA,59737.0,103000.0
Port Carbon borough,PA,54706.0,96800.0
Port Clinton borough,PA,68750.0,120000.0
Portersville borough,PA,73125.0,163600.0
Portland borough,PA,61250.0,211700.0
Port Matilda borough,PA,48487.0,151700.0
Port Royal borough,PA,60625.0,144400.0
Port Trevorton,PA,67917.0,154900.0
Port Vue borough,PA,61422.0,71300.0
Potlicker Flats,PA,93711.0,88000.0
Potters Mills,PA,,379200.0
Pottsgrove,PA,125303.0,275900.0
Pottstown borough,PA,57647.0,157700.0
Pottsville,PA,46081.0,91200.0
Pringle borough,PA,68229.0,127400.0
Progress,PA,73989.0,173800.0
Prompton borough,PA,101250.0,172500.0
Prospect borough,PA,76333.0,140600.0
Prospect Park,PA,49861.0,96300.0
Prospect Park borough,PA,63015.0,221800.0
Pughtown,PA,121250.0,386300.0
Punxsutawney borough,PA,43160.0,94700.0
Puzzletown,PA,,98200.0
Pymatuning Central,PA,58068.0,116200.0
Pymatuning North,PA,34394.0,94100.0
Pymatuning South,PA,,87900.0
Quakertown borough,PA,70813.0,241600.0
Quarryville borough,PA,81667.0,238700.0
Queens Gate,PA,37557.0,190200.0
Quentin,PA,60417.0,173700.0
Railroad borough,PA,41458.0,207100.0
Rainsburg borough,PA,47500.0,104200.0
Ramblewood,PA,77656.0,250400.0
Ramey borough,PA,65536.0,100900.0
Rankin borough,PA,29107.0,81700.0
Ranshaw,PA,47321.0,83400.0
Raubsville,PA,111250.0,386000.0
Rauchtown,PA,69000.0,177300.0
Ravine,PA,58750.0,159600.0
Reading,PA,42852.0,96900.0
Reamstown,PA,84524.0,256300.0
Rebersburg,PA,71563.0,188400.0
Red Hill,PA,92273.0,252500.0
Red Hill borough,PA,75188.0,214400.0
Red Lion borough,PA,59503.0,156500.0
Reedsville,PA,52826.0,89000.0
Reese,PA,,
Refton,PA,136798.0,421600.0
Rehrersburg,PA,,135800.0
Reiffton,PA,117188.0,278600.0
Reightown,PA,52344.0,121100.0
Reinerton,PA,47833.0,128000.0
Reinholds,PA,87603.0,227200.0
Rennerdale,PA,67632.0,263000.0
Renningers,PA,84000.0,261400.0
Renovo borough,PA,28750.0,54400.0
Republic,PA,52610.0,85900.0
Reservoir,PA,,143200.0
Revloc,PA,,97500.0
Rew,PA,,83100.0
Reynolds Heights,PA,48775.0,123800.0
Reynoldsville borough,PA,43797.0,88300.0
Rheems,PA,89659.0,221100.0
Rices Landing borough,PA,110446.0,125000.0
Riceville,PA,58438.0,109700.0
Richboro,PA,147703.0,479100.0
Richfield,PA,68214.0,131700.0
Richland borough,PA,90556.0,185800.0
Richlandtown borough,PA,79545.0,268100.0
Ridgway borough,PA,50658.0,84100.0
Ridley Park borough,PA,90842.0,251900.0
Riegelsville borough,PA,79333.0,299400.0
Rimersburg borough,PA,46964.0,74500.0
Ringtown borough,PA,73250.0,142900.0
Riverside,PA,46458.0,82900.0
Riverside borough,PA,86964.0,233000.0
Riverview Park,PA,106338.0,234800.0
Roaring Spring borough,PA,63194.0,135200.0
Robeson Extension,PA,71750.0,106300.0
Robesonia borough,PA,72394.0,198400.0
Robinson,PA,47083.0,55000.0
Rochester borough,PA,40009.0,93300.0
Rockhill borough,PA,71875.0,114600.0
Rockledge borough,PA,78333.0,278000.0
Rockwood borough,PA,43417.0,82700.0
Rogersville,PA,56667.0,117200.0
Rohrsburg,PA,70417.0,177500.0
Rome borough,PA,55982.0,141700.0
Ronco,PA,,
Ronks,PA,70625.0,276600.0
Roots,PA,,
Roscoe borough,PA,57455.0,105300.0
Rosemont,PA,79024.0,601400.0
Roseto borough,PA,81000.0,194600.0
Rose Valley borough,PA,250001.0,679700.0
Roseville borough,PA,46111.0,150800.0
Roslyn,PA,91550.0,281000.0
Rossiter,PA,67292.0,87500.0
Rosslyn Farms borough,PA,100000.0,359700.0
Rote,PA,78456.0,185600.0
Rothsville,PA,99902.0,300400.0
Roulette,PA,57546.0,83300.0
Rouseville borough,PA,52917.0,50700.0
Rouzerville,PA,48431.0,
Rowes Run,PA,60714.0,67500.0
Royalton borough,PA,63594.0,128500.0
Royer,PA,55714.0,142900.0
Royersford borough,PA,70168.0,247400.0
Runville,PA,78214.0,175800.0
Rupert,PA,46442.0,170800.0
Rural Valley borough,PA,66667.0,128800.0
Russell,PA,97375.0,209600.0
Russellton,PA,79236.0,178100.0
Rutherford,PA,75086.0,169900.0
Rutledge borough,PA,123750.0,344300.0
Sadsburyville,PA,90608.0,255900.0
Saegertown borough,PA,70250.0,125800.0
St. Clair,PA,23958.0,129200.0
St. Clair borough,PA,58371.0,71500.0
St. Clairsville borough,PA,47222.0,128100.0
St. Davids,PA,177188.0,952800.0
St. Lawrence borough,PA,78953.0,192800.0
St. Marys,PA,61364.0,140100.0
St. Michael,PA,,
St. Petersburg borough,PA,49750.0,85300.0
St. Vincent College,PA,,
Salisbury borough,PA,70278.0,144100.0
Salix,PA,62971.0,143300.0
Salladasburg borough,PA,72656.0,159100.0
Salona,PA,49583.0,146100.0
Saltillo borough,PA,70114.0,112100.0
Saltsburg borough,PA,53125.0,127900.0
Salunga,PA,82857.0,222900.0
Sanatoga,PA,82806.0,245300.0
Sand Hill,PA,81625.0,190500.0
Sandy,PA,50093.0,130600.0
Sandy Lake borough,PA,75000.0,156100.0
Sandy Ridge,PA,,124400.0
Sankertown borough,PA,65865.0,160200.0
Saw Creek,PA,67331.0,196500.0
Saxonburg borough,PA,54632.0,193000.0
Saxton borough,PA,36250.0,107200.0
Saylorsburg,PA,85073.0,184700.0
Sayre borough,PA,57788.0,156100.0
Scalp Level borough,PA,41250.0,57100.0
Schaefferstown,PA,90063.0,228400.0
Schellsburg borough,PA,62250.0,122000.0
Schlusser,PA,82835.0,203200.0
Schnecksville,PA,119083.0,320600.0
Schoeneck,PA,116607.0,296600.0
Schubert,PA,,
Schuylkill Haven borough,PA,50964.0,117100.0
Schwenksville borough,PA,65962.0,208800.0
Scotland,PA,68315.0,214800.0
Scottdale borough,PA,53354.0,137900.0
Scranton,PA,48776.0,125700.0
Selinsgrove borough,PA,56295.0,193200.0
Sellersville borough,PA,86276.0,276800.0
Seltzer,PA,84100.0,143100.0
Seneca,PA,55357.0,130100.0
Seven Fields borough,PA,117647.0,407500.0
Seven Springs borough,PA,41250.0,
Seven Valleys borough,PA,67813.0,155200.0
Seward borough,PA,50536.0,62500.0
Sewickley borough,PA,77454.0,447600.0
Sewickley Heights borough,PA,195750.0,1024500.0
Sewickley Hills borough,PA,156667.0,448600.0
Shade Gap borough,PA,64167.0,86700.0
Shamokin,PA,32753.0,52300.0
Shamokin Dam borough,PA,73462.0,188700.0
Shanksville borough,PA,39375.0,88800.0
Shanor-Northvue,PA,98403.0,241100.0
Sharon,PA,40089.0,71000.0
Sharon Hill borough,PA,66378.0,138000.0
Sharpsburg borough,PA,44571.0,94900.0
Sharpsville borough,PA,52668.0,113800.0
Shartlesville,PA,58750.0,172300.0
Shavertown,PA,44167.0,144200.0
Sheakleyville borough,PA,60000.0,76400.0
Sheatown,PA,34352.0,109700.0
Sheffield,PA,54458.0,143300.0
Shelltown,PA,102083.0,107800.0
Shellytown,PA,126181.0,
Shelocta borough,PA,44375.0,
Shenandoah borough,PA,40435.0,39900.0
Shenandoah Heights,PA,83566.0,85800.0
Sheppton,PA,63864.0,110100.0
Shickshinny borough,PA,42697.0,85600.0
Shillington borough,PA,74583.0,176300.0
Shiloh,PA,78750.0,221500.0
Shinglehouse borough,PA,39917.0,73200.0
Shippensburg borough,PA,50963.0,153600.0
Shippensburg University,PA,20833.0,
Shippenville borough,PA,45865.0,82500.0
Shippingport borough,PA,80313.0,120500.0
Shiremanstown borough,PA,67368.0,192500.0
Shirleysburg borough,PA,61000.0,92500.0
Shoemakersville borough,PA,70833.0,165400.0
Shrewsbury borough,PA,93528.0,276300.0
Sickles Corner,PA,83250.0,175800.0
Sidman,PA,69063.0,
Sierra View,PA,91736.0,218400.0
Siglerville,PA,,246100.0
Silkworth,PA,49028.0,167500.0
Silverdale borough,PA,108702.0,294600.0
Simpson,PA,44639.0,109600.0
Sinking Spring borough,PA,80565.0,260400.0
Skelp,PA,88438.0,182100.0
Ski Gap,PA,,
Skippack,PA,137806.0,418800.0
Skyline View,PA,114167.0,240600.0
Slabtown,PA,85313.0,
Slatedale,PA,116088.0,112500.0
Slatington borough,PA,43823.0,162400.0
Slickville,PA,83036.0,
Sligo borough,PA,46346.0,102800.0
Slippery Rock borough,PA,44447.0,216700.0
Slippery Rock University,PA,,
Slovan,PA,72930.0,96600.0
Smethport borough,PA,62500.0,120800.0
Smicksburg borough,PA,40833.0,85000.0
Smith Corner,PA,,
Smithfield borough,PA,74333.0,151300.0
Smithton borough,PA,49821.0,98500.0
Smock,PA,64583.0,150400.0
Smoketown,PA,,
Snow Shoe borough,PA,70250.0,135900.0
S.N.P.J. borough,PA,61750.0,162500.0
Snydertown,PA,100240.0,348100.0
Snydertown borough,PA,55625.0,164600.0
Somerset borough,PA,44519.0,135000.0
Soudersburg,PA,72313.0,258300.0
Souderton borough,PA,77342.0,278900.0
South Bethlehem borough,PA,40313.0,99600.0
South Coatesville borough,PA,63438.0,236500.0
South Connellsville borough,PA,46500.0,83600.0
South Fork borough,PA,32273.0,50300.0
South Greensburg borough,PA,58952.0,138300.0
South Heights borough,PA,63750.0,123900.0
Southmont borough,PA,71563.0,126800.0
South New Castle borough,PA,57708.0,79600.0
South Philipsburg,PA,56773.0,
South Pottstown,PA,64882.0,234400.0
South Renovo borough,PA,45000.0,60600.0
South Temple,PA,74167.0,171600.0
South Uniontown,PA,70489.0,140300.0
Southview,PA,,
South Waverly borough,PA,87604.0,167800.0
Southwest Greensburg borough,PA,54318.0,147800.0
South Williamsport borough,PA,60020.0,170000.0
Spartansburg borough,PA,44583.0,91700.0
Speers borough,PA,69955.0,142100.0
Spinnerstown,PA,145865.0,375700.0
Springboro borough,PA,48833.0,83400.0
Spring City borough,PA,70181.0,227700.0
Springdale borough,PA,62273.0,136600.0
Spring Drive Mobile Home Park,PA,26000.0,
Spring Grove borough,PA,65524.0,178700.0
Spring Hill,PA,45278.0,83500.0
Spring House,PA,160938.0,620300.0
Spring Mills,PA,57639.0,201000.0
Springmont,PA,,194600.0
Spring Mount,PA,86538.0,233000.0
Spring Ridge,PA,49047.0,320800.0
Sproul,PA,,
Spry,PA,94219.0,215800.0
Starbrick,PA,50287.0,
Star Junction,PA,38478.0,
Starrucca borough,PA,62788.0,123200.0
State College borough,PA,43459.0,382500.0
State Line,PA,82667.0,245500.0
Steelton borough,PA,55861.0,114300.0
Stevens,PA,46250.0,
Stewartstown borough,PA,80156.0,254300.0
Stiles,PA,78558.0,223300.0
Stillwater borough,PA,70000.0,160000.0
Stockdale borough,PA,46354.0,112100.0
Stockertown borough,PA,112692.0,286300.0
Stoneboro borough,PA,55039.0,108300.0
Stonerstown,PA,58333.0,126500.0
Stonybrook,PA,109650.0,320500.0
Stony Creek Mills,PA,49667.0,150800.0
Stormstown,PA,138313.0,384300.0
Stouchsburg,PA,65000.0,189700.0
Stowe,PA,74704.0,187700.0
Stoystown borough,PA,58438.0,102200.0
Strasburg borough,PA,85753.0,305000.0
Strattanville borough,PA,51250.0,98300.0
Strausstown,PA,77857.0,145200.0
Strodes Mills,PA,65313.0,132500.0
Strong,PA,,
Stroudsburg borough,PA,58412.0,205100.0
Sturgeon,PA,151103.0,236500.0
Sugarcreek borough,PA,52153.0,96900.0
Sugar Grove borough,PA,68056.0,123900.0
Sugar Notch borough,PA,62450.0,108300.0
Summerhill borough,PA,69063.0,125700.0
Summerville borough,PA,50714.0,76700.0
Summit Hill borough,PA,69327.0,91100.0
Summit Station,PA,61429.0,118300.0
Sunbrook,PA,70905.0,165400.0
Sunbury,PA,42238.0,94600.0
Sunrise Lake,PA,67778.0,185100.0
Sun Valley,PA,69441.0,193800.0
Susquehanna Depot borough,PA,54911.0,85500.0
Susquehanna Trails,PA,59393.0,197100.0
Sutersville borough,PA,62727.0,107700.0
Swarthmore borough,PA,138679.0,504900.0
Swartzville,PA,110305.0,252200.0
Swedeland,PA,109510.0,321400.0
Sweden Valley,PA,62917.0,106300.0
Swissvale borough,PA,56594.0,140000.0
Swoyersville borough,PA,64397.0,141200.0
Sykesville borough,PA,39444.0,82100.0
Sylvan Hills,PA,81118.0,290200.0
Sylvania borough,PA,53438.0,136100.0
Table Rock,PA,50000.0,268200.0
Tamaqua borough,PA,48920.0,69800.0
Tarentum borough,PA,41466.0,68300.0
Tatamy borough,PA,97857.0,249500.0
Taylor borough,PA,57667.0,159700.0
Taylorstown,PA,73281.0,158900.0
Telford borough,PA,77092.0,284200.0
Temple,PA,70278.0,160900.0
Templeton,PA,51250.0,80000.0
Terre Hill borough,PA,62857.0,237300.0
Tharptown (Uniontown),PA,,59700.0
The Hideout,PA,52854.0,162900.0
Thompson borough,PA,53333.0,122900.0
Thompsontown borough,PA,39375.0,146400.0
Thompsonville,PA,117813.0,362000.0
Thornburg borough,PA,214375.0,400000.0
Thorndale,PA,96667.0,293200.0
Three Springs borough,PA,50938.0,140400.0
Throop borough,PA,49673.0,157300.0
Tidioute borough,PA,40385.0,79000.0
Timber Hills,PA,,286100.0
Timblin borough,PA,75500.0,56700.0
Tioga borough,PA,41875.0,82500.0
Tionesta borough,PA,44583.0,108600.0
Tipton,PA,62991.0,193100.0
Titusville,PA,36071.0,70600.0
Toftrees,PA,74405.0,365400.0
Topton borough,PA,86284.0,205700.0
Toughkenamon,PA,94559.0,331700.0
Towamensing Trails,PA,76983.0,216200.0
Towanda borough,PA,53354.0,157500.0
Tower City borough,PA,67250.0,106000.0
Townville borough,PA,60000.0,106300.0
Trafford borough,PA,57450.0,134500.0
Trainer borough,PA,83906.0,119500.0
Trappe borough,PA,111875.0,351700.0
Treasure Lake,PA,107051.0,228500.0
Tremont borough,PA,59181.0,79100.0
Tresckow,PA,56389.0,91500.0
Trevorton,PA,68214.0,120600.0
Trevose,PA,72536.0,311600.0
Trexlertown,PA,93472.0,262000.0
Trooper,PA,122000.0,359400.0
Troutville borough,PA,75417.0,100000.0
Troxelville,PA,79500.0,185300.0
Troy borough,PA,47992.0,143500.0
Trucksville,PA,60164.0,179900.0
Trumbauersville borough,PA,88646.0,296400.0
Tullytown borough,PA,68898.0,280500.0
Tunkhannock borough,PA,55542.0,176300.0
Tunnelhill borough,PA,53750.0,110200.0
Turbotville borough,PA,84750.0,227900.0
Turtle Creek borough,PA,42344.0,71100.0
Tuscarora,PA,55357.0,99200.0
Twilight borough,PA,68542.0,158500.0
Tyler Run,PA,65885.0,209900.0
Tylersburg,PA,87361.0,104500.0
Tylersville,PA,55000.0,151000.0
Tyrone borough,PA,50889.0,123200.0
Tyrone Forge,PA,,
Ulysses borough,PA,42647.0,103500.0
Union City borough,PA,41764.0,98500.0
Union Dale borough,PA,58125.0,163900.0
Union Deposit,PA,,276900.0
Uniontown,PA,37886.0,90500.0
Unionville (Butler County),PA,51111.0,52000.0
Unionville borough,PA,58250.0,159400.0
Unionville (Chester County),PA,121964.0,481400.0
University of Pittsburgh Bradford,PA,,
University of Pittsburgh Johnstown,PA,,
Upland borough,PA,58588.0,170600.0
Upper Exeter,PA,81120.0,215300.0
Ursina borough,PA,37708.0,88000.0
Utica borough,PA,66607.0,80000.0
Vail,PA,,
Valencia borough,PA,63839.0,183300.0
Valley Green,PA,96368.0,179800.0
Valley-Hi borough,PA,,
Valley View (Schuylkill County),PA,67315.0,137800.0
Valley View (York County),PA,80179.0,185600.0
Vanderbilt borough,PA,51000.0,90400.0
Vandergrift borough,PA,47530.0,85000.0
Vandling borough,PA,77500.0,168300.0
Van Voorhis,PA,39294.0,219700.0
Venango borough,PA,64643.0,104400.0
Verona borough,PA,46610.0,133000.0
Versailles borough,PA,41382.0,77100.0
Vicksburg (Blair County),PA,,
Vicksburg (Union County),PA,,
Village Green-Green Ridge,PA,93370.0,288600.0
Village Shires,PA,106034.0,442600.0
Villanova,PA,250001.0,876900.0
Vinco,PA,64904.0,146600.0
Vintondale borough,PA,41964.0,50000.0
Virginville,PA,103565.0,228100.0
Volant borough,PA,64375.0,132500.0
Vowinckel,PA,47978.0,80500.0
Wagner,PA,,126600.0
Wakefield,PA,73333.0,282400.0
Wall borough,PA,59375.0,53600.0
Wallaceton borough,PA,44643.0,59600.0
Wallenpaupack Lake Estates,PA,90408.0,185700.0
Waller,PA,,213900.0
Walnutport borough,PA,72934.0,188100.0
Walnuttown,PA,56058.0,
Wampum borough,PA,53906.0,88900.0
Wanamie,PA,46424.0,160300.0
Warminster Heights,PA,56429.0,340000.0
Warren,PA,49609.0,97100.0
Warrior Run borough,PA,47917.0,97600.0
Washington,PA,50548.0,108000.0
Washington Boro,PA,118750.0,250000.0
Washingtonville borough,PA,46250.0,
Waterford borough,PA,48393.0,152200.0
Watsontown borough,PA,50156.0,154900.0
Wattsburg borough,PA,49688.0,96500.0
Waverly,PA,116389.0,319600.0
Waymart borough,PA,50568.0,180400.0
Wayne,PA,121000.0,666200.0
Wayne Heights,PA,85880.0,232400.0
Waynesboro borough,PA,56413.0,171000.0
Waynesburg borough,PA,60536.0,130000.0
Weatherly borough,PA,56094.0,133100.0
Webster,PA,66500.0,28300.0
Weedville,PA,58672.0,121300.0
Weigelstown,PA,65022.0,190200.0
Weissport borough,PA,56250.0,67300.0
Weissport East,PA,74527.0,185000.0
Wellersburg borough,PA,51250.0,116700.0
Wellsboro borough,PA,54559.0,180600.0
Wellsville borough,PA,85000.0,182700.0
Wernersville borough,PA,63240.0,197800.0
Wescosville,PA,128853.0,400900.0
Wesleyville borough,PA,44417.0,96500.0
West Alexander,PA,68264.0,137500.0
West Brownsville borough,PA,67109.0,78200.0
West Chester borough,PA,71875.0,463000.0
West Conshohocken borough,PA,138654.0,391100.0
West Decatur,PA,36591.0,92500.0
West Easton borough,PA,70250.0,205700.0
West Elizabeth borough,PA,57273.0,74300.0
West Fairview,PA,72778.0,142100.0
West Falls,PA,52422.0,154800.0
Westfield borough,PA,44500.0,86500.0
West Grove borough,PA,82788.0,273700.0
West Hamburg,PA,70331.0,122000.0
West Hazleton borough,PA,46856.0,99800.0
West Hills,PA,91250.0,188000.0
West Homestead borough,PA,74545.0,135100.0
West Kittanning borough,PA,58125.0,121300.0
Westland,PA,,
West Lawn,PA,65750.0,178200.0
West Leechburg borough,PA,76563.0,157900.0
West Liberty borough,PA,56667.0,247100.0
West Mayfield borough,PA,52017.0,123400.0
West Middlesex borough,PA,73393.0,152400.0
West Middletown borough,PA,73125.0,107500.0
West Mifflin borough,PA,64314.0,120100.0
West Milton,PA,33514.0,156900.0
Westmont borough,PA,94173.0,158400.0
West Nanticoke,PA,61250.0,97600.0
West Newton borough,PA,41554.0,140100.0
Weston,PA,63529.0,172400.0
Westover borough,PA,40469.0,74500.0
West Pittsburg,PA,41429.0,92100.0
West Pittston borough,PA,59498.0,152800.0
West Reading borough,PA,56818.0,153700.0
West Sunbury borough,PA,43355.0,121900.0
West View borough,PA,75054.0,191400.0
West Waynesburg,PA,38268.0,
Westwood (Cambria County),PA,45197.0,95000.0
Westwood (Chester County),PA,77313.0,116800.0
West Wyoming borough,PA,81316.0,159100.0
West Wyomissing,PA,70500.0,170200.0
West York borough,PA,59773.0,108400.0
Wheatland borough,PA,48750.0,59700.0
Whitaker borough,PA,59242.0,84100.0
Whitehall borough,PA,77752.0,215000.0
White Haven borough,PA,56979.0,129200.0
White Mills,PA,43707.0,158200.0
White Oak borough,PA,57054.0,120700.0
Whitfield,PA,123750.0,271300.0
Wickerham Manor-Fisher,PA,76198.0,192100.0
Wiconsico,PA,55938.0,79200.0
Wilburton Number One,PA,50313.0,83400.0
Wilburton Number Two,PA,43125.0,44500.0
Wilcox,PA,48750.0,52600.0
Wilkes-Barre,PA,46597.0,98200.0
Wilkinsburg borough,PA,46013.0,127400.0
Williamsburg borough,PA,49444.0,106900.0
Williamsport,PA,48388.0,136400.0
Williamstown borough,PA,58015.0,90400.0
Willow Grove,PA,96842.0,302800.0
Willow Street,PA,100727.0,287400.0
Wilmerding borough,PA,36161.0,62500.0
Wilmore borough,PA,,108300.0
Wilson borough,PA,80565.0,171200.0
Windber borough,PA,48299.0,99800.0
Wind Gap borough,PA,62888.0,200100.0
Wind Ridge,PA,55500.0,120000.0
Windsor borough,PA,57411.0,154800.0
Winfield,PA,76563.0,249500.0
Winterstown borough,PA,59167.0,212500.0
Witmer,PA,93421.0,268400.0
Wolfdale,PA,80905.0,183900.0
Womelsdorf borough,PA,99348.0,174700.0
Woodbourne,PA,163083.0,591100.0
Woodbury borough,PA,39375.0,139300.0
Woodcock borough,PA,69063.0,126900.0
Woodland Heights,PA,50526.0,135000.0
Woodlyn,PA,66818.0,218200.0
Woodside,PA,175338.0,612000.0
Woodward,PA,51250.0,142000.0
Woolrich,PA,53750.0,227300.0
Wopsononock,PA,,146600.0
Wormleysburg borough,PA,83558.0,202300.0
Worthington borough,PA,69722.0,139400.0
Worthville borough,PA,73125.0,112500.0
Woxall,PA,153021.0,413000.0
Wrightsville borough,PA,70179.0,159400.0
Wyalusing borough,PA,39063.0,126400.0
Wyano,PA,58977.0,143500.0
Wylandville,PA,,503200.0
Wyncote,PA,130833.0,400200.0
Wyndmoor,PA,142853.0,461400.0
Wyoming borough,PA,71406.0,150900.0
Wyomissing borough,PA,86786.0,305100.0
Yardley borough,PA,107639.0,439800.0
Yarnell,PA,102292.0,177900.0
Yatesville borough,PA,92292.0,183300.0
Yeadon borough,PA,55667.0,156500.0
Yeagertown,PA,62602.0,61500.0
Yellow Springs,PA,61875.0,212500.0
Yoe borough,PA,54886.0,145900.0
York,PA,42351.0,92600.0
Yorkana borough,PA,76563.0,170000.0
York Haven borough,PA,68214.0,144500.0
Yorklyn,PA,75833.0,187600.0
York Springs borough,PA,54167.0,179900.0
Youngstown borough,PA,68125.0,107700.0
Youngsville borough,PA,54375.0,96400.0
Youngwood borough,PA,67917.0,145200.0
Yukon,PA,48707.0,110900.0
Zelienople borough,PA,63038.0,246300.0
Zion,PA,96083.0,322200.0
Ashaway,RI,98875.0,285300.0
Bradford,RI,72383.0,282200.0
Carolina,RI,92419.0,346000.0
Central Falls,RI,43092.0,244100.0
Charlestown,RI,109563.0,496200.0
Chepachet,RI,92228.0,282100.0
Clayville,RI,,230200.0
Cranston,RI,83123.0,326000.0
Cumberland Hill,RI,120365.0,342900.0
East Providence,RI,71736.0,286400.0
Foster Center,RI,52742.0,452400.0
Greene,RI,96176.0,332500.0
Greenville,RI,92367.0,376000.0
Harmony,RI,103430.0,339900.0
Harrisville,RI,62750.0,339500.0
Hope Valley,RI,93888.0,429200.0
Hopkinton,RI,,252100.0
Kingston,RI,108056.0,458600.0
Melville,RI,128750.0,
Misquamicut,RI,113438.0,801900.0
Narragansett Pier,RI,76528.0,682900.0
Newport,RI,81330.0,622800.0
Newport East,RI,90659.0,444300.0
Pascoag,RI,97064.0,294000.0
Pawtucket,RI,62799.0,266300.0
Providence,RI,61365.0,293000.0
Quonochontaug,RI,114010.0,1029800.0
Tiverton,RI,86102.0,336900.0
Valley Falls,RI,93901.0,322800.0
Wakefield-Peace Dale,RI,99254.0,436600.0
Warwick,RI,81009.0,294400.0
Watch Hill,RI,133542.0,2000001.0
Weekapaug,RI,110000.0,678200.0
Westerly,RI,86343.0,377000.0
Woonsocket,RI,54398.0,241000.0
Wyoming,RI,92434.0,321400.0
Abbeville,SC,41025.0,109900.0
Abney Crossroads,SC,,
Adams Run,SC,,189400.0
Aiken,SC,65712.0,235500.0
Alcolu,SC,26840.0,156700.0
Allendale,SC,19921.0,52200.0
Anderson,SC,40445.0,177300.0
Andrews,SC,42337.0,110600.0
Antreville,SC,,
Arcadia,SC,39931.0,72900.0
Arcadia Lakes,SC,100625.0,322400.0
Arial,SC,54453.0,148700.0
Arkwright,SC,50602.0,90100.0
Arthurtown,SC,23015.0,90600.0
Ashwood,SC,,
Atlantic Beach,SC,35000.0,335000.0
Awendaw,SC,63533.0,325400.0
Aynor,SC,70227.0,220800.0
Bamberg,SC,27021.0,94100.0
Barnwell,SC,38065.0,116900.0
Batesburg-Leesville,SC,49807.0,129800.0
Baxter Village,SC,141709.0,480900.0
Beaufort,SC,60366.0,312900.0
Beech Island,SC,46042.0,116000.0
Belton,SC,46713.0,107200.0
Belvedere,SC,46042.0,120600.0
Ben Avon,SC,44250.0,182700.0
Bennettsville,SC,37891.0,93800.0
Berea,SC,46393.0,161500.0
Bethune,SC,40714.0,98000.0
Bishopville,SC,40909.0,129400.0
Blacksburg,SC,29564.0,128500.0
Blackville,SC,26667.0,72700.0
Blenheim,SC,,
Bluffton,SC,99575.0,390200.0
Blythewood,SC,100595.0,349600.0
Boiling Springs,SC,68993.0,198900.0
Bonneau,SC,61528.0,219100.0
Bonneau Beach,SC,56635.0,245900.0
Bowman,SC,33250.0,78300.0
Boykin,SC,128580.0,
Bradley,SC,42981.0,74700.0
Branchville,SC,34486.0,87800.0
Briarcliffe Acres,SC,134375.0,690300.0
Brookdale,SC,33406.0,83200.0
Browntown,SC,,
Brunson,SC,37542.0,91800.0
Bucksport,SC,53438.0,113200.0
Buffalo,SC,19770.0,45500.0
Buford,SC,88750.0,158900.0
Burnettown,SC,32279.0,147300.0
Burton,SC,58390.0,189200.0
Caesars Head,SC,,341700.0
Calhoun Falls,SC,30078.0,64400.0
Camden,SC,54141.0,207700.0
Cameron,SC,64821.0,173000.0
Camp Croft,SC,37667.0,116700.0
Campobello,SC,85227.0,211800.0
Cane Savannah,SC,67619.0,208500.0
Capitol View,SC,46610.0,135600.0
Carlisle,SC,49732.0,49400.0
Carolina Forest,SC,66955.0,281500.0
Cash,SC,,53400.0
Catawba,SC,50920.0,
Cateechee,SC,51455.0,
Cayce,SC,56976.0,147700.0
Centenary,SC,,117900.0
Centerville,SC,71292.0,190500.0
Central,SC,45909.0,207000.0
Central Pacolet,SC,29750.0,70000.0
Chapin,SC,77917.0,186200.0
Charleston,SC,83891.0,438900.0
Cheraw,SC,30658.0,140000.0
Cherokee Falls,SC,,
Cherryvale,SC,39688.0,90900.0
Chesnee,SC,42727.0,115100.0
Chester,SC,39951.0,99000.0
Chesterfield,SC,52232.0,138500.0
Chickasaw Point,SC,61944.0,240400.0
City View,SC,,110900.0
Clarks Hill,SC,,
Clearwater,SC,52991.0,160300.0
Clemson,SC,50263.0,347800.0
Clemson University,SC,,
Clifton,SC,45386.0,107200.0
Clinton,SC,38350.0,152300.0
Clio,SC,32847.0,
Clover,SC,63649.0,208400.0
Cokesbury,SC,,153500.0
Columbia,SC,54095.0,226200.0
Conestee,SC,,
Converse,SC,,91400.0
Conway,SC,48161.0,202000.0
Coosawhatchie,SC,,
Cope,SC,41875.0,
Cordova,SC,49886.0,95000.0
Coronaca,SC,,
Cottageville,SC,63977.0,141100.0
Coward,SC,47813.0,104200.0
Cowpens,SC,36585.0,155900.0
Cross Anchor,SC,,
Cross Hill,SC,39625.0,53900.0
Dacusville,SC,105357.0,289600.0
Dale,SC,,84100.0
Dalzell,SC,62159.0,134400.0
Danwood,SC,111563.0,136600.0
Darlington,SC,33750.0,158100.0
Daufuskie Island,SC,146349.0,290400.0
Daviston,SC,14485.0,114300.0
DeBordieu Colony,SC,237560.0,1072800.0
Denmark,SC,32679.0,76900.0
Dentsville,SC,37590.0,151100.0
Dillon,SC,34086.0,124000.0
Donalds,SC,50000.0,98000.0
Dovesville,SC,27569.0,
Drayton,SC,47966.0,83900.0
Due West,SC,50417.0,157300.0
Dunbar,SC,,95600.0
Duncan,SC,58112.0,164300.0
Dunean,SC,52500.0,150400.0
Easley,SC,62551.0,229200.0
East Camden,SC,45929.0,134300.0
East Gaffney,SC,30758.0,83900.0
Eastover,SC,21620.0,100500.0
East Sumter,SC,,
Edgefield,SC,32200.0,96900.0
Edisto,SC,44495.0,45300.0
Edisto Beach,SC,84063.0,510600.0
Edmund,SC,41985.0,102300.0
Ehrhardt,SC,35923.0,89000.0
Elgin,SC,83611.0,185500.0
Elgin,SC,72898.0,177600.0
Elko,SC,38854.0,75900.0
Elliott,SC,36660.0,105400.0
Elloree,SC,30967.0,160800.0
Enoree,SC,,94300.0
Estill,SC,33405.0,82500.0
Eureka Mill,SC,33802.0,152600.0
Eutawville,SC,80000.0,73000.0
Fairfax,SC,42760.0,54900.0
Fairforest,SC,49650.0,
Fair Play,SC,109511.0,222300.0
Fairview Crossroads,SC,42889.0,88100.0
Fingerville,SC,,
Finklea,SC,48878.0,113500.0
Five Forks,SC,133750.0,396800.0
Florence,SC,56031.0,175700.0
Floydale,SC,,
Folly Beach,SC,88424.0,652800.0
Forest Acres,SC,68110.0,232100.0
Forestbrook,SC,66172.0,271800.0
Foreston,SC,60060.0,62100.0
Fort Lawn,SC,49844.0,150000.0
Fort Mill,SC,128125.0,414600.0
Fountain Inn,SC,73665.0,204900.0
Fripp Island,SC,88125.0,583700.0
Furman,SC,77292.0,81800.0
Gadsden,SC,36966.0,84400.0
Gaffney,SC,38059.0,120800.0
Gantt,SC,43796.0,140300.0
Garden City,SC,51781.0,172900.0
Gaston,SC,55625.0,109000.0
Gayle Mill,SC,74022.0,27800.0
Georgetown,SC,50000.0,161800.0
Gifford,SC,32833.0,
Gilbert,SC,72500.0,204800.0
Gillisonville,SC,,
Glendale,SC,47917.0,94600.0
Glenn Springs,SC,,
Gloverville,SC,46643.0,74100.0
Golden Grove,SC,67147.0,145900.0
Goose Creek,SC,84041.0,250100.0
Govan,SC,,112500.0
Gramling,SC,,
Graniteville,SC,32339.0,84900.0
Gray Court,SC,45313.0,113600.0
Great Falls,SC,28804.0,47200.0
Greeleyville,SC,40417.0,102100.0
Green Sea,SC,,
Greenville,SC,65519.0,403300.0
Greenwood,SC,38884.0,111500.0
Greer,SC,73534.0,239400.0
Grover,SC,,
Hamer,SC,,
Hampton,SC,50875.0,193200.0
Hanahan,SC,79305.0,318800.0
Harbor Island,SC,97825.0,295000.0
Hardeeville,SC,75948.0,429400.0
Harleyville,SC,59595.0,171700.0
Hartsville,SC,46230.0,175900.0
Heath Springs,SC,48462.0,120200.0
Helena,SC,,99800.0
Hemingway,SC,36042.0,136000.0
Hickory Grove,SC,56250.0,118400.0
Hilda,SC,32500.0,54900.0
Hilltop,SC,45300.0,111400.0
Hilton Head Island,SC,93694.0,589000.0
Hodges,SC,55357.0,106300.0
Holly Hill,SC,24185.0,176200.0
Hollywood,SC,77191.0,389400.0
Homeland Park,SC,37308.0,82000.0
Homewood,SC,54297.0,186800.0
Honea Path,SC,50375.0,121100.0
Hopkins,SC,57262.0,94600.0
India Hook,SC,101616.0,270600.0
Inman,SC,50938.0,128000.0
Inman Mills,SC,41007.0,89800.0
Irmo,SC,77656.0,168200.0
Irwin,SC,40139.0,119800.0
Islandton,SC,,
Isle of Palms,SC,160417.0,1065500.0
Iva,SC,22760.0,103300.0
Jackson,SC,36632.0,163600.0
Jacksonboro,SC,54896.0,89200.0
James Island,SC,95364.0,416300.0
Jamestown,SC,,
Jefferson,SC,35208.0,125800.0
Jenkinsville,SC,35833.0,78300.0
Joanna,SC,52381.0,77100.0
Johnsonville,SC,46528.0,95600.0
Johnston,SC,31910.0,105000.0
Jonesville,SC,36023.0,73900.0
Judson,SC,28207.0,70200.0
Keowee Key,SC,113162.0,459300.0
Kershaw,SC,55481.0,131600.0
Ketchuptown,SC,,
Kiawah Island,SC,214250.0,1423900.0
Kingstree,SC,31227.0,117200.0
Kline,SC,53750.0,90400.0
Ladson,SC,74020.0,213900.0
La France,SC,86354.0,
Lake City,SC,37013.0,120100.0
Lake Murray of Richland,SC,111477.0,383100.0
Lake Secession,SC,45759.0,323200.0
Lake View,SC,24853.0,81700.0
Lakewood,SC,47290.0,269900.0
Lake Wylie,SC,111424.0,425000.0
Lamar,SC,40489.0,117600.0
Lancaster,SC,37714.0,194300.0
Landrum,SC,41414.0,177400.0
Lane,SC,35658.0,
Langley,SC,47848.0,33300.0
Latta,SC,44330.0,92900.0
Laurel Bay,SC,55658.0,215600.0
Laurens,SC,52585.0,129200.0
Lesslie,SC,77500.0,202900.0
Lexington,SC,78164.0,239700.0
Liberty,SC,41898.0,150800.0
Lincolnville,SC,41250.0,206300.0
Litchfield Beach,SC,70000.0,385000.0
Little Mountain,SC,88250.0,255000.0
Little River,SC,60677.0,237600.0
Little Rock,SC,,
Live Oak,SC,,
Livingston,SC,43000.0,82500.0
Lobeco,SC,,91700.0
Lockhart,SC,37273.0,35400.0
Lodge,SC,34938.0,59300.0
Longcreek,SC,,
Loris,SC,34564.0,195200.0
Lowndesville,SC,,
Lowrys,SC,57250.0,134700.0
Lugoff,SC,57885.0,187500.0
Luray,SC,51705.0,
Lydia,SC,22060.0,43800.0
Lyman,SC,76723.0,229500.0
Lynchburg,SC,21953.0,87500.0
McBee,SC,56964.0,80500.0
McClellanville,SC,110000.0,454200.0
McColl,SC,35987.0,57600.0
McConnells,SC,83958.0,240000.0
McCormick,SC,37568.0,84100.0
Manning,SC,27138.0,138000.0
Manville,SC,25940.0,
Marion,SC,28551.0,131100.0
Mauldin,SC,75565.0,220600.0
Mayesville,SC,49712.0,84100.0
Mayo,SC,48750.0,151400.0
Meggett,SC,91472.0,546500.0
Modoc,SC,91316.0,365600.0
Monarch Mill,SC,37500.0,77400.0
Moncks Corner,SC,83079.0,269700.0
Monetta,SC,53438.0,54300.0
Mount Carmel,SC,41715.0,82000.0
Mount Croghan,SC,71875.0,87000.0
Mount Pleasant,SC,115167.0,608600.0
Mountville,SC,,
Mulberry,SC,,66200.0
Mullins,SC,38304.0,93200.0
Murphys Estates,SC,73750.0,100000.0
Murrells Inlet,SC,71019.0,336500.0
Myrtle Beach,SC,50558.0,287900.0
Neeses,SC,38750.0,47000.0
Newberry,SC,47565.0,105900.0
New Ellenton,SC,56304.0,155100.0
Newport,SC,92083.0,280400.0
Newry,SC,42550.0,135300.0
Newtown,SC,48375.0,81400.0
Nichols,SC,42981.0,79000.0
Ninety Six,SC,55694.0,112100.0
Norris,SC,60750.0,125000.0
North,SC,40069.0,82500.0
North Augusta,SC,85093.0,210000.0
North Charleston,SC,58534.0,243300.0
North Hartsville,SC,71000.0,109800.0
Northlake,SC,93271.0,232500.0
North Myrtle Beach,SC,69792.0,338700.0
North Santee,SC,43750.0,199300.0
Norway,SC,45375.0,112500.0
Oak Grove,SC,69475.0,171300.0
Oakland,SC,55104.0,110200.0
Olanta,SC,53438.0,105600.0
Olar,SC,39375.0,56300.0
Olympia,SC,,164700.0
Orangeburg,SC,29340.0,134800.0
Oswego,SC,52708.0,
Pacolet,SC,44894.0,91000.0
Pageland,SC,38634.0,131400.0
Pamplico,SC,29125.0,141700.0
Parker,SC,37431.0,104700.0
Parksville,SC,38281.0,122800.0
Patrick,SC,30263.0,50500.0
Pauline,SC,71328.0,156300.0
Pawleys Island,SC,91250.0,1291700.0
Paxville,SC,53000.0,180700.0
Peak,SC,65000.0,
Pelion,SC,54966.0,143800.0
Pelzer,SC,51193.0,151700.0
Pendleton,SC,63750.0,202000.0
Perry,SC,32250.0,90000.0
Pickens,SC,43452.0,191100.0
Piedmont,SC,49495.0,117100.0
Pimlico,SC,134464.0,367500.0
Pine Ridge,SC,49545.0,56900.0
Pine Ridge,SC,74565.0,205800.0
Pinewood,SC,39792.0,
Pinopolis,SC,108611.0,338500.0
Plum Branch,SC,140250.0,113800.0
Pomaria,SC,76250.0,147900.0
Port Royal,SC,68909.0,292400.0
Powdersville,SC,81375.0,283000.0
Princeton,SC,,
Privateer,SC,59116.0,92600.0
Promised Land,SC,56475.0,
Prosperity,SC,56622.0,160000.0
Quinby,SC,63021.0,147000.0
Rains,SC,58136.0,
Ravenel,SC,70956.0,226500.0
Red Bank,SC,60700.0,165000.0
Red Hill,SC,56204.0,213500.0
Reevesville,SC,57031.0,122200.0
Reidville,SC,115972.0,307600.0
Rembert,SC,57778.0,188900.0
Richburg,SC,,152900.0
Ridgeland,SC,55729.0,206300.0
Ridge Spring,SC,37969.0,68300.0
Ridgeville,SC,52864.0,161400.0
Ridgeway,SC,40500.0,165600.0
Riverview,SC,125897.0,448900.0
Rock Hill,SC,60807.0,232500.0
Rockville,SC,75625.0,470000.0
Roebuck,SC,58738.0,187700.0
Rowesville,SC,27065.0,89600.0
Ruby,SC,37083.0,129300.0
Russellville,SC,74519.0,68000.0
St. Andrews,SC,43273.0,131200.0
St. Charles,SC,,217500.0
St. George,SC,28490.0,137500.0
St. Matthews,SC,35950.0,118300.0
St. Stephen,SC,37596.0,107100.0
Salem,SC,61250.0,156300.0
Salley,SC,31500.0,
Saluda,SC,32986.0,76300.0
Sandy Springs,SC,77813.0,
Sangaree,SC,74343.0,196900.0
Sans Souci,SC,40995.0,174300.0
Santee,SC,43000.0,165000.0
Saxon,SC,25231.0,43000.0
Scotia,SC,,92100.0
Scranton,SC,28750.0,90000.0
Seabrook,SC,60230.0,
Seabrook Island,SC,117386.0,757900.0
Sellers,SC,31667.0,
Seneca,SC,48108.0,201300.0
Seven Oaks,SC,61615.0,181300.0
Sharon,SC,41250.0,203100.0
Sheldon,SC,30505.0,62700.0
Shell Point,SC,60676.0,236900.0
Shiloh,SC,78438.0,
Silverstreet,SC,97500.0,180200.0
Simpsonville,SC,79937.0,240000.0
Six Mile,SC,103750.0,316700.0
Slater-Marietta,SC,46797.0,105500.0
Smoaks,SC,65417.0,143300.0
Smyrna,SC,,
Snelling,SC,56607.0,64800.0
Socastee,SC,54405.0,201100.0
Society Hill,SC,31518.0,62700.0
South Congaree,SC,55636.0,165500.0
Southern Shops,SC,32500.0,86200.0
South Sumter,SC,40039.0,78200.0
South Union,SC,,
Spartanburg,SC,49140.0,165000.0
Springdale,SC,60404.0,89600.0
Springdale,SC,70880.0,178600.0
Springfield,SC,32266.0,96100.0
Starr,SC,49167.0,141700.0
Startex,SC,44353.0,
Stateburg,SC,68935.0,209200.0
Stuckey,SC,,89100.0
Sullivan's Island,SC,171838.0,2000001.0
Summerton,SC,36164.0,118500.0
Summerville,SC,73712.0,276600.0
Summit,SC,72250.0,185400.0
Sumter,SC,48900.0,171400.0
Surfside Beach,SC,69375.0,365400.0
Swansea,SC,41823.0,97800.0
Sycamore,SC,25000.0,83600.0
Tamassee,SC,,
Tatum,SC,27125.0,125900.0
Taylors,SC,70234.0,220800.0
Tega Cay,SC,140172.0,462900.0
The Cliffs Valley,SC,129667.0,884100.0
Tigerville,SC,,
Timmonsville,SC,24758.0,89100.0
Tradesville,SC,70909.0,105900.0
Travelers Rest,SC,44375.0,267600.0
Trenton,SC,50156.0,148900.0
Troy,SC,43750.0,
Turbeville,SC,40000.0,118800.0
Ulmer,SC,59688.0,84000.0
Union,SC,32548.0,98100.0
Unity,SC,70313.0,206400.0
Utica,SC,,130800.0
Valley Falls,SC,47695.0,190700.0
Vance,SC,,
Van Wyck,SC,,233500.0
Varnville,SC,38092.0,98700.0
Wade Hampton,SC,71564.0,275700.0
Wagener,SC,43846.0,99300.0
Walhalla,SC,40176.0,158700.0
Wallace,SC,19423.0,74400.0
Walterboro,SC,46119.0,150200.0
Ward,SC,,119400.0
Ware Place,SC,88542.0,78700.0
Ware Shoals,SC,32754.0,59500.0
Warrenville,SC,38547.0,75100.0
Waterloo,SC,40500.0,
Watts Mills,SC,43401.0,43900.0
Wedgefield,SC,39750.0,77900.0
Welcome,SC,47730.0,146200.0
Wellford,SC,53221.0,210300.0
West Columbia,SC,52648.0,178000.0
Westminster,SC,40750.0,152500.0
West Pelzer,SC,43214.0,116100.0
West Union,SC,46875.0,133300.0
White Knoll,SC,71365.0,205300.0
Whitmire,SC,32813.0,52300.0
Whitney,SC,46897.0,134300.0
Wilkinson Heights,SC,22730.0,83000.0
Williams,SC,39844.0,94400.0
Williamston,SC,62425.0,154100.0
Willington,SC,,
Williston,SC,37398.0,114100.0
Windsor,SC,95625.0,
Winnsboro,SC,31194.0,122100.0
Winnsboro Mills,SC,34708.0,88800.0
Wisacky,SC,,154200.0
Woodfield,SC,39867.0,121800.0
Woodford,SC,41875.0,55000.0
Woodruff,SC,68451.0,169000.0
Wyboo,SC,57449.0,198800.0
Yemassee,SC,45323.0,109800.0
York,SC,50177.0,157600.0
Zion,SC,,
Aberdeen,SD,62684.0,192200.0
Agar,SD,43750.0,106300.0
Agency Village,SD,48194.0,170000.0
Akaska,SD,51250.0,111100.0
Albee,SD,,
Alcester,SD,57813.0,99100.0
Alexandria,SD,89750.0,152200.0
Allen,SD,,
Alpena,SD,67500.0,47700.0
Altamont,SD,47917.0,253100.0
Anderson,SD,137109.0,366300.0
Andover,SD,38750.0,49400.0
Angostura,SD,132262.0,231500.0
Antelope,SD,17622.0,
Ardmore,SD,,
Arlington,SD,60729.0,130300.0
Armour,SD,60341.0,97300.0
Artas,SD,37841.0,25700.0
Artesian,SD,53750.0,67500.0
Ashland Heights,SD,59186.0,178400.0
Ashton,SD,71250.0,50800.0
Astoria,SD,59000.0,101600.0
Aurora,SD,87273.0,205000.0
Aurora Center,SD,62727.0,
Avon,SD,49750.0,73000.0
Badger,SD,65750.0,60000.0
Baltic,SD,94167.0,213000.0
Bancroft,SD,,
Batesland,SD,,38100.0
Bath,SD,,338500.0
Bath Corner,SD,,
Belle Fourche,SD,55448.0,179300.0
Belvidere,SD,46500.0,
Beresford,SD,71343.0,196900.0
Big Stone City,SD,51250.0,109000.0
Bijou Hills,SD,,
Bison,SD,66786.0,74000.0
Blackhawk,SD,68718.0,234100.0
Blucksberg Mountain,SD,94000.0,326600.0
Blumengard Colony,SD,,
Blunt,SD,60000.0,147500.0
Bonesteel,SD,40938.0,62500.0
Bon Homme Colony,SD,,
Boulder Canyon,SD,69109.0,427300.0
Bowdle,SD,55341.0,88500.0
Box Elder,SD,71532.0,264600.0
Bradley,SD,56667.0,110000.0
Brandon,SD,101747.0,304700.0
Brandt,SD,55714.0,102500.0
Brant Lake,SD,96389.0,320800.0
Brant Lake South,SD,100372.0,
Brentford,SD,61250.0,
Brentwood Colony,SD,,
Bridger,SD,10417.0,
Bridgewater,SD,50313.0,69200.0
Bristol,SD,66000.0,62500.0
Britton,SD,69375.0,112500.0
Broadland,SD,,
Brookings,SD,57824.0,222100.0
Bruce,SD,50833.0,85000.0
Bryant,SD,58558.0,118400.0
Buffalo,SD,71625.0,101600.0
Buffalo Chip,SD,,
Buffalo Gap,SD,,75000.0
Bullhead,SD,26250.0,
Burbank,SD,,85500.0
Burke,SD,37750.0,107000.0
Bushnell,SD,75938.0,70000.0
Butler,SD,24167.0,
Cameron Colony,SD,,
Camp Crook,SD,36591.0,66500.0
Camrose Colony,SD,,
Canistota,SD,57557.0,99400.0
Canova,SD,55500.0,30600.0
Canton,SD,71064.0,177700.0
Caputa,SD,,
Carthage,SD,65625.0,77100.0
Castlewood,SD,78750.0,170800.0
Cavour,SD,90156.0,88300.0
Cedar Grove Colony,SD,,
Centerville,SD,73000.0,118100.0
Central City,SD,58750.0,118800.0
Chamberlain,SD,59375.0,174700.0
Chancellor,SD,60625.0,120600.0
Chelsea,SD,150625.0,45000.0
Cherry Creek,SD,23750.0,
Chester,SD,64868.0,125000.0
Claire City,SD,,70000.0
Claremont,SD,66250.0,74000.0
Claremont Colony,SD,,
Clark,SD,47305.0,113500.0
Clark Colony,SD,,
Clearfield Colony,SD,,
Clear Lake,SD,62981.0,156800.0
Clear Lake,SD,,
Cloverleaf Colony,SD,,
Collins Colony,SD,,
Colman,SD,58929.0,209400.0
Colome,SD,53125.0,56000.0
Colonial Pine Hills,SD,79702.0,326500.0
Colton,SD,77804.0,159500.0
Columbia,SD,56146.0,137500.0
Conde,SD,46250.0,49100.0
Corn Creek,SD,,9999.0
Corona,SD,76406.0,
Corsica,SD,70294.0,101300.0
Cottonwood,SD,,
Cow Creek,SD,106058.0,355000.0
Cresbard,SD,44688.0,
Crocker,SD,,
Crook City,SD,,
Crooks,SD,113917.0,244100.0
Custer,SD,66141.0,187500.0
Dakota Dunes,SD,127692.0,437200.0
Dallas,SD,60781.0,74300.0
Dante,SD,93750.0,137500.0
Davis,SD,73125.0,91300.0
Deadwood,SD,50478.0,216100.0
Deerfield Colony,SD,,
Dell Rapids,SD,88958.0,256900.0
Delmont,SD,39286.0,128100.0
De Smet,SD,57656.0,146200.0
Dimock,SD,83750.0,180000.0
Doland,SD,66250.0,53800.0
Dolton,SD,63000.0,
Draper,SD,,
Dudley,SD,,
Dupree,SD,46111.0,62500.0
Eagle Butte,SD,40556.0,53900.0
Eden,SD,250001.0,1562500.0
Edgemont,SD,38750.0,82300.0
Egan,SD,48750.0,78300.0
Elk Point,SD,80500.0,201400.0
Elkton,SD,67750.0,179800.0
Emery,SD,62679.0,114800.0
Enemy Swim,SD,27321.0,
Erwin,SD,46250.0,50000.0
Estelline,SD,67426.0,132600.0
Ethan,SD,64063.0,126300.0
Eureka,SD,29333.0,56900.0
Evergreen Colony,SD,,
Fairburn,SD,27813.0,
Fairfax,SD,41250.0,48500.0
Fairview,SD,75625.0,129200.0
Faith,SD,34500.0,95500.0
Farmer,SD,58214.0,
Faulkton,SD,60000.0,106300.0
Fedora,SD,,27300.0
Ferney,SD,,
Flandreau,SD,54821.0,134500.0
Florence,SD,56500.0,119100.0
Fordham Colony,SD,,
Forestburg,SD,76667.0,24600.0
Fort Pierre,SD,81150.0,166900.0
Fort Thompson,SD,27813.0,117300.0
Frankfort,SD,41667.0,51800.0
Frederick,SD,75625.0,82500.0
Freeman,SD,61719.0,158900.0
Fruitdale,SD,,139700.0
Fulton,SD,56000.0,95000.0
Gann Valley,SD,,
Garden City,SD,77500.0,
Garretson,SD,65474.0,185900.0
Gary,SD,49688.0,60000.0
Gayville,SD,74167.0,97800.0
Geddes,SD,49792.0,77100.0
Gettysburg,SD,66094.0,141500.0
Glendale Colony,SD,250001.0,135400.0
Glenham,SD,43750.0,87100.0
Golden View Colony,SD,,
Goodwin,SD,60568.0,159800.0
Graceville Colony,SD,,
Grassland Colony,SD,,
Grass Ranch Colony,SD,,
Green Grass,SD,,
Green Valley,SD,87955.0,254100.0
Greenwood Colony,SD,,
Gregory,SD,46071.0,108400.0
Grenville,SD,85104.0,36300.0
Groton,SD,82841.0,156100.0
Hamill,SD,,
Harrisburg,SD,89966.0,253800.0
Harrison,SD,,
Harrold,SD,59583.0,62500.0
Hartford,SD,93762.0,212600.0
Hayti,SD,67250.0,113600.0
Hazel,SD,78125.0,150000.0
Hecla,SD,,47900.0
Henry,SD,26875.0,75300.0
Hermosa,SD,51563.0,90000.0
Herreid,SD,75179.0,80000.0
Herrick,SD,44583.0,27900.0
Hetland,SD,47500.0,75000.0
Highmore,SD,69583.0,83900.0
Hill City,SD,76500.0,224500.0
Hillcrest Colony,SD,,
Hillside Colony,SD,,
Hillsview,SD,,
Hitchcock,SD,62500.0,
Horse Creek,SD,37000.0,
Hosmer,SD,46635.0,50000.0
Hot Springs,SD,47337.0,145900.0
Hoven,SD,,90000.0
Howard,SD,44798.0,81600.0
Hudson,SD,63194.0,87300.0
Humboldt,SD,90250.0,180800.0
Hurley,SD,69318.0,112500.0
Huron,SD,57702.0,133600.0
Huron Colony,SD,,
Hutterville Colony,SD,,
Ideal,SD,,
Interior,SD,,113600.0
Ipswich,SD,81406.0,154700.0
Irene,SD,50625.0,87900.0
Iroquois,SD,62083.0,150000.0
Isabel,SD,53571.0,47500.0
Jamesville Colony,SD,,
Java,SD,50500.0,
Jefferson,SD,77601.0,167500.0
Johnson Siding,SD,94886.0,291400.0
Kadoka,SD,33009.0,
Kaylor,SD,,
Kenel,SD,48750.0,81300.0
Kennebec,SD,70972.0,131400.0
Keystone,SD,58646.0,161700.0
Kidder,SD,,
Kimball,SD,59792.0,123900.0
Kranzburg,SD,51094.0,124400.0
Kyle,SD,,9999.0
La Bolt,SD,68250.0,65000.0
Lake Andes,SD,46250.0,46300.0
Lake City,SD,51250.0,137500.0
Lake Madison,SD,114250.0,489600.0
Lake Norden,SD,69931.0,155200.0
Lake Poinsett,SD,81324.0,412900.0
Lake Preston,SD,59766.0,105600.0
Lakeview Colony,SD,,
Lane,SD,93333.0,
Langford,SD,73594.0,118200.0
Lantry,SD,,106300.0
La Plant,SD,18950.0,
Lead,SD,54555.0,169800.0
Lebanon,SD,58750.0,9999.0
Lemmon,SD,38125.0,76900.0
Lennox,SD,64663.0,195000.0
Leola,SD,74531.0,66600.0
Lesterville,SD,72143.0,75000.0
Letcher,SD,59250.0,97500.0
Little Eagle,SD,18750.0,
Long Hollow,SD,8721.0,
Long Lake,SD,,
Long Lake Colony,SD,,
Loomis,SD,,
Lower Brule,SD,29375.0,37500.0
Lowry,SD,,
Lyons,SD,128889.0,
McIntosh,SD,75000.0,41300.0
McLaughlin,SD,67500.0,54700.0
Madison,SD,62756.0,157200.0
Manderson-White Horse Creek,SD,,
Mansfield,SD,76500.0,
Marion,SD,60313.0,154800.0
Martin,SD,47692.0,85000.0
Marty,SD,19519.0,23100.0
Marvin,SD,42500.0,
Maverick Junction,SD,,
Maxwell Colony,SD,,
Mayfield Colony,SD,,
Meadow View Addition,SD,88036.0,250800.0
Meckling,SD,,
Mellette,SD,71563.0,115000.0
Menno,SD,47222.0,89200.0
Midland,SD,55156.0,53500.0
Milbank,SD,63269.0,162900.0
Millbrook Colony,SD,,
Miller,SD,59063.0,124300.0
Millerdale Colony,SD,,
Milltown,SD,,
Mina,SD,96667.0,455100.0
Mission,SD,36607.0,54300.0
Mission Hill,SD,69286.0,98300.0
Mitchell,SD,51763.0,168400.0
Mobridge,SD,54868.0,111800.0
Monroe,SD,36902.0,39200.0
Montrose,SD,79250.0,197300.0
Morningside,SD,110938.0,215000.0
Morristown,SD,43438.0,20000.0
Mound City,SD,49167.0,22000.0
Mountain Plains,SD,160129.0,600200.0
Mount Vernon,SD,55833.0,137500.0
Murdo,SD,61083.0,108100.0
Naples,SD,134375.0,
Newdale Colony,SD,,
New Effington,SD,42500.0,42500.0
Newell,SD,51597.0,118100.0
New Elm Spring Colony,SD,,
New Holland,SD,,
Newport Colony,SD,,
New Underwood,SD,49485.0,177000.0
New Witten,SD,26750.0,55800.0
Nisland,SD,28438.0,104000.0
Norfeld Colony,SD,,
Norris,SD,18750.0,
North Eagle Butte,SD,39224.0,51700.0
North Sioux City,SD,62284.0,198600.0
North Spearfish,SD,67736.0,261300.0
Northville,SD,113750.0,121900.0
Nunda,SD,,111400.0
Oacoma,SD,67083.0,142700.0
Oahe Acres,SD,70357.0,185700.0
Oak Lane Colony,SD,,
Oelrichs,SD,67917.0,66500.0
Oglala,SD,31042.0,42400.0
Okaton,SD,,
Okreek,SD,,
Ola,SD,,
Old Elm Spring Colony,SD,,
Oldham,SD,29531.0,51900.0
Olivet,SD,58646.0,34200.0
Onaka,SD,,
Onida,SD,67500.0,170800.0
Oral,SD,,
Orient,SD,40625.0,37500.0
Orland Colony,SD,,
Ortley,SD,35625.0,34500.0
Parker,SD,83864.0,183600.0
Parkston,SD,70982.0,139200.0
Parmelee,SD,26250.0,
Pearl Creek Colony,SD,,
Peever,SD,39167.0,36800.0
Peever Flats,SD,24271.0,
Pembrook Colony,SD,,
Philip,SD,39063.0,115100.0
Pickstown,SD,98750.0,246700.0
Piedmont,SD,51767.0,274000.0
Pierpont,SD,69063.0,53800.0
Pierre,SD,80473.0,216700.0
Pine Lakes Addition,SD,182941.0,500000.0
Pine Ridge,SD,47620.0,55000.0
Plainview Colony,SD,,
Plankinton,SD,76250.0,95600.0
Platte,SD,61923.0,153700.0
Platte Colony,SD,,
Pleasant Valley Colony,SD,,
Poinsett Colony,SD,,
Pollock,SD,72857.0,67500.0
Porcupine,SD,18750.0,
Prairie City,SD,,
Prairiewood Village,SD,121000.0,440700.0
Presho,SD,70833.0,99100.0
Pringle,SD,39583.0,9999.0
Provo,SD,,
Pukwana,SD,76250.0,101100.0
Quinn,SD,92083.0,91700.0
Ramona,SD,52292.0,87000.0
Rapid City,SD,62784.0,244500.0
Rapid Valley,SD,76827.0,197700.0
Ravinia,SD,28750.0,57000.0
Raymond,SD,48750.0,36300.0
Redfield,SD,56205.0,110300.0
Ree Heights,SD,68958.0,18400.0
Reliance,SD,55000.0,88500.0
Renner Corner,SD,148533.0,431100.0
Revillo,SD,51542.0,
Richland,SD,40938.0,
Riverside Colony,SD,,
Rockham,SD,63750.0,21300.0
Rockport Colony,SD,,
Rolland Colony,SD,,
Roscoe,SD,46667.0,64300.0
Rosebud,SD,47813.0,46800.0
Rosedale Colony,SD,,
Rosholt,SD,63125.0,103400.0
Roslyn,SD,62813.0,81300.0
Roswell,SD,,
Rowena,SD,170057.0,
Running Water,SD,,
Rustic Acres Colony,SD,,
St. Charles,SD,,
St. Francis,SD,39375.0,9999.0
St. Lawrence,SD,42188.0,73600.0
St. Onge,SD,,
Salem,SD,69228.0,147800.0
Scotland,SD,58958.0,91400.0
Selby,SD,46750.0,105800.0
Seneca,SD,39375.0,
Shamrock Colony,SD,,
Shannon Colony,SD,,
Sherman,SD,50000.0,83300.0
Shindler,SD,134904.0,507500.0
Sicangu Village,SD,,
Silver Lake Colony,SD,,
Sinai,SD,,79800.0
Sioux Falls,SD,71785.0,250000.0
Sisseton,SD,40100.0,102200.0
Smithwick,SD,,255000.0
Soldier Creek,SD,,
South Shore,SD,54821.0,68600.0
Spearfish,SD,58734.0,271400.0
Spencer,SD,66250.0,130000.0
Spink Colony,SD,,
Spring Creek,SD,27045.0,23400.0
Spring Creek Colony,SD,,
Springfield,SD,55139.0,122300.0
Spring Lake Colony,SD,,
Spring Valley Colony,SD,,
Stephan,SD,53125.0,
Stickney,SD,48250.0,85000.0
Stockholm,SD,53750.0,98000.0
Storla,SD,,
Strandburg,SD,42375.0,87000.0
Stratford,SD,68750.0,67500.0
Sturgis,SD,49564.0,204500.0
Summerset,SD,98194.0,290500.0
Summit,SD,54375.0,77500.0
Sunset Colony,SD,,
Swift Bird,SD,12778.0,
Tabor,SD,76250.0,122800.0
Tea,SD,99153.0,268500.0
Thunderbird Colony,SD,,
Timber Lake,SD,56389.0,81300.0
Tolstoy,SD,71042.0,
Toronto,SD,52262.0,67000.0
Trent,SD,55208.0,120800.0
Tripp,SD,55000.0,65300.0
Tschetter Colony,SD,,
Tulare,SD,56250.0,66100.0
Turton,SD,56667.0,75000.0
Twin Brooks,SD,60833.0,
Two Strike,SD,,
Tyndall,SD,46471.0,94500.0
Upland Colony,SD,,
Utica,SD,48750.0,48000.0
Vale,SD,20139.0,71300.0
Valley Springs,SD,94722.0,152700.0
Veblen,SD,47917.0,37100.0
Verdon,SD,,
Vermillion,SD,47813.0,192400.0
Viborg,SD,46316.0,133700.0
Vienna,SD,32321.0,71700.0
Vilas,SD,,
Virgil,SD,37083.0,
Vivian,SD,55500.0,121900.0
Volga,SD,66285.0,218100.0
Volin,SD,67500.0,104500.0
Wagner,SD,52333.0,126300.0
Wakonda,SD,54219.0,105100.0
Wakpala,SD,20750.0,
Wall,SD,71364.0,175000.0
Wallace,SD,68750.0,85800.0
Wanblee,SD,24167.0,
Ward,SD,,154200.0
Warner,SD,110833.0,206100.0
Wasta,SD,48750.0,94400.0
Watertown,SD,61320.0,198100.0
Waubay,SD,41500.0,89100.0
Waverly,SD,28646.0,
Webster,SD,50500.0,115300.0
Wentworth,SD,76250.0,94300.0
Wessington,SD,44500.0,72500.0
Wessington Springs,SD,42946.0,89200.0
West Brule,SD,30417.0,
Westport,SD,56176.0,95000.0
Westwood Colony,SD,,
Wetonka,SD,,
White,SD,64226.0,138000.0
Whitehorse,SD,62917.0,
White Horse,SD,35893.0,
White Lake,SD,47500.0,58900.0
White River,SD,,57000.0
White Rock,SD,41250.0,9999.0
White Rock Colony,SD,,
Whitewood,SD,70000.0,179200.0
Willow Lake,SD,57292.0,90000.0
Wilmot,SD,56250.0,61000.0
Winfred,SD,,
Winner,SD,52500.0,131100.0
Wolf Creek Colony,SD,,
Wolsey,SD,54911.0,90200.0
Wonderland Homes,SD,84732.0,231700.0
Wood,SD,29500.0,
Woonsocket,SD,48177.0,84200.0
Worthing,SD,87941.0,192500.0
Wounded Knee,SD,2499.0,
Yale,SD,70302.0,96100.0
Yankton,SD,60180.0,191400.0
Adams,TN,60625.0,166100.0
Adamsville,TN,48571.0,116400.0
Alamo,TN,50135.0,126600.0
Alcoa,TN,63580.0,216100.0
Alexandria,TN,45694.0,184600.0
Algood,TN,38792.0,148700.0
Allardt,TN,68750.0,106300.0
Altamont,TN,38920.0,97500.0
Andersonville,TN,,222100.0
Apison,TN,86167.0,355500.0
Ardmore,TN,45750.0,127300.0
Arlington,TN,116409.0,338900.0
Ashland City,TN,69974.0,230500.0
Athens,TN,50150.0,182100.0
Atoka,TN,87928.0,243900.0
Atwood,TN,34926.0,79100.0
Auburntown,TN,70625.0,203100.0
Baileyton,TN,40000.0,150500.0
Baneberry,TN,95000.0,341000.0
Banner Hill,TN,72176.0,116500.0
Bartlett,TN,94603.0,251700.0
Baxter,TN,57829.0,182500.0
Bean Station,TN,51458.0,148300.0
Beech Bluff,TN,,144500.0
Beersheba Springs,TN,67500.0,103200.0
Bell Buckle,TN,78750.0,239200.0
Belle Meade,TN,250001.0,2000001.0
Bells,TN,49205.0,156200.0
Belvidere,TN,,
Benton,TN,37569.0,156500.0
Berry Hill,TN,73764.0,410700.0
Bethel Springs,TN,41985.0,97800.0
Bethpage,TN,,169200.0
Big Rock,TN,76250.0,171100.0
Big Sandy,TN,45903.0,69700.0
Biltmore,TN,46417.0,127600.0
Blaine,TN,56942.0,210300.0
Blanche,TN,60962.0,134900.0
Bloomingdale,TN,48981.0,139700.0
Blountville,TN,63487.0,165300.0
Bluff City,TN,55239.0,131800.0
Bogota,TN,,102100.0
Bolivar,TN,36348.0,122600.0
Bon Air,TN,64375.0,78300.0
Bon Aqua Junction,TN,33321.0,135600.0
Bowman,TN,73382.0,365800.0
Braden,TN,76597.0,241700.0
Bradford,TN,37250.0,89700.0
Bransford,TN,31250.0,
Brentwood,TN,181576.0,842400.0
Briceville,TN,,
Brighton,TN,76202.0,185000.0
Bristol,TN,49130.0,165600.0
Brownsville,TN,38662.0,108300.0
Bruceton,TN,54740.0,95200.0
Buchanan,TN,,
Bulls Gap,TN,48000.0,140600.0
Burlison,TN,48750.0,153100.0
Burns,TN,61250.0,232400.0
Butler,TN,49453.0,
Byrdstown,TN,32125.0,120800.0
Calhoun,TN,44625.0,116700.0
Camden,TN,42500.0,123000.0
Carthage,TN,53526.0,187500.0
Caryville,TN,54257.0,176700.0
Castalian Springs,TN,81016.0,178500.0
Cedar Hill,TN,55179.0,145500.0
Celina,TN,33689.0,134600.0
Centertown,TN,52308.0,128300.0
Centerville,TN,46719.0,177100.0
Central,TN,38690.0,131600.0
Chapel Hill,TN,79583.0,240400.0
Charleston,TN,64792.0,150700.0
Charlotte,TN,57188.0,195500.0
Chattanooga,TN,57703.0,230500.0
Chesterfield,TN,58261.0,185000.0
Chewalla,TN,95909.0,131300.0
Childers Hill,TN,,
Christiana,TN,87826.0,303300.0
Church Hill,TN,65518.0,182500.0
Clarkrange,TN,48538.0,311400.0
Clarksburg,TN,68750.0,90800.0
Clarksville,TN,62688.0,213200.0
Cleveland,TN,52468.0,225700.0
Clifton,TN,45145.0,140200.0
Clinton,TN,63706.0,211100.0
Coalfield,TN,52375.0,186100.0
Coalmont,TN,55323.0,126500.0
Coker Creek,TN,8000.0,42000.0
Collegedale,TN,69942.0,331500.0
Collierville,TN,129729.0,409000.0
Collinwood,TN,51190.0,84800.0
Colonial Heights,TN,76109.0,175600.0
Columbia,TN,58110.0,235800.0
Conasauga,TN,,
Cookeville,TN,48094.0,241200.0
Coopertown,TN,106121.0,358500.0
Copperhill,TN,47857.0,107600.0
Cornersville,TN,63063.0,187500.0
Cosby,TN,45192.0,182800.0
Cottage Grove,TN,46250.0,65000.0
Cottontown,TN,54286.0,438900.0
Counce,TN,67337.0,80900.0
Covington,TN,44384.0,156700.0
Cowan,TN,33955.0,109400.0
Crab Orchard,TN,40987.0,126100.0
Cross Plains,TN,72941.0,238800.0
Crossville,TN,44375.0,220400.0
Crump,TN,38846.0,145200.0
Cumberland City,TN,32583.0,100000.0
Cumberland Gap,TN,34688.0,198400.0
Dancyville,TN,,
Dandridge,TN,53422.0,225400.0
Darden,TN,95288.0,131800.0
Dayton,TN,54511.0,130900.0
Decatur,TN,48066.0,193200.0
Decaturville,TN,35227.0,122200.0
Decherd,TN,28438.0,111700.0
Delano,TN,86917.0,200000.0
Dellrose,TN,,
Dickson,TN,65244.0,229600.0
Dodson Branch,TN,63611.0,120400.0
Dover,TN,63603.0,183600.0
Dowelltown,TN,58125.0,157800.0
Doyle,TN,35288.0,121200.0
Dresden,TN,50595.0,103900.0
Ducktown,TN,,201900.0
Dukedom,TN,2499.0,
Dunlap,TN,42188.0,135400.0
Dyer,TN,41989.0,105700.0
Dyersburg,TN,50550.0,163000.0
Eagleton Village,TN,53579.0,144500.0
Eagleville,TN,88897.0,348100.0
East Cleveland,TN,39620.0,104000.0
East Ridge,TN,53103.0,164000.0
Eastview,TN,55313.0,112500.0
Elgin,TN,23269.0,
Elizabethton,TN,44252.0,150100.0
Elkton,TN,43750.0,136800.0
Embreeville,TN,50658.0,
Englewood,TN,45946.0,94900.0
Enville,TN,17143.0,98000.0
Erin,TN,36719.0,134200.0
Erwin,TN,40670.0,150800.0
Essary Springs,TN,35938.0,66400.0
Estill Springs,TN,53313.0,166100.0
Ethridge,TN,53333.0,170600.0
Etowah,TN,42571.0,122500.0
Eva,TN,,
Fairfield,TN,,
Fairfield Glade,TN,68633.0,284000.0
Fairgarden,TN,50893.0,233700.0
Fairmount,TN,115227.0,491100.0
Fairview,TN,82344.0,315700.0
Fall Branch,TN,41884.0,133900.0
Falling Water,TN,117639.0,324300.0
Farner,TN,26458.0,
Farragut,TN,135725.0,463300.0
Fayetteville,TN,45391.0,176000.0
Fincastle,TN,43750.0,116200.0
Finger,TN,45536.0,88300.0
Finley,TN,58958.0,148500.0
Flat Top Mountain,TN,112549.0,
Flintville,TN,55114.0,161700.0
Forest Hills,TN,239643.0,1038300.0
Fowlkes,TN,42907.0,82100.0
Frankewing,TN,37222.0,
Franklin,TN,106592.0,574000.0
Friendship,TN,33036.0,84800.0
Friendsville,TN,57115.0,168900.0
Gadsden,TN,55139.0,95800.0
Gainesboro,TN,37404.0,153800.0
Gallatin,TN,68548.0,306100.0
Gallaway,TN,31176.0,204000.0
Garland,TN,70625.0,170200.0
Gates,TN,39145.0,88400.0
Gatlinburg,TN,50483.0,277600.0
Germantown,TN,140429.0,402300.0
Gibson,TN,58200.0,140800.0
Gilt Edge,TN,48906.0,159800.0
Gladeville,TN,89492.0,444000.0
Gleason,TN,56597.0,79500.0
Goodlettsville,TN,64581.0,311700.0
Gordonsville,TN,62880.0,216400.0
Graball,TN,117639.0,250000.0
Grand Junction,TN,54875.0,95900.0
Gray,TN,63971.0,173300.0
Graysville,TN,38281.0,95500.0
Greenback,TN,86250.0,230500.0
Greenbrier,TN,94280.0,290500.0
Greeneville,TN,46473.0,186300.0
Greenfield,TN,38951.0,81000.0
Green Hill,TN,94428.0,331400.0
Greenvale,TN,,350000.0
Griffith Creek,TN,41696.0,98200.0
Grimsley,TN,33750.0,163200.0
Gruetli-Laager,TN,48145.0,132200.0
Guys,TN,41563.0,121200.0
Halls,TN,78952.0,243400.0
Halls,TN,40375.0,86900.0
Hampton,TN,50658.0,105600.0
Harriman,TN,45458.0,142700.0
Harrison,TN,73417.0,217800.0
Harrogate,TN,60025.0,163200.0
Hartsville/Trousdale County,TN,62018.0,217400.0
Helenwood,TN,,
Henderson,TN,44077.0,116900.0
Hendersonville,TN,86954.0,364700.0
Henning,TN,41514.0,70000.0
Henry,TN,44375.0,78900.0
Hickman,TN,,
Hickory Valley,TN,30714.0,95000.0
Hilham,TN,76875.0,171500.0
Hillsboro,TN,,194400.0
Hohenwald,TN,36523.0,81500.0
Holladay,TN,,
Hollow Rock,TN,41607.0,85700.0
Hopewell,TN,90601.0,279000.0
Hornbeak,TN,56250.0,84200.0
Hornsby,TN,66250.0,104200.0
Humboldt,TN,40299.0,89100.0
Hunter,TN,40801.0,150000.0
Huntingdon,TN,46167.0,122300.0
Huntland,TN,62778.0,134800.0
Huntsville,TN,28750.0,109700.0
Huron,TN,51833.0,95200.0
Iron City,TN,,45800.0
Jacksboro,TN,54191.0,187000.0
Jacks Creek,TN,,
Jackson,TN,48058.0,169300.0
Jamestown,TN,24750.0,78400.0
Jasper,TN,58971.0,139000.0
Jefferson City,TN,48212.0,167200.0
Jellico,TN,35800.0,104500.0
John Sevier,TN,,114000.0
Johnson City,TN,53173.0,215500.0
Jonesborough,TN,68802.0,234000.0
Kahite,TN,77404.0,482400.0
Karns,TN,99028.0,269600.0
Kenton,TN,39306.0,85100.0
Kimball,TN,55815.0,187300.0
Kingsport,TN,48228.0,181600.0
Kingston,TN,67637.0,185000.0
Kingston Springs,TN,92159.0,330200.0
Knoxville,TN,48309.0,184200.0
Lafayette,TN,40240.0,165300.0
La Follette,TN,35705.0,107800.0
La Grange,TN,59375.0,
Lakeland,TN,108206.0,350900.0
Lakesite,TN,89602.0,264300.0
Lake Tansi,TN,54335.0,195000.0
Lakewood Park,TN,35612.0,127000.0
La Vergne,TN,77531.0,248300.0
Lavinia,TN,,113100.0
Lawrenceburg,TN,37644.0,149500.0
Lebanon,TN,63698.0,325800.0
Lenoir City,TN,53100.0,193100.0
Lenox,TN,71136.0,232200.0
Leoma,TN,,187500.0
Lewisburg,TN,45938.0,161700.0
Lexington,TN,45877.0,158700.0
Liberty,TN,42019.0,174400.0
Linden,TN,46836.0,77900.0
Livingston,TN,37346.0,118900.0
Lobelville,TN,48750.0,147400.0
Lone Oak,TN,,182200.0
Lookout Mountain,TN,181458.0,710600.0
Loretto,TN,49323.0,120700.0
Loudon,TN,46747.0,185700.0
Louisville,TN,80307.0,281400.0
Luray,TN,,165500.0
Luttrell,TN,37292.0,126300.0
Lyles,TN,47095.0,193800.0
Lynchburg,TN,69250.0,256700.0
Lynnville,TN,57500.0,111200.0
McDonald,TN,,160500.0
McEwen,TN,66875.0,146000.0
McKenzie,TN,38628.0,134400.0
McLemoresville,TN,60536.0,107500.0
McMinnville,TN,42130.0,125600.0
Madisonville,TN,40769.0,169700.0
Manchester,TN,53639.0,202200.0
Martin,TN,38235.0,159500.0
Maryville,TN,74610.0,269500.0
Mascot,TN,44955.0,165500.0
Mason,TN,37000.0,123200.0
Maury City,TN,60505.0,74700.0
Mayland,TN,39575.0,97600.0
Maynardville,TN,43773.0,157600.0
Medina,TN,91135.0,232600.0
Medon,TN,54583.0,104200.0
Memphis,TN,48090.0,139600.0
Mercer,TN,,
Michie,TN,52222.0,151700.0
Middleton,TN,42885.0,127500.0
Middle Valley,TN,88173.0,240000.0
Midtown,TN,36815.0,116000.0
Milan,TN,42909.0,123100.0
Milledgeville,TN,53958.0,109600.0
Millersville,TN,67445.0,236500.0
Millington,TN,49543.0,160800.0
Minor Hill,TN,42371.0,110400.0
Miston,TN,,
Mitchellville,TN,37500.0,122900.0
Monteagle,TN,49917.0,269600.0
Monterey,TN,38869.0,131400.0
Mooresburg,TN,38491.0,136400.0
Morris Chapel,TN,,
Morrison,TN,34318.0,118800.0
Morristown,TN,39547.0,137100.0
Moscow,TN,45938.0,164500.0
Mosheim,TN,45294.0,117700.0
Mountain City,TN,32383.0,146700.0
Mount Carmel,TN,64971.0,171200.0
Mount Juliet,TN,108066.0,381400.0
Mount Pleasant,TN,47988.0,201000.0
Mowbray Mountain,TN,85125.0,206900.0
Munford,TN,89397.0,214900.0
Murfreesboro,TN,70451.0,327400.0
Nashville-Davidson metropolitan government (balance),TN,71328.0,351400.0
Newbern,TN,44526.0,98600.0
New Deal,TN,82629.0,240000.0
New Hope,TN,47250.0,134700.0
New Johnsonville,TN,66667.0,130000.0
New Market,TN,66324.0,147600.0
Newport,TN,35784.0,123900.0
New Tazewell,TN,44286.0,158600.0
New Union,TN,75061.0,258900.0
Niota,TN,53333.0,95300.0
Nixon,TN,,94700.0
Nolensville,TN,158266.0,601900.0
Norene,TN,121036.0,229100.0
Normandy,TN,57000.0,137500.0
Norris,TN,70625.0,296400.0
Oakdale,TN,49063.0,92000.0
Oak Grove (Sumner County),TN,68250.0,157500.0
Oak Grove (Washington County),TN,66518.0,238800.0
Oak Hill,TN,201650.0,972600.0
Oakland,TN,86433.0,264100.0
Oak Ridge,TN,67152.0,211700.0
Obion,TN,47500.0,77600.0
Ocoee,TN,,116400.0
Oliver Springs,TN,47690.0,150900.0
Olivet,TN,76136.0,175400.0
Oneida,TN,39191.0,160700.0
Ooltewah,TN,60114.0,224300.0
Orebank,TN,63779.0,124200.0
Orlinda,TN,84643.0,270400.0
Orme,TN,33750.0,
Palmer,TN,42361.0,93900.0
Palmersville,TN,44010.0,96700.0
Paris,TN,39378.0,137400.0
Park City,TN,82736.0,164700.0
Parker's Crossroads,TN,67440.0,142900.0
Parrottsville,TN,45987.0,130200.0
Parsons,TN,39000.0,117400.0
Pegram,TN,95909.0,318000.0
Pelham,TN,,107500.0
Petersburg,TN,42500.0,127400.0
Petros,TN,27361.0,162100.0
Philadelphia,TN,64267.0,115700.0
Pigeon Forge,TN,53380.0,234900.0
Pikeville,TN,27240.0,124800.0
Pine Crest,TN,54603.0,149900.0
Pinson,TN,65455.0,109400.0
Piperton,TN,120000.0,499100.0
Pittman Center,TN,71250.0,283900.0
Plainview,TN,58352.0,142600.0
Pleasant Hill,TN,47500.0,149500.0
Pleasant View,TN,93333.0,320800.0
Pocahontas,TN,,112100.0
Portland,TN,68315.0,228100.0
Powell,TN,75585.0,234200.0
Powells Crossroads,TN,64100.0,146100.0
Prospect,TN,57031.0,110900.0
Pulaski,TN,41585.0,130400.0
Puryear,TN,42857.0,93500.0
Ramer,TN,56250.0,114700.0
Randolph,TN,,171200.0
Rarity Bay,TN,117816.0,755800.0
Red Bank,TN,59027.0,220900.0
Red Boiling Springs,TN,30046.0,162500.0
Riceville,TN,49522.0,193900.0
Ridgely,TN,27500.0,74400.0
Ridgeside,TN,158750.0,444600.0
Ridgetop,TN,66964.0,274300.0
Ripley,TN,39454.0,119900.0
Rives,TN,36458.0,75000.0
Roan Mountain,TN,51111.0,140400.0
Robbins,TN,27841.0,66500.0
Rockford,TN,66932.0,236600.0
Rockvale,TN,77177.0,415400.0
Rockwood,TN,43309.0,131400.0
Rocky Top,TN,29073.0,104200.0
Rogersville,TN,45797.0,170700.0
Rossville,TN,117500.0,400000.0
Rural Hill,TN,80068.0,373600.0
Russellville,TN,52143.0,95000.0
Rutherford,TN,46161.0,81500.0
Rutledge,TN,30739.0,130800.0
St. Joseph,TN,40987.0,122900.0
Sale Creek,TN,53827.0,280100.0
Saltillo,TN,49722.0,94500.0
Samburg,TN,48750.0,188500.0
Sardis,TN,34375.0,110800.0
Saulsbury,TN,43426.0,105700.0
Savannah,TN,40200.0,155800.0
Scotts Hill,TN,35538.0,95700.0
Selmer,TN,46696.0,93600.0
Sequatchie,TN,19366.0,
Sevierville,TN,49449.0,240700.0
Sewanee,TN,77105.0,330400.0
Seymour,TN,78898.0,242300.0
Shackle Island,TN,110944.0,425900.0
Sharon,TN,31333.0,93100.0
Shelbyville,TN,50694.0,173600.0
Sherwood,TN,,
Shiloh,TN,,76300.0
Signal Mountain,TN,132639.0,431800.0
Silerton,TN,39821.0,85000.0
Slayden,TN,41000.0,168800.0
Smithville,TN,30526.0,143300.0
Smyrna,TN,76115.0,285200.0
Sneedville,TN,23897.0,82300.0
Soddy-Daisy,TN,64119.0,206000.0
Somerville,TN,33750.0,298600.0
South Carthage,TN,45804.0,176200.0
South Cleveland,TN,61547.0,171400.0
South Fulton,TN,48646.0,91400.0
South Pittsburg,TN,45250.0,137100.0
Sparta,TN,42670.0,183100.0
Spencer,TN,41042.0,119600.0
Spring City,TN,36190.0,134700.0
Springfield,TN,55392.0,220200.0
Spring Hill,TN,104880.0,389800.0
Spurgeon,TN,73002.0,176800.0
Stanton,TN,55817.0,121900.0
Stantonville,TN,47500.0,96700.0
Statesville,TN,88441.0,225800.0
Strawberry Plains,TN,72523.0,168700.0
Sullivan Gardens,TN,44054.0,
Summertown,TN,76023.0,144600.0
Sunbright,TN,43304.0,113400.0
Surgoinsville,TN,46250.0,164700.0
Sweetwater,TN,38750.0,148000.0
Taft,TN,,278600.0
Tazewell,TN,39554.0,153700.0
Telford,TN,62750.0,
Tellico Plains,TN,39886.0,158500.0
Tellico Village,TN,95038.0,455200.0
Tennessee Ridge,TN,50109.0,123200.0
Thompson's Station,TN,116569.0,552500.0
Three Way,TN,84609.0,200400.0
Tiptonville,TN,26898.0,109100.0
Toone,TN,37188.0,92200.0
Townsend,TN,78659.0,299600.0
Tracy City,TN,56481.0,122600.0
Trenton,TN,32178.0,114000.0
Trezevant,TN,52813.0,95700.0
Trimble,TN,50625.0,70300.0
Troy,TN,49839.0,100800.0
Tuckers Crossroads,TN,,
Tullahoma,TN,56771.0,197300.0
Tusculum,TN,68387.0,220700.0
Unicoi,TN,39236.0,174400.0
Union City,TN,42620.0,135400.0
Unionville,TN,69826.0,232900.0
Valley Forge,TN,47557.0,124400.0
Vanleer,TN,67708.0,168100.0
Viola,TN,44688.0,187500.0
Vonore,TN,53594.0,245300.0
Walden,TN,130227.0,581100.0
Walland,TN,57583.0,245000.0
Walnut Grove (Hardin County),TN,,75200.0
Walnut Grove (Sumner County),TN,,312800.0
Walnut Hill,TN,64250.0,159600.0
Walterhill,TN,73125.0,233600.0
Wartburg,TN,28036.0,161100.0
Wartrace,TN,52500.0,165800.0
Watauga,TN,58125.0,131300.0
Watertown,TN,56964.0,191800.0
Waverly,TN,43750.0,158100.0
Waynesboro,TN,27031.0,80700.0
Westmoreland,TN,58194.0,211500.0
Westpoint,TN,41750.0,140800.0
White Bluff,TN,66000.0,226700.0
White House,TN,85404.0,287100.0
White Pine,TN,57463.0,160700.0
Whiteside,TN,,122600.0
Whiteville,TN,46138.0,81500.0
Whitlock,TN,,
Whitwell,TN,65978.0,116200.0
Wildersville,TN,,182000.0
Wildwood,TN,,187100.0
Wildwood Lake,TN,60179.0,178000.0
Williston,TN,70240.0,123500.0
Winchester,TN,58054.0,187700.0
Winfield,TN,40526.0,99800.0
Woodbury,TN,51528.0,166200.0
Woodland Mills,TN,74671.0,125400.0
Wrigley,TN,,131800.0
Wynnburg,TN,,
Yorkville,TN,68750.0,95500.0
Yuma,TN,,95000.0
Abbott,TX,94688.0,164100.0
Abernathy,TX,80114.0,122500.0
Abilene,TX,59254.0,161800.0
Abram,TX,27137.0,85400.0
Acala,TX,,
Ackerly,TX,63750.0,69300.0
Addison,TX,78153.0,431800.0
Adrian,TX,162841.0,106300.0
Agua Dulce,TX,43730.0,97000.0
Agua Dulce,TX,53173.0,84600.0
Aguilares,TX,,
Airport Heights,TX,,
Airport Road Addition,TX,,140500.0
Alamo,TX,47398.0,99300.0
Alamo Beach,TX,102955.0,209100.0
Alamo Heights,TX,149332.0,704500.0
Alanreed,TX,93750.0,
Alba,TX,45313.0,111700.0
Albany,TX,48182.0,153100.0
Aldine,TX,38239.0,105200.0
Aledo,TX,123045.0,362200.0
Alfred,TX,57813.0,9999.0
Alice,TX,43017.0,92800.0
Alice Acres,TX,,
Allen,TX,121259.0,390200.0
Allison,TX,86875.0,
Alma,TX,83333.0,223800.0
Alpine,TX,46619.0,183800.0
Alto,TX,37955.0,104000.0
Alto Bonito Heights,TX,,109500.0
Alton,TX,44317.0,101700.0
Alvarado,TX,86083.0,168400.0
Alvin,TX,68266.0,193600.0
Alvord,TX,68516.0,179900.0
Amada Acres,TX,,
Amargosa,TX,,
Amarillo,TX,60628.0,172700.0
Amaya,TX,,
Ames,TX,32750.0,125000.0
Amherst,TX,52067.0,37600.0
Amistad,TX,41838.0,89400.0
Anacua,TX,,
Anahuac,TX,69742.0,157600.0
Anderson,TX,41806.0,165600.0
Andrews,TX,86806.0,177300.0
Angleton,TX,77235.0,165200.0
Angus,TX,53269.0,118300.0
Anna,TX,93785.0,273000.0
Annetta,TX,160893.0,394600.0
Annetta North,TX,157500.0,606300.0
Annetta South,TX,131667.0,407100.0
Annona,TX,36250.0,
Anson,TX,43576.0,58700.0
Anthony,TX,48934.0,155300.0
Anton,TX,47639.0,60100.0
Appleby,TX,72130.0,204500.0
Aquilla,TX,53750.0,
Aransas Pass,TX,59403.0,183400.0
Archer City,TX,40714.0,95200.0
Arcola,TX,74268.0,175300.0
Argyle,TX,205246.0,619500.0
Arlington,TX,71736.0,251300.0
Arp,TX,63472.0,100600.0
Arroyo Colorado Estates,TX,29448.0,64100.0
Arroyo Gardens,TX,,
Asherton,TX,24063.0,82000.0
Aspermont,TX,78750.0,47200.0
Atascocita,TX,115687.0,257500.0
Athens,TX,54828.0,163900.0
Atlanta,TX,62215.0,151800.0
Aubrey,TX,93071.0,308100.0
Aurora,TX,85000.0,250800.0
Austin,TX,86556.0,461500.0
Austwell,TX,55114.0,65000.0
Avery,TX,49485.0,99100.0
Avinger,TX,29038.0,88300.0
Azle,TX,83081.0,228400.0
Bacliff,TX,52246.0,159000.0
Bailey,TX,41458.0,93000.0
Bailey's Prairie,TX,95750.0,323000.0
Baird,TX,49402.0,71800.0
Balch Springs,TX,58680.0,184600.0
Balcones Heights,TX,28184.0,185700.0
Ballinger,TX,54583.0,89400.0
Balmorhea,TX,61250.0,57100.0
B and E,TX,,
Bandera,TX,32125.0,186400.0
Bangs,TX,47409.0,93100.0
Banquete,TX,,82900.0
Bardwell,TX,50455.0,88600.0
Barksdale,TX,,
Barrera,TX,,
Barrett,TX,66883.0,124400.0
Barry,TX,64500.0,97900.0
Barstow,TX,,59800.0
Bartlett,TX,51786.0,150600.0
Barton Creek,TX,230556.0,1647300.0
Bartonville,TX,143333.0,886800.0
Bastrop,TX,59087.0,243200.0
Batesville,TX,35132.0,42400.0
Bay City,TX,50212.0,132500.0
Bayou Vista,TX,115694.0,345100.0
Bayside,TX,53363.0,162200.0
Baytown,TX,61158.0,162200.0
Bayview,TX,128911.0,298800.0
Beach City,TX,169570.0,411400.0
Bear Creek,TX,126500.0,666000.0
Bear Creek Ranch,TX,98750.0,237700.0
Beasley,TX,70519.0,
Beaumont,TX,53745.0,150400.0
Beauxart Gardens,TX,58243.0,137800.0
Beaver Creek,TX,71417.0,91700.0
Beckville,TX,48750.0,106700.0
Bedford,TX,80924.0,292100.0
Bedias,TX,49063.0,89800.0
Bee Cave,TX,104949.0,627200.0
Beeville,TX,47815.0,103200.0
Bellaire,TX,215636.0,958300.0
Bellevue,TX,65662.0,76900.0
Bellmead,TX,51474.0,113600.0
Bells,TX,75625.0,188800.0
Bellville,TX,61500.0,240200.0
Belterra,TX,201419.0,600200.0
Belton,TX,57025.0,224700.0
Ben Arnold,TX,,
Benavides,TX,56198.0,84000.0
Ben Bolt,TX,71190.0,108900.0
Benbrook,TX,80971.0,252400.0
Benjamin,TX,37841.0,61400.0
Benjamin Perez,TX,,
Ben Wheeler,TX,113099.0,252200.0
Berryville,TX,50938.0,127600.0
Bertram,TX,61688.0,180900.0
Beverly Hills,TX,49597.0,95700.0
Bevil Oaks,TX,72625.0,213200.0
Bigfoot,TX,65669.0,
Big Lake,TX,70160.0,116700.0
Big Sandy,TX,41250.0,128400.0
Big Spring,TX,65418.0,127600.0
Big Thicket Lake Estates,TX,55066.0,110100.0
Big Wells,TX,30156.0,65000.0
Bishop,TX,45750.0,97600.0
Bishop Hills,TX,121250.0,273300.0
Bivins,TX,36385.0,106800.0
Bixby,TX,,
Blackwell,TX,46071.0,50700.0
Blanco,TX,59601.0,213400.0
Blanket,TX,54583.0,89500.0
Bledsoe,TX,,29000.0
Blessing,TX,,145200.0
Bloomburg,TX,82500.0,65900.0
Blooming Grove,TX,68125.0,116300.0
Bloomington,TX,24302.0,55800.0
Blossom,TX,47273.0,87200.0
Blue Berry Hill,TX,43880.0,
Blue Mound,TX,68500.0,160200.0
Blue Ridge,TX,75167.0,184300.0
Bluetown,TX,33036.0,53200.0
Bluff Dale,TX,83194.0,
Blum,TX,68125.0,89600.0
Boerne,TX,82982.0,398500.0
Bogata,TX,34375.0,104200.0
Boling,TX,43750.0,151200.0
Bolivar Peninsula,TX,62207.0,321100.0
Bonanza Hills,TX,,
Bonham,TX,53899.0,134900.0
Bonney,TX,89167.0,
Booker,TX,66591.0,133700.0
Borger,TX,54159.0,88100.0
Botines,TX,,
Bovina,TX,39783.0,98800.0
Bowie,TX,60659.0,176200.0
Box Canyon,TX,91250.0,203800.0
Boyd,TX,68631.0,208000.0
Boys Ranch,TX,,
Brackettville,TX,24539.0,59200.0
Brady,TX,50197.0,90400.0
Brazoria,TX,38889.0,156000.0
Brazos,TX,,
Brazos Country,TX,185278.0,447100.0
Breckenridge,TX,38500.0,77800.0
Bremond,TX,75375.0,89000.0
Brenham,TX,52664.0,193600.0
Briar,TX,80486.0,245100.0
Briarcliff,TX,123000.0,424100.0
Briaroaks,TX,93214.0,298200.0
Bridge City,TX,95688.0,172200.0
Bridgeport,TX,96231.0,232000.0
Briggs,TX,,
Bristol,TX,66220.0,
Broaddus,TX,63958.0,102300.0
Bronte,TX,44732.0,115600.0
Brookshire,TX,58712.0,106100.0
Brookside Village,TX,94766.0,277800.0
Brookston,TX,,
Browndell,TX,30750.0,57500.0
Brownfield,TX,41228.0,102600.0
Brownsboro,TX,57454.0,176700.0
Brownsville,TX,46735.0,112600.0
Brownwood,TX,45412.0,113200.0
Bruceville-Eddy,TX,68438.0,141500.0
Brundage,TX,,
Bruni,TX,81000.0,88300.0
Brushy Creek,TX,133060.0,411500.0
Bryan,TX,55234.0,198300.0
Bryson,TX,70563.0,86300.0
Buchanan Dam,TX,66250.0,253800.0
Buchanan Lake Village,TX,41118.0,175900.0
Buckholts,TX,31167.0,36900.0
Buda,TX,105378.0,358600.0
Buena Vista,TX,,
Buffalo,TX,57813.0,79300.0
Buffalo Gap,TX,52404.0,167900.0
Buffalo Springs,TX,67917.0,218700.0
Bullard,TX,104141.0,264700.0
Bulverde,TX,107315.0,362400.0
Buna,TX,36250.0,102100.0
Bunker Hill Village,TX,250001.0,2000001.0
Burkburnett,TX,62143.0,131500.0
Burke,TX,50903.0,88000.0
Burleson,TX,87312.0,258400.0
Burlington,TX,,
Burnet,TX,77376.0,238700.0
Burton,TX,62500.0,265400.0
Bushland,TX,133272.0,339200.0
Butterfield,TX,,
Byers,TX,54643.0,90600.0
Bynum,TX,51000.0,97100.0
Cactus,TX,49605.0,56500.0
Caddo Mills,TX,73056.0,229500.0
Cade Lakes,TX,51094.0,
Caldwell,TX,57222.0,167600.0
Callender Lake,TX,43717.0,218400.0
Callisburg,TX,49167.0,175000.0
Calvert,TX,63750.0,109300.0
Camargito,TX,,106400.0
Cameron,TX,57076.0,94900.0
Cameron Park,TX,34248.0,71000.0
Campbell,TX,53394.0,78500.0
Campo Verde,TX,,
Camp Swift,TX,61586.0,142600.0
Camp Wood,TX,37083.0,39100.0
Canadian,TX,54013.0,140700.0
Caney City,TX,52500.0,
Canton,TX,52500.0,158300.0
Cantu Addition,TX,,
Canutillo,TX,40655.0,108900.0
Canyon,TX,67631.0,198600.0
Canyon Creek,TX,81905.0,187800.0
Canyon Lake,TX,90758.0,312700.0
Cape Royale,TX,57273.0,297000.0
Carbon,TX,55833.0,40000.0
Carlsbad,TX,57031.0,78600.0
Carl's Corner,TX,72188.0,75000.0
Carlton,TX,,
Carmine,TX,48646.0,187500.0
Carrizo Hill,TX,,
Carrizo Springs,TX,26033.0,57100.0
Carrollton,TX,95380.0,327300.0
Carter,TX,96029.0,166500.0
Carthage,TX,42788.0,146200.0
Casa Blanca,TX,,
Casas,TX,,
Cashion Community,TX,71667.0,203900.0
Castle Hills,TX,102768.0,400800.0
Castroville,TX,72805.0,249300.0
Catarina,TX,67396.0,
Cedar Creek,TX,89904.0,256000.0
Cedar Hill,TX,84132.0,246300.0
Cedar Park,TX,118903.0,427800.0
Cedar Point,TX,,
Celeste,TX,45500.0,116700.0
Celina,TX,142643.0,412100.0
Center,TX,57875.0,
Center Point,TX,107969.0,200000.0
Centerville,TX,45813.0,92700.0
Central Gardens,TX,98750.0,248700.0
César Chávez,TX,77594.0,
Chandler,TX,53814.0,208700.0
Channelview,TX,64011.0,168200.0
Channing,TX,53125.0,90000.0
Chaparrito,TX,,
Chapeno,TX,,
Charlotte,TX,26352.0,53800.0
Chester,TX,66250.0,115300.0
Chico,TX,65845.0,143500.0
Childress,TX,55500.0,95600.0
Chillicothe,TX,68295.0,61600.0
Chilton,TX,32895.0,136700.0
China,TX,51641.0,165400.0
China Grove,TX,99671.0,323400.0
China Spring,TX,68883.0,217600.0
Chireno,TX,48333.0,75600.0
Christine,TX,45625.0,92300.0
Christoval,TX,,153100.0
Chula Vista (Cameron County),TX,,
Chula Vista (Maverick County),TX,28975.0,85700.0
Chula Vista (Zavala County),TX,,79300.0
Cibolo,TX,116510.0,291500.0
Cienegas Terrace,TX,39418.0,95900.0
Cinco Ranch,TX,152074.0,429300.0
Circle D-KC Estates,TX,68234.0,270200.0
Cisco,TX,59698.0,99700.0
Citrus City,TX,26971.0,93000.0
Clarendon,TX,47457.0,102800.0
Clarksville,TX,33935.0,57100.0
Clarksville City,TX,63571.0,117200.0
Claude,TX,71167.0,165500.0
Clay,TX,,
Clear Lake Shores,TX,118438.0,401600.0
Cleburne,TX,60929.0,171800.0
Cleveland,TX,46875.0,140700.0
Clifton,TX,56500.0,99500.0
Clint,TX,40977.0,123400.0
Cloverleaf,TX,53762.0,152000.0
Clute,TX,68306.0,212400.0
Clyde,TX,60799.0,132100.0
Coahoma,TX,69375.0,188800.0
Cockrell Hill,TX,49810.0,154000.0
Coffee City,TX,57917.0,218100.0
Coldspring,TX,47587.0,184200.0
Coleman,TX,49588.0,78300.0
College Station,TX,52397.0,305800.0
Colleyville,TX,196298.0,674300.0
Collinsville,TX,59525.0,187500.0
Colmesneil,TX,47250.0,106800.0
Colorado Acres,TX,,
Colorado City,TX,46961.0,56900.0
Columbus,TX,56250.0,226100.0
Comanche,TX,47628.0,97700.0
Combes,TX,39555.0,98000.0
Combine,TX,90313.0,274200.0
Comfort,TX,63079.0,231800.0
Commerce,TX,41382.0,114700.0
Como,TX,63250.0,128100.0
Concepcion,TX,,
Conroe,TX,71630.0,262500.0
Converse,TX,77237.0,216100.0
Cool,TX,55250.0,
Coolidge,TX,42222.0,66700.0
Cooper,TX,44028.0,80600.0
Coppell,TX,143817.0,489700.0
Copperas Cove,TX,64798.0,146900.0
Copper Canyon,TX,135938.0,693700.0
Corinth,TX,116083.0,323600.0
Corpus Christi,TX,64449.0,180900.0
Corrigan,TX,42212.0,89200.0
Corsicana,TX,49353.0,145300.0
Cottonwood,TX,102250.0,305800.0
Cottonwood Shores,TX,60817.0,212600.0
Cotulla,TX,68431.0,97000.0
Coupland,TX,83750.0,213200.0
Cove,TX,81429.0,332800.0
Covington,TX,,170800.0
Coyanosa,TX,,
Coyote Acres,TX,90509.0,
Coyote Flats,TX,61250.0,235700.0
Crandall,TX,101829.0,239500.0
Crane,TX,73977.0,127200.0
Cranfills Gap,TX,58125.0,
Crawford,TX,78333.0,223000.0
Creedmoor,TX,67321.0,327500.0
Cresson,TX,75455.0,145400.0
Crockett,TX,37500.0,121200.0
Crosby,TX,38750.0,205900.0
Crosbyton,TX,47083.0,57700.0
Cross Mountain,TX,164679.0,432800.0
Cross Plains,TX,48516.0,101700.0
Cross Roads,TX,127054.0,575900.0
Cross Timber,TX,41136.0,
Crowell,TX,37266.0,58300.0
Crowley,TX,88333.0,219600.0
Crystal City,TX,49211.0,77400.0
Cuero,TX,53386.0,156700.0
Cuevitas,TX,,
Cumby,TX,56786.0,85700.0
Cumings,TX,126011.0,242800.0
Cuney,TX,26406.0,
Cushing,TX,58056.0,107100.0
Cut and Shoot,TX,69667.0,161100.0
Daingerfield,TX,40573.0,63800.0
Daisetta,TX,56466.0,110900.0
Dalhart,TX,75000.0,138000.0
Dallas,TX,63985.0,270700.0
Dalworthington Gardens,TX,108750.0,456700.0
Damon,TX,,81100.0
Danbury,TX,79018.0,190900.0
Darrouzett,TX,59000.0,78900.0
Dawson,TX,42083.0,99500.0
Dayton,TX,59848.0,204900.0
Dayton Lakes,TX,18333.0,
Dean,TX,49931.0,181300.0
Deanville,TX,,
Decatur,TX,70579.0,215600.0
DeCordova,TX,115013.0,293500.0
Deer Park,TX,89219.0,224200.0
Deerwood,TX,58897.0,108000.0
De Kalb,TX,38920.0,92700.0
De Leon,TX,40720.0,72800.0
Dell City,TX,37721.0,
Del Mar Heights,TX,,
Delmita,TX,,88100.0
Del Rio,TX,57072.0,128200.0
Del Sol,TX,,
Denison,TX,58930.0,142900.0
Dennis,TX,214900.0,424100.0
Denton,TX,71921.0,296100.0
Denver City,TX,81449.0,164200.0
Deport,TX,38333.0,62900.0
DeSoto,TX,81736.0,257800.0
Detroit,TX,40781.0,
Devers,TX,70000.0,110900.0
Devine,TX,45616.0,135900.0
Deweyville,TX,29271.0,120200.0
D'Hanis,TX,53125.0,50300.0
Diboll,TX,55399.0,87400.0
Dickens,TX,40875.0,25000.0
Dickinson,TX,81739.0,215400.0
Dilley,TX,59044.0,111800.0
Dime Box,TX,142125.0,
Dimmitt,TX,64848.0,102600.0
DISH,TX,132667.0,419400.0
Dodd City,TX,91250.0,108800.0
Dodson,TX,,
Doffing,TX,24404.0,90400.0
Domino,TX,,50000.0
Donna,TX,34049.0,65100.0
Doolittle,TX,33326.0,80200.0
Dorchester,TX,,525000.0
Double Oak,TX,187115.0,633600.0
Double Horn,TX,67237.0,671300.0
Douglassville,TX,29375.0,102300.0
Draper,TX,,
Driftwood,TX,120380.0,
Dripping Springs,TX,104141.0,514300.0
Driscoll,TX,35246.0,83300.0
Dublin,TX,52153.0,177100.0
Dumas,TX,65379.0,134300.0
Duncanville,TX,66601.0,215100.0
Eagle Lake,TX,50526.0,65200.0
Eagle Pass,TX,52254.0,167500.0
Early,TX,60313.0,156300.0
Earth,TX,52386.0,78800.0
East Alto Bonito,TX,41000.0,125600.0
East Bernard,TX,72500.0,222800.0
East Columbia,TX,,
Eastland,TX,55802.0,173300.0
East Mountain,TX,67500.0,177100.0
Easton,TX,32500.0,91400.0
East Tawakoni,TX,48992.0,153700.0
Ector,TX,63281.0,98000.0
Edcouch,TX,38594.0,58800.0
Eden,TX,45000.0,85400.0
Edgecliff Village,TX,84045.0,219300.0
Edgewater Estates,TX,,
Edgewood,TX,70197.0,164300.0
Edinburg,TX,54139.0,159600.0
Edmonson,TX,48194.0,93300.0
Edna,TX,60361.0,100700.0
Edom,TX,98333.0,167300.0
Edroy,TX,,
Eidson Road,TX,39621.0,74600.0
Elbert,TX,,
El Brazil,TX,,
El Camino Angosto,TX,,
El Campo,TX,62667.0,168200.0
El Castillo,TX,,
El Cenizo,TX,31384.0,81100.0
El Cenizo,TX,36389.0,57100.0
El Chaparral,TX,,150900.0
Eldorado,TX,47870.0,90900.0
Electra,TX,44922.0,49100.0
Elgin,TX,85014.0,237600.0
Elias-Fela Solis,TX,,
El Indio,TX,,
Elkhart,TX,61000.0,110300.0
El Lago,TX,99375.0,297400.0
Ellinger,TX,62750.0,205800.0
Elm Creek,TX,64853.0,109100.0
Elmendorf,TX,55313.0,181100.0
El Mesquite,TX,,
Elmo,TX,,124600.0
E. Lopez,TX,,
El Paso,TX,55710.0,159300.0
El Quiote,TX,12153.0,
El Rancho Vela,TX,46989.0,118800.0
El Refugio,TX,44650.0,
Elsa,TX,44505.0,62800.0
El Socio,TX,,
Emerald Bay,TX,86027.0,257200.0
Emhouse,TX,46000.0,86400.0
Emory,TX,38750.0,158500.0
Encantada-Ranchito-El Calaboz,TX,43177.0,66600.0
Enchanted Oaks,TX,94375.0,307500.0
Encinal,TX,49216.0,107300.0
Encino,TX,,
Ennis,TX,73176.0,207100.0
Escobares,TX,29141.0,53400.0
Estelline,TX,,
Eugenio Saenz,TX,28309.0,56100.0
Euless,TX,77403.0,273500.0
Eureka,TX,66250.0,166700.0
Eustace,TX,50642.0,138200.0
Evadale,TX,73750.0,93200.0
Evant,TX,41196.0,83600.0
Evergreen,TX,,
Everman,TX,56420.0,149700.0
Fabens,TX,35785.0,82500.0
Fabrica,TX,35784.0,91400.0
Fairchilds,TX,58603.0,153600.0
Fairfield,TX,48512.0,124600.0
Fair Oaks Ranch,TX,150237.0,579300.0
Fairview,TX,103219.0,516400.0
Falconaire,TX,,
Falcon Heights,TX,,
Falcon Lake Estates,TX,60096.0,145400.0
Falcon Mesa,TX,,
Falcon Village,TX,,
Falfurrias,TX,31275.0,67300.0
Falls City,TX,78750.0,235600.0
Falman,TX,,
Fannett,TX,80238.0,251000.0
Farmers Branch,TX,88282.0,289200.0
Farmersville,TX,,261800.0
Farnsworth,TX,,
Farwell,TX,65625.0,139000.0
Fate,TX,121935.0,342900.0
Fayetteville,TX,63958.0,229500.0
Fernando Salinas,TX,,
Ferris,TX,62036.0,150400.0
Fifth Street,TX,38539.0,19000.0
Flat,TX,,
Flatonia,TX,66477.0,171300.0
Flor del Rio,TX,,
Florence,TX,51875.0,162000.0
Floresville,TX,60556.0,221300.0
Flowella,TX,,
Flower Mound,TX,154471.0,467600.0
Floydada,TX,43938.0,85800.0
Fluvanna,TX,,
Follett,TX,80500.0,101000.0
Forest Heights,TX,38929.0,112900.0
Forest Hill,TX,58713.0,159400.0
Forney,TX,102107.0,278100.0
Forsan,TX,73333.0,
Fort Bliss,TX,57283.0,
Fort Clark Springs,TX,69611.0,130200.0
Fort Davis,TX,,167300.0
Fort Hancock,TX,31471.0,56900.0
Fort Hood,TX,54404.0,
Fort Stockton,TX,65657.0,169400.0
Fort Worth,TX,72726.0,250300.0
Four Corners,TX,68378.0,244700.0
Four Points,TX,,
Fowlerton,TX,,
Franklin,TX,49063.0,156000.0
Frankston,TX,56957.0,91300.0
Fredericksburg,TX,56858.0,416700.0
Freeport,TX,50704.0,112000.0
Freer,TX,64438.0,82600.0
Fresno,TX,88448.0,226000.0
Friendswood,TX,121301.0,361800.0
Friona,TX,67837.0,104400.0
Frisco,TX,144567.0,531400.0
Fritch,TX,74130.0,129300.0
Fronton,TX,49464.0,
Fronton Ranchettes,TX,,
Frost,TX,78000.0,116600.0
Fruitvale,TX,46500.0,180600.0
Fulshear,TX,170602.0,483200.0
Fulton,TX,41900.0,
Gail,TX,110750.0,150000.0
Gainesville,TX,49170.0,120800.0
Galena Park,TX,45614.0,100700.0
Gallatin,TX,78250.0,130400.0
Galveston,TX,57453.0,258300.0
Ganado,TX,55938.0,203000.0
Garceno,TX,,
Garciasville,TX,,
Garden City,TX,134659.0,
Gardendale,TX,96434.0,394600.0
Garden Ridge,TX,156711.0,534300.0
Garfield,TX,54938.0,163400.0
Garland,TX,71044.0,229000.0
Garner,TX,94375.0,444000.0
Garrett,TX,60625.0,122500.0
Garrison,TX,40147.0,85500.0
Garwood,TX,42778.0,226000.0
Gary City,TX,29063.0,137500.0
Garza-Salinas II,TX,,53400.0
Gatesville,TX,46536.0,123400.0
Gause,TX,,
Georgetown,TX,87465.0,361700.0
George West,TX,46705.0,133200.0
Geronimo,TX,65714.0,246300.0
Gholson,TX,71500.0,138200.0
Giddings,TX,63529.0,148300.0
Gilmer,TX,43894.0,159600.0
Girard,TX,,
Gladewater,TX,47749.0,150200.0
Glazier,TX,,
Glenn Heights,TX,87686.0,232400.0
Glen Rose,TX,73804.0,234600.0
Glidden,TX,,24600.0
Godley,TX,56792.0,245300.0
Goldsmith,TX,83077.0,139800.0
Goldthwaite,TX,57022.0,104800.0
Goliad,TX,39138.0,173600.0
Golinda,TX,47159.0,149200.0
Gonzales,TX,58542.0,183700.0
Goodlow,TX,64688.0,68300.0
Goodrich,TX,40446.0,84000.0
Gordon,TX,68466.0,145200.0
Goree,TX,34375.0,
Gorman,TX,24138.0,68000.0
Graford,TX,48068.0,95000.0
Graham,TX,63361.0,142800.0
Granbury,TX,65015.0,249000.0
Grandfalls,TX,42500.0,
Grand Prairie,TX,76626.0,242900.0
Grand Saline,TX,37823.0,88500.0
Grandview,TX,75724.0,186000.0
Granger,TX,58917.0,126200.0
Grangerland,TX,,
Granite Shoals,TX,65101.0,162000.0
Granjeno,TX,30313.0,150700.0
Grape Creek,TX,49191.0,116800.0
Grapeland,TX,44205.0,97700.0
Grapevine,TX,107165.0,431800.0
Grays Prairie,TX,113125.0,268800.0
Green Valley Farms,TX,,68300.0
Greenville,TX,60510.0,170800.0
Gregory,TX,34916.0,98600.0
Grey Forest,TX,122594.0,409800.0
Groesbeck,TX,47500.0,142800.0
Groom,TX,51944.0,98300.0
Groves,TX,64737.0,147500.0
Groveton,TX,38333.0,76400.0
Gruver,TX,60179.0,109000.0
Guadalupe Guerra,TX,,
Guerra,TX,,
Gun Barrel City,TX,63938.0,209100.0
Gunter,TX,106700.0,455900.0
Gustine,TX,49091.0,74100.0
Guthrie,TX,68056.0,
Gutierrez,TX,,
Hackberry,TX,112981.0,344800.0
Hale Center,TX,47130.0,83700.0
Hallettsville,TX,47090.0,108500.0
Hallsburg,TX,61042.0,187500.0
Hallsville,TX,86757.0,181000.0
Haltom City,TX,57649.0,176300.0
Hamilton,TX,46538.0,101200.0
Hamlin,TX,53750.0,53600.0
Hamshire,TX,118412.0,226300.0
Happy,TX,51429.0,65500.0
Hardin,TX,62716.0,119600.0
Harding Gill Tract,TX,,
Hargill,TX,,48800.0
Harker Heights,TX,72258.0,240700.0
Harlingen,TX,50367.0,111600.0
Harper,TX,65375.0,386800.0
Harrold,TX,80000.0,51000.0
Hart,TX,46875.0,53100.0
Hartley,TX,50848.0,172900.0
Harwood,TX,,
Haskell,TX,59333.0,74500.0
Haslet,TX,160481.0,508100.0
Havana,TX,,
Hawk Cove,TX,48281.0,63100.0
Hawkins,TX,66310.0,92300.0
Hawley,TX,56250.0,111400.0
Hays,TX,80625.0,287500.0
H. Cuellar Estates,TX,,
Hearne,TX,32402.0,84100.0
Heartland,TX,85449.0,264900.0
Heath,TX,211522.0,621200.0
Hebbronville,TX,40994.0,122800.0
Hebron,TX,151250.0,430800.0
Hedley,TX,42344.0,37400.0
Hedwig Village,TX,202500.0,1553600.0
Heidelberg,TX,31123.0,58700.0
Helotes,TX,124367.0,358100.0
Hemphill,TX,36250.0,79000.0
Hempstead,TX,54066.0,149300.0
Henderson,TX,55263.0,150000.0
Henrietta,TX,61317.0,128000.0
Hereford,TX,51164.0,103800.0
Hermleigh,TX,50179.0,58300.0
Hewitt,TX,75898.0,233700.0
Hickory Creek,TX,138584.0,436700.0
Hico,TX,44191.0,111600.0
Hidalgo,TX,45919.0,136100.0
Hideaway,TX,88239.0,262800.0
Higgins,TX,65000.0,99000.0
Highland Haven,TX,65278.0,395800.0
Highland Park,TX,249923.0,1678600.0
Highlands,TX,64343.0,176300.0
Highland Village,TX,162879.0,459400.0
Hill Country Village,TX,244000.0,1033700.0
Hillcrest,TX,119688.0,238000.0
Hillsboro,TX,53021.0,99700.0
Hillside Acres,TX,,
Hilltop (Frio County),TX,,
Hilltop (Starr County),TX,,
Hilltop Lakes,TX,96707.0,212000.0
Hilshire Village,TX,225417.0,1021300.0
Hitchcock,TX,75741.0,163500.0
Holiday Beach,TX,95066.0,136800.0
Holiday Lakes,TX,41500.0,78500.0
Holland,TX,53000.0,159100.0
Holliday,TX,61190.0,120600.0
Holly Lake Ranch,TX,65962.0,221400.0
Hollywood Park,TX,137411.0,404000.0
Homestead Meadows North,TX,52031.0,175100.0
Homestead Meadows South,TX,58940.0,124700.0
Hondo,TX,57819.0,178100.0
Honey Grove,TX,43810.0,102400.0
Hooks,TX,52031.0,92800.0
Horizon City,TX,61194.0,139100.0
Hornsby Bend,TX,81775.0,238600.0
Horseshoe Bay,TX,85197.0,441300.0
Horseshoe Bend,TX,,94900.0
Houston,TX,60440.0,235000.0
Howardwick,TX,58047.0,81300.0
Howe,TX,59375.0,141300.0
Hubbard,TX,44063.0,120200.0
Huckabay,TX,80625.0,
Hudson,TX,50149.0,175900.0
Hudson Bend,TX,90179.0,657700.0
Hudson Oaks,TX,125795.0,421100.0
Hughes Springs,TX,53551.0,129700.0
Hull,TX,31944.0,46000.0
Humble,TX,58581.0,176500.0
Hungerford,TX,,
Hunters Creek Village,TX,250001.0,2000001.0
Huntington,TX,46809.0,92600.0
Huntsville,TX,37419.0,207300.0
Hurst,TX,71275.0,261500.0
Hutchins,TX,39929.0,
Hutto,TX,105743.0,279800.0
Huxley,TX,64167.0,94700.0
Iago,TX,,
Idalou,TX,62200.0,158700.0
Iglesia Antigua,TX,148203.0,60300.0
Impact,TX,,
Imperial,TX,105769.0,
Indian Hills,TX,26557.0,50700.0
Indian Lake,TX,24000.0,60800.0
Indian Springs,TX,65292.0,83700.0
Indio,TX,,
Industry,TX,82778.0,273900.0
Inez,TX,83438.0,277800.0
Ingleside,TX,73191.0,169200.0
Ingleside on the Bay,TX,81875.0,272300.0
Ingram,TX,46051.0,158900.0
Iola,TX,,128600.0
Iowa Colony,TX,110000.0,312500.0
Iowa Park,TX,61667.0,117100.0
Iraan,TX,54453.0,175800.0
Iredell,TX,39583.0,59700.0
Irving,TX,76686.0,259500.0
Italy,TX,55650.0,131500.0
Itasca,TX,58098.0,88900.0
Ivanhoe,TX,38500.0,94900.0
Jacinto City,TX,58333.0,120100.0
Jacksboro,TX,38774.0,97600.0
Jacksonville,TX,49750.0,111500.0
Jamaica Beach,TX,86923.0,300500.0
Jardin de San Julian,TX,,
Jarrell,TX,103017.0,294900.0
Jasper,TX,38796.0,97800.0
Jayton,TX,68651.0,76100.0
Jefferson,TX,47524.0,128800.0
Jersey Village,TX,88101.0,330100.0
Jewett,TX,48681.0,150500.0
J.F. Villareal,TX,,
Joaquin,TX,30250.0,49800.0
Johnson City,TX,45160.0,228000.0
Jolly,TX,81250.0,178800.0
Jones Creek,TX,71136.0,153600.0
Jonestown,TX,112841.0,406100.0
Josephine,TX,80648.0,234000.0
Joshua,TX,66183.0,272200.0
Jourdanton,TX,74185.0,143500.0
Juarez,TX,74475.0,47300.0
Junction,TX,55110.0,140200.0
Justin,TX,89932.0,322400.0
Karnes City,TX,57311.0,94800.0
Katy,TX,114917.0,359800.0
Kaufman,TX,55349.0,151000.0
K-Bar Ranch,TX,,29100.0
Keene,TX,53701.0,205700.0
Keller,TX,162094.0,484200.0
Kemah,TX,93021.0,271200.0
Kemp,TX,55650.0,133600.0
Kempner,TX,67204.0,180500.0
Kendleton,TX,42679.0,103900.0
Kenedy,TX,,127800.0
Kenefick,TX,78929.0,133600.0
Kennard,TX,50781.0,91300.0
Kennedale,TX,112646.0,336200.0
Kerens,TX,44444.0,125000.0
Kermit,TX,84931.0,105300.0
Kerrville,TX,58797.0,258000.0
Kilgore,TX,58439.0,146300.0
Killeen,TX,57086.0,175400.0
Kingsbury,TX,75956.0,
Kingsland,TX,54366.0,222200.0
Kingsville,TX,50963.0,118900.0
Kirby,TX,58880.0,144300.0
Kirbyville,TX,30152.0,84000.0
Kirvin,TX,56875.0,110900.0
Knippa,TX,70197.0,154200.0
Knollwood,TX,47000.0,40700.0
Knox City,TX,37368.0,49800.0
Kopperl,TX,105500.0,76300.0
Kosse,TX,60833.0,101200.0
Kountze,TX,52226.0,110900.0
Kress,TX,47930.0,78300.0
Krugerville,TX,122500.0,348500.0
Krum,TX,105366.0,241500.0
Kurten,TX,61354.0,172100.0
Kyle,TX,85199.0,271000.0
La Blanca,TX,47563.0,71000.0
La Carla,TX,,
La Casita,TX,,
La Chuparosa,TX,,
Lackland AFB,TX,98828.0,
La Coma,TX,,
La Coma Heights,TX,41292.0,
LaCoste,TX,69583.0,70600.0
Lacy-Lakeview,TX,46311.0,137200.0
Ladonia,TX,51875.0,68800.0
La Escondida,TX,,106500.0
La Esperanza,TX,18833.0,
La Feria,TX,38656.0,94900.0
La Feria North,TX,,193800.0
Lago,TX,,
Lago Vista,TX,,
Lago Vista,TX,108823.0,363200.0
La Grange,TX,53191.0,265400.0
La Grulla,TX,38611.0,43500.0
Laguna Heights,TX,29178.0,94100.0
Laguna Park,TX,71959.0,171500.0
Laguna Seca,TX,71750.0,70800.0
Laguna Vista,TX,60833.0,248700.0
La Homa,TX,38365.0,87300.0
La Joya,TX,51412.0,100700.0
Lake Bridgeport,TX,66875.0,227100.0
Lake Brownwood,TX,74737.0,110300.0
Lake Bryan,TX,71840.0,94400.0
Lake Cherokee,TX,87361.0,312800.0
Lake City,TX,50625.0,86900.0
Lake Colorado City,TX,65000.0,90200.0
Lake Dallas,TX,72386.0,230500.0
Lake Dunlap,TX,101667.0,236200.0
Lakehills,TX,77356.0,225100.0
Lake Jackson,TX,89215.0,238000.0
Lake Kiowa,TX,107414.0,395200.0
Lake Medina Shores,TX,56200.0,132000.0
Lake Meredith Estates,TX,62941.0,
Lakeport,TX,61607.0,116100.0
Lakeshore Gardens-Hidden Acres,TX,,186800.0
Lakeside (San Patricio County),TX,51875.0,137500.0
Lakeside (Tarrant County),TX,94375.0,297700.0
Lakeside City,TX,99265.0,226500.0
Lake Tanglewood,TX,140833.0,625000.0
Lakeview,TX,39375.0,
Lake View,TX,,165500.0
Lakeway,TX,154118.0,636700.0
Lakewood Village,TX,168750.0,416700.0
Lake Worth,TX,82114.0,188600.0
La Loma de Falcon,TX,,
Lamar,TX,60245.0,290300.0
La Marque,TX,61403.0,175000.0
Lamesa,TX,39434.0,87600.0
La Minita,TX,166118.0,
Lamkin,TX,,
La Moca Ranch,TX,,
Lampasas,TX,57270.0,174800.0
Lancaster,TX,65323.0,198000.0
Lantana,TX,205412.0,482700.0
La Paloma,TX,56893.0,77300.0
La Paloma Addition,TX,,
La Paloma-Lost Creek,TX,2499.0,259600.0
La Paloma Ranchettes,TX,,
La Porte,TX,79193.0,196500.0
La Presa,TX,50505.0,
La Pryor,TX,37250.0,67400.0
La Puerta,TX,,88000.0
Laredo,TX,60928.0,164400.0
Laredo Ranchettes,TX,,
Laredo Ranchettes West,TX,,
La Rosita,TX,,
Lasana,TX,,
Lasara,TX,27500.0,95000.0
Las Haciendas,TX,,
Las Lomas,TX,26964.0,81800.0
Las Lomitas,TX,,119300.0
Las Palmas,TX,,
Las Palmas II,TX,,
Las Pilas,TX,,
Las Quintas Fronterizas,TX,31281.0,105000.0
Latexo,TX,47604.0,66900.0
La Tina Ranch,TX,22000.0,136100.0
Laughlin AFB,TX,62333.0,
Laureles,TX,43500.0,87300.0
La Vernia,TX,74167.0,231800.0
La Victoria,TX,,
La Villa,TX,59167.0,107000.0
Lavon,TX,122889.0,316700.0
La Ward,TX,68750.0,50400.0
Lawn,TX,45625.0,58900.0
League City,TX,117316.0,312500.0
Leakey,TX,,211400.0
Leander,TX,129684.0,412000.0
Leary,TX,52292.0,141300.0
Lefors,TX,51042.0,33600.0
Lelia Lake,TX,110833.0,
Leming,TX,93155.0,158900.0
Leona,TX,,158200.0
Leonard,TX,52346.0,147000.0
Leon Valley,TX,58784.0,215800.0
Leroy,TX,79500.0,179200.0
Levelland,TX,50707.0,125800.0
Lewisville,TX,82006.0,328300.0
Lexington,TX,60227.0,172700.0
Liberty,TX,57962.0,145000.0
Liberty City,TX,64153.0,163800.0
Liberty Hill,TX,93198.0,318200.0
Lindale,TX,79557.0,221000.0
Linden,TX,42750.0,106200.0
Lindsay,TX,101944.0,296600.0
Lindsay,TX,81653.0,114600.0
Lingleville,TX,74688.0,116700.0
Linn,TX,65333.0,56700.0
Lipan,TX,66875.0,154500.0
Lipscomb,TX,,
Little Cypress,TX,75000.0,159900.0
Little Elm,TX,110218.0,360600.0
Littlefield,TX,48962.0,75100.0
Little River-Academy,TX,73125.0,158700.0
Live Oak,TX,74326.0,212800.0
Liverpool,TX,49750.0,153400.0
Livingston,TX,47952.0,148900.0
Llano,TX,46404.0,164700.0
Llano Grande,TX,36615.0,64800.0
Lockett,TX,,
Lockhart,TX,68270.0,194900.0
Lockney,TX,52500.0,76100.0
Log Cabin,TX,58750.0,
Lolita,TX,,
Loma Grande,TX,,
Loma Linda,TX,,282100.0
Loma Linda East (Jim Wells County),TX,,
Loma Linda East (Starr County),TX,,
Loma Linda West,TX,,
Loma Vista,TX,,
Lometa,TX,39333.0,83800.0
Lone Oak,TX,62344.0,132600.0
Lone Star,TX,41806.0,129000.0
Longoria,TX,,
Longview,TX,61003.0,170000.0
Loop,TX,,
Lopeño,TX,,
Lopezville,TX,36049.0,65400.0
Loraine,TX,39079.0,58400.0
Lorena,TX,90982.0,241400.0
Lorenzo,TX,29485.0,79400.0
Los Altos,TX,,
Los Alvarez,TX,8862.0,113200.0
Los Angeles,TX,,
Los Arcos,TX,,
Los Arrieros,TX,,
Los Barreras,TX,,51000.0
Los Centenarios,TX,,
Los Corralitos,TX,,
Los Ebanos (Hidalgo County),TX,,
Los Ebanos (Starr County),TX,,
Los Fresnos,TX,39536.0,119900.0
Los Fresnos,TX,,
Los Huisaches,TX,,
Los Indios,TX,37870.0,47100.0
Los Lobos,TX,,
Los Minerales,TX,,
Los Nopalitos,TX,,
Lost Creek,TX,149868.0,1183200.0
Los Veteranos I,TX,,
Los Veteranos II,TX,,
Los Ybanez,TX,,
Lott,TX,46354.0,35500.0
Louise,TX,59043.0,
Lovelady,TX,40714.0,105800.0
Loving,TX,85208.0,201800.0
Lowry Crossing,TX,108000.0,323700.0
Lozano,TX,,
Lubbock,TX,58734.0,181600.0
Lucas,TX,205288.0,792000.0
Lueders,TX,,28400.0
Lufkin,TX,57938.0,144400.0
Luling,TX,59773.0,185000.0
Lumberton,TX,99066.0,238900.0
Lyford,TX,39300.0,59300.0
Lyons,TX,,427500.0
Lytle,TX,51875.0,116000.0
Mabank,TX,51938.0,218800.0
McAllen,TX,56326.0,158700.0
McCamey,TX,44492.0,82800.0
McCaulley,TX,,
McDade,TX,46875.0,271400.0
Macdona,TX,70341.0,
McGregor,TX,69677.0,149700.0
McKinney,TX,113286.0,400400.0
McKinney Acres,TX,61401.0,100900.0
McLean,TX,58269.0,53100.0
McLendon-Chisholm,TX,167750.0,569800.0
McLeod,TX,,112500.0
McQueeney,TX,93750.0,207900.0
Madisonville,TX,62135.0,98200.0
Magnolia,TX,59922.0,239800.0
Magnolia Beach,TX,190880.0,290200.0
Malakoff,TX,50244.0,88800.0
Malone,TX,36875.0,93800.0
Manchaca,TX,124491.0,507500.0
Manor,TX,96657.0,289000.0
Mansfield,TX,112465.0,354100.0
Manuel Garcia,TX,,
Manuel Garcia II,TX,,
Manvel,TX,105188.0,300200.0
Marathon,TX,42843.0,115300.0
Marble Falls,TX,53789.0,264100.0
Marfa,TX,30669.0,194900.0
Marietta,TX,48125.0,95600.0
Marion,TX,63750.0,121200.0
Markham,TX,59410.0,120000.0
Marlin,TX,31240.0,78200.0
Marquez,TX,86250.0,
Marshall,TX,49162.0,125300.0
Mart,TX,50652.0,97400.0
Martindale,TX,79539.0,263500.0
Martinez,TX,,
Mason,TX,61797.0,144900.0
Matador,TX,70132.0,90000.0
Matagorda,TX,,143600.0
Mathis,TX,37620.0,72700.0
Maud,TX,55667.0,80700.0
Mauriceville,TX,68190.0,180500.0
May,TX,,84000.0
Maypearl,TX,77727.0,234700.0
Meadow,TX,58125.0,103400.0
Meadowlakes,TX,71316.0,326900.0
Meadows Place,TX,78396.0,233300.0
Medina,TX,24566.0,54500.0
Megargel,TX,75000.0,
Melissa,TX,138465.0,371800.0
Melvin,TX,44875.0,40000.0
Memphis,TX,43901.0,71700.0
Menard,TX,37601.0,58900.0
Mentone,TX,172500.0,
Mercedes,TX,43243.0,102100.0
Meridian,TX,56495.0,110700.0
Merkel,TX,67159.0,95400.0
Mertens,TX,41771.0,83100.0
Mertzon,TX,54457.0,124000.0
Mesquite,TX,69649.0,208800.0
Mesquite,TX,,128100.0
Mexia,TX,33239.0,84200.0
Miami,TX,62500.0,96400.0
Midfield,TX,,
Midland,TX,90448.0,280700.0
Midlothian,TX,119323.0,332500.0
Midway,TX,57500.0,92300.0
Midway North,TX,51648.0,122500.0
Midway South,TX,85326.0,103900.0
Miguel Barrera,TX,,
Mikes,TX,,107000.0
Mila Doce,TX,39247.0,56800.0
Milam,TX,43011.0,136600.0
Milano,TX,68003.0,71300.0
Mildred,TX,77500.0,115600.0
Miles,TX,59306.0,93900.0
Milford,TX,,120800.0
Miller's Cove,TX,29583.0,
Millsap,TX,55000.0,142900.0
Mineola,TX,42147.0,115300.0
Mineral Wells,TX,58529.0,131100.0
Mingus,TX,46250.0,59100.0
Mi Ranchito Estate,TX,250001.0,231000.0
Mirando City,TX,,
Mission,TX,56421.0,147600.0
Mission Bend,TX,66422.0,198000.0
Missouri City,TX,97211.0,268200.0
Mobeetie,TX,58906.0,
Mobile City,TX,,17000.0
Monahans,TX,75425.0,132200.0
Montague,TX,51875.0,140400.0
Mont Belvieu,TX,132010.0,366500.0
Monte Alto,TX,41115.0,82900.0
Montgomery,TX,80265.0,354200.0
Moody,TX,57500.0,114400.0
Moore,TX,,
Moore Station,TX,47500.0,154500.0
Moraida,TX,,
Morales-Sanchez,TX,,
Moran,TX,41875.0,37000.0
Morgan,TX,50104.0,77100.0
Morgan Farm,TX,42321.0,
Morgan's Point,TX,98594.0,583300.0
Morgan's Point Resort,TX,77000.0,192300.0
Morning Glory,TX,52135.0,86900.0
Morse,TX,61875.0,103100.0
Morton,TX,37604.0,32500.0
Mosheim,TX,,
Moulton,TX,55045.0,144400.0
Mound,TX,70345.0,
Mountain City,TX,133750.0,389200.0
Mount Calm,TX,47083.0,92600.0
Mount Enterprise,TX,55156.0,123100.0
Mount Pleasant,TX,51689.0,139900.0
Mount Vernon,TX,63750.0,176300.0
Muenster,TX,91063.0,216800.0
Muleshoe,TX,76618.0,112600.0
Mullin,TX,33500.0,79200.0
Munday,TX,56250.0,43900.0
Muniz,TX,,97900.0
Murchison,TX,52841.0,109500.0
Murillo,TX,68739.0,126400.0
Murphy,TX,152847.0,458400.0
Mustang,TX,,
Mustang Ridge,TX,90605.0,227900.0
Myra,TX,64837.0,99400.0
Myrtle Springs,TX,41170.0,162500.0
Nacogdoches,TX,37612.0,161000.0
Nada,TX,43611.0,135000.0
Naples,TX,41042.0,95000.0
Narciso Pena,TX,,
Nash,TX,36804.0,142800.0
Nassau Bay,TX,74542.0,328300.0
Natalia,TX,58177.0,134700.0
Navarro,TX,,90000.0
Navasota,TX,47793.0,154200.0
Nazareth,TX,67955.0,154200.0
Neches,TX,75682.0,
Nederland,TX,73706.0,174600.0
Needville,TX,67875.0,203000.0
Nesbitt,TX,,
Netos,TX,,
Nevada,TX,130625.0,366200.0
Newark,TX,51607.0,95000.0
New Berlin,TX,117841.0,367600.0
New Boston,TX,59030.0,92500.0
New Braunfels,TX,85827.0,290800.0
Newcastle,TX,55625.0,45200.0
New Chapel Hill,TX,58304.0,141800.0
New Deal,TX,76964.0,73800.0
New Fairview,TX,91250.0,243200.0
New Falcon,TX,,
New Home,TX,52083.0,131300.0
New Hope,TX,76000.0,365300.0
New London,TX,49688.0,155800.0
New Summerfield,TX,63897.0,72200.0
Newton,TX,41413.0,100200.0
New Ulm,TX,86902.0,
New Waverly,TX,45799.0,160400.0
Neylandville,TX,46250.0,
Niederwald,TX,48636.0,193800.0
Nina,TX,40754.0,
Nixon,TX,64957.0,80000.0
Nocona,TX,42104.0,98500.0
Nocona Hills,TX,76667.0,122400.0
Nolanville,TX,66295.0,168300.0
Nome,TX,60000.0,187500.0
Noonday,TX,59500.0,224600.0
Nordheim,TX,37656.0,56700.0
Normandy,TX,,
Normangee,TX,44621.0,160500.0
Normanna,TX,,86700.0
North Alamo,TX,50935.0,67100.0
North Cleveland,TX,94167.0,146200.0
North Escobares,TX,,
Northlake,TX,105962.0,455900.0
North Pearsall,TX,88333.0,
North Richland Hills,TX,88656.0,301200.0
North San Pedro,TX,68059.0,59900.0
Novice,TX,,32500.0
Oak Grove,TX,107500.0,244300.0
Oakhurst,TX,,
Oak Island,TX,,425800.0
Oak Leaf,TX,151375.0,319900.0
Oak Point,TX,104120.0,357000.0
Oak Ridge (Cooke County),TX,48478.0,
Oak Ridge (Kaufman County),TX,113214.0,272300.0
Oak Ridge North,TX,106944.0,265300.0
Oak Trail Shores,TX,31768.0,78500.0
Oak Valley,TX,77000.0,108000.0
Oakwood,TX,65000.0,103100.0
O'Brien,TX,43333.0,
Odem,TX,47059.0,113500.0
Odessa,TX,71293.0,193500.0
O'Donnell,TX,50391.0,55700.0
Oglesby,TX,51339.0,96600.0
Oilton,TX,39063.0,75000.0
Oklaunion,TX,78250.0,37000.0
Old River-Winfree,TX,77813.0,115700.0
Olivarez,TX,61740.0,68600.0
Olivia Lopez de Gutierrez,TX,,
Olmito,TX,37950.0,85000.0
Olmito and Olmito,TX,41944.0,
Olmos Park,TX,179500.0,845400.0
Olney,TX,39770.0,86900.0
Olton,TX,57250.0,78900.0
Omaha,TX,55385.0,105900.0
Onalaska,TX,56168.0,83800.0
Opdyke West,TX,48654.0,24400.0
Orange,TX,58756.0,140200.0
Orange Grove,TX,55391.0,113100.0
Orason,TX,68052.0,
Orchard,TX,41750.0,150000.0
Ore City,TX,41339.0,88200.0
Overton,TX,53250.0,104100.0
Ovilla,TX,109130.0,349100.0
Owl Ranch,TX,,
Oyster Creek,TX,38750.0,163600.0
Ozona,TX,60288.0,143500.0
Pablo Pena,TX,,
Paducah,TX,33250.0,47400.0
Paige,TX,,199500.0
Paint Rock,TX,63365.0,52800.0
Paisano Park,TX,,
Palacios,TX,59469.0,173700.0
Palestine,TX,43759.0,125600.0
Palisades,TX,69100.0,190400.0
Palmer,TX,81310.0,145300.0
Palmer,TX,50338.0,52500.0
Palmhurst,TX,80707.0,313000.0
Palm Valley,TX,69773.0,268400.0
Palmview,TX,41483.0,90600.0
Palmview South,TX,,67000.0
Palo Blanco,TX,,
Paloma Creek,TX,89279.0,273100.0
Paloma Creek South,TX,133019.0,304800.0
Palo Pinto,TX,,
Pampa,TX,52966.0,91300.0
Panhandle,TX,83867.0,135400.0
Panorama Village,TX,74107.0,238200.0
Pantego,TX,84125.0,320400.0
Paradise,TX,54167.0,185200.0
Paris,TX,44022.0,114600.0
Parker,TX,202727.0,792900.0
Pasadena,TX,64698.0,171600.0
Pattison,TX,80000.0,302900.0
Patton Village,TX,71691.0,107600.0
Pawnee,TX,46406.0,
Payne Springs,TX,42500.0,160700.0
Pearland,TX,111123.0,311100.0
Pearsall,TX,41761.0,93800.0
Pecan Acres,TX,119231.0,500400.0
Pecan Gap,TX,79583.0,207900.0
Pecan Grove,TX,135420.0,332900.0
Pecan Hill,TX,101705.0,255000.0
Pecan Plantation,TX,97100.0,345000.0
Pelican Bay,TX,49657.0,116800.0
Pena,TX,,
Pendleton,TX,,228100.0
Penelope,TX,55000.0,
Penitas,TX,50110.0,158700.0
Perezville,TX,45556.0,94800.0
Perrin,TX,46406.0,77500.0
Perryton,TX,61067.0,112600.0
Petersburg,TX,39196.0,60300.0
Petrolia,TX,43750.0,81000.0
Petronila,TX,,
Pettus,TX,65833.0,116700.0
Petty,TX,97702.0,
Pflugerville,TX,111151.0,321200.0
Pharr,TX,45016.0,98300.0
Pilot Point,TX,68676.0,230100.0
Pinebrook,TX,18882.0,339900.0
Pine Forest,TX,108333.0,126900.0
Pine Harbor,TX,41042.0,72500.0
Pinehurst,TX,56032.0,169100.0
Pinehurst,TX,49125.0,148400.0
Pine Island,TX,49784.0,347000.0
Pineland,TX,29722.0,74700.0
Pinewood Estates,TX,135144.0,291500.0
Piney Point Village,TX,250001.0,2000001.0
Pittsburg,TX,46885.0,125600.0
Placedo,TX,22395.0,44100.0
Plains,TX,71776.0,106300.0
Plainview,TX,46274.0,96400.0
Plano,TX,105679.0,412500.0
Plantersville,TX,86667.0,137500.0
Pleak,TX,67594.0,268900.0
Pleasant Hill,TX,50147.0,72500.0
Pleasanton,TX,70685.0,177800.0
Pleasant Valley,TX,82500.0,137500.0
Plum,TX,68393.0,308600.0
Plum Grove,TX,61982.0,153300.0
Poetry,TX,121413.0,245000.0
Point,TX,45625.0,76000.0
Point Blank,TX,58942.0,150700.0
Point Comfort,TX,90625.0,98300.0
Point Venture,TX,112250.0,388500.0
Ponder,TX,98227.0,253400.0
Port Aransas,TX,69063.0,462600.0
Port Arthur,TX,45357.0,91500.0
Porter Heights,TX,,195900.0
Port Isabel,TX,42601.0,155900.0
Portland,TX,83493.0,218200.0
Port Lavaca,TX,58871.0,114700.0
Port Mansfield,TX,23523.0,208700.0
Port Neches,TX,85086.0,223500.0
Port O'Connor,TX,91150.0,256600.0
Post,TX,44701.0,55900.0
Post Oak Bend City,TX,90938.0,348600.0
Poteet,TX,58214.0,109300.0
Poth,TX,69917.0,181300.0
Potosi,TX,112598.0,259900.0
Pottsboro,TX,75938.0,220200.0
Powderly,TX,81402.0,173300.0
Powell,TX,49375.0,109200.0
Poynor,TX,68750.0,144600.0
Prado Verde,TX,250001.0,338500.0
Praesel,TX,90536.0,270000.0
Prairie View,TX,19238.0,209000.0
Premont,TX,46245.0,80700.0
Presidio,TX,22917.0,84800.0
Preston,TX,57801.0,149600.0
Priddy,TX,51406.0,92500.0
Primera,TX,61108.0,115700.0
Princeton,TX,93586.0,275200.0
Proctor,TX,,
Progreso,TX,38686.0,59600.0
Progreso Lakes,TX,,259400.0
Prosper,TX,178224.0,621200.0
Providence Village,TX,101654.0,279200.0
Pueblo East,TX,,
Pueblo Nuevo,TX,,134300.0
Putnam,TX,56750.0,67000.0
Pyote,TX,,192500.0
Quail,TX,,
Quail Creek,TX,75556.0,162600.0
Quanah,TX,51050.0,64100.0
Queen City,TX,40156.0,96600.0
Quemado,TX,,
Quesada,TX,,
Quinlan,TX,38151.0,161700.0
Quintana,TX,,
Quitaque,TX,51667.0,68000.0
Quitman,TX,58924.0,152400.0
Radar Base,TX,,
Rafael Pena,TX,,
Ralls,TX,51767.0,61200.0
Ramireno,TX,,
Ramirez-Perez,TX,,
Ramos,TX,,
Ranchette Estates,TX,,
Ranchitos del Norte,TX,,
Ranchitos East,TX,,
Ranchitos Las Lomas,TX,,239200.0
Rancho Alegre,TX,18289.0,28700.0
Rancho Banquete,TX,,
Rancho Chico,TX,,
Ranchos Penitas West,TX,83167.0,
Rancho Viejo,TX,88304.0,226300.0
Rancho Viejo,TX,,
Randolph AFB,TX,127625.0,
Ranger,TX,30344.0,46500.0
Rangerville,TX,24324.0,54300.0
Rankin,TX,69261.0,120700.0
Ransom Canyon,TX,120156.0,314400.0
Ratamosa,TX,64313.0,
Ravenna,TX,82596.0,83000.0
Raymondville,TX,42109.0,53300.0
Realitos,TX,109750.0,101300.0
Redfield,TX,89000.0,
Redford,TX,,
Redland,TX,33689.0,125200.0
Red Lick,TX,135750.0,286100.0
Red Oak,TX,105309.0,284800.0
Red Rock,TX,45046.0,164600.0
Redwater,TX,56591.0,89700.0
Redwood,TX,69132.0,145300.0
Refugio,TX,46458.0,83300.0
Regino Ramirez,TX,,
Reid Hope King,TX,79894.0,100200.0
Reklaw,TX,63750.0,89100.0
Relampago,TX,90125.0,
Rendon,TX,98062.0,316700.0
Reno (Lamar County),TX,62284.0,202400.0
Reno (Parker and Tarrant Counties),TX,76027.0,199600.0
Retreat,TX,97917.0,169500.0
Rhome,TX,85625.0,217100.0
Ricardo,TX,61282.0,190600.0
Rice,TX,72969.0,118900.0
Rice Tracts,TX,131458.0,272000.0
Richards,TX,,154900.0
Richardson,TX,94362.0,379800.0
Richland,TX,54063.0,51400.0
Richland Hills,TX,73601.0,206200.0
Richland Springs,TX,23563.0,77800.0
Richmond,TX,51832.0,193700.0
Richwood,TX,75500.0,222000.0
Riesel,TX,106216.0,130500.0
Ringgold,TX,44375.0,67500.0
Rio Bravo,TX,36560.0,69700.0
Rio Grande City,TX,44307.0,109900.0
Rio Hondo,TX,58487.0,97700.0
Rio Vista,TX,68078.0,167800.0
Rising Star,TX,32697.0,33500.0
Rivereno,TX,,
River Oaks,TX,66754.0,171800.0
Riverside,TX,66607.0,207500.0
Riviera,TX,67069.0,94200.0
Road Runner,TX,41820.0,
Roanoke,TX,113171.0,404600.0
Roaring Springs,TX,36071.0,37500.0
Robert Lee,TX,31219.0,54900.0
Robinson,TX,93148.0,245800.0
Robstown,TX,35417.0,81000.0
Roby,TX,54267.0,54600.0
Rochelle,TX,82969.0,59400.0
Rochester,TX,48438.0,14300.0
Rockdale,TX,39911.0,133300.0
Rock Island,TX,48370.0,147600.0
Rockport,TX,62394.0,249000.0
Rocksprings,TX,41176.0,55700.0
Rockwall,TX,114799.0,355000.0
Rockwell Place,TX,56740.0,109700.0
Rocky Mound,TX,37500.0,54400.0
Rogers,TX,69866.0,77800.0
Rollingwood,TX,231875.0,1704500.0
Roma,TX,26951.0,77400.0
Roman Forest,TX,117652.0,277900.0
Ropesville,TX,65179.0,
Rosanky,TX,99448.0,232400.0
Roscoe,TX,44375.0,64200.0
Rosebud,TX,38036.0,73500.0
Rose City,TX,35469.0,75000.0
Rose Hill Acres,TX,86250.0,213000.0
Rosenberg,TX,66046.0,208400.0
Rosharon,TX,83708.0,206900.0
Rosita,TX,54432.0,120700.0
Ross,TX,61250.0,250000.0
Rosser,TX,88214.0,125000.0
Rotan,TX,39861.0,54300.0
Round Mountain,TX,69583.0,
Round Rock,TX,91888.0,337500.0
Round Top,TX,155000.0,783300.0
Rowena,TX,53977.0,132600.0
Rowlett,TX,110954.0,300500.0
Roxton,TX,57292.0,103100.0
Royse City,TX,114917.0,275700.0
Rule,TX,26797.0,44500.0
Runaway Bay,TX,91719.0,236100.0
Runge,TX,36638.0,80400.0
Rusk,TX,68611.0,94100.0
Sabinal,TX,28419.0,76300.0
Sachse,TX,127888.0,328500.0
Sadler,TX,48625.0,102800.0
Saginaw,TX,99752.0,245100.0
St. Hedwig,TX,113173.0,278300.0
St. Jo,TX,75125.0,130700.0
St. Paul,TX,146250.0,433300.0
St. Paul,TX,,51300.0
Salado,TX,89348.0,365200.0
Salida del Sol Estates,TX,20613.0,66500.0
Salineño,TX,37632.0,
Salineño North,TX,,
Sammy Martinez,TX,53790.0,13700.0
Samnorwood,TX,,
Sam Rayburn,TX,71190.0,212900.0
San Angelo,TX,65040.0,171700.0
San Antonio,TX,59593.0,198000.0
San Augustine,TX,24628.0,75000.0
San Benito,TX,38100.0,79000.0
San Carlos,TX,38348.0,71900.0
San Carlos I,TX,,
San Carlos II,TX,2499.0,
Sanctuary,TX,108750.0,221100.0
Sanderson,TX,54219.0,104400.0
Sandia,TX,,
San Diego,TX,46620.0,63300.0
Sandoval,TX,,
Sand Springs,TX,43125.0,96200.0
Sandy Hollow-Escondidas,TX,,
Sandy Oaks,TX,51949.0,107900.0
Sandy Point,TX,80625.0,166700.0
San Elizario,TX,46486.0,93800.0
San Felipe,TX,54013.0,202000.0
San Fernando,TX,,
Sanford,TX,38438.0,
Sanger,TX,86083.0,257000.0
San Isidro,TX,40492.0,
San Juan,TX,51497.0,108300.0
San Juan,TX,,
San Leanna,TX,100000.0,457500.0
San Leon,TX,74818.0,172100.0
San Marcos,TX,47394.0,248300.0
San Patricio,TX,61875.0,98300.0
San Pedro,TX,39904.0,42000.0
San Perlita,TX,30156.0,46100.0
San Saba,TX,43224.0,105600.0
Sansom Park,TX,54909.0,133800.0
Santa Anna,TX,43977.0,54400.0
Santa Anna,TX,,
Santa Clara,TX,85625.0,280400.0
Santa Cruz,TX,68854.0,
Santa Fe,TX,91209.0,251300.0
Santa Maria,TX,30156.0,34800.0
Santa Monica,TX,,
Santa Rita Ranch,TX,160181.0,455100.0
Santa Rosa,TX,27973.0,61400.0
Santa Rosa,TX,39412.0,
Santel,TX,,
Santo,TX,69356.0,135500.0
San Ygnacio,TX,82917.0,71000.0
Sargent,TX,49512.0,170800.0
Sarita,TX,45455.0,
Savannah,TX,119000.0,340200.0
Savoy,TX,54833.0,132700.0
Scenic Oaks,TX,182063.0,489400.0
Schertz,TX,94173.0,272600.0
Schulenburg,TX,49969.0,123800.0
Scissors,TX,28522.0,49100.0
Scotland,TX,81667.0,127700.0
Scottsville,TX,47500.0,139800.0
Scurry,TX,90750.0,245000.0
Seabrook,TX,96223.0,305300.0
Seadrift,TX,46701.0,111400.0
Seagoville,TX,65300.0,193400.0
Seagraves,TX,49049.0,59400.0
Sealy,TX,60313.0,189600.0
Sebastian,TX,23099.0,55000.0
Seco Mines,TX,43226.0,85900.0
Seguin,TX,58165.0,190600.0
Seis Lagos,TX,187702.0,578000.0
Selma,TX,95692.0,262000.0
Seminole,TX,73074.0,147800.0
Serenada,TX,84792.0,446800.0
Seth Ward,TX,53000.0,47300.0
Seven Oaks,TX,55991.0,156300.0
Seven Points,TX,41599.0,93700.0
Seymour,TX,53077.0,91800.0
Shadybrook,TX,64798.0,
Shady Hollow,TX,159904.0,550500.0
Shady Shores,TX,149333.0,436700.0
Shallowater,TX,71572.0,202200.0
Shamrock,TX,39333.0,84100.0
Shavano Park,TX,187750.0,760400.0
Sheffield,TX,,
Shelbyville,TX,,
Sheldon,TX,70285.0,139700.0
Shenandoah,TX,,332900.0
Shepherd,TX,47094.0,96100.0
Sheridan,TX,54688.0,96700.0
Sherman,TX,58020.0,197400.0
Sherwood Shores,TX,31250.0,91300.0
Shiner,TX,90119.0,198800.0
Shiro,TX,46563.0,
Shoreacres,TX,147721.0,276500.0
Sienna,TX,163241.0,429900.0
Sierra Blanca,TX,56563.0,
Siesta Acres,TX,55268.0,116000.0
Siesta Shores,TX,34733.0,68500.0
Silsbee,TX,58641.0,131400.0
Silverton,TX,34850.0,71500.0
Simonton,TX,127857.0,315100.0
Sinton,TX,46411.0,99800.0
Skellytown,TX,42778.0,45600.0
Skidmore,TX,41094.0,47500.0
Slaton,TX,54278.0,84100.0
Smiley,TX,33438.0,81400.0
Smithville,TX,56627.0,222200.0
Smyer,TX,36875.0,59000.0
Snook,TX,76576.0,162500.0
Snyder,TX,54915.0,105000.0
Socorro,TX,47649.0,115500.0
Solis,TX,70094.0,
Somerset,TX,73217.0,157200.0
Somerville,TX,59394.0,124600.0
Sonora,TX,53400.0,117500.0
Sonterra,TX,83952.0,238800.0
Sour Lake,TX,65515.0,127900.0
South Alamo,TX,35742.0,67900.0
South Fork Estates,TX,,
South Frydek,TX,116250.0,339600.0
South Houston,TX,51006.0,146000.0
Southlake,TX,250001.0,854900.0
South La Paloma,TX,42785.0,36300.0
Southmayd,TX,83125.0,129000.0
South Mountain,TX,59375.0,139300.0
South Padre Island,TX,62557.0,389400.0
South Point,TX,40703.0,92500.0
Southside Place,TX,187019.0,1664900.0
South Toledo Bend,TX,62750.0,133300.0
Southwest Sandhill,TX,68958.0,126500.0
Spade,TX,,
Sparks,TX,30848.0,85700.0
Spearman,TX,62601.0,89900.0
Splendora,TX,64361.0,178900.0
Spofford,TX,70000.0,
Spring,TX,83754.0,198300.0
Spring Branch,TX,152750.0,
Spring Gardens,TX,39821.0,121300.0
Springlake,TX,,
Springtown,TX,69500.0,197400.0
Spring Valley Village,TX,229702.0,1056000.0
Spur,TX,37414.0,57200.0
Stafford,TX,87245.0,227800.0
Stagecoach,TX,109107.0,361200.0
Stamford,TX,43750.0,70400.0
Stanton,TX,70543.0,104100.0
Staples,TX,82768.0,215600.0
Star Harbor,TX,108500.0,303400.0
Steiner Ranch,TX,188405.0,655300.0
Stephenville,TX,48088.0,201000.0
Sterling City,TX,64471.0,107600.0
Stinnett,TX,51842.0,84100.0
Stockdale,TX,56685.0,131500.0
Stockton Bend,TX,152000.0,688900.0
Stonewall,TX,,187100.0
Stowell,TX,,119100.0
Stratford,TX,51036.0,106700.0
Strawn,TX,46780.0,65000.0
Streetman,TX,45000.0,92500.0
Study Butte,TX,71875.0,
Sudan,TX,69175.0,107100.0
Sugar Land,TX,132247.0,387900.0
Sullivan City,TX,39067.0,79000.0
Sulphur Springs,TX,54950.0,172500.0
Summerfield,TX,,
Sundown,TX,62679.0,85000.0
Sunnyvale,TX,152632.0,496500.0
Sunray,TX,54609.0,106400.0
Sunrise Beach Village,TX,78333.0,566000.0
Sunrise Shores,TX,37670.0,41900.0
Sunset (Montague County),TX,,
Sunset (Starr County),TX,,
Sunset Acres,TX,,
Sunset Valley,TX,141250.0,769000.0
Sun Valley,TX,40625.0,
Surfside Beach,TX,86544.0,246600.0
Sweeny,TX,63125.0,136000.0
Sweetwater,TX,44306.0,82600.0
Sylvester,TX,,
Taft,TX,54286.0,102200.0
Taft Southwest,TX,50239.0,51200.0
Tahoka,TX,41282.0,101600.0
Talco,TX,25208.0,78900.0
Talty,TX,128864.0,413000.0
Tanquecitos South Acres,TX,,
Tanquecitos South Acres II,TX,,
Tatum,TX,48125.0,175000.0
Taylor,TX,66626.0,227900.0
Taylor Lake Village,TX,150479.0,342000.0
Taylor Landing,TX,125000.0,277400.0
Teague,TX,63640.0,113800.0
Tehuacana,TX,63750.0,110000.0
Temple,TX,61003.0,191300.0
Tenaha,TX,24702.0,88900.0
Terlingua,TX,43088.0,116600.0
Terrell,TX,61513.0,163700.0
Terrell Hills,TX,199643.0,720400.0
Texarkana,TX,48054.0,158400.0
Texas City,TX,61359.0,166600.0
Texhoma,TX,97361.0,66500.0
Texline,TX,47083.0,78600.0
The Colony,TX,106518.0,325900.0
The Hills,TX,152250.0,731800.0
The Homesteads,TX,59127.0,87100.0
The Woodlands,TX,142384.0,456400.0
Thompsons,TX,59063.0,229300.0
Thompsonville,TX,,
Thorndale,TX,63581.0,122400.0
Thornton,TX,50132.0,68400.0
Thorntonville,TX,75625.0,143100.0
Thrall,TX,63971.0,152100.0
Three Rivers,TX,41520.0,95000.0
Throckmorton,TX,36000.0,49800.0
Thunderbird Bay,TX,43750.0,76700.0
Tierra Bonita,TX,,
Tierra Dorada,TX,,
Tierra Grande,TX,,
Tierra Verde,TX,2499.0,
Tiki Island,TX,112054.0,605800.0
Tilden,TX,29688.0,69700.0
Timbercreek Canyon,TX,137857.0,339200.0
Timberwood Park,TX,135709.0,434600.0
Timpson,TX,37500.0,78300.0
Tioga,TX,74091.0,200800.0
Tira,TX,58906.0,100900.0
Tivoli,TX,63636.0,48900.0
Toco,TX,56250.0,71000.0
Todd Mission,TX,135804.0,232100.0
Tolar,TX,89135.0,193500.0
Tomball,TX,70829.0,291100.0
Tom Bean,TX,75682.0,209700.0
Tool,TX,65417.0,174100.0
Tornillo,TX,67917.0,72300.0
Tow,TX,77574.0,321100.0
Town of Pecos,TX,56058.0,109400.0
Toyah,TX,,49300.0
Tradewinds,TX,61250.0,92300.0
Travis Ranch,TX,73804.0,296700.0
Trent,TX,56875.0,49700.0
Trenton,TX,62857.0,121500.0
Trinidad,TX,32143.0,93100.0
Trinity,TX,35905.0,65100.0
Trophy Club,TX,183125.0,581600.0
Troup,TX,49063.0,109000.0
Troy,TX,64694.0,160400.0
Tuleta,TX,65208.0,165600.0
Tulia,TX,29408.0,79000.0
Tulsita,TX,,
Tunis,TX,,
Turkey,TX,47000.0,37500.0
Tuscola,TX,56250.0,141100.0
Tye,TX,50139.0,60200.0
Tyler,TX,63056.0,205200.0
Tynan,TX,48843.0,63300.0
Uhland,TX,76011.0,180000.0
Umbarger,TX,,
Uncertain,TX,60250.0,238900.0
Union Grove,TX,197083.0,218600.0
Union Valley,TX,75000.0,340000.0
Universal City,TX,71287.0,226600.0
University Park,TX,250001.0,1600300.0
Utopia,TX,107619.0,162500.0
Uvalde,TX,47289.0,131100.0
Uvalde Estates,TX,,61100.0
Valentine,TX,30403.0,71600.0
Valera,TX,63500.0,
Valle Hermoso,TX,,
Valle Verde,TX,,
Valle Vista,TX,,103000.0
Valley Mills,TX,43000.0,99800.0
Valley View,TX,60556.0,174100.0
Val Verde Park,TX,58815.0,104700.0
Van,TX,61506.0,160500.0
Van Alstyne,TX,75882.0,248900.0
Vanderbilt,TX,119531.0,
Van Horn,TX,37391.0,82600.0
Van Vleck,TX,72337.0,151700.0
Vega,TX,71042.0,120000.0
Venus,TX,94612.0,230200.0
Vernon,TX,47528.0,79900.0
Victoria,TX,64832.0,176900.0
Victoria Vera,TX,,
Vidor,TX,56866.0,102500.0
Villa del Sol,TX,,
Villa Pancho,TX,,89000.0
Villarreal,TX,,
Villa Verde,TX,,
Vinton,TX,61023.0,102200.0
Volente,TX,132500.0,1041000.0
Von Ormy,TX,47750.0,66600.0
Waco,TX,47421.0,174100.0
Wadsworth,TX,,144000.0
Waelder,TX,59085.0,60300.0
Waka,TX,,
Wake Village,TX,65595.0,159500.0
Waller,TX,36160.0,152700.0
Wallis,TX,38531.0,125600.0
Walnut Springs,TX,35313.0,66700.0
Warren,TX,66250.0,111400.0
Warren City,TX,78958.0,135900.0
Washburn,TX,61875.0,130600.0
Waskom,TX,47313.0,90200.0
Watauga,TX,88775.0,209700.0
Waxahachie,TX,80044.0,270300.0
Weatherford,TX,78765.0,258000.0
Webberville,TX,69632.0,247200.0
Webster,TX,58555.0,235100.0
Weimar,TX,60697.0,154900.0
Weinert,TX,45893.0,50000.0
Weir,TX,88250.0,178500.0
Welch,TX,40625.0,
Wellington,TX,46439.0,77900.0
Wellman,TX,112941.0,136800.0
Wells,TX,63182.0,89800.0
Wells Branch,TX,59992.0,338000.0
Weslaco,TX,53517.0,102200.0
West,TX,51875.0,151900.0
West Alto Bonito,TX,39688.0,38900.0
Westbrook,TX,,102500.0
West Columbia,TX,70086.0,141900.0
Westdale,TX,,
Western Lake,TX,32225.0,
Westlake,TX,250001.0,2000001.0
West Lake Hills,TX,210000.0,1425700.0
West Livingston,TX,62500.0,116400.0
Westminster,TX,,374500.0
West Odessa,TX,63207.0,117600.0
Weston,TX,83750.0,366100.0
Weston Lakes,TX,125038.0,568300.0
West Orange,TX,63409.0,98200.0
Westover Hills,TX,250001.0,1905000.0
West Sharyland,TX,41984.0,75100.0
West Tawakoni,TX,54154.0,56400.0
West University Place,TX,250001.0,1361100.0
Westway,TX,31279.0,77000.0
Westwood Shores,TX,65714.0,153100.0
Westworth Village,TX,72865.0,238800.0
Wharton,TX,37722.0,129100.0
Wheeler,TX,56250.0,144700.0
White Deer,TX,113173.0,149600.0
Whiteface,TX,52813.0,63600.0
Whitehouse,TX,72900.0,184700.0
White Oak,TX,94273.0,201400.0
Whitesboro,TX,72092.0,195400.0
White Settlement,TX,52999.0,160100.0
Whitewright,TX,47370.0,167100.0
Whitharral,TX,51875.0,
Whitney,TX,39215.0,94400.0
Wichita Falls,TX,55584.0,128800.0
Wickett,TX,54851.0,76600.0
Wildorado,TX,44750.0,58600.0
Wild Peach Village,TX,53182.0,131300.0
Wildwood,TX,,233700.0
Willis,TX,55876.0,111100.0
Willow Grove,TX,77750.0,204100.0
Willow Park,TX,104931.0,295500.0
Wills Point,TX,55100.0,114000.0
Wilmer,TX,63003.0,88200.0
Wilson,TX,37500.0,111100.0
Wimberley,TX,92868.0,478500.0
Windcrest,TX,85984.0,249400.0
Windom,TX,60000.0,131900.0
Windthorst,TX,34583.0,173600.0
Winfield,TX,73125.0,57100.0
Wingate,TX,45000.0,
Wink,TX,111417.0,112500.0
Winnie,TX,65750.0,143500.0
Winnsboro,TX,53983.0,119900.0
Winona,TX,50350.0,116000.0
Winters,TX,44426.0,57500.0
Wixon Valley,TX,115417.0,270700.0
Wolfe City,TX,46378.0,115100.0
Wolfforth,TX,100703.0,215800.0
Woodbranch,TX,79375.0,238500.0
Woodcreek,TX,80227.0,369500.0
Woodloch,TX,90000.0,209400.0
Woodsboro,TX,57143.0,81900.0
Woodson,TX,62813.0,95600.0
Woodville,TX,42778.0,164800.0
Woodway,TX,111014.0,304200.0
Wortham,TX,42574.0,94800.0
Wyldwood,TX,67422.0,148500.0
Wylie,TX,109465.0,316500.0
Yancey,TX,,102800.0
Yantis,TX,40000.0,135200.0
Yoakum,TX,44627.0,136100.0
Yorktown,TX,66125.0,168000.0
Yznaga,TX,,
Zapata,TX,34818.0,101600.0
Zapata Ranch,TX,103776.0,65600.0
Zarate,TX,,
Zavalla,TX,,65000.0
Zephyr,TX,29965.0,70000.0
Zuehl,TX,67143.0,235700.0
Alpine,UT,161602.0,815800.0
Alta,UT,,2000001.0
Altamont,UT,91250.0,200800.0
Alton,UT,49375.0,340900.0
Amalga,UT,92292.0,334000.0
American Fork,UT,90490.0,406900.0
Aneth,UT,39583.0,
Annabella,UT,72500.0,290800.0
Antimony,UT,46354.0,490000.0
Apple Valley,UT,80893.0,439700.0
Aurora,UT,96484.0,243600.0
Avon,UT,82188.0,468600.0
Ballard,UT,73833.0,224100.0
Bear River City,UT,66250.0,334100.0
Beaver,UT,80313.0,283400.0
Benjamin,UT,100375.0,733300.0
Benson,UT,69188.0,266800.0
Beryl Junction,UT,,
Bicknell,UT,90833.0,322500.0
Big Water,UT,58864.0,150000.0
Blanding,UT,61833.0,212600.0
Bluebell,UT,88750.0,296400.0
Bluff,UT,51607.0,224100.0
Bluffdale,UT,119009.0,589800.0
Bonanza,UT,,
Boulder,UT,49148.0,213500.0
Bountiful,UT,96060.0,443800.0
Brian Head,UT,63000.0,245000.0
Brigham City,UT,63315.0,280200.0
Brighton,UT,138006.0,656300.0
Bryce Canyon City,UT,,
Cache,UT,,
Cannonville,UT,50250.0,215000.0
Carbonville,UT,77386.0,189300.0
Castle Dale,UT,62500.0,161000.0
Castle Valley,UT,43438.0,352900.0
Cedar City,UT,60778.0,307700.0
Cedar Fort,UT,95938.0,440000.0
Cedar Highlands,UT,,
Cedar Hills,UT,130847.0,557900.0
Centerfield,UT,68333.0,257400.0
Centerville,UT,113697.0,452600.0
Central,UT,69444.0,335300.0
Central Valley,UT,98750.0,293800.0
Charleston,UT,107500.0,621400.0
Circleville,UT,58438.0,233300.0
Clarkston,UT,62321.0,243300.0
Clawson,UT,43750.0,176000.0
Clear Creek,UT,,
Clearfield,UT,69889.0,303300.0
Cleveland,UT,90326.0,165000.0
Clinton,UT,102712.0,372900.0
Coalville,UT,84917.0,361900.0
Copperton metroship,UT,78281.0,322400.0
Corinne,UT,70227.0,310400.0
Cornish,UT,85000.0,257100.0
Cottonwood Heights,UT,110197.0,561600.0
Cove,UT,,646300.0
Dammeron Valley,UT,71458.0,494900.0
Daniel,UT,99688.0,666700.0
Delta,UT,68110.0,231800.0
Deseret,UT,92875.0,248500.0
Deweyville,UT,76250.0,378600.0
Draper,UT,126041.0,663400.0
Duchesne,UT,72202.0,183000.0
Dugway,UT,112500.0,
Dutch John,UT,,325000.0
Eagle Mountain,UT,100837.0,430900.0
East Basin,UT,172614.0,987000.0
East Carbon,UT,52554.0,80700.0
Echo,UT,90714.0,340000.0
Eden,UT,113587.0,752600.0
Elberta,UT,,
Elk Ridge,UT,126131.0,519800.0
Elmo,UT,62917.0,161300.0
Elsinore,UT,53929.0,221200.0
Elwood,UT,98309.0,400500.0
Emery,UT,68333.0,111700.0
Emigration Canyon metroship,UT,138125.0,887600.0
Enoch,UT,74438.0,288300.0
Enterprise,UT,139704.0,630300.0
Enterprise,UT,69083.0,264400.0
Ephraim,UT,70677.0,341600.0
Erda,UT,143125.0,551500.0
Escalante,UT,41938.0,251900.0
Eureka,UT,67813.0,198300.0
Fairfield,UT,117500.0,475000.0
Fairview,UT,57391.0,231400.0
Farmington,UT,115278.0,558300.0
Farr West,UT,108862.0,464900.0
Fayette,UT,73438.0,226900.0
Ferron,UT,65913.0,175000.0
Fielding,UT,75000.0,258300.0
Fillmore,UT,71250.0,239600.0
Flaming Gorge,UT,35833.0,283300.0
Fort Duchesne,UT,40417.0,171900.0
Fountain Green,UT,68583.0,230500.0
Francis,UT,104013.0,621100.0
Fremont,UT,,240000.0
Fruit Heights,UT,117123.0,628300.0
Garden,UT,,
Garden City,UT,63125.0,500000.0
Garland,UT,56332.0,264400.0
Genola,UT,126500.0,545600.0
Glendale,UT,61563.0,161800.0
Glenwood,UT,87500.0,279800.0
Goshen,UT,92232.0,236400.0
Granite,UT,115417.0,830100.0
Grantsville,UT,94260.0,377000.0
Green River,UT,43190.0,125500.0
Gunnison,UT,64514.0,240000.0
Halchita,UT,,71800.0
Halls Crossing,UT,,
Hanksville,UT,45714.0,220000.0
Harrisville,UT,82232.0,348500.0
Hatch,UT,93125.0,291700.0
Heber,UT,98934.0,483700.0
Helper,UT,59323.0,178400.0
Henefer,UT,89306.0,363200.0
Henrieville,UT,48750.0,162500.0
Herriman,UT,115198.0,486200.0
Hideout,UT,73472.0,823700.0
Highland,UT,166429.0,747200.0
Hildale,UT,65179.0,363000.0
Hinckley,UT,89135.0,134700.0
Hobble Creek,UT,220385.0,700000.0
Holden,UT,80208.0,207500.0
Holladay,UT,106099.0,637500.0
Honeyville,UT,88393.0,371500.0
Hooper,UT,103661.0,467700.0
Howell,UT,80469.0,190000.0
Hoytsville,UT,67708.0,511000.0
Huntington,UT,66833.0,165000.0
Huntsville,UT,110417.0,468800.0
Hurricane,UT,64182.0,371000.0
Hyde Park,UT,93306.0,415500.0
Hyrum,UT,75951.0,317500.0
Independence,UT,148750.0,602300.0
Interlaken,UT,131250.0,637500.0
Ivins,UT,67354.0,454200.0
Jensen,UT,,154800.0
Joseph,UT,73125.0,239600.0
Junction,UT,,184100.0
Kamas,UT,81341.0,437300.0
Kanab,UT,70737.0,324600.0
Kanarraville,UT,71250.0,305600.0
Kanosh,UT,74250.0,283300.0
Kaysville,UT,121867.0,513500.0
Kearns metroship,UT,79334.0,295500.0
Kenilworth,UT,25240.0,
Kingston,UT,,214500.0
Koosharem,UT,58594.0,202300.0
Lake Shore,UT,91912.0,595700.0
Laketown,UT,74609.0,351700.0
Lapoint,UT,,141100.0
La Sal,UT,33628.0,
La Verkin,UT,56392.0,324600.0
Layton,UT,93453.0,387900.0
Leamington,UT,59000.0,236500.0
Leeds,UT,82188.0,420000.0
Lehi,UT,117243.0,500100.0
Levan,UT,75625.0,269400.0
Lewiston,UT,71857.0,285800.0
Liberty,UT,114423.0,582000.0
Lindon,UT,101188.0,598900.0
Loa,UT,69063.0,245500.0
Logan,UT,52473.0,290800.0
Lyman,UT,67500.0,325000.0
Lynndyl,UT,65625.0,150000.0
Maeser,UT,67389.0,294200.0
Magna metroship,UT,79934.0,298400.0
Manila,UT,77813.0,198200.0
Manti,UT,53750.0,236900.0
Mantua,UT,127563.0,473000.0
Mapleton,UT,123534.0,656200.0
Marion,UT,99464.0,627500.0
Marriott-Slaterville,UT,82098.0,450900.0
Marysvale,UT,39167.0,275000.0
Mayfield,UT,85000.0,263500.0
Meadow,UT,58125.0,238200.0
Mendon,UT,124375.0,404700.0
Mexican Hat,UT,,
Midvale,UT,70742.0,357200.0
Midway,UT,130648.0,804000.0
Milford,UT,83783.0,193800.0
Millcreek,UT,88186.0,507900.0
Millville,UT,91250.0,366300.0
Minersville,UT,66429.0,208900.0
Moab,UT,52385.0,411900.0
Modena,UT,,
Mona,UT,98594.0,387800.0
Monroe,UT,62361.0,238000.0
Montezuma Creek,UT,39750.0,31600.0
Monticello,UT,71833.0,275000.0
Morgan,UT,112232.0,411900.0
Moroni,UT,69417.0,216500.0
Mountain Green,UT,140192.0,620300.0
Mount Pleasant,UT,61441.0,249200.0
Murray,UT,81693.0,415700.0
Myton,UT,52083.0,143400.0
Naples,UT,87679.0,269700.0
Navajo Mountain,UT,,9999.0
Neola,UT,93333.0,175000.0
Nephi,UT,89026.0,322000.0
Newcastle,UT,,
New Harmony,UT,80486.0,455000.0
Newton,UT,79375.0,315400.0
Nibley,UT,100108.0,371200.0
North Logan,UT,80597.0,408600.0
North Ogden,UT,101766.0,392700.0
North Salt Lake,UT,94365.0,427800.0
Oak City,UT,69075.0,197000.0
Oakley,UT,119231.0,495500.0
Oasis,UT,,
Ogden,UT,66226.0,270000.0
Oljato-Monument Valley,UT,13603.0,46600.0
Ophir,UT,,
Orangeville,UT,83438.0,176300.0
Orderville,UT,87361.0,272600.0
Orem,UT,77568.0,392900.0
Palmyra,UT,69000.0,454200.0
Panguitch,UT,64886.0,210800.0
Paradise,UT,96000.0,457400.0
Paragonah,UT,67826.0,219800.0
Park City,UT,132315.0,1545300.0
Parowan,UT,47974.0,242500.0
Payson,UT,81387.0,339400.0
Peoa,UT,116641.0,
Perry,UT,97259.0,360500.0
Peter,UT,120179.0,442900.0
Pine Valley,UT,119145.0,422700.0
Plain City,UT,120250.0,459500.0
Pleasant Grove,UT,91322.0,419400.0
Pleasant View,UT,121086.0,470700.0
Plymouth,UT,75625.0,264300.0
Portage,UT,52500.0,246400.0
Price,UT,47724.0,172000.0
Providence,UT,98454.0,412200.0
Provo,UT,57943.0,391500.0
Randlett,UT,,315000.0
Randolph,UT,90417.0,184200.0
Redmond,UT,71667.0,191200.0
Richfield,UT,70477.0,235800.0
Richmond,UT,84511.0,331500.0
Riverdale,UT,73642.0,316500.0
River Heights,UT,90625.0,373500.0
Riverside,UT,85046.0,344500.0
Riverton,UT,115869.0,478200.0
Rockville,UT,48438.0,475000.0
Rocky Ridge,UT,86250.0,294200.0
Roosevelt,UT,66552.0,245100.0
Roy,UT,83959.0,306400.0
Rush Valley,UT,82000.0,343600.0
St. George,UT,69333.0,415200.0
Salem,UT,101700.0,468100.0
Salina,UT,61742.0,230100.0
Salt Lake City,UT,72357.0,458600.0
Samak,UT,,
Sandy,UT,108165.0,492300.0
Santa Clara,UT,91625.0,465600.0
Santaquin,UT,91301.0,378300.0
Saratoga Springs,UT,117005.0,490600.0
Scipio,UT,79886.0,229800.0
Scofield,UT,,
Sigurd,UT,75694.0,215300.0
Silver Summit,UT,226442.0,1619500.0
Smithfield,UT,87175.0,359600.0
Snowville,UT,68750.0,170800.0
Snyderville,UT,135132.0,965700.0
South Jordan,UT,119822.0,559500.0
South Ogden,UT,80762.0,320700.0
South Salt Lake,UT,57125.0,353600.0
South Weber,UT,130769.0,458700.0
South Willard,UT,108281.0,406000.0
Spanish Fork,UT,93989.0,402600.0
Spanish Valley,UT,98063.0,522200.0
Spring City,UT,62679.0,244300.0
Springdale,UT,69500.0,797400.0
Spring Glen,UT,41780.0,204600.0
Spring Lake,UT,155139.0,454800.0
Springville,UT,84699.0,390700.0
Stansbury Park,UT,124551.0,394500.0
Sterling,UT,61964.0,216200.0
Stockton,UT,78594.0,292000.0
Summit,UT,95769.0,326900.0
Summit Park,UT,171408.0,995600.0
Sundance,UT,146250.0,1875000.0
Sunset,UT,64604.0,256600.0
Sutherland,UT,,
Syracuse,UT,125602.0,466700.0
Tabiona,UT,66429.0,231300.0
Taylorsville,UT,81417.0,358900.0
Teasdale,UT,36611.0,481300.0
Thatcher,UT,74500.0,281100.0
Thompson Springs,UT,,
Timber Lakes,UT,46268.0,501500.0
Tooele,UT,84225.0,292200.0
Toquerville,UT,87344.0,417000.0
Torrey,UT,48750.0,366700.0
Tremonton,UT,67335.0,280600.0
Trenton,UT,77500.0,302800.0
Tropic,UT,54519.0,219400.0
Tselakai Dezza,UT,27500.0,60800.0
Uintah,UT,106528.0,420300.0
Vernal,UT,58869.0,215600.0
Vernon,UT,52344.0,245500.0
Veyo,UT,,277800.0
Vineyard,UT,94018.0,481800.0
Virgin,UT,72813.0,412800.0
Wales,UT,89375.0,343800.0
Wallsburg,UT,99500.0,381500.0
Wanship,UT,82500.0,495200.0
Washington,UT,94655.0,443800.0
Washington Terrace,UT,72558.0,301900.0
Wellington,UT,54063.0,152000.0
Wellsville,UT,102581.0,361500.0
Wendover,UT,41989.0,172700.0
West Bountiful,UT,123379.0,448000.0
West Haven,UT,92425.0,462000.0
West Jordan,UT,99002.0,412100.0
West Mountain,UT,103365.0,561200.0
West Point,UT,114801.0,376100.0
West Valley City,UT,81719.0,333600.0
West Wood,UT,64063.0,263900.0
White City metroship,UT,86763.0,364900.0
White Mesa,UT,65000.0,
Whiterocks,UT,34432.0,
Willard,UT,92434.0,351000.0
Wolf Creek,UT,137813.0,645800.0
Woodland,UT,80331.0,497100.0
Woodland Hills,UT,130096.0,717400.0
Woodruff,UT,,184700.0
Woods Cross,UT,101742.0,419300.0
Albany,VT,88125.0,123100.0
Alburgh,VT,60357.0,159300.0
Algiers,VT,65750.0,
Arlington,VT,70938.0,205600.0
Ascutney,VT,44417.0,180300.0
Bakersfield,VT,85446.0,215600.0
Barnet,VT,36667.0,185400.0
Barre,VT,53798.0,185100.0
Barton,VT,29375.0,126000.0
Beecher Falls,VT,30469.0,112500.0
Bellows Falls,VT,52813.0,164600.0
Bennington,VT,51221.0,177700.0
Benson,VT,31607.0,170800.0
Bethel,VT,63182.0,236200.0
Bolton,VT,176250.0,362500.0
Bolton Valley,VT,114375.0,225000.0
Bradford,VT,95199.0,167700.0
Brandon,VT,54700.0,202000.0
Brattleboro,VT,42776.0,220000.0
Bristol,VT,65536.0,273900.0
Burlington,VT,64931.0,383300.0
Cabot,VT,53958.0,164300.0
Cambridge,VT,50714.0,225000.0
Canaan,VT,58188.0,113900.0
Castleton,VT,,269600.0
Castleton Four Corners,VT,41932.0,145500.0
Cavendish,VT,,211500.0
Chelsea,VT,42969.0,146900.0
Chester,VT,63919.0,268800.0
Chimney Hill,VT,,
Chittenden,VT,87411.0,217200.0
Concord,VT,52188.0,135800.0
Coventry,VT,,
Danby,VT,63750.0,205000.0
Danville,VT,64167.0,244200.0
Derby Center,VT,57188.0,208100.0
Derby Line,VT,64018.0,167500.0
Dorset,VT,141304.0,387500.0
East Barre,VT,,248000.0
East Burke,VT,80298.0,334600.0
East Charlotte,VT,,
East Dorset,VT,,
East Middlebury,VT,92241.0,233500.0
East Montpelier,VT,,
East Poultney,VT,68846.0,218800.0
Enosburg Falls,VT,46250.0,190100.0
Essex Junction,VT,92589.0,353800.0
Fairfax,VT,53869.0,345900.0
Fair Haven,VT,67300.0,161900.0
Fairlee,VT,57625.0,266700.0
Gilman,VT,50625.0,87700.0
Glover,VT,38750.0,153100.0
Grafton,VT,105625.0,551500.0
Graniteville,VT,34026.0,139200.0
Greensboro,VT,85000.0,443300.0
Greensboro Bend,VT,83281.0,228800.0
Groton,VT,54769.0,164300.0
Hanksville,VT,102500.0,287500.0
Hardwick,VT,57798.0,151500.0
Harmonyville,VT,85125.0,263600.0
Hartford Village,VT,,
Hartland,VT,93566.0,
Highgate Center,VT,88194.0,192500.0
Highgate Springs,VT,,
Hinesburg,VT,62888.0,352500.0
Huntington,VT,85417.0,274600.0
Huntington Center,VT,89031.0,328600.0
Hyde Park,VT,81429.0,241400.0
Irasburg,VT,66250.0,137500.0
Island Pond,VT,44559.0,117000.0
Jacksonville,VT,,211700.0
Jamaica,VT,,
Jeffersonville,VT,64306.0,281000.0
Jericho,VT,97174.0,363600.0
Johnson,VT,49016.0,
Killington Village,VT,57981.0,275000.0
Lincoln,VT,54286.0,279000.0
Londonderry,VT,29250.0,141800.0
Lowell,VT,62813.0,104200.0
Ludlow,VT,48413.0,238500.0
Lunenburg,VT,45469.0,133500.0
Lyndon,VT,42743.0,162500.0
Lyndon Center,VT,,
Lyndonville,VT,54688.0,168300.0
Manchester,VT,33750.0,450800.0
Manchester Center,VT,73333.0,313200.0
Marshfield,VT,74375.0,158300.0
Middlebury,VT,76420.0,382600.0
Middletown Springs,VT,66071.0,196900.0
Milton,VT,81526.0,272700.0
Montpelier,VT,76143.0,326800.0
Morrisville,VT,63339.0,228700.0
Newbury,VT,58750.0,252100.0
Newfane,VT,,320000.0
New Haven,VT,97656.0,305300.0
Newport,VT,53026.0,167900.0
Newport Center,VT,,130600.0
North Bennington,VT,62125.0,251400.0
North Clarendon,VT,50192.0,138000.0
Northfield,VT,65926.0,224700.0
North Hartland,VT,80104.0,274000.0
North Hyde Park,VT,58669.0,176800.0
North Pownal,VT,85417.0,165400.0
North Springfield,VT,64177.0,160200.0
North Troy,VT,60000.0,121600.0
North Westminster,VT,66386.0,134900.0
Norwich,VT,138750.0,605200.0
Old Bennington,VT,146250.0,367600.0
Orleans,VT,63304.0,136100.0
Pawlet,VT,43438.0,230000.0
Peacham,VT,,209100.0
Pittsford,VT,37760.0,142600.0
Plainfield,VT,41758.0,210000.0
Poultney,VT,67868.0,169200.0
Pownal,VT,63125.0,
Pownal Center,VT,76250.0,227000.0
Proctor,VT,64722.0,174700.0
Proctorsville,VT,74167.0,270000.0
Putney,VT,55833.0,238500.0
Quechee,VT,50547.0,293300.0
Randolph,VT,58333.0,210600.0
Readsboro,VT,44559.0,
Richford,VT,52679.0,151800.0
Richmond,VT,59960.0,285000.0
Rochester,VT,41250.0,209500.0
Rutland,VT,53304.0,169700.0
St. Albans,VT,49736.0,224900.0
St. George,VT,85313.0,290600.0
St. Johnsbury,VT,48542.0,160600.0
Saxtons River,VT,,205600.0
Sheffield,VT,60750.0,108900.0
Shelburne,VT,102213.0,451800.0
South Barre,VT,75042.0,230900.0
South Burlington,VT,90410.0,383300.0
South Hero,VT,93804.0,381800.0
South Lincoln,VT,108750.0,303100.0
South Londonderry,VT,59911.0,
South Royalton,VT,44423.0,147400.0
South Shaftsbury,VT,56738.0,200600.0
South Woodstock,VT,,
Springfield,VT,48476.0,139000.0
Stamford,VT,78750.0,247400.0
Stowe,VT,84333.0,
Stratton Mountain,VT,179375.0,987500.0
Sutton,VT,78500.0,232100.0
Swanton,VT,73365.0,194900.0
Townshend,VT,37250.0,205600.0
Troy,VT,83810.0,144200.0
Underhill Center,VT,,
Underhill Flats,VT,72465.0,287400.0
Vergennes,VT,72171.0,239400.0
Waitsfield,VT,33558.0,402800.0
Wallingford,VT,91111.0,246600.0
Wardsboro,VT,77625.0,241700.0
Waterbury,VT,55655.0,328100.0
Waterbury Center,VT,,
Websterville,VT,70313.0,175300.0
Wells,VT,80875.0,168600.0
Wells River,VT,36500.0,154700.0
West Brattleboro,VT,40446.0,210900.0
West Burke,VT,24750.0,205000.0
West Charlotte,VT,,411700.0
West Dummerston,VT,,170300.0
Westford,VT,135750.0,280300.0
Westminster,VT,94792.0,277700.0
Weston,VT,,
West Pawlet,VT,,118300.0
West Rutland,VT,47381.0,176500.0
West Woodstock,VT,53125.0,
White River Junction,VT,66979.0,255600.0
Whitingham,VT,,180400.0
Wilder,VT,70758.0,236800.0
Williamstown,VT,90156.0,186700.0
Wilmington,VT,92794.0,265300.0
Windsor,VT,47545.0,161900.0
Winooski,VT,69783.0,327600.0
Wolcott,VT,65313.0,150000.0
Woodstock,VT,85536.0,605800.0
Worcester,VT,71250.0,187500.0
Abbs Valley,VA,,
Abingdon,VA,56164.0,199800.0
Accomac,VA,41304.0,198100.0
Adwolf,VA,35755.0,122700.0
Afton,VA,83083.0,336400.0
Alberta,VA,51250.0,98400.0
Aldie,VA,,
Alexandria,VA,113179.0,655700.0
Allison Gap,VA,34000.0,66800.0
Allisonia,VA,,
Altavista,VA,39761.0,125400.0
Amelia Court House,VA,39186.0,169300.0
Amherst,VA,59306.0,191000.0
Amonate,VA,,
Annandale,VA,109221.0,615800.0
Appalachia,VA,34896.0,62700.0
Apple Mountain Lake,VA,120539.0,310200.0
Appomattox,VA,43750.0,128100.0
Aquia Harbour,VA,127813.0,421800.0
Arcola,VA,119659.0,563700.0
Arlington,VA,137387.0,833300.0
Arrington,VA,58144.0,133000.0
Ashburn,VA,147192.0,618000.0
Ashland,VA,58904.0,253200.0
Atkins,VA,43318.0,66300.0
Atlantic,VA,,
Augusta Springs,VA,78333.0,115300.0
Austinville,VA,,
Bailey's Crossroads,VA,78286.0,386000.0
Barboursville,VA,50608.0,
Baskerville,VA,,
Bassett,VA,38611.0,98300.0
Bastian,VA,38200.0,
Basye,VA,86028.0,241900.0
Bayside,VA,116222.0,75100.0
Baywood,VA,,80000.0
Bealeton,VA,105449.0,351900.0
Bedford,VA,41154.0,191300.0
Belle Haven,VA,54688.0,141300.0
Belle Haven,VA,129495.0,612100.0
Bellwood,VA,50231.0,188300.0
Belmont,VA,212159.0,750800.0
Belmont Estates,VA,95917.0,389200.0
Belspring,VA,,
Belview,VA,52969.0,138300.0
Benns Church,VA,67114.0,309300.0
Bensley,VA,44026.0,175100.0
Berryville,VA,91089.0,490300.0
Bethel Manor,VA,76083.0,
Big Island,VA,40268.0,
Big Rock,VA,27500.0,
Big Stone Gap,VA,52663.0,163000.0
Big Stone Gap East,VA,,148400.0
Blacksburg,VA,42012.0,387700.0
Blackstone,VA,56898.0,180900.0
Blairs,VA,46750.0,167800.0
Bland,VA,71000.0,138200.0
Bloxom,VA,59904.0,97000.0
Bluefield,VA,53162.0,135700.0
Blue Ridge,VA,84766.0,237000.0
Blue Ridge Shores,VA,90938.0,232900.0
Bobtown,VA,,502600.0
Boissevain,VA,25948.0,29800.0
Bon Air,VA,95881.0,294400.0
Boones Mill,VA,67083.0,171900.0
Boston,VA,,104800.0
Boswell's Corner,VA,,
Bowling Green,VA,69167.0,282700.0
Boyce,VA,107000.0,408200.0
Boydton,VA,55893.0,176400.0
Boykins,VA,66176.0,161500.0
Bracey,VA,71500.0,241300.0
Braddock,VA,229100.0,886400.0
Brambleton,VA,234750.0,800700.0
Branchville,VA,75795.0,131900.0
Brandermill,VA,107061.0,338100.0
Brandy Station,VA,,
Breaks,VA,86000.0,
Bridgewater,VA,72051.0,333500.0
Brightwood,VA,85735.0,321800.0
Bristol,VA,45250.0,154900.0
Broadlands,VA,231854.0,816600.0
Broadway,VA,62123.0,244800.0
Brodnax,VA,76607.0,89800.0
Brookneal,VA,42019.0,103600.0
Brucetown,VA,91964.0,296700.0
Buchanan,VA,54167.0,184900.0
Buckhall,VA,155735.0,559900.0
Buckingham Courthouse,VA,104069.0,282400.0
Buena Vista,VA,48783.0,148800.0
Bull Run (Fairfax County),VA,240750.0,850700.0
Bull Run (Prince William County),VA,82401.0,328800.0
Bull Run Mountain Estates,VA,178462.0,571300.0
Burke,VA,172432.0,647800.0
Burke Centre,VA,156421.0,566900.0
Burkeville,VA,68036.0,88300.0
Callaghan,VA,101111.0,167900.0
Calverton,VA,,
Camp Barrett,VA,,
Camptown,VA,81125.0,
Cana,VA,69444.0,103100.0
Cape Charles,VA,50972.0,534100.0
Capron,VA,52321.0,96400.0
Captains Cove,VA,66083.0,217500.0
Carrollton,VA,108953.0,376800.0
Carrsville,VA,99453.0,229800.0
Cascades,VA,160707.0,582800.0
Castlewood,VA,48750.0,120800.0
Catlett,VA,,
Cats Bridge,VA,,108300.0
Cave Spring,VA,83538.0,274300.0
Cedar Bluff,VA,41094.0,124800.0
Central Garage,VA,98125.0,261600.0
Centreville,VA,136679.0,530100.0
Chamberlayne,VA,90127.0,289400.0
Chantilly,VA,137722.0,613800.0
Charles City,VA,,
Charlotte Court House,VA,62083.0,152700.0
Charlottesville,VA,67177.0,398400.0
Chase City,VA,46596.0,110800.0
Chase Crossing,VA,,
Chatham,VA,55865.0,158800.0
Chatmoss,VA,68945.0,214800.0
Cheriton,VA,29077.0,139600.0
Cherry Hill,VA,114140.0,404700.0
Chesapeake,VA,92703.0,339500.0
Chester,VA,87242.0,274400.0
Chester Gap,VA,100729.0,216500.0
Chilhowie,VA,60313.0,157800.0
Chincoteague,VA,46319.0,326700.0
Christiansburg,VA,71468.0,231200.0
Churchville,VA,,
Claremont,VA,54583.0,187500.0
Clarksville,VA,59375.0,186100.0
Claypool Hill,VA,45216.0,136400.0
Cleveland,VA,26903.0,58500.0
Clifton,VA,219500.0,991900.0
Cliftondale Park,VA,,95900.0
Clifton Forge,VA,32007.0,97400.0
Clinchco,VA,23929.0,41200.0
Clinchport,VA,,
Clintwood,VA,41927.0,120200.0
Clover,VA,39479.0,
Cloverdale,VA,64929.0,317900.0
Cluster Springs,VA,60875.0,185300.0
Coeburn,VA,53528.0,111500.0
Collinsville,VA,45914.0,120800.0
Colonial Beach,VA,55731.0,239200.0
Colonial Heights,VA,72216.0,221400.0
Columbia,VA,,
Concord,VA,42049.0,164100.0
Countryside,VA,132295.0,519000.0
County Center,VA,182250.0,625000.0
Courtland,VA,50398.0,224500.0
Covington,VA,45737.0,80100.0
Craigsville,VA,31667.0,160400.0
Crewe,VA,47359.0,129500.0
Crimora,VA,73609.0,180600.0
Crosspointe,VA,250001.0,899400.0
Crozet,VA,106081.0,497700.0
Culpeper,VA,86940.0,338700.0
Cumberland,VA,,205200.0
Dahlgren,VA,104508.0,343800.0
Dahlgren Center,VA,82188.0,
Dale City,VA,109558.0,377700.0
Daleville,VA,100363.0,344500.0
Damascus,VA,33750.0,175000.0
Dante,VA,30208.0,89500.0
Danville,VA,41484.0,102000.0
Dayton,VA,81346.0,294200.0
Deep Creek,VA,,
Deerfield,VA,,131600.0
Deltaville,VA,66905.0,280100.0
Dendron,VA,56250.0,155000.0
Difficult Run,VA,250001.0,1018900.0
Dillwyn,VA,53272.0,189300.0
Dinwiddie,VA,121382.0,325000.0
Disputanta,VA,123517.0,
Dooms,VA,56116.0,192600.0
Doran,VA,,
Drakes Branch,VA,26500.0,115200.0
Dranesville,VA,206344.0,690300.0
Draper,VA,80865.0,162500.0
Dryden,VA,52054.0,96800.0
Dublin,VA,58667.0,161000.0
Duffield,VA,46250.0,137500.0
Dulles Town Center,VA,114034.0,546400.0
Dumbarton,VA,59005.0,255600.0
Dumfries,VA,75629.0,277100.0
Dunbar,VA,14837.0,
Dungannon,VA,33309.0,83800.0
Dunn Loring,VA,238734.0,915300.0
Eagle Rock,VA,38750.0,150000.0
Earlysville,VA,133750.0,384800.0
East Highland Park,VA,70395.0,192600.0
East Lexington,VA,75470.0,247000.0
East Stone Gap,VA,,96500.0
Eastville,VA,54118.0,208300.0
Ebony,VA,21228.0,
Edinburg,VA,54737.0,215400.0
Eggleston,VA,113750.0,143200.0
Elkton,VA,54482.0,214800.0
Elliston,VA,33870.0,144400.0
Emory,VA,61667.0,195800.0
Emporia,VA,41442.0,129400.0
Enon,VA,72852.0,219600.0
Esmont,VA,53051.0,211500.0
Ettrick,VA,53555.0,167600.0
Ewing,VA,71344.0,
Exmore,VA,39293.0,164500.0
Fairfax,VA,128708.0,649600.0
Fairfax Station,VA,211000.0,816100.0
Fairfield,VA,,225000.0
Fair Lakes,VA,123387.0,564600.0
Fairlawn,VA,65426.0,243400.0
Fair Oaks,VA,118819.0,552600.0
Fairview,VA,,
Fairview Beach,VA,,450900.0
Falls Church,VA,164536.0,938500.0
Falls Mills,VA,,75400.0
Falmouth,VA,121463.0,412800.0
Fancy Gap,VA,,
Farmville,VA,39233.0,236400.0
Ferrum,VA,33967.0,131700.0
Fieldale,VA,41601.0,68800.0
Fincastle,VA,59861.0,275000.0
Fishersville,VA,77134.0,302100.0
Flint Hill,VA,,650000.0
Floris,VA,231161.0,811800.0
Floyd,VA,59567.0,227200.0
Forest,VA,78327.0,309500.0
Fort Belvoir,VA,97290.0,279200.0
Fort Chiswell,VA,69700.0,197100.0
Fort Hunt,VA,209135.0,840400.0
Fort Lee,VA,73906.0,
Franconia,VA,143322.0,508000.0
Franklin,VA,57537.0,197900.0
Franklin Farm,VA,209442.0,767900.0
Franktown,VA,,
Fredericksburg,VA,83445.0,438400.0
Free Union,VA,87581.0,1236800.0
Fries,VA,40069.0,107700.0
Front Royal,VA,62735.0,270400.0
Gainesville,VA,163942.0,632300.0
Galax,VA,44612.0,109300.0
Gargatha,VA,79375.0,287000.0
Gasburg,VA,62857.0,207600.0
Gate City,VA,37543.0,160000.0
George Mason,VA,146985.0,670100.0
Glade Spring,VA,70000.0,162100.0
Glasgow,VA,40769.0,115600.0
Glen Allen,VA,88206.0,303000.0
Glen Lyn,VA,73750.0,137500.0
Glenvar,VA,30234.0,243000.0
Glen Wilton,VA,61500.0,
Gloucester Courthouse,VA,82955.0,318500.0
Gloucester Point,VA,73356.0,278400.0
Goochland,VA,83125.0,395200.0
Goose Creek Village,VA,199098.0,540600.0
Gordonsville,VA,50850.0,250500.0
Gore,VA,,
Goshen,VA,40313.0,128100.0
Gratton,VA,72466.0,118400.0
Great Falls,VA,250001.0,1246100.0
Great Falls Crossing,VA,250001.0,944600.0
Greenbackville,VA,,
Greenbriar,VA,127100.0,625700.0
Greenbush,VA,81696.0,158000.0
Greenville,VA,57550.0,178500.0
Gretna,VA,29667.0,135800.0
Grottoes,VA,78750.0,242000.0
Groveton,VA,104848.0,533200.0
Grundy,VA,,181600.0
Gwynn,VA,89009.0,413600.0
Halifax,VA,52679.0,193800.0
Hallwood,VA,39107.0,102100.0
Hamilton,VA,120833.0,432700.0
Hampden-Sydney,VA,143941.0,151300.0
Hampton,VA,64430.0,219800.0
Hanover,VA,48306.0,258100.0
Harborton,VA,,
Harrisonburg,VA,56050.0,263700.0
Harriston,VA,86544.0,204500.0
Hayfield,VA,176125.0,635400.0
Haymarket,VA,153125.0,566700.0
Haysi,VA,20500.0,77800.0
Heathsville,VA,,166200.0
Henry Fork,VA,62620.0,118800.0
Herndon,VA,133403.0,524400.0
Highland Springs,VA,54270.0,189200.0
Hillsboro,VA,,625000.0
Hillsville,VA,61380.0,128200.0
Hilltown,VA,36591.0,
Hiltons,VA,40823.0,130000.0
Hiwassee,VA,67778.0,87200.0
Hollins,VA,71530.0,214400.0
Hollymead,VA,119079.0,398300.0
Honaker,VA,45491.0,99200.0
Hopewell,VA,50661.0,151600.0
Horntown,VA,,133400.0
Horse Pasture,VA,50094.0,101800.0
Hot Springs,VA,,
Huntington,VA,96382.0,486000.0
Hurt,VA,50288.0,131900.0
Hutchison,VA,99647.0,423200.0
Hybla Valley,VA,65843.0,462000.0
Idylwood,VA,112677.0,697800.0
Independence,VA,34286.0,119500.0
Independent Hill,VA,201310.0,618300.0
Innovation,VA,38092.0,
Innsbrook,VA,113814.0,438900.0
Iron Gate,VA,42500.0,75400.0
Irvington,VA,118750.0,329500.0
Ivanhoe,VA,34605.0,85900.0
Ivor,VA,57857.0,174100.0
Ivy,VA,176304.0,601800.0
Jarratt,VA,66458.0,151000.0
Jewell Ridge,VA,,
Jolivue,VA,35662.0,219200.0
Jonesville,VA,16830.0,113900.0
Keezletown,VA,59500.0,319800.0
Keller,VA,34844.0,
Kenbridge,VA,58938.0,136300.0
Keokee,VA,89609.0,
Keswick,VA,250001.0,
Keysville,VA,26691.0,127900.0
Kilmarnock,VA,36875.0,222400.0
Kincora,VA,,
King and Queen Court House,VA,,
King George,VA,83750.0,299200.0
Kings Park,VA,146583.0,602600.0
Kings Park West,VA,162176.0,639000.0
Kingstowne,VA,143577.0,584700.0
King William,VA,111827.0,218800.0
La Crosse,VA,34306.0,96500.0
Lafayette,VA,32412.0,
Lake Barcroft,VA,140391.0,827000.0
Lake Caroline,VA,83371.0,285800.0
Lake Holiday,VA,103313.0,251700.0
Lake Land'Or,VA,112833.0,269600.0
Lake Monticello,VA,98848.0,272300.0
Lake of the Woods,VA,109196.0,345100.0
Lake Ridge,VA,116917.0,414900.0
Lakeside,VA,64912.0,252900.0
Lake Wilderness,VA,111638.0,298200.0
Lancaster,VA,,
Lansdowne,VA,160127.0,715000.0
Laurel,VA,67988.0,257200.0
Laurel Hill,VA,128239.0,615600.0
Laurel Park,VA,39032.0,133400.0
Lawrenceville,VA,46429.0,105900.0
Laymantown,VA,76397.0,256900.0
Lebanon,VA,50287.0,152000.0
Lee Mont,VA,2499.0,197400.0
Leesburg,VA,132298.0,572500.0
Leesylvania,VA,135907.0,494000.0
Lexington,VA,93651.0,224700.0
Lincolnia,VA,116122.0,584000.0
Linton Hall,VA,163993.0,559700.0
Linville,VA,53553.0,152200.0
Loch Lomond,VA,106024.0,379300.0
Locust Mount,VA,,
Long Branch,VA,178938.0,690800.0
Lorton,VA,131581.0,553100.0
Loudoun Valley Estates,VA,219388.0,718600.0
Louisa,VA,51989.0,285200.0
Lovettsville,VA,137411.0,465100.0
Lovingston,VA,,
Lowes Island,VA,204596.0,703300.0
Low Moor,VA,92885.0,
Lunenburg,VA,,
Luray,VA,50327.0,218800.0
Lynchburg,VA,56243.0,196000.0
Lyndhurst,VA,81806.0,244400.0
McDowell,VA,,
McGaheysville,VA,72704.0,310300.0
McKenney,VA,59107.0,182100.0
McLean,VA,250001.0,1257900.0
McMullin,VA,38250.0,134300.0
McNair,VA,115696.0,531100.0
Madison,VA,42404.0,359100.0
Madison Heights,VA,59570.0,168200.0
Makemie Park,VA,36071.0,
Mallow,VA,37287.0,86600.0
Manassas,VA,110559.0,393900.0
Manassas Park,VA,91673.0,370700.0
Manchester,VA,70841.0,261600.0
Mantua,VA,196726.0,890600.0
Mappsburg,VA,45469.0,151800.0
Mappsville,VA,65463.0,
Marion,VA,37337.0,151200.0
Marshall,VA,127633.0,373700.0
Martinsville,VA,39127.0,82800.0
Mason Neck,VA,164625.0,775200.0
Massanetta Springs,VA,99740.0,458200.0
Massanutten,VA,102102.0,351200.0
Mathews,VA,44583.0,189500.0
Matoaca,VA,54966.0,188100.0
Maurertown,VA,79318.0,254600.0
Max Meadows,VA,73683.0,
Meadowbrook,VA,77321.0,238600.0
Meadows of Dan,VA,,
Meadowview,VA,,198900.0
Mechanicsburg,VA,,
Mechanicsville,VA,91393.0,298700.0
Melfa,VA,28667.0,173600.0
Mendota,VA,,144700.0
Merrifield,VA,134022.0,595100.0
Merrimac,VA,52612.0,111900.0
Metompkin,VA,23564.0,
Middlebrook,VA,,
Middleburg,VA,114500.0,661400.0
Middletown,VA,54198.0,256800.0
Midland,VA,,385300.0
Midlothian,VA,104480.0,364200.0
Millboro,VA,,131500.0
Mineral,VA,61500.0,198100.0
Modest Town,VA,103000.0,
Moneta,VA,31141.0,240900.0
Montclair,VA,140625.0,514000.0
Monterey,VA,56144.0,140800.0
Montrose,VA,39023.0,166500.0
Montross,VA,60313.0,226400.0
Montvale,VA,39331.0,141300.0
Moorefield,VA,186287.0,787100.0
Motley,VA,43125.0,101300.0
Mountain Road,VA,33056.0,141800.0
Mount Clifton,VA,,
Mount Crawford,VA,82083.0,263400.0
Mount Hermon,VA,85357.0,169800.0
Mount Jackson,VA,45583.0,157600.0
Mount Sidney,VA,,325700.0
Mount Vernon,VA,160096.0,722200.0
Narrows,VA,58411.0,103800.0
Nassawadox,VA,47222.0,125000.0
Nathalie,VA,43571.0,
Navy,VA,221000.0,906700.0
Nellysford,VA,126250.0,492700.0
Nelsonia,VA,84663.0,
New Baltimore,VA,167727.0,598700.0
New Castle,VA,,273000.0
New Church,VA,,167100.0
New Hope,VA,81164.0,292900.0
Newington,VA,160243.0,515300.0
Newington Forest,VA,137128.0,536500.0
New Kent,VA,161572.0,455600.0
New Market,VA,47855.0,237000.0
Newport News,VA,63355.0,233400.0
New River,VA,,
Newsoms,VA,50104.0,126000.0
Nickelsville,VA,30000.0,154400.0
Nokesville,VA,,573000.0
Norfolk,VA,60998.0,254200.0
North Garden,VA,187955.0,474400.0
North Shore,VA,109688.0,474400.0
North Springfield,VA,119151.0,600000.0
Norton,VA,36974.0,104200.0
Nottoway Court House,VA,76250.0,275000.0
Oak Grove,VA,175161.0,550600.0
Oak Hall,VA,,
Oak Level,VA,32523.0,121600.0
Oakton,VA,158343.0,763000.0
Occoquan,VA,126927.0,466100.0
Onancock,VA,51830.0,226500.0
One Loudoun,VA,250001.0,793200.0
Onley,VA,46859.0,309600.0
Opal,VA,185536.0,456200.0
Orange,VA,59196.0,236900.0
Osaka,VA,23966.0,60300.0
Painter,VA,61250.0,107700.0
Palmyra,VA,,
Pamplin City,VA,55000.0,104200.0
Pantops,VA,87417.0,477900.0
Paris,VA,,
Parksley,VA,74844.0,160300.0
Parrott,VA,,130300.0
Passapatanzy,VA,87917.0,328100.0
Pastoria,VA,,99700.0
Patrick Springs,VA,52548.0,99500.0
Pearisburg,VA,70905.0,160100.0
Pembroke,VA,56667.0,122200.0
Penhook,VA,96583.0,466900.0
Pennington Gap,VA,24222.0,90700.0
Petersburg,VA,46930.0,147200.0
Phenix,VA,69375.0,93800.0
Pimmit Hills,VA,152257.0,869000.0
Piney Mountain,VA,122564.0,246500.0
Plum Creek,VA,28417.0,110100.0
Pocahontas,VA,39306.0,76700.0
Poquoson,VA,114503.0,406700.0
Port Republic,VA,,179200.0
Port Royal,VA,51250.0,157500.0
Portsmouth,VA,57154.0,213300.0
Potomac Mills,VA,109265.0,498100.0
Pound,VA,28750.0,98400.0
Pounding Mill,VA,,87800.0
Powhatan,VA,66471.0,275000.0
Prices Fork,VA,72266.0,330100.0
Prince George,VA,75991.0,243600.0
Pulaski,VA,55213.0,137400.0
Pungoteague,VA,148018.0,141800.0
Purcellville,VA,150333.0,570600.0
Quantico,VA,51611.0,229200.0
Quantico Base,VA,66361.0,
Quinby,VA,95091.0,119300.0
Radford,VA,51039.0,204700.0
Raven,VA,36613.0,105100.0
Ravensworth,VA,163019.0,624300.0
Rectortown,VA,,
Remington,VA,60952.0,307500.0
Reston,VA,135503.0,591900.0
Rich Creek,VA,36875.0,120600.0
Richlands,VA,35959.0,105800.0
Richmond,VA,59606.0,308300.0
Ridgeway,VA,55125.0,135200.0
Riner,VA,80673.0,326500.0
Rio,VA,63644.0,
Ripplemead,VA,90536.0,150000.0
Rivanna,VA,153125.0,748300.0
Riverdale,VA,65469.0,175600.0
Riverview,VA,41818.0,41600.0
Roanoke,VA,51523.0,162000.0
Rockwood,VA,89455.0,284800.0
Rocky Gap,VA,,
Rocky Mount,VA,58678.0,167800.0
Rose Hill (Fairfax County),VA,160361.0,643100.0
Rose Hill (Lee County),VA,69259.0,101400.0
Round Hill,VA,115000.0,530200.0
Ruckersville,VA,101875.0,372400.0
Rural Retreat,VA,56042.0,152100.0
Rushmere,VA,51667.0,305700.0
Rustburg,VA,67612.0,233900.0
St. Charles,VA,18750.0,14600.0
St. Paul,VA,24886.0,168500.0
Salem,VA,68402.0,231900.0
Saltville,VA,41339.0,84900.0
Saluda,VA,115221.0,241500.0
Sandston,VA,61384.0,190200.0
Sandy Level,VA,37905.0,112100.0
Sanford,VA,,
Savage Town,VA,,
Savageville,VA,48730.0,158400.0
Saxis,VA,38000.0,88600.0
Schooner Bay,VA,,
Schuyler,VA,,
Scotland,VA,,
Scottsburg,VA,31250.0,112500.0
Scottsville,VA,52206.0,253800.0
Sedley,VA,87250.0,189000.0
Selma,VA,58750.0,89300.0
Seven Corners,VA,63625.0,458900.0
Seven Mile Ford,VA,28365.0,169900.0
Shawneeland,VA,79583.0,232100.0
Shawsville,VA,68684.0,85400.0
Shenandoah,VA,64410.0,177700.0
Shenandoah Farms,VA,81071.0,267400.0
Shenandoah Retreat,VA,65156.0,335000.0
Shenandoah Shores,VA,70833.0,243300.0
Sherando,VA,,180200.0
Shipman,VA,,213700.0
Short Pump,VA,130899.0,514900.0
Singers Glen,VA,74000.0,
Skyland Estates,VA,106824.0,237700.0
Smithfield,VA,101081.0,344400.0
Snowville,VA,,
Southampton Meadows,VA,43882.0,
South Boston,VA,49654.0,143100.0
Southern Gateway,VA,79278.0,264900.0
South Hill,VA,56250.0,182400.0
South Riding,VA,183056.0,652000.0
South Run,VA,241786.0,896200.0
Southside Chesconessex,VA,26296.0,257400.0
Sperryville,VA,90637.0,338100.0
Spotsylvania Courthouse,VA,76250.0,338600.0
Springfield,VA,117598.0,594300.0
Springville,VA,41250.0,65700.0
Stafford Courthouse,VA,94653.0,489700.0
Stanardsville,VA,60833.0,251900.0
Stanley,VA,42976.0,181400.0
Stanleytown,VA,31394.0,110300.0
Staunton,VA,59731.0,219500.0
Stephens City,VA,90588.0,289000.0
Sterling,VA,117699.0,458400.0
Stevens Creek,VA,,37700.0
Stewartsville,VA,81202.0,155400.0
Stickleyville,VA,106058.0,134900.0
Stonega,VA,37340.0,53800.0
Stone Ridge,VA,185586.0,650600.0
Stony Creek,VA,58264.0,134100.0
Strasburg,VA,56244.0,229900.0
Stuart,VA,34792.0,166700.0
Stuarts Draft,VA,75100.0,243000.0
Sudley,VA,87628.0,388600.0
Suffolk,VA,87758.0,314400.0
Sugar Grove,VA,,63600.0
Sugarland Run,VA,141680.0,514400.0
Sully Square,VA,202750.0,671100.0
Surry,VA,87917.0,193800.0
Sussex,VA,54803.0,170600.0
Tacoma,VA,43317.0,107100.0
Tangier,VA,,127100.0
Tappahannock,VA,40703.0,187500.0
Tasley,VA,,
Tazewell,VA,36928.0,113700.0
Temperanceville,VA,83958.0,
Templeton,VA,,333300.0
The Plains,VA,108250.0,437500.0
The University of Virginia's College at Wise,VA,,
Thynedale,VA,,
Timberlake,VA,69823.0,220200.0
Timberville,VA,54646.0,192800.0
Toms Brook,VA,80893.0,193200.0
Triangle,VA,108229.0,496700.0
Troutdale,VA,29750.0,94200.0
Troutville,VA,51844.0,208800.0
Tuckahoe,VA,89920.0,396300.0
Twin Lakes,VA,63351.0,220100.0
Tysons,VA,129468.0,620800.0
Union Hall,VA,108750.0,624300.0
Union Level,VA,,203900.0
Union Mill,VA,238667.0,907200.0
University Center,VA,106461.0,435500.0
University of Virginia,VA,47008.0,393500.0
Upperville,VA,95956.0,
Urbanna,VA,51607.0,289300.0
Vansant,VA,,
Verona,VA,65067.0,212800.0
Victoria,VA,35806.0,128100.0
Vienna,VA,215556.0,912500.0
Villa Heights,VA,23784.0,88400.0
Vinton,VA,65481.0,175800.0
Virgilina,VA,58750.0,93300.0
Virginia Beach,VA,87544.0,343700.0
Wachapreague,VA,54844.0,207200.0
Wakefield,VA,194615.0,769700.0
Wakefield,VA,52679.0,128600.0
Warfield,VA,,
Warm Springs,VA,,
Warrenton,VA,83737.0,421000.0
Warsaw,VA,80000.0,256900.0
Washington,VA,40000.0,400000.0
Waterford,VA,,828700.0
Wattsville,VA,63023.0,152400.0
Waverly,VA,75000.0,113800.0
Waynesboro,VA,52519.0,226700.0
Weber City,VA,45303.0,129800.0
Weems,VA,51094.0,211700.0
West Falls Church,VA,126737.0,635200.0
Westlake Corner,VA,69297.0,383300.0
West Point,VA,72305.0,250700.0
West Springfield,VA,154497.0,592500.0
Weyers Cave,VA,93384.0,277800.0
White Stone,VA,47917.0,181900.0
Whitesville,VA,,
Williamsburg,VA,66815.0,385600.0
Willis Wharf,VA,50611.0,
Winchester,VA,62495.0,299900.0
Windsor,VA,60603.0,225500.0
Wintergreen,VA,142548.0,660400.0
Wise,VA,42944.0,116700.0
Wolf Trap,VA,246563.0,1103300.0
Woodbridge,VA,93347.0,365800.0
Woodburn,VA,127406.0,779200.0
Woodlake,VA,128065.0,355200.0
Woodlawn (Carroll County),VA,65658.0,132000.0
Woodlawn (Fairfax County),VA,89909.0,317000.0
Woodstock,VA,64470.0,244300.0
Wyndham,VA,225038.0,667700.0
Wytheville,VA,39459.0,181900.0
Yogaville,VA,39028.0,
Yorkshire,VA,95543.0,414600.0
Yorktown,VA,78750.0,535000.0
Aberdeen,WA,50008.0,205200.0
Aberdeen Gardens,WA,,252000.0
Acme,WA,,
Addy,WA,,
Ahtanum,WA,81354.0,274800.0
Airway Heights,WA,57857.0,239900.0
Albion,WA,59464.0,200900.0
Alder,WA,,
Alderton,WA,93008.0,442900.0
Alderwood Manor,WA,120571.0,622900.0
Alger,WA,89250.0,541700.0
Algona,WA,81474.0,342400.0
Allyn,WA,106083.0,467600.0
Almira,WA,72188.0,158600.0
Altoona,WA,95417.0,1291700.0
Amanda Park,WA,41000.0,
Amboy,WA,138021.0,576100.0
Ames Lake,WA,143523.0,988900.0
Anacortes,WA,86911.0,590700.0
Anatone,WA,,
Anderson Island,WA,92933.0,449000.0
Arlington,WA,89587.0,448500.0
Arlington Heights,WA,108690.0,649400.0
Artondale,WA,148125.0,699900.0
Ashford,WA,74600.0,
Asotin,WA,93548.0,287500.0
Auburn,WA,87406.0,460100.0
Bainbridge Island,WA,151290.0,985400.0
Bangor Base,WA,76806.0,
Banks Lake South,WA,35250.0,207400.0
Barberton,WA,115357.0,555200.0
Baring,WA,74886.0,544900.0
Barney's Junction,WA,,
Barstow,WA,58409.0,246700.0
Basin City,WA,104025.0,40800.0
Battle Ground,WA,94360.0,415500.0
Bay Center,WA,66250.0,369400.0
Bay View,WA,96450.0,658000.0
Beacon Hill,WA,85625.0,287900.0
Beaux Arts Village,WA,250001.0,2000001.0
Belfair,WA,68080.0,257000.0
Bellevue,WA,149551.0,1139500.0
Bell Hill,WA,73679.0,763100.0
Bellingham,WA,64026.0,528600.0
Benton City,WA,51558.0,224200.0
Bethel,WA,80897.0,398200.0
Beverly,WA,,
Bickleton,WA,57321.0,156300.0
Big Lake,WA,108654.0,572300.0
Bingen,WA,79803.0,315500.0
Birch Bay,WA,78172.0,383200.0
Black Diamond,WA,134076.0,746900.0
Blaine,WA,78633.0,450500.0
Blyn,WA,,
Bonney Lake,WA,123462.0,496300.0
Bothell,WA,127944.0,796900.0
Bothell East,WA,161628.0,932600.0
Bothell West,WA,143551.0,670900.0
Boulevard Park,WA,71167.0,458600.0
Bow,WA,64119.0,353300.0
Boyds,WA,,
Brady,WA,74667.0,308800.0
Bremerton,WA,68556.0,369700.0
Brewster,WA,58617.0,207900.0
Bridgeport,WA,52083.0,144700.0
Brier,WA,141200.0,790900.0
Brinnon,WA,57000.0,265200.0
Browns Point,WA,97917.0,714300.0
Brush Prairie,WA,106719.0,455000.0
Bryant,WA,114694.0,598200.0
Bryn Mawr-Skyway,WA,87298.0,590100.0
Buckley,WA,120707.0,491600.0
Bucoda,WA,62188.0,208300.0
Buena,WA,,
Bunk Foss,WA,145647.0,703600.0
Burbank,WA,84046.0,283200.0
Burien,WA,84583.0,566500.0
Burley,WA,94222.0,509300.0
Burlington,WA,68737.0,397200.0
Camano,WA,97632.0,530100.0
Camas,WA,133829.0,603000.0
Canterwood,WA,123167.0,742900.0
Canyon Creek,WA,72938.0,358000.0
Carbonado,WA,100000.0,360000.0
Carlsborg,WA,39483.0,169100.0
Carnation,WA,134850.0,723100.0
Carson,WA,65898.0,315600.0
Cascade Valley,WA,49050.0,114200.0
Cashmere,WA,60597.0,347500.0
Castle Rock,WA,63750.0,278800.0
Cathcart,WA,121856.0,763500.0
Cathlamet,WA,55694.0,327300.0
Cavalero,WA,138693.0,553400.0
Centerville,WA,118500.0,300000.0
Centralia,WA,50422.0,233000.0
Central Park,WA,96170.0,302000.0
Chain Lake,WA,149594.0,751200.0
Chehalis,WA,61378.0,297000.0
Chelan,WA,75099.0,408400.0
Chelan Falls,WA,,
Cheney,WA,45419.0,291900.0
Cherry Grove,WA,,677400.0
Chewelah,WA,52905.0,202700.0
Chico,WA,126904.0,596400.0
Chinook,WA,86731.0,327900.0
Clallam Bay,WA,45321.0,228400.0
Clarkston,WA,48587.0,193000.0
Clarkston Heights-Vineland,WA,83929.0,309500.0
Clayton,WA,46667.0,
Clear Lake (Pierce County),WA,94755.0,560600.0
Clear Lake (Skagit County),WA,63125.0,486400.0
Clearview,WA,174051.0,789500.0
Cle Elum,WA,56645.0,347300.0
Cliffdell,WA,,122200.0
Clinton,WA,69570.0,609100.0
Clover Creek,WA,90688.0,400600.0
Clyde Hill,WA,250001.0,2000001.0
Cohassett Beach,WA,81797.0,262500.0
Colfax,WA,54659.0,220300.0
College Place,WA,60417.0,294700.0
Colton,WA,81250.0,273200.0
Colville,WA,45972.0,226300.0
Conconully,WA,37500.0,226600.0
Concrete,WA,82375.0,288400.0
Connell,WA,61000.0,201000.0
Conway,WA,,
Copalis Beach,WA,55406.0,
Cosmopolis,WA,69625.0,249400.0
Cottage Lake,WA,186402.0,1094000.0
Cougar,WA,,
Coulee City,WA,44464.0,125500.0
Coulee Dam,WA,65313.0,201300.0
Country Homes,WA,71985.0,341000.0
Coupeville,WA,78438.0,447500.0
Covington,WA,123065.0,546100.0
Cowiche,WA,38698.0,
Crescent Bar,WA,94167.0,308000.0
Creston,WA,54792.0,130000.0
Crocker,WA,109091.0,383700.0
Curlew,WA,,167500.0
Curlew Lake,WA,64167.0,256000.0
Cusick,WA,55625.0,
Custer,WA,92768.0,426900.0
Dallesport,WA,62759.0,333700.0
Danville,WA,,
Darrington,WA,48750.0,329300.0
Dash Point,WA,134896.0,826700.0
Davenport,WA,71486.0,225900.0
Dayton,WA,68671.0,195300.0
Deep River,WA,47000.0,333300.0
Deer Park,WA,56181.0,299300.0
Deming,WA,81194.0,430500.0
Desert Aire,WA,81893.0,410100.0
Des Moines,WA,81362.0,483200.0
Disautel,WA,,
Dixie,WA,69688.0,290600.0
Dollars Corner,WA,113802.0,511000.0
Donald,WA,,
Duluth,WA,81694.0,601500.0
DuPont,WA,106695.0,470600.0
Duvall,WA,168663.0,689800.0
East Cathlamet,WA,71806.0,
Eastmont,WA,130602.0,643800.0
Easton,WA,61000.0,442900.0
East Port Orchard,WA,71775.0,334500.0
East Renton Highlands,WA,132554.0,698200.0
East Wenatchee,WA,78312.0,374000.0
Eatonville,WA,104583.0,352500.0
Edgewood,WA,115325.0,603700.0
Edison,WA,,453100.0
Edmonds,WA,110057.0,761300.0
Elbe,WA,,
Electric City,WA,61435.0,216600.0
Elk Plain,WA,97754.0,399900.0
Ellensburg,WA,53730.0,346700.0
Elma,WA,64808.0,311000.0
Elmer City,WA,57750.0,188800.0
Endicott,WA,51250.0,139200.0
Enetai,WA,68839.0,419100.0
Entiat,WA,75978.0,289300.0
Enumclaw,WA,110789.0,462700.0
Ephrata,WA,57958.0,220300.0
Erlands Point,WA,105729.0,543700.0
Eschbach,WA,54063.0,240300.0
Esperance,WA,123309.0,690900.0
Everett,WA,77806.0,471200.0
Everson,WA,76645.0,419000.0
Fairchild AFB,WA,67325.0,
Fairfield,WA,64205.0,219000.0
Fairwood (King County),WA,117895.0,615200.0
Fairwood (Spokane County),WA,80050.0,388700.0
Fall City,WA,122716.0,706700.0
Farmington,WA,52917.0,234400.0
Federal Way,WA,80360.0,454300.0
Felida,WA,148625.0,603500.0
Ferndale,WA,82466.0,429000.0
Fern Prairie,WA,112888.0,516100.0
Fife,WA,84538.0,428100.0
Fife Heights,WA,128788.0,549800.0
Finley,WA,83523.0,265400.0
Fircrest,WA,99032.0,479500.0
Five Corners,WA,97531.0,398400.0
Fobes Hill,WA,127409.0,684900.0
Fords Prairie,WA,82741.0,272600.0
Forks,WA,42080.0,165500.0
Fort Lewis,WA,51679.0,
Four Lakes,WA,75614.0,
Fox Island,WA,157566.0,903800.0
Frederickson,WA,100980.0,418200.0
Freeland,WA,89868.0,451500.0
Friday Harbor,WA,62300.0,466700.0
Garfield,WA,64583.0,179600.0
Garrett,WA,108094.0,370700.0
Geneva,WA,102386.0,640300.0
George,WA,48333.0,162300.0
Gig Harbor,WA,103688.0,654100.0
Glacier,WA,30714.0,
Gleed,WA,76875.0,285200.0
Glenwood,WA,77000.0,221400.0
Gold Bar,WA,84310.0,402400.0
Goldendale,WA,45467.0,164900.0
Gorst,WA,114464.0,482600.0
Graham,WA,110024.0,427600.0
Grand Coulee,WA,47361.0,201200.0
Grand Mound,WA,59695.0,291900.0
Grandview,WA,61635.0,192000.0
Granger,WA,54167.0,121300.0
Granite Falls,WA,87600.0,466600.0
Grapeview,WA,108539.0,448500.0
Grayland,WA,35250.0,202400.0
Grays River,WA,69318.0,258300.0
Green Bluff,WA,93036.0,567300.0
Greenwater,WA,,
Hamilton,WA,64063.0,281300.0
Hansville,WA,97331.0,441600.0
Harrah,WA,68333.0,160400.0
Harrington,WA,37279.0,137500.0
Hartline,WA,86205.0,161900.0
Hat Island,WA,,
Hatton,WA,85848.0,
Hazel Dell,WA,72299.0,391600.0
Herron Island,WA,62054.0,310400.0
High Bridge,WA,162560.0,848800.0
Hobart,WA,143125.0,826300.0
Hockinson,WA,126189.0,619400.0
Hogans Corner,WA,,
Home,WA,89444.0,398600.0
Hoodsport,WA,92348.0,428000.0
Hoquiam,WA,47614.0,162700.0
Humptulips,WA,,245500.0
Hunts Point,WA,250001.0,2000001.0
Ilwaco,WA,85446.0,346400.0
Inchelium,WA,59375.0,166700.0
Index,WA,,421100.0
Indianola,WA,91759.0,447800.0
Ione,WA,46944.0,214600.0
Issaquah,WA,143006.0,891500.0
Jamestown,WA,100625.0,394400.0
Kahlotus,WA,63125.0,
Kalama,WA,100600.0,394200.0
Kapowsin,WA,,414200.0
Kayak Point,WA,118105.0,619800.0
Keller,WA,57500.0,109900.0
Kelso,WA,59405.0,260000.0
Kendall,WA,90045.0,265500.0
Kenmore,WA,132191.0,803000.0
Kennewick,WA,70429.0,318400.0
Kent,WA,86966.0,478400.0
Ketron Island,WA,,
Kettle Falls,WA,48690.0,185000.0
Key Center,WA,92241.0,476200.0
Keyport,WA,128221.0,600500.0
Kingston,WA,96645.0,455600.0
Kirkland,WA,135608.0,937700.0
Kitsap Lake,WA,67946.0,294300.0
Kittitas,WA,57063.0,252900.0
Klickitat,WA,60893.0,162100.0
Krupp,WA,70500.0,190300.0
La Center,WA,112758.0,484800.0
Lacey,WA,79874.0,378700.0
La Conner,WA,72981.0,434700.0
LaCrosse,WA,31369.0,108500.0
La Grande,WA,,
Lake Bosworth,WA,122917.0,648800.0
Lake Cassidy,WA,103229.0,625400.0
Lake Cavanaugh,WA,,549700.0
Lake Forest Park,WA,152010.0,874200.0
Lake Goodwin,WA,105673.0,601200.0
Lake Holm,WA,119568.0,671500.0
Lake Ketchum,WA,82431.0,486100.0
Lakeland North,WA,101969.0,466800.0
Lakeland South,WA,100938.0,460000.0
Lake McMurray,WA,41875.0,270800.0
Lake Marcel-Stillwater,WA,142396.0,653400.0
Lake Morton-Berrydale,WA,121272.0,603800.0
Lake Roesiger,WA,111616.0,642300.0
Lake Shore,WA,130985.0,473000.0
Lake Stevens,WA,111821.0,516600.0
Lake Stickney,WA,80717.0,593100.0
Lake Tapps,WA,132850.0,638600.0
Lakeview,WA,71000.0,185200.0
Lakewood,WA,65531.0,406500.0
Lamont,WA,,75000.0
Langley,WA,72379.0,659200.0
Larch Way,WA,124545.0,711200.0
Latah,WA,,112500.0
Laurier,WA,,
Leavenworth,WA,66042.0,494600.0
Lebam,WA,,136100.0
Lewisville,WA,114968.0,605000.0
Lexington,WA,86607.0,314400.0
Liberty Lake,WA,101936.0,437500.0
Lind,WA,65313.0,170000.0
Lochsloy,WA,103008.0,522100.0
Lofall,WA,110250.0,452800.0
Long Beach,WA,47188.0,308700.0
Longbranch,WA,91563.0,356700.0
Longview,WA,57920.0,307100.0
Longview Heights,WA,83833.0,372600.0
Loomis,WA,37143.0,
Loon Lake,WA,67188.0,287000.0
Lower Elochoman,WA,93458.0,487500.0
Lyle,WA,,313500.0
Lyman,WA,81250.0,334600.0
Lynden,WA,86175.0,478500.0
Lynnwood,WA,72241.0,596200.0
Mabton,WA,50000.0,152800.0
McChord AFB,WA,48063.0,
McCleary,WA,67885.0,283500.0
Machias,WA,121319.0,585400.0
McKenna,WA,74602.0,445700.0
McMillin,WA,102586.0,536400.0
Malden,WA,40938.0,63000.0
Malo,WA,,
Malone,WA,92500.0,300000.0
Malott,WA,47650.0,302400.0
Maltby,WA,167928.0,808000.0
Manchester,WA,99933.0,433600.0
Mansfield,WA,43000.0,167900.0
Manson,WA,55283.0,418500.0
Maple Falls,WA,32226.0,586800.0
Maple Heights-Lake Desire,WA,124400.0,700000.0
Maple Valley,WA,137595.0,622100.0
Maplewood,WA,126615.0,629700.0
Marblemount,WA,92386.0,269700.0
Marcus,WA,48125.0,158200.0
Marietta-Alderwood,WA,83507.0,404400.0
Marine View,WA,57500.0,97100.0
Markham,WA,64792.0,
Marrowstone,WA,71389.0,464900.0
Martha Lake,WA,132844.0,675100.0
Maryhill,WA,,
Marysville,WA,98288.0,456600.0
Mattawa,WA,45500.0,32400.0
May Creek,WA,60375.0,271200.0
Mead,WA,74431.0,346200.0
Meadowdale,WA,139167.0,670000.0
Meadow Glade,WA,126447.0,617500.0
Medical Lake,WA,73456.0,279500.0
Medina,WA,244740.0,2000001.0
Mercer Island,WA,190985.0,1683600.0
Mesa,WA,72813.0,130500.0
Metaline,WA,72500.0,222900.0
Metaline Falls,WA,28250.0,171600.0
Methow,WA,,
Midland,WA,69653.0,332700.0
Mill Creek,WA,118276.0,777500.0
Mill Creek East,WA,174759.0,769600.0
Millwood,WA,70313.0,275000.0
Milton,WA,90372.0,439200.0
Mineral,WA,,
Minnehaha,WA,99620.0,395100.0
Mirrormont,WA,164000.0,874800.0
Moclips,WA,,
Monroe,WA,99713.0,516200.0
Monroe North,WA,165234.0,745200.0
Montesano,WA,57500.0,308900.0
Morton,WA,55156.0,239500.0
Moses Lake,WA,66218.0,245000.0
Moses Lake North,WA,52977.0,207200.0
Mossyrock,WA,39450.0,174200.0
Mountlake Terrace,WA,96104.0,561100.0
Mount Vernon,WA,69227.0,385200.0
Mount Vista,WA,103264.0,490500.0
Moxee,WA,104205.0,302100.0
Mukilteo,WA,123036.0,760700.0
Naches,WA,52270.0,183700.0
Napavine,WA,70833.0,294700.0
Naselle,WA,56188.0,
Navy Yard City,WA,71098.0,263100.0
Neah Bay,WA,63750.0,137500.0
Neilton,WA,,
Nespelem,WA,45625.0,83800.0
Nespelem Community,WA,96250.0,157300.0
Newcastle,WA,151007.0,1036200.0
Newport,WA,46250.0,196300.0
Nile,WA,,260000.0
Nisqually Indian Community,WA,78333.0,297700.0
Nooksack,WA,76125.0,405400.0
Normandy Park,WA,122467.0,871000.0
North Bend,WA,171078.0,870500.0
North Bonneville,WA,79375.0,362000.0
North Fort Lewis,WA,67708.0,
North Lynnwood,WA,89944.0,514900.0
North Omak,WA,64408.0,287500.0
Northport,WA,40197.0,140400.0
North Puyallup,WA,78091.0,251000.0
North Sultan,WA,142083.0,414500.0
Northwest Stanwood,WA,,
North Yelm,WA,75489.0,282800.0
Oakesdale,WA,70333.0,178100.0
Oak Harbor,WA,68039.0,381000.0
Oakville,WA,59318.0,218400.0
Ocean City,WA,,236400.0
Ocean Park,WA,48945.0,260600.0
Ocean Shores,WA,54435.0,301900.0
Ocosta,WA,,160000.0
Odessa,WA,46607.0,137500.0
Okanogan,WA,68850.0,216400.0
Olympia,WA,73851.0,409700.0
Omak,WA,70125.0,203800.0
Onalaska,WA,28667.0,
Orchards,WA,88199.0,387800.0
Orient,WA,28472.0,
Oroville,WA,34750.0,160900.0
Orting,WA,114458.0,413400.0
Oso,WA,153482.0,471100.0
Othello,WA,63824.0,236800.0
Otis Orchards-East Farms,WA,87572.0,328000.0
Outlook,WA,68351.0,
Oyehut,WA,,
Pacific,WA,98148.0,368400.0
Pacific Beach,WA,,
Packwood,WA,35250.0,271600.0
Palouse,WA,89479.0,240100.0
Parker,WA,46389.0,
Parkland,WA,66162.0,341100.0
Parkwood,WA,88440.0,383100.0
Pasco,WA,75316.0,309200.0
Pataha,WA,,
Pateros,WA,64531.0,214100.0
Peaceful Valley,WA,50845.0,203400.0
Pe Ell,WA,58281.0,161600.0
Picnic Point,WA,129769.0,663400.0
Pine Grove,WA,,
Point Roberts,WA,74400.0,375300.0
Pomeroy,WA,47784.0,182000.0
Port Angeles,WA,60212.0,293800.0
Port Angeles East,WA,60417.0,307700.0
Porter,WA,,327300.0
Port Gamble Tribal Community,WA,77188.0,
Port Hadlock-Irondale,WA,76518.0,336000.0
Port Ludlow,WA,86891.0,559800.0
Port Orchard,WA,82650.0,443500.0
Port Townsend,WA,59193.0,448400.0
Poulsbo,WA,89393.0,516300.0
Prairie Heights,WA,129946.0,465900.0
Prairie Ridge,WA,102801.0,395900.0
Prescott,WA,45625.0,187500.0
Prosser,WA,64622.0,252400.0
Puget Island,WA,64593.0,319300.0
Pullman,WA,41479.0,379000.0
Purdy,WA,83952.0,258600.0
Puyallup,WA,90592.0,467000.0
Queets,WA,50208.0,84400.0
Quilcene,WA,55577.0,283800.0
Qui-nai-elt Village,WA,,137500.0
Quincy,WA,69628.0,236800.0
Raft Island,WA,156136.0,1000000.0
Rainier,WA,89659.0,329000.0
Ravensdale,WA,138879.0,
Raymond,WA,57991.0,156400.0
Reardan,WA,48636.0,204600.0
Redmond,WA,155287.0,1026400.0
Renton,WA,92292.0,576800.0
Republic,WA,45658.0,178300.0
Richland,WA,89283.0,365800.0
Ridgefield,WA,107308.0,560900.0
Ritzville,WA,60638.0,156000.0
Riverbend,WA,145764.0,631300.0
Riverpoint,WA,167031.0,957200.0
River Road,WA,93304.0,379300.0
Riverside,WA,34816.0,186500.0
Roche Harbor,WA,84688.0,858100.0
Rochester,WA,92883.0,350900.0
Rockford,WA,68750.0,245800.0
Rock Island,WA,53359.0,217000.0
Rockport,WA,,
Rocky Point,WA,93988.0,398100.0
Ronald,WA,,
Roosevelt,WA,44000.0,107100.0
Rosalia,WA,63125.0,150800.0
Rosburg,WA,54776.0,221500.0
Rosedale,WA,141490.0,723500.0
Roslyn,WA,64500.0,429600.0
Roy,WA,82120.0,364400.0
Royal City,WA,45795.0,
Ruston,WA,116625.0,784700.0
Ryderwood,WA,41250.0,169200.0
St. John,WA,64750.0,181300.0
Salmon Creek,WA,93015.0,457600.0
Sammamish,WA,215047.0,1139100.0
Santiago,WA,70500.0,169200.0
Satsop,WA,83333.0,354800.0
Schwana,WA,88107.0,
Seabeck,WA,109125.0,587700.0
SeaTac,WA,79433.0,448200.0
Seattle,WA,116068.0,879900.0
Sedro-Woolley,WA,72281.0,361400.0
Sekiu,WA,,
Selah,WA,66843.0,320400.0
Sequim,WA,48015.0,328300.0
Shadow Lake,WA,104286.0,702200.0
Shelton,WA,57907.0,271400.0
Shoreline,WA,106184.0,711500.0
Silvana,WA,,
Silverdale,WA,96564.0,458800.0
Silver Firs,WA,150709.0,713800.0
Sisco Heights,WA,119036.0,634500.0
Skamokawa Valley,WA,,197100.0
Skokomish,WA,53281.0,140300.0
Skykomish,WA,51875.0,360000.0
Snohomish,WA,81731.0,529400.0
Snoqualmie,WA,186353.0,852100.0
Snoqualmie Pass,WA,80875.0,789400.0
Soap Lake,WA,43009.0,138900.0
South Bend,WA,45156.0,218500.0
South Cle Elum,WA,56400.0,339200.0
South Creek,WA,91833.0,500000.0
South Hill,WA,103707.0,442400.0
South Prairie,WA,94167.0,305400.0
South Wenatchee,WA,58178.0,
Southworth,WA,125446.0,591600.0
Spanaway,WA,91346.0,360400.0
Spangle,WA,68011.0,201900.0
Spokane,WA,63316.0,286900.0
Spokane Valley,WA,66483.0,307700.0
Sprague,WA,66250.0,100000.0
Springdale,WA,48950.0,156300.0
Stansberry Lake,WA,121029.0,355700.0
Stanwood,WA,85357.0,486000.0
Starbuck,WA,51500.0,
Startup,WA,96492.0,378600.0
Steilacoom,WA,94708.0,550800.0
Steptoe,WA,40625.0,122900.0
Stevenson,WA,84000.0,441900.0
Sudden Valley,WA,96102.0,420900.0
Sultan,WA,79084.0,376200.0
Sumas,WA,82188.0,305700.0
Summit,WA,101157.0,447800.0
Summit View,WA,98717.0,424400.0
Summitview,WA,82382.0,352300.0
Sumner,WA,83285.0,442800.0
Suncrest,WA,93886.0,395600.0
Sunday Lake,WA,,635300.0
Sunland Estates,WA,98500.0,450000.0
Sunnyside,WA,49134.0,182600.0
Sunnyslope,WA,124076.0,612300.0
Suquamish,WA,80216.0,401300.0
Swede Heaven,WA,129196.0,403200.0
Tacoma,WA,79085.0,415300.0
Taholah,WA,42750.0,
Tampico,WA,103889.0,325000.0
Tanglewilde,WA,92123.0,387000.0
Tehaleh,WA,133876.0,661400.0
Tekoa,WA,43333.0,197400.0
Tenino,WA,63654.0,290800.0
Terrace Heights,WA,79608.0,310200.0
Thorp,WA,62500.0,376500.0
Three Lakes,WA,144444.0,725500.0
Tieton,WA,50658.0,192900.0
Tokeland,WA,,
Toledo,WA,70515.0,240600.0
Tonasket,WA,36723.0,186400.0
Toppenish,WA,64327.0,194600.0
Torboy,WA,,
Touchet,WA,94083.0,262500.0
Town and Country,WA,85778.0,283700.0
Tracyton,WA,87955.0,378000.0
Trout Lake,WA,76875.0,635000.0
Tukwila,WA,76331.0,446000.0
Tumwater,WA,84177.0,421900.0
Twin Lakes,WA,37500.0,
Twisp,WA,52054.0,275000.0
Union,WA,73456.0,558600.0
Union Gap,WA,55667.0,161700.0
Union Hill-Novelty Hill,WA,174260.0,1108900.0
Uniontown,WA,65000.0,301800.0
University Place,WA,89658.0,509900.0
Upper Elochoman,WA,91719.0,411900.0
Vader,WA,50313.0,239900.0
Valley,WA,31613.0,135100.0
Vancouver,WA,73626.0,403400.0
Vantage,WA,,
Vashon,WA,103222.0,675000.0
Vaughn,WA,103286.0,416400.0
Venersborg,WA,126642.0,637200.0
Verlot,WA,,341900.0
Waitsburg,WA,64050.0,237300.0
Walla Walla,WA,58179.0,314500.0
Walla Walla East,WA,79336.0,472100.0
Waller,WA,112500.0,446100.0
Wallula,WA,61389.0,227800.0
Wapato,WA,48877.0,140700.0
Warden,WA,50929.0,166000.0
Warm Beach,WA,113380.0,571700.0
Washougal,WA,97295.0,456100.0
Washtucna,WA,61667.0,85000.0
Waterville,WA,71964.0,231000.0
Wauna,WA,100329.0,392300.0
Waverly,WA,62955.0,
Wenatchee,WA,66143.0,352200.0
West Clarkston-Highland,WA,50172.0,240600.0
West Pasco,WA,147833.0,476100.0
Westport,WA,54271.0,215000.0
West Richland,WA,118093.0,372800.0
Wheeler,WA,,
Whidbey Island Station,WA,39375.0,
White Center,WA,79432.0,551500.0
White Salmon,WA,72692.0,457700.0
White Swan,WA,51667.0,90000.0
Wilbur,WA,53472.0,191000.0
Wilderness Rim,WA,110000.0,596000.0
Wilkeson,WA,98542.0,385900.0
Willapa,WA,50000.0,165400.0
Wilson Creek,WA,36250.0,149300.0
Winlock,WA,59833.0,251300.0
Winthrop,WA,60263.0,356300.0
Wishram,WA,41750.0,159600.0
Wollochet,WA,132069.0,732500.0
Woodinville,WA,142500.0,917700.0
Woodland,WA,78870.0,345300.0
Woods Creek,WA,122045.0,648700.0
Woodway,WA,204167.0,1550600.0
Yacolt,WA,79479.0,357000.0
Yakima,WA,55734.0,243300.0
Yarrow Point,WA,250001.0,2000001.0
Yelm,WA,88818.0,382200.0
Zillah,WA,68701.0,267400.0
Accoville,WV,,88600.0
Addison (Webster Springs),WV,29773.0,87300.0
Adrian,WV,25521.0,98100.0
Albright,WV,59063.0,34700.0
Alderson,WV,30689.0,112500.0
Alum Creek,WV,65179.0,145800.0
Amherstdale,WV,,
Anawalt,WV,26023.0,22500.0
Anmoore,WV,26471.0,75700.0
Ansted,WV,55404.0,81300.0
Apple Grove,WV,,
Arbovale,WV,52692.0,156000.0
Arthurdale,WV,73281.0,103900.0
Athens,WV,61667.0,180500.0
Auburn,WV,19375.0,
Aurora,WV,52978.0,
Bancroft,WV,80417.0,94600.0
Barboursville,WV,61236.0,197100.0
Barrackville,WV,66083.0,150700.0
Bartley,WV,,
Bartow,WV,,156900.0
Bath (Berkeley Springs),WV,31094.0,163100.0
Baxter,WV,,
Bayard,WV,26250.0,73000.0
Beards Fork,WV,28911.0,
Beaver,WV,29780.0,85500.0
Beckley,WV,41277.0,135100.0
Beech Bottom,WV,28958.0,55000.0
Belington,WV,46927.0,92200.0
Belle,WV,59167.0,108700.0
Belmont,WV,55417.0,117300.0
Belva,WV,67969.0,
Benwood,WV,38000.0,67800.0
Bergoo,WV,60104.0,94600.0
Berwind,WV,26384.0,41600.0
Bethany,WV,63214.0,117500.0
Bethlehem,WV,85150.0,197300.0
Beverly,WV,30000.0,124100.0
Big Chimney,WV,70024.0,179300.0
Big Creek,WV,,
Big Sandy,WV,,
Birch River,WV,,
Blacksville,WV,45833.0,43000.0
Blennerhassett,WV,80783.0,176300.0
Bluefield,WV,45854.0,94400.0
Bluewell,WV,32763.0,113600.0
Boaz,WV,87569.0,190000.0
Bolivar,WV,80125.0,238000.0
Bolt,WV,66020.0,
Boomer,WV,29048.0,91900.0
Booth,WV,,225000.0
Bowden,WV,,
Bradley,WV,40179.0,106300.0
Bradshaw,WV,21458.0,55500.0
Bramwell,WV,48750.0,
Brandonville,WV,78333.0,155700.0
Brandywine,WV,31875.0,110700.0
Brenton,WV,,
Bridgeport,WV,96063.0,255300.0
Brookhaven,WV,70179.0,233500.0
Bruceton Mills,WV,57500.0,132500.0
Bruno,WV,24399.0,257100.0
Brush Fork,WV,44493.0,67300.0
Buckhannon,WV,43621.0,147900.0
Bud,WV,12326.0,
Buffalo,WV,46389.0,105800.0
Burlington,WV,100347.0,190300.0
Burnsville,WV,71250.0,96000.0
Cairo,WV,27300.0,63000.0
Camden-on-Gauley,WV,42500.0,91300.0
Cameron,WV,47500.0,56800.0
Capon Bridge,WV,63125.0,195000.0
Carolina,WV,,117500.0
Carpendale,WV,65938.0,160400.0
Cass,WV,,
Cassville,WV,85878.0,223000.0
Cedar Grove,WV,55600.0,63000.0
Century,WV,36505.0,92700.0
Ceredo,WV,32305.0,112900.0
Chapmanville,WV,33500.0,144500.0
Charleston,WV,58902.0,172800.0
Charles Town,WV,83275.0,323900.0
Charlton Heights,WV,,
Chattaroy,WV,,82800.0
Chauncey,WV,,
Cheat Lake,WV,109732.0,335000.0
Chelyan,WV,72059.0,
Chesapeake,WV,48375.0,82600.0
Chester,WV,58988.0,118300.0
Clarksburg,WV,46595.0,110600.0
Clay,WV,,65000.0
Clearview,WV,79688.0,207700.0
Clendenin,WV,50375.0,94000.0
Clifton,WV,81729.0,188100.0
Coal City,WV,26353.0,
Coal Fork,WV,60534.0,61200.0
Colcord,WV,,34200.0
Colliers,WV,,
Comfort,WV,,86200.0
Corinne,WV,,50200.0
Cottageville,WV,,
Covel,WV,,
Cowen,WV,35272.0,52800.0
Crab Orchard,WV,48438.0,197100.0
Craigsville,WV,34375.0,108800.0
Crooked Creek,WV,36906.0,87900.0
Cross Lanes,WV,58696.0,137000.0
Crum,WV,,
Crumpler,WV,,84400.0
Cucumber,WV,,
Culloden,WV,75188.0,174000.0
Cunard,WV,,
Dailey,WV,,
Daniels,WV,52061.0,169100.0
Danville,WV,31923.0,76200.0
Davis,WV,44119.0,125000.0
Davy,WV,38750.0,23900.0
Deep Water,WV,,
Delbarton,WV,34688.0,78100.0
Despard,WV,27614.0,78900.0
Dixie,WV,,54100.0
Dorothy,WV,,
Dunbar,WV,48396.0,123600.0
Dupont City,WV,42546.0,116200.0
Durbin,WV,55972.0,81000.0
Earling,WV,,
East Bank,WV,52750.0,92200.0
East Dailey,WV,,171600.0
East View,WV,51864.0,55400.0
Eccles,WV,,
Eleanor,WV,65580.0,207400.0
Elizabeth,WV,,80800.0
Elk Garden,WV,78750.0,83500.0
Elkins,WV,39875.0,131100.0
Elkview,WV,70115.0,111400.0
Ellenboro,WV,70357.0,89600.0
Enterprise,WV,77788.0,137300.0
Eskdale,WV,,47100.0
Fairlea,WV,24794.0,
Fairmont,WV,55084.0,140400.0
Fairview,WV,60455.0,100600.0
Falling Spring,WV,42321.0,97500.0
Falling Waters,WV,84038.0,168100.0
Falls View,WV,,
Farmington,WV,54750.0,73200.0
Fayetteville,WV,63514.0,141200.0
Fenwick,WV,38958.0,38800.0
Flatwoods,WV,51094.0,89400.0
Flemington,WV,54286.0,104800.0
Follansbee,WV,47386.0,125600.0
Fort Ashby,WV,41992.0,152400.0
Fort Gay,WV,24519.0,58300.0
Frank,WV,,55000.0
Franklin,WV,78125.0,202200.0
Friendly,WV,36667.0,
Gallipolis Ferry,WV,26875.0,81800.0
Galloway,WV,52321.0,
Garten,WV,,
Gary,WV,33482.0,57500.0
Gassaway,WV,44653.0,97100.0
Gatewood,WV,71907.0,89100.0
Gauley Bridge,WV,16786.0,72700.0
Ghent,WV,102204.0,422400.0
Gilbert,WV,39375.0,86400.0
Gilbert Creek,WV,77763.0,
Glasgow,WV,48810.0,98000.0
Glen Dale,WV,80917.0,206900.0
Glen Ferris,WV,,
Glen Fork,WV,,
Glen Jean,WV,,
Glenville,WV,43690.0,73800.0
Glen White,WV,,
Grafton,WV,38934.0,85400.0
Grantsville,WV,28047.0,67900.0
Grant Town,WV,50982.0,86400.0
Granville,WV,29000.0,119900.0
Great Cacapon,WV,42045.0,100900.0
Green Bank,WV,,170800.0
Green Spring,WV,73148.0,
Greenview,WV,54048.0,
Greenville,WV,155625.0,
Gypsy,WV,,
Hambleton,WV,43125.0,99500.0
Hamlin,WV,48611.0,85500.0
Handley,WV,63611.0,
Hansford,WV,20292.0,
Harman,WV,25577.0,147500.0
Harpers Ferry,WV,109183.0,369600.0
Harrisville,WV,40114.0,109600.0
Hartford City,WV,50114.0,81100.0
Harts,WV,35750.0,
Hedgesville,WV,81400.0,187500.0
Helen,WV,,
Helvetia,WV,,
Henderson,WV,22000.0,
Hendricks,WV,46750.0,111400.0
Henlawson,WV,14071.0,95900.0
Hepzibah,WV,91122.0,
Hico,WV,56106.0,178400.0
Hillsboro,WV,46250.0,120800.0
Hilltop,WV,,
Hinkleville,WV,83231.0,185800.0
Hinton,WV,35735.0,85400.0
Holden,WV,62059.0,79100.0
Hollygrove,WV,47692.0,80900.0
Hometown,WV,41611.0,166700.0
Hooverson Heights,WV,55588.0,121200.0
Hundred,WV,41216.0,
Huntersville,WV,35714.0,
Huntington,WV,39066.0,114800.0
Hurricane,WV,70861.0,174600.0
Huttonsville,WV,,66300.0
Iaeger,WV,51629.0,26300.0
Idamay,WV,94244.0,107500.0
Institute,WV,45625.0,95700.0
Inwood,WV,90327.0,247300.0
Itmann,WV,,
Jacksonburg,WV,,
Jane Lew,WV,50583.0,73000.0
Jefferson,WV,38533.0,84500.0
Junior,WV,28393.0,70300.0
Justice,WV,40817.0,82200.0
Justice Addition,WV,,
Kanawha,WV,,157500.0
Kenova,WV,49896.0,94000.0
Kermit,WV,30625.0,136100.0
Keyser,WV,46724.0,115400.0
Keystone,WV,18846.0,18300.0
Kimball,WV,2499.0,
Kimberly,WV,13618.0,
Kincaid,WV,,
Kingwood,WV,74961.0,162800.0
Kistler,WV,,130800.0
Kopperston,WV,35231.0,
Lashmeet,WV,43701.0,150100.0
Lavalette,WV,80404.0,107000.0
Leon,WV,32083.0,112000.0
Lesage,WV,46693.0,
Lester,WV,28125.0,87700.0
Lewisburg,WV,47563.0,270200.0
Littleton,WV,,
Logan,WV,38267.0,83900.0
Lost Creek,WV,55556.0,115800.0
Lubeck,WV,67282.0,199900.0
Lumberport,WV,53594.0,116100.0
Mabscott,WV,52083.0,109000.0
MacArthur,WV,33444.0,129500.0
McConnell,WV,26991.0,84300.0
McMechen,WV,51389.0,87000.0
Madison,WV,63864.0,120300.0
Malden,WV,50071.0,164000.0
Mallory,WV,31677.0,93800.0
Man,WV,70481.0,148900.0
Mannington,WV,54625.0,95100.0
Marlinton,WV,39643.0,82000.0
Marmet,WV,47682.0,87400.0
Martinsburg,WV,55240.0,198800.0
Mason,WV,46406.0,85500.0
Masontown,WV,42917.0,150400.0
Matewan,WV,22250.0,107300.0
Matheny,WV,,
Matoaka,WV,40625.0,60800.0
Maybeury,WV,,
Meadow Bridge,WV,35781.0,121900.0
Middlebourne,WV,62000.0,111300.0
Middleway,WV,,356200.0
Mill Creek,WV,45417.0,84600.0
Milton,WV,42857.0,95000.0
Mineralwells,WV,79760.0,149000.0
Mitchell Heights,WV,73438.0,161100.0
Monaville,WV,33924.0,
Monongah,WV,55288.0,86700.0
Montcalm,WV,34143.0,33400.0
Montgomery,WV,27174.0,117300.0
Montrose,WV,70833.0,176900.0
Moorefield,WV,51985.0,148600.0
Morgantown,WV,41103.0,231100.0
Moundsville,WV,46070.0,93300.0
Mount Carbon,WV,56596.0,
Mount Gay-Shamrock,WV,43491.0,62400.0
Mount Hope,WV,25404.0,60500.0
Mullens,WV,66905.0,82300.0
Neibert,WV,48269.0,
Nettie,WV,,43700.0
Newark,WV,43555.0,84300.0
Newburg,WV,49219.0,47900.0
New Cumberland,WV,40000.0,89700.0
Newell,WV,23808.0,80300.0
New Haven,WV,58533.0,98900.0
New Martinsville,WV,50235.0,113000.0
New Richmond,WV,,
Nitro,WV,49742.0,110200.0
Northfork,WV,37059.0,31400.0
North Hills,WV,137875.0,235400.0
Norton,WV,,92600.0
Nutter Fort,WV,56125.0,113200.0
Oak Hill,WV,48050.0,111600.0
Oakvale,WV,,85000.0
Oceana,WV,37083.0,53600.0
Omar,WV,,
Osage,WV,,
Paden City,WV,53833.0,91700.0
Page,WV,53194.0,88400.0
Pageton,WV,,
Parcoal,WV,,
Parkersburg,WV,41921.0,104200.0
Parsons,WV,45729.0,88600.0
Paw Paw,WV,58750.0,84100.0
Pax,WV,,52900.0
Peach Creek,WV,,
Pea Ridge,WV,57863.0,171700.0
Pennsboro,WV,48452.0,72700.0
Pentress,WV,,
Petersburg,WV,46629.0,143900.0
Peterstown,WV,39167.0,114500.0
Philippi,WV,36563.0,97500.0
Pickens,WV,,
Piedmont,WV,47031.0,53400.0
Pinch,WV,73973.0,200200.0
Pine Grove,WV,72250.0,
Pineville,WV,51518.0,92100.0
Piney View,WV,39781.0,135700.0
Pleasant Valley,WV,61067.0,186500.0
Poca,WV,64408.0,158600.0
Point Pleasant,WV,45996.0,106400.0
Powellton,WV,,55800.0
Pratt,WV,67679.0,119300.0
Prichard,WV,77163.0,93500.0
Prince,WV,,83700.0
Princeton,WV,41782.0,116000.0
Prosperity,WV,66905.0,115000.0
Pullman,WV,57880.0,104900.0
Quinwood,WV,24063.0,58500.0
Rachel,WV,,83700.0
Racine,WV,70815.0,112000.0
Rainelle,WV,39338.0,91800.0
Raleigh,WV,39232.0,
Rand,WV,37230.0,78500.0
Ranson corporation,WV,80242.0,214300.0
Ravenswood,WV,31818.0,87600.0
Raymond City,WV,38542.0,107900.0
Raysal,WV,31154.0,
Reader,WV,,36800.0
Red Jacket,WV,,210700.0
Reedsville,WV,54223.0,179300.0
Reedy,WV,34063.0,59600.0
Reynoldsville,WV,68816.0,81400.0
Rhodell,WV,36250.0,
Richwood,WV,30962.0,68000.0
Ridgeley,WV,47788.0,122700.0
Ripley,WV,35489.0,122300.0
Rivesville,WV,59833.0,127300.0
Robinette,WV,23819.0,65600.0
Rock Cave,WV,,227000.0
Roderfield,WV,,
Romney,WV,34063.0,142900.0
Ronceverte,WV,40605.0,113200.0
Rossmore,WV,,
Rowlesburg,WV,50139.0,88300.0
Rupert,WV,27244.0,97700.0
St. Albans,WV,60524.0,135200.0
St. George,WV,,241700.0
St. Marys,WV,53125.0,122500.0
Salem,WV,45521.0,67400.0
Salt Rock,WV,23148.0,
Sand Fork,WV,51154.0,
Sarah Ann,WV,,58100.0
Scarbro,WV,,127200.0
Shady Spring,WV,64215.0,158800.0
Shannondale,WV,83125.0,236100.0
Shenandoah Junction,WV,102552.0,160700.0
Shepherdstown,WV,58875.0,429600.0
Shinnston,WV,55089.0,113900.0
Shrewsbury,WV,,85200.0
Sissonville,WV,54856.0,148500.0
Sistersville,WV,38950.0,77100.0
Smithers,WV,31536.0,
Smithfield,WV,22813.0,101900.0
Sophia,WV,33372.0,108400.0
South Charleston,WV,58756.0,146700.0
Spelter,WV,,
Spencer,WV,23983.0,105100.0
Sprague,WV,57160.0,111100.0
Springfield,WV,,90800.0
Stanaford,WV,60375.0,135600.0
Star City,WV,69063.0,249100.0
Stollings,WV,32279.0,80600.0
Stonewood,WV,49402.0,138300.0
Summersville,WV,53529.0,198200.0
Sutton,WV,37167.0,77400.0
Switzer,WV,40366.0,
Sylvester,WV,61000.0,83300.0
Teays Valley,WV,102349.0,265300.0
Terra Alta,WV,50278.0,81300.0
Thomas,WV,53000.0,151000.0
Thurmond,WV,,
Tioga,WV,78667.0,
Tornado,WV,79952.0,146300.0
Triadelphia,WV,45739.0,76000.0
Tunnelton,WV,56023.0,51100.0
Twilight,WV,,
Union,WV,30625.0,153200.0
Valley Bend,WV,128173.0,251300.0
Valley Grove,WV,50208.0,133400.0
Valley Head,WV,,
Van,WV,,
Verdunville,WV,50534.0,
Vienna,WV,62979.0,145500.0
Vivian,WV,,
Wallace,WV,51818.0,74800.0
War,WV,21150.0,26500.0
Wardensville,WV,39688.0,165600.0
Washington,WV,41920.0,205300.0
Waverly,WV,77833.0,215600.0
Wayne,WV,25391.0,83400.0
Weirton,WV,57373.0,114200.0
Welch,WV,32109.0,61500.0
Wellsburg,WV,39000.0,96200.0
West Dunbar,WV,31597.0,
West Hamlin,WV,36354.0,158500.0
West Liberty,WV,39181.0,113800.0
West Logan,WV,56094.0,68600.0
West Milford,WV,59297.0,122300.0
Weston,WV,44955.0,91300.0
Westover,WV,55625.0,159300.0
West Union,WV,88833.0,104700.0
Wheeling,WV,46516.0,131600.0
White Hall,WV,67679.0,222400.0
White Sulphur Springs,WV,47292.0,122000.0
Whitesville,WV,40625.0,77800.0
Whitmer,WV,,
Wiley Ford,WV,85938.0,166000.0
Williamson,WV,23173.0,96900.0
Williamstown,WV,68029.0,162300.0
Windsor Heights,WV,46058.0,58400.0
Winfield,WV,101500.0,229500.0
Wolf Summit,WV,,112100.0
Womelsdorf (Coalton),WV,46250.0,84400.0
Worthington,WV,34688.0,77700.0
Abbotsford,WI,58125.0,126100.0
Abrams,WI,88542.0,172900.0
Adams,WI,37024.0,86700.0
Adell,WI,69318.0,183000.0
Albany,WI,68039.0,161300.0
Algoma,WI,72232.0,123800.0
Allens Grove,WI,66875.0,186500.0
Allenton,WI,83232.0,188200.0
Allouez,WI,84198.0,203500.0
Alma,WI,53878.0,151100.0
Alma Center,WI,59167.0,115200.0
Almena,WI,43720.0,99400.0
Almond,WI,69107.0,123000.0
Alto,WI,70625.0,150000.0
Altoona,WI,77002.0,218800.0
Amberg,WI,38575.0,137000.0
Amery,WI,71111.0,162500.0
Amherst,WI,53625.0,205000.0
Amherst Junction,WI,93750.0,268200.0
Angelica,WI,88750.0,209400.0
Aniwa,WI,46875.0,84200.0
Antigo,WI,45581.0,91200.0
Appleton,WI,75469.0,192200.0
Arcadia,WI,62008.0,149100.0
Arena,WI,63125.0,179300.0
Argonne,WI,53750.0,133300.0
Argyle,WI,53977.0,127900.0
Arkansaw,WI,69375.0,113800.0
Arkdale,WI,46458.0,116100.0
Arlington,WI,99423.0,269200.0
Arpin,WI,52500.0,84300.0
Ashippun,WI,106012.0,329300.0
Ashland,WI,47239.0,144100.0
Ashwaubenon,WI,67748.0,222900.0
Athens,WI,58828.0,163300.0
Auburndale,WI,78362.0,187000.0
Augusta,WI,50243.0,134200.0
Avoca,WI,55139.0,86100.0
Babcock,WI,50625.0,56300.0
Bagley,WI,47500.0,109800.0
Baileys Harbor,WI,69950.0,310300.0
Baldwin,WI,73594.0,218400.0
Balsam Lake,WI,47857.0,170800.0
Bancroft,WI,70272.0,108000.0
Bangor,WI,72019.0,191100.0
Baraboo,WI,66592.0,192100.0
Barneveld,WI,116563.0,255700.0
Barron,WI,47297.0,116400.0
Barronett,WI,59250.0,99400.0
Batavia,WI,86096.0,227300.0
Bay City,WI,56071.0,117600.0
Bayfield,WI,69792.0,274300.0
Bayfront,WI,91705.0,283300.0
Bayside,WI,129348.0,407100.0
Bear Creek,WI,63889.0,99200.0
Beaver Dam,WI,65802.0,167800.0
Belgium,WI,71250.0,224800.0
Bell Center,WI,91250.0,187500.0
Belleville,WI,84474.0,253900.0
Bellevue,WI,76152.0,256100.0
Belmont,WI,80536.0,177600.0
Beloit,WI,57168.0,121900.0
Benton,WI,59231.0,134300.0
Berlin,WI,57656.0,133100.0
Big Bend,WI,127188.0,270400.0
Big Falls,WI,,63900.0
Big Foot Prairie,WI,,237500.0
Birch Hill,WI,57292.0,53300.0
Birchwood,WI,65469.0,150000.0
Birnamwood,WI,57250.0,117100.0
Biron,WI,54250.0,167600.0
Black Creek,WI,62768.0,162000.0
Black Earth,WI,65714.0,237800.0
Black River Falls,WI,42798.0,124700.0
Blair,WI,64704.0,124500.0
Blanchardville,WI,63456.0,155000.0
Bloomer,WI,48398.0,169100.0
Bloomfield,WI,95166.0,200800.0
Bloomington,WI,67768.0,133300.0
Blue Mounds,WI,71094.0,301500.0
Blue River,WI,55461.0,118900.0
Bluffview,WI,44314.0,
Boaz,WI,50000.0,95000.0
Bohners Lake,WI,74041.0,218300.0
Bonduel,WI,58167.0,157200.0
Boscobel,WI,52074.0,125800.0
Boulder Junction,WI,57188.0,
Bowler,WI,50000.0,127100.0
Boyceville,WI,55833.0,141600.0
Boyd,WI,58000.0,121600.0
Brandon,WI,79688.0,145400.0
Brice Prairie,WI,89013.0,242200.0
Briggsville,WI,76250.0,200000.0
Brillion,WI,62654.0,166900.0
Bristol,WI,103652.0,293200.0
Brodhead,WI,45601.0,154900.0
Brookfield,WI,121837.0,388600.0
Brooklyn,WI,97500.0,235700.0
Brothertown,WI,54009.0,210800.0
Brown Deer,WI,88164.0,207600.0
Browns Lake,WI,120719.0,288400.0
Brownsville,WI,94167.0,216700.0
Browntown,WI,63000.0,109100.0
Bruce,WI,45938.0,90000.0
Brule,WI,62375.0,227800.0
Buffalo City,WI,67955.0,175000.0
Burlington,WI,80529.0,262600.0
Burnett,WI,69375.0,142700.0
Butler,WI,53051.0,201300.0
Butte des Morts,WI,108125.0,346300.0
Butternut,WI,42917.0,72700.0
Cable,WI,37500.0,110200.0
Cadott,WI,65197.0,158000.0
Caledonia,WI,90346.0,260400.0
Cambria,WI,66000.0,149300.0
Cambridge,WI,90385.0,249800.0
Cameron,WI,65132.0,162700.0
Campbellsport,WI,73750.0,190800.0
Camp Douglas,WI,58750.0,108000.0
Caroline,WI,70972.0,133300.0
Cascade,WI,81806.0,162000.0
Casco,WI,85865.0,141300.0
Cashton,WI,64625.0,119200.0
Cassville,WI,57143.0,108800.0
Cataract,WI,64583.0,137500.0
Catawba,WI,63063.0,58900.0
Cazenovia,WI,60625.0,125000.0
Cecil,WI,74423.0,201100.0
Cedarburg,WI,79610.0,372500.0
Cedar Grove,WI,85724.0,195400.0
Ceex Haci,WI,,
Centuria,WI,35489.0,104400.0
Chain O' Lakes,WI,115341.0,598200.0
Chaseburg,WI,63750.0,157500.0
Chelsea,WI,40313.0,97500.0
Chenequa,WI,177500.0,1200000.0
Chetek,WI,51250.0,144200.0
Chief Lake,WI,65962.0,
Chili,WI,50714.0,118800.0
Chilton,WI,70099.0,154300.0
Chippewa Falls,WI,58558.0,173200.0
Clam Lake,WI,68787.0,344300.0
Clarks Mills,WI,83125.0,144800.0
Clayton,WI,46719.0,122800.0
Clear Lake,WI,71705.0,165700.0
Cleveland,WI,74632.0,176100.0
Clinton,WI,66950.0,168600.0
Clintonville,WI,58377.0,109100.0
Clyman,WI,68438.0,127800.0
Cobb,WI,78750.0,133500.0
Cochrane,WI,65625.0,131300.0
Colby,WI,51176.0,143900.0
Coleman,WI,47788.0,145200.0
Colfax,WI,65500.0,142600.0
Collins,WI,76250.0,161300.0
Coloma,WI,78125.0,114800.0
Columbus,WI,65727.0,209500.0
Combined Locks,WI,89375.0,225300.0
Como,WI,74659.0,241800.0
Conrath,WI,63750.0,156300.0
Coon Valley,WI,53958.0,161900.0
Cornell,WI,59375.0,123200.0
Cornucopia,WI,45139.0,173200.0
Cottage Grove,WI,123750.0,361100.0
Couderay,WI,50500.0,85000.0
Crandon,WI,47083.0,120500.0
Crivitz,WI,58929.0,131900.0
Cross Plains,WI,97843.0,336400.0
Cuba City,WI,73393.0,170100.0
Cudahy,WI,66592.0,189000.0
Cumberland,WI,42760.0,164400.0
Curtiss,WI,63750.0,76400.0
Dale,WI,67159.0,186600.0
Dallas,WI,54167.0,112900.0
Dalton,WI,73750.0,110800.0
Danbury,WI,44375.0,100000.0
Dane,WI,102000.0,314900.0
Darien,WI,62333.0,173100.0
Darlington,WI,60682.0,119400.0
Deerfield,WI,83264.0,281900.0
Deer Park,WI,50000.0,160300.0
DeForest,WI,97381.0,287300.0
Dekorra,WI,98281.0,212500.0
Delafield,WI,99239.0,458300.0
Delavan,WI,69238.0,181400.0
Delavan Lake,WI,66667.0,265700.0
Dellwood,WI,30500.0,147800.0
Denmark,WI,71750.0,164200.0
De Pere,WI,78733.0,232000.0
De Soto,WI,86996.0,114600.0
Diamond Bluff,WI,72250.0,268800.0
Diaperville,WI,46750.0,92000.0
Dickeyville,WI,65081.0,166000.0
Dodge,WI,50780.0,158300.0
Dodgeville,WI,68002.0,207500.0
Dorchester,WI,55179.0,128700.0
Dousman,WI,85909.0,365700.0
Downing,WI,57500.0,143100.0
Downsville,WI,93125.0,201000.0
Doylestown,WI,77500.0,133900.0
Dresser,WI,72143.0,173600.0
Drummond,WI,62734.0,100000.0
Dunbar,WI,81250.0,60000.0
Durand,WI,54237.0,126200.0
Dyckesville,WI,85536.0,407100.0
Eagle,WI,110500.0,290300.0
Eagle Lake,WI,84483.0,226400.0
Eagle River,WI,47169.0,155000.0
Eastman,WI,66042.0,169900.0
Easton,WI,64167.0,187500.0
East Troy,WI,79504.0,243600.0
Eau Claire,WI,63882.0,209200.0
Eden,WI,64290.0,148900.0
Edgar,WI,58500.0,147600.0
Edgerton,WI,80255.0,218900.0
Edmund,WI,51667.0,154200.0
Egg Harbor,WI,77500.0,403300.0
Eland,WI,63438.0,111100.0
Elcho,WI,37500.0,76300.0
Elderon,WI,50833.0,88800.0
Eleva,WI,51875.0,153700.0
Elkhart Lake,WI,82045.0,266000.0
Elkhorn,WI,72958.0,226100.0
Elk Mound,WI,73000.0,137900.0
Ellison Bay,WI,83000.0,287500.0
Ellsworth,WI,72326.0,202100.0
Elm Grove,WI,126996.0,433300.0
Elmwood,WI,56071.0,152600.0
Elmwood Park,WI,59103.0,221400.0
Elroy,WI,57583.0,106400.0
Embarrass,WI,34286.0,130000.0
Emerald,WI,47679.0,120000.0
Endeavor,WI,47411.0,133100.0
Ephraim,WI,72292.0,461900.0
Ettrick,WI,61806.0,136400.0
Eureka,WI,51806.0,149000.0
Evansville,WI,83431.0,236500.0
Exeland,WI,33750.0,98800.0
Fairchild,WI,45000.0,79600.0
Fairwater,WI,67083.0,119000.0
Fall Creek,WI,76417.0,179600.0
Fall River,WI,74688.0,230200.0
Fennimore,WI,65031.0,145500.0
Fenwood,WI,77500.0,109600.0
Ferryville,WI,68125.0,196900.0
Fitchburg,WI,87253.0,377600.0
Florence,WI,30500.0,33500.0
Fond du Lac,WI,58675.0,148500.0
Fontana-on-Geneva Lake,WI,102955.0,549200.0
Footville,WI,61250.0,139400.0
Forest Junction,WI,77727.0,179900.0
Forestville,WI,61071.0,147400.0
Fort Atkinson,WI,72215.0,191300.0
Fountain City,WI,57500.0,167600.0
Fox Crossing,WI,70664.0,206100.0
Fox Lake,WI,77756.0,163100.0
Fox Point,WI,130865.0,382500.0
Francis Creek,WI,81667.0,214700.0
Franklin,WI,100524.0,331200.0
Franks Field,WI,30417.0,
Frederic,WI,50250.0,121700.0
Fredonia,WI,86518.0,241400.0
Fremont,WI,66250.0,209700.0
French Island,WI,59574.0,186800.0
Friendship,WI,45208.0,114300.0
Friesland,WI,73125.0,145600.0
Fulton,WI,,
Galesville,WI,66774.0,194600.0
Gays Mills,WI,40833.0,149700.0
Genoa,WI,65625.0,165900.0
Genoa City,WI,82063.0,204800.0
Germantown,WI,101554.0,333200.0
Gibbsville,WI,94844.0,239700.0
Gillett,WI,51944.0,95800.0
Gilman,WI,53125.0,105900.0
Gilmanton,WI,49583.0,175000.0
Glenbeulah,WI,82188.0,154900.0
Glendale,WI,79861.0,248000.0
Glen Flora,WI,64583.0,102500.0
Glen Haven,WI,67857.0,92500.0
Glenwood City,WI,77788.0,159800.0
Glidden,WI,40750.0,76500.0
Goodman,WI,48750.0,80000.0
Gordon,WI,67500.0,106300.0
Gotham,WI,56875.0,120800.0
Grafton,WI,83500.0,285400.0
Grand Marsh,WI,,59500.0
Grand View,WI,55556.0,114300.0
Granton,WI,56696.0,104700.0
Grantsburg,WI,44808.0,137300.0
Gratiot,WI,37500.0,114600.0
Green Bay,WI,59174.0,172700.0
Greenbush,WI,,142600.0
Greendale,WI,89684.0,273400.0
Greenfield,WI,67536.0,231700.0
Green Lake,WI,51367.0,171800.0
Greenleaf,WI,71964.0,148200.0
Green Valley,WI,93750.0,125000.0
Greenville,WI,104413.0,309100.0
Greenwood,WI,53750.0,106300.0
Gresham,WI,43523.0,88100.0
Hager City,WI,99545.0,228300.0
Hales Corners,WI,84911.0,276600.0
Hammond,WI,77303.0,211600.0
Hancock,WI,45931.0,141900.0
Hanover,WI,56875.0,139600.0
Harrison,WI,109847.0,283700.0
Harrisville,WI,41579.0,142500.0
Hartford,WI,70887.0,245000.0
Hartland,WI,82238.0,344200.0
Hatfield,WI,60795.0,191700.0
Hatley,WI,86705.0,190200.0
Haugen,WI,61111.0,130800.0
Hawkins,WI,33906.0,58700.0
Hayward,WI,39422.0,171800.0
Hazel Green,WI,61118.0,173300.0
Hebron,WI,83438.0,292500.0
Helenville,WI,116797.0,216700.0
Herbster,WI,61250.0,312500.0
Hewitt,WI,86333.0,207100.0
Highland,WI,62083.0,132200.0
Hilbert,WI,66000.0,143700.0
Hillsboro,WI,58281.0,135800.0
Hingham,WI,89318.0,229400.0
Hixton,WI,83750.0,153800.0
Hobart,WI,107222.0,332300.0
Holcombe,WI,63750.0,139300.0
Hollandale,WI,66875.0,158500.0
Holmen,WI,77880.0,258000.0
Horicon,WI,48266.0,160400.0
Hortonville,WI,85469.0,210800.0
Houlton,WI,,
Howard,WI,77118.0,273700.0
Howards Grove,WI,72792.0,241100.0
Hudson,WI,90250.0,325500.0
Humbird,WI,60313.0,83300.0
Hurley,WI,38580.0,61800.0
Hustisford,WI,74464.0,188800.0
Hustler,WI,70417.0,146300.0
Independence,WI,51354.0,152000.0
Ingram,WI,68750.0,60000.0
Iola,WI,53462.0,136900.0
Iron Belt,WI,55625.0,65000.0
Iron Ridge,WI,69609.0,179000.0
Iron River,WI,49688.0,121000.0
Ironton,WI,51875.0,101700.0
Ixonia,WI,88882.0,331700.0
Jackson,WI,94621.0,273800.0
Janesville,WI,68610.0,186600.0
Jefferson,WI,69844.0,203100.0
Jim Falls,WI,87143.0,167700.0
Johnson Creek,WI,92826.0,267700.0
Jolmaville,WI,75833.0,181300.0
Juda,WI,66146.0,118500.0
Jump River,WI,,99600.0
Junction City,WI,59722.0,119000.0
Juneau,WI,76467.0,161600.0
Kaukauna,WI,74575.0,179900.0
Kekoskee,WI,89688.0,278700.0
Kellnersville,WI,38750.0,134200.0
Kendall,WI,60069.0,92900.0
Kennan,WI,41250.0,70000.0
Kenosha,WI,64963.0,194400.0
Keshena,WI,43000.0,98300.0
Kewaskum,WI,92500.0,258400.0
Kewaunee,WI,64643.0,121000.0
Kiel,WI,71019.0,149400.0
Kieler,WI,89875.0,220800.0
Kimberly,WI,65061.0,183900.0
King,WI,79167.0,172200.0
Kingston,WI,75250.0,124100.0
Knapp,WI,46042.0,120800.0
Knowlton,WI,49444.0,172500.0
Kohler,WI,128036.0,337200.0
Krakow,WI,93365.0,168500.0
Kronenwetter,WI,107727.0,232600.0
Lac du Flambeau,WI,29375.0,89000.0
Lac La Belle,WI,198750.0,1116100.0
La Crosse,WI,51836.0,183300.0
Ladysmith,WI,49973.0,92100.0
La Farge,WI,34792.0,102900.0
Lake Arrowhead,WI,87528.0,274700.0
Lake Camelot,WI,92463.0,300000.0
Lake Delton,WI,45579.0,157400.0
Lake Geneva,WI,62883.0,290800.0
Lake Hallie,WI,76134.0,233600.0
Lake Ivanhoe,WI,66953.0,173800.0
Lake Koshkonong,WI,87893.0,322500.0
Lake Lorraine,WI,67188.0,187100.0
Lake Mills,WI,77449.0,259000.0
Lake Nebagamon,WI,74444.0,256800.0
Lake Ripley,WI,118478.0,323900.0
Lake Sherwood,WI,98672.0,271600.0
Lake Tomahawk,WI,47000.0,181800.0
Lake Wazeecha,WI,88505.0,208600.0
Lake Wisconsin,WI,114241.0,407200.0
Lake Wissota,WI,126667.0,304700.0
Lakewood,WI,48750.0,150000.0
Lancaster,WI,77328.0,168300.0
Lannon,WI,75675.0,213300.0
Laona,WI,36136.0,125000.0
Lauderdale Lakes,WI,84167.0,287600.0
La Valle,WI,59844.0,118300.0
Lebanon,WI,76445.0,228200.0
Legend Lake,WI,86563.0,160700.0
Lena,WI,61591.0,122900.0
Leopolis,WI,50625.0,78300.0
Lewis,WI,75625.0,
Lily Lake,WI,93629.0,242600.0
Lime Ridge,WI,93750.0,126800.0
Linden,WI,54803.0,152300.0
Little Chute,WI,69102.0,197700.0
Little Round Lake,WI,35571.0,74600.0
Little Sturgeon,WI,63438.0,337500.0
Livingston,WI,58250.0,147200.0
Lodi,WI,108168.0,281600.0
Loganville,WI,77750.0,127500.0
Lohrville,WI,57857.0,106000.0
Lomira,WI,63750.0,201400.0
Lone Rock,WI,52750.0,106800.0
Long Lake,WI,,
Lowell,WI,76250.0,152300.0
Loyal,WI,59938.0,109900.0
Lublin,WI,40000.0,106300.0
Luck,WI,64250.0,128900.0
Luxemburg,WI,75061.0,224500.0
Lyndon Station,WI,75000.0,156700.0
Lynxville,WI,68750.0,170800.0
Lyons,WI,106705.0,256300.0
McFarland,WI,91029.0,338700.0
Madison,WI,74895.0,326600.0
Maiden Rock,WI,80250.0,150000.0
Maine,WI,103784.0,252600.0
Manawa,WI,77054.0,138300.0
Manitowoc,WI,60040.0,134900.0
Maple Bluff,WI,172174.0,777000.0
Marathon City,WI,84550.0,187100.0
Marengo,WI,53409.0,110000.0
Maribel,WI,77500.0,162900.0
Marinette,WI,54969.0,100200.0
Marion,WI,54659.0,88300.0
Markesan,WI,62545.0,139700.0
Marquette,WI,47750.0,179000.0
Marshall,WI,79308.0,236200.0
Marshfield,WI,58474.0,154700.0
Mason,WI,53750.0,110000.0
Mattoon,WI,68478.0,79100.0
Mauston,WI,57083.0,130500.0
Mayville,WI,62645.0,161800.0
Mazomanie,WI,86250.0,264900.0
Medford,WI,54107.0,146600.0
Mellen,WI,40391.0,75300.0
Melrose,WI,55833.0,139300.0
Melvina,WI,68000.0,117500.0
Menasha,WI,62514.0,156900.0
Menomonee Falls,WI,96986.0,312400.0
Menomonie,WI,51250.0,187200.0
Mequon,WI,141996.0,463800.0
Mercer,WI,59545.0,216300.0
Merrill,WI,48378.0,98900.0
Merrillan,WI,50000.0,110400.0
Merrimac,WI,86250.0,252600.0
Merton,WI,159577.0,481300.0
Middleton,WI,87333.0,438700.0
Middle Village,WI,49688.0,
Milladore,WI,83438.0,157100.0
Millston,WI,50625.0,107100.0
Milltown,WI,41071.0,108200.0
Milton,WI,78957.0,190300.0
Milwaukee,WI,49733.0,157800.0
Mindoro,WI,58500.0,211400.0
Mineral Point,WI,67656.0,194800.0
Minocqua,WI,,231300.0
Minong,WI,29545.0,83900.0
Mishicot,WI,70385.0,125400.0
Mission,WI,64583.0,135000.0
Mole Lake,WI,35625.0,129200.0
Mondovi,WI,48526.0,157800.0
Monona,WI,87723.0,366600.0
Monroe,WI,62191.0,160400.0
Montello,WI,52500.0,148000.0
Montfort,WI,69375.0,150000.0
Monticello,WI,70833.0,169500.0
Montreal,WI,57292.0,106400.0
Mosinee,WI,68219.0,159300.0
Mountain,WI,46875.0,110200.0
Mount Calvary,WI,81042.0,182000.0
Mount Hope,WI,59688.0,88100.0
Mount Horeb,WI,96915.0,332500.0
Mount Pleasant,WI,83827.0,253800.0
Mount Sterling,WI,42000.0,119600.0
Mukwonago,WI,91827.0,305900.0
Muscoda,WI,51016.0,113700.0
Muskego,WI,112537.0,371100.0
Nashotah,WI,131250.0,405700.0
Navarino,WI,66250.0,162500.0
Necedah,WI,47986.0,99100.0
Neenah,WI,71280.0,175000.0
Neillsville,WI,57400.0,102900.0
Nekoosa,WI,40833.0,99400.0
Nelson,WI,64375.0,146500.0
Nelsonville,WI,61250.0,141700.0
Neopit,WI,53281.0,51900.0
Neosho,WI,76500.0,222000.0
Neshkoro,WI,29226.0,118900.0
Newald,WI,38333.0,61700.0
New Auburn,WI,63125.0,147400.0
New Berlin,WI,94769.0,320800.0
Newburg,WI,68882.0,230700.0
New Glarus,WI,87401.0,230800.0
New Holstein,WI,58137.0,156600.0
New Lisbon,WI,47315.0,91900.0
New London,WI,53580.0,151000.0
New Munster,WI,81969.0,351900.0
New Odanah,WI,68214.0,94000.0
New Post,WI,37500.0,266700.0
New Richmond,WI,78077.0,254200.0
Niagara,WI,51667.0,87000.0
Nichols,WI,56250.0,83800.0
North Bay,WI,105833.0,481000.0
North Fond du Lac,WI,63342.0,134800.0
North Freedom,WI,72000.0,146400.0
North Hudson,WI,127982.0,353100.0
North Lake,WI,109107.0,437500.0
Northport,WI,84219.0,181900.0
North Prairie,WI,143068.0,371800.0
Norwalk,WI,51250.0,91800.0
Oak Creek,WI,86408.0,282500.0
Oakdale,WI,87813.0,186800.0
Oakfield,WI,100804.0,222000.0
Oconomowoc,WI,99104.0,339400.0
Oconomowoc Lake,WI,250001.0,1281300.0
Oconto,WI,63214.0,123000.0
Oconto Falls,WI,47941.0,137900.0
Odanah,WI,,
Ogdensburg,WI,65625.0,88900.0
Ogema,WI,55563.0,93300.0
Okauchee Lake,WI,128785.0,421400.0
Oliver,WI,74375.0,167100.0
Omro,WI,65150.0,162500.0
Onalaska,WI,80296.0,258200.0
Ontario,WI,57500.0,130000.0
Oostburg,WI,81208.0,209200.0
Oregon,WI,95453.0,338000.0
Orfordville,WI,66172.0,165300.0
Osceola,WI,51667.0,194100.0
Oshkosh,WI,59186.0,156900.0
Osseo,WI,61296.0,167000.0
Owen,WI,61875.0,113400.0
Oxford,WI,50417.0,123600.0
Paac Ciinak,WI,,117200.0
Packwaukee,WI,40972.0,158800.0
Paddock Lake,WI,80625.0,207300.0
Palmyra,WI,71111.0,182700.0
Pardeeville,WI,60625.0,195300.0
Park Falls,WI,43631.0,79200.0
Park Ridge,WI,87679.0,255700.0
Patch Grove,WI,45250.0,136500.0
Pella,WI,52188.0,158600.0
Pembine,WI,28722.0,56800.0
Pence,WI,43000.0,96100.0
Pepin,WI,71136.0,167600.0
Peshtigo,WI,61471.0,127200.0
Pewaukee,WI,110110.0,393100.0
Pewaukee,WI,60202.0,248200.0
Phillips,WI,41950.0,98200.0
Pigeon Falls,WI,57083.0,161000.0
Pine River,WI,41250.0,152500.0
Pittsville,WI,58500.0,114500.0
Plain,WI,82375.0,196500.0
Plainfield,WI,45417.0,99300.0
Platteville,WI,46554.0,175200.0
Pleasant Prairie,WI,99635.0,312500.0
Plover,WI,76120.0,222300.0
Plum City,WI,52917.0,156000.0
Plymouth,WI,65893.0,179400.0
Polonia,WI,124722.0,264300.0
Poplar,WI,88750.0,194100.0
Portage,WI,59619.0,171000.0
Port Edwards,WI,70347.0,125600.0
Port Washington,WI,76609.0,254800.0
Port Wing,WI,51250.0,128400.0
Post Lake,WI,72750.0,202600.0
Potosi,WI,67955.0,157400.0
Potter,WI,64688.0,152900.0
Potter Lake,WI,89447.0,284900.0
Pound,WI,62708.0,106600.0
Powers Lake,WI,102614.0,272100.0
Poynette,WI,90026.0,244000.0
Poy Sippi,WI,53750.0,108100.0
Prairie du Chien,WI,52400.0,138400.0
Prairie du Sac,WI,81818.0,305900.0
Prairie Farm,WI,55192.0,111900.0
Prentice,WI,50357.0,92700.0
Prescott,WI,74195.0,246100.0
Princeton,WI,59904.0,99100.0
Pulaski,WI,65906.0,218500.0
Pulcifer,WI,58854.0,147500.0
Racine,WI,52766.0,147000.0
Radisson,WI,38611.0,75500.0
Randolph,WI,57000.0,141400.0
Random Lake,WI,82010.0,224500.0
Raymond,WI,99167.0,326100.0
Readstown,WI,32500.0,91000.0
Redgranite,WI,70800.0,100600.0
Reedsburg,WI,66026.0,192700.0
Reedsville,WI,68500.0,141400.0
Reeseville,WI,59643.0,152400.0
Reserve,WI,38214.0,162500.0
Rewey,WI,48750.0,98300.0
Rhinelander,WI,47730.0,111600.0
Rib Lake,WI,55599.0,95500.0
Rib Mountain,WI,78100.0,229100.0
Rice Lake,WI,44494.0,161900.0
Richfield,WI,128165.0,412200.0
Richland Center,WI,54295.0,120200.0
Ridgeland,WI,35833.0,106000.0
Ridgeway,WI,64943.0,160600.0
Rio,WI,66311.0,163100.0
Ripon,WI,56563.0,152800.0
River Falls,WI,72247.0,274900.0
River Hills,WI,200625.0,677300.0
Roberts,WI,86466.0,260000.0
Rochester,WI,91000.0,334200.0
Rockdale,WI,76250.0,227800.0
Rock Falls,WI,64250.0,146300.0
Rockland,WI,71094.0,203900.0
Rock Springs,WI,75625.0,155100.0
Rome,WI,83365.0,250000.0
Rosendale,WI,86364.0,223800.0
Rosholt,WI,55313.0,156800.0
Rothschild,WI,84963.0,171200.0
Rubicon,WI,64375.0,263500.0
Rudolph,WI,67708.0,148900.0
St. Cloud,WI,82656.0,165300.0
St. Croix Falls,WI,61840.0,199200.0
St. Francis,WI,51749.0,196200.0
St. Joseph,WI,104107.0,225700.0
St. Nazianz,WI,46786.0,122800.0
St. Peter,WI,153188.0,311600.0
Salem Lakes,WI,91819.0,268000.0
Sand Pillow,WI,33125.0,131300.0
Sandy Hook,WI,76288.0,187500.0
Sauk City,WI,78984.0,248100.0
Saukville,WI,65294.0,248800.0
Saxon,WI,33438.0,85600.0
Sayner,WI,53750.0,289300.0
Scandinavia,WI,60625.0,153700.0
Schofield,WI,63279.0,134000.0
Seneca,WI,41875.0,118800.0
Sextonville,WI,57656.0,155900.0
Seymour,WI,84932.0,216800.0
Seymour,WI,71074.0,169600.0
Sharon,WI,60000.0,172600.0
Shawano,WI,54848.0,121600.0
Sheboygan,WI,59861.0,154300.0
Sheboygan Falls,WI,66416.0,185000.0
Sheldon,WI,34946.0,112500.0
Shell Lake,WI,52500.0,180100.0
Sherwood,WI,125156.0,308000.0
Shiocton,WI,59167.0,157200.0
Shopiere,WI,83203.0,195500.0
Shorewood,WI,87161.0,391200.0
Shorewood Hills,WI,116250.0,875000.0
Shullsburg,WI,60179.0,129800.0
Siren,WI,39375.0,149700.0
Sister Bay,WI,48295.0,271000.0
Slinger,WI,92984.0,292500.0
Sobieski,WI,,134100.0
Soldiers Grove,WI,39485.0,111500.0
Solon Springs,WI,52500.0,152800.0
Somers,WI,70375.0,267700.0
Somerset,WI,70833.0,243700.0
South Milwaukee,WI,68801.0,200500.0
South Wayne,WI,62188.0,120600.0
Sparta,WI,55308.0,159600.0
Spencer,WI,67411.0,133800.0
Spooner,WI,49628.0,127700.0
Springbrook,WI,41875.0,109800.0
Springfield,WI,55375.0,171300.0
Spring Green,WI,87813.0,207800.0
Spring Valley,WI,61867.0,184100.0
Stanley,WI,55919.0,141300.0
Star Prairie,WI,72083.0,237200.0
Stetsonville,WI,51851.0,156800.0
Steuben,WI,64375.0,80000.0
Stevens Point,WI,53611.0,176400.0
Stockbridge,WI,56719.0,
Stockholm,WI,62500.0,277300.0
Stoddard,WI,62125.0,162900.0
Stone Lake,WI,,250000.0
Stoughton,WI,73014.0,259500.0
Stratford,WI,63646.0,182800.0
Strum,WI,64911.0,175300.0
Sturgeon Bay,WI,55791.0,181100.0
Sturtevant,WI,83816.0,223400.0
Suamico,WI,111320.0,322100.0
Sullivan,WI,81500.0,233800.0
Summit,WI,125298.0,488700.0
Summit Lake,WI,55625.0,230900.0
Sun Prairie,WI,90384.0,313200.0
Superior,WI,54935.0,155400.0
Superior,WI,63375.0,225800.0
Suring,WI,47885.0,75000.0
Sussex,WI,105435.0,360100.0
Tainter Lake,WI,101691.0,253700.0
Taycheedah,WI,95795.0,220300.0
Taylor,WI,52171.0,105900.0
Tennyson,WI,61500.0,138000.0
Theresa,WI,68108.0,150300.0
Thiensville,WI,85542.0,321400.0
Thornton,WI,74583.0,143800.0
Thorp,WI,53824.0,139700.0
Three Lakes,WI,52321.0,177900.0
Tichigan,WI,128352.0,364800.0
Tigerton,WI,54559.0,115800.0
Tilleda,WI,85625.0,103600.0
Tomah,WI,55203.0,151000.0
Tomahawk,WI,59800.0,159200.0
Tony,WI,86250.0,65000.0
Townsend,WI,61250.0,
Trego,WI,51250.0,160000.0
Trempealeau,WI,62115.0,180600.0
Tunnel City,WI,,178600.0
Turtle Lake,WI,44097.0,127600.0
Turtle Lake,WI,60781.0,307400.0
Tustin,WI,49250.0,137500.0
Twin Lakes,WI,88770.0,250900.0
Two Rivers,WI,56236.0,116700.0
Union Center,WI,70833.0,120300.0
Union Grove,WI,103005.0,249600.0
Unity,WI,51726.0,106100.0
Valders,WI,72000.0,141300.0
Van Dyne,WI,109688.0,262600.0
Vernon,WI,125330.0,393800.0
Verona,WI,109960.0,353000.0
Vesper,WI,55847.0,111300.0
Viola,WI,68750.0,95000.0
Viroqua,WI,54318.0,179200.0
Wabeno,WI,31000.0,86800.0
Waldo,WI,76250.0,180400.0
Wales,WI,114286.0,359600.0
Walworth,WI,61472.0,226500.0
Warrens,WI,73438.0,147900.0
Washburn,WI,56080.0,155900.0
Waterford,WI,81575.0,295100.0
Waterloo,WI,72666.0,197400.0
Watertown,WI,67189.0,194500.0
Waubeka,WI,61042.0,231000.0
Waukau,WI,,164300.0
Waukesha,WI,77558.0,267200.0
Waukesha,WI,126364.0,365100.0
Waumandee,WI,67143.0,153600.0
Waunakee,WI,132305.0,442700.0
Waupaca,WI,56076.0,154300.0
Waupun,WI,66033.0,151800.0
Wausau,WI,59259.0,147000.0
Wausaukee,WI,42500.0,88300.0
Wautoma,WI,39375.0,106200.0
Wauwatosa,WI,93812.0,291600.0
Wauzeka,WI,70000.0,110200.0
Webster,WI,40938.0,117600.0
West Allis,WI,64888.0,176100.0
West Baraboo,WI,55952.0,199300.0
West Bend,WI,71904.0,224300.0
Westboro,WI,,84000.0
Westby,WI,66741.0,145600.0
Westfield,WI,54000.0,131500.0
West Milwaukee,WI,46220.0,197600.0
Weston,WI,71466.0,200500.0
West Salem,WI,79891.0,244100.0
Weyauwega,WI,61316.0,128200.0
Weyerhaeuser,WI,46250.0,87000.0
Wheeler,WI,54167.0,117500.0
Whitefish Bay,WI,142356.0,466900.0
Whitehall,WI,56894.0,135700.0
White Lake,WI,43125.0,102500.0
Whitelaw,WI,67250.0,160500.0
Whitewater,WI,46135.0,199700.0
Whiting,WI,69821.0,194600.0
Whittlesey,WI,74306.0,177100.0
Wild Rose,WI,43990.0,105700.0
Williams Bay,WI,71250.0,354200.0
Wilson,WI,75000.0,185200.0
Wilton,WI,78043.0,144300.0
Winchester,WI,84141.0,192200.0
Wind Lake,WI,97150.0,346100.0
Wind Point,WI,143000.0,272800.0
Windsor,WI,110000.0,386200.0
Winneconne,WI,78792.0,185300.0
Winter,WI,46667.0,80000.0
Wiota,WI,59643.0,143800.0
Wisconsin Dells,WI,64375.0,172700.0
Wisconsin Rapids,WI,51186.0,110700.0
Withee,WI,54375.0,81100.0
Wittenberg,WI,56346.0,116900.0
Wonewoc,WI,63819.0,98600.0
Woodford,WI,,88100.0
Woodman,WI,76875.0,151600.0
Woodruff,WI,63894.0,221700.0
Woodville,WI,76042.0,185500.0
Wrightstown,WI,89196.0,239900.0
Wyeville,WI,60625.0,106300.0
Wyocena,WI,71645.0,198300.0
Yorkville,WI,111394.0,343200.0
Yuba,WI,29226.0,322500.0
Zoar,WI,73068.0,
Afton,WY,52273.0,296300.0
Albany,WY,,
Albin,WY,158047.0,138400.0
Alcova,WY,,
Alpine,WY,85326.0,434100.0
Alpine Northeast,WY,185074.0,
Alpine Northwest,WY,,
Alta,WY,161979.0,1139500.0
Antelope Hills,WY,,
Arapahoe,WY,64886.0,162500.0
Arlington,WY,,
Arrowhead Springs,WY,102500.0,400000.0
Arvada,WY,,
Atlantic City,WY,,
Auburn,WY,100776.0,284700.0
Baggs,WY,82917.0,169500.0
Bairoil,WY,,
Bar Nunn,WY,104028.0,291300.0
Basin,WY,55635.0,113900.0
Bear River,WY,105625.0,323200.0
Bedford,WY,,
Bessemer Bend,WY,153618.0,394600.0
Beulah,WY,,
Big Horn,WY,,
Big Piney,WY,60893.0,187500.0
Bondurant,WY,,
Boulder,WY,,
Boulder Flats,WY,68333.0,170200.0
Brookhurst,WY,71000.0,165600.0
Buffalo,WY,55245.0,266500.0
Burlington,WY,82188.0,181300.0
Burns,WY,47128.0,187500.0
Byron,WY,75104.0,147500.0
Carpenter,WY,,
Carter,WY,,
Casper,WY,67011.0,242800.0
Casper Mountain,WY,140556.0,423400.0
Centennial,WY,97589.0,571800.0
Cheyenne,WY,74989.0,283100.0
Chugcreek,WY,,
Chugwater,WY,63309.0,254900.0
Clearmont,WY,46250.0,267500.0
Clearview Acres,WY,113256.0,57800.0
Cody,WY,67764.0,301900.0
Cokeville,WY,81563.0,170800.0
Cora,WY,,
Cowley,WY,73214.0,199600.0
Crowheart,WY,138214.0,
Daniel,WY,,566500.0
Dayton,WY,86786.0,279100.0
Deaver,WY,41667.0,113900.0
Diamondville,WY,64167.0,126300.0
Dixon,WY,66500.0,117400.0
Douglas,WY,79322.0,231200.0
Dubois,WY,57614.0,209600.0
East Thermopolis,WY,25625.0,97900.0
Eden,WY,68781.0,133400.0
Edgerton,WY,40139.0,
Elk Mountain,WY,63654.0,211500.0
El Rancho,WY,,
Encampment,WY,48641.0,180000.0
Esterbrook,WY,94375.0,370000.0
Ethete,WY,80000.0,116300.0
Etna,WY,,
Evanston,WY,70825.0,198000.0
Evansville,WY,76646.0,236300.0
Fairview,WY,,
Farson,WY,42721.0,
Fontenelle,WY,,
Fort Bridger,WY,,
Fort Laramie,WY,55625.0,117900.0
Fort Washakie,WY,40000.0,160700.0
Fox Farm-College,WY,53486.0,
Fox Park,WY,,
Frannie,WY,52344.0,120800.0
Freedom,WY,,326900.0
Garland,WY,,
Gillette,WY,90415.0,242900.0
Glendo,WY,,182100.0
Glenrock,WY,64797.0,208600.0
Granger,WY,,129200.0
Green River,WY,83497.0,244600.0
Greybull,WY,64000.0,154400.0
Grover,WY,79460.0,409300.0
Guernsey,WY,84219.0,144600.0
Hanna,WY,54634.0,114900.0
Hartrandt,WY,64091.0,
Hartville,WY,54125.0,
Hawk Springs,WY,,
Hillsdale,WY,,
Hill View Heights,WY,,228900.0
Hoback,WY,136436.0,1125000.0
Homa Hills,WY,121250.0,216000.0
Hudson,WY,52750.0,197600.0
Hulett,WY,68177.0,183700.0
Huntley,WY,,
Hyattville,WY,40536.0,
Jackson,WY,101477.0,921100.0
James Town,WY,110688.0,376700.0
Jeffrey City,WY,,
Johnstown,WY,56250.0,275000.0
Kaycee,WY,47750.0,120000.0
Kelly,WY,,
Kemmerer,WY,71284.0,166600.0
Kirby,WY,33750.0,97500.0
La Barge,WY,56458.0,208300.0
LaGrange,WY,45478.0,
Lakeview North,WY,177917.0,
Lance Creek,WY,,2000001.0
Lander,WY,62958.0,285700.0
Laramie,WY,50539.0,274800.0
Lingle,WY,70750.0,188900.0
Little America,WY,,
Lonetree,WY,,
Lost Springs,WY,,
Lovell,WY,58229.0,192400.0
Lucerne,WY,73558.0,265900.0
Lusk,WY,46797.0,183800.0
Lyman,WY,100875.0,258800.0
McKinnon,WY,,
Mammoth,WY,,
Manderson,WY,43438.0,40600.0
Manville,WY,56000.0,88800.0
Marbleton,WY,71750.0,175000.0
Meadow Acres,WY,147083.0,782900.0
Medicine Bow,WY,30250.0,79500.0
Meeteetse,WY,40603.0,159700.0
Midwest,WY,72826.0,54300.0
Mills,WY,55231.0,150500.0
Moorcroft,WY,59167.0,242300.0
Moose Wilson Road,WY,105673.0,2000001.0
Mountain View,WY,,
Mountain View,WY,69514.0,236700.0
Newcastle,WY,71597.0,178900.0
Nordic,WY,66400.0,382500.0
North Rock Springs,WY,116182.0,314700.0
Oakley,WY,,
Opal,WY,67917.0,42000.0
Orin,WY,,
Osage,WY,,
Osmond,WY,123086.0,275700.0
Owl Creek,WY,,
Parkman,WY,61216.0,612500.0
Pavillion,WY,50000.0,95000.0
Pine Bluffs,WY,62766.0,304300.0
Pinedale,WY,95120.0,267600.0
Pine Haven,WY,61000.0,298100.0
Point of Rocks,WY,,
Powder Horn,WY,132075.0,609500.0
Powder River,WY,,
Powell,WY,62899.0,238900.0
Purple Sage,WY,53420.0,9999.0
Rafter J Ranch,WY,144844.0,906000.0
Ralston,WY,38151.0,
Ranchester,WY,63083.0,274800.0
Ranchettes,WY,119809.0,519500.0
Rawlins,WY,70054.0,204300.0
Red Butte,WY,177631.0,366700.0
Reliance,WY,,
Riverside,WY,,217900.0
Riverton,WY,50861.0,194600.0
Robertson,WY,,
Rock River,WY,64821.0,125000.0
Rock Springs,WY,75863.0,243100.0
Rolling Hills,WY,103406.0,261500.0
Ryan Park,WY,,
Saratoga,WY,72381.0,256500.0
Shell,WY,,
Sheridan,WY,57667.0,287400.0
Shoshoni,WY,39485.0,81200.0
Sinclair,WY,82500.0,167900.0
Slater,WY,7328.0,
Sleepy Hollow,WY,113608.0,267500.0
Smoot,WY,104643.0,494600.0
South Greeley,WY,51392.0,73600.0
South Park,WY,109402.0,1283200.0
Star Valley Ranch,WY,92250.0,416700.0
Story,WY,107188.0,
Sundance,WY,54167.0,260000.0
Superior,WY,90982.0,75000.0
Table Rock,WY,,
Taylor,WY,84896.0,219200.0
Ten Sleep,WY,37500.0,225000.0
Teton Village,WY,94132.0,2000001.0
Thayne,WY,73036.0,375700.0
Thermopolis,WY,66591.0,173600.0
Torrington,WY,55434.0,182600.0
Turnerville,WY,,1251800.0
Upton,WY,65664.0,144000.0
Urie,WY,,217100.0
Van Tassell,WY,,
Veteran,WY,,
Vista West,WY,107802.0,368300.0
Wamsutter,WY,65625.0,
Warren AFB,WY,58856.0,
Washam,WY,,
Westview Circle,WY,,
Wheatland,WY,53627.0,223300.0
Whiting,WY,60268.0,172300.0
Wilson,WY,128981.0,
Woods Landing-Jelm,WY,126635.0,360600.0
Worland,WY,59679.0,178700.0
Wright,WY,88150.0,220300.0
Yoder,WY,27417.0,115600.0
Y-O Ranch,WY,65840.0,
