state,name,lat,lon
AL,Autauga County,32.532237,-86.64644
AL,Baldwin County,30.659218,-87.746067
AL,Barbour County,31.870253,-85.405104
AL,Bibb County,33.015893,-87.127148
AL,Blount County,33.977358,-86.56644
AL,Bullock County,32.101759,-85.717261
AL,Butler County,31.751667,-86.681969
AL,Calhoun County,33.770516,-85.827909
AL,Chambers County,32.915504,-85.394032
AL,Cherokee County,34.069515,-85.654242
AL,Chilton County,32.854051,-86.726607
AL,Choctaw County,31.990954,-88.248889
AL,Clarke County,31.685521,-87.818624
AL,Clay County,33.2704,-85.863525
AL,Cleburne County,33.671964,-85.516126
AL,Coffee County,31.402258,-85.989602
AL,Colbert County,34.703112,-87.801457
AL,Conecuh County,31.430926,-86.988722
AL,Coosa County,32.931445,-86.243482
AL,Covington County,31.243987,-86.448721
AL,Crenshaw County,31.730311,-86.320038
AL,Cullman County,34.131923,-86.869267
AL,Dale County,31.430654,-85.609476
AL,Dallas County,32.333526,-87.11436
AL,DeKalb County,34.460915,-85.804021
AL,Elmore County,32.597229,-86.142735
AL,Escambia County,31.122287,-87.16841
AL,Etowah County,34.047641,-86.034263
AL,Fayette County,33.716157,-87.764292
AL,Franklin County,34.441989,-87.842814
AL,Geneva County,31.092382,-85.821022
AL,Greene County,32.844497,-87.9642
AL,Hale County,32.752796,-87.623061
AL,Henry County,31.516978,-85.239971
AL,Houston County,31.158183,-85.296411
AL,Jackson County,34.764114,-85.980056
AL,Jefferson County,33.553444,-86.896536
AL,Lamar County,33.787085,-88.087431
AL,Lauderdale County,34.904168,-87.651108
AL,Lawrence County,34.529776,-87.321865
AL,Lee County,32.604064,-85.353048
AL,Limestone County,34.810239,-86.981399
AL,Lowndes County,32.147888,-86.650586
AL,Macon County,32.387027,-85.692887
AL,Madison County,34.764238,-86.55108
AL,Marengo County,32.247591,-87.791091
AL,Marion County,34.138219,-87.881551
AL,Marshall County,34.309564,-86.321668
AL,Mobile County,30.684572,-88.196568
AL,Monroe County,31.580332,-87.383266
AL,Montgomery County,32.202881,-86.204461
AL,Morgan County,34.454484,-86.846402
AL,Perry County,32.639005,-87.293827
AL,Pickens County,33.2968,-88.096864
AL,Pike County,31.798653,-85.941608
AL,Randolph County,33.296461,-85.464064
AL,Russell County,32.289811,-85.18698
AL,St. Clair County,33.719491,-86.311327
AL,Shelby County,33.266893,-86.661007
AL,Sumter County,32.597481,-88.200057
AL,Talladega County,33.369314,-86.17593
AL,Tallapoosa County,32.863308,-85.799618
AL,Tuscaloosa County,33.29022,-87.522783
AL,Walker County,33.791558,-87.301094
AL,Washington County,31.408503,-88.212404
AL,Wilcox County,31.990082,-87.304935
AL,Winston County,34.154566,-87.365346
AK,Aleutians East Borough,55.245044,-161.997477
AK,Aleutians West Census Area,51.948964,179.621188
AK,Anchorage Municipality,61.17425,-149.284329
AK,Bethel Census Area,60.929141,-160.152625
AK,Bristol Bay Borough,58.741661,-156.966805
AK,Chugach Census Area,60.488474,-146.203092
AK,Copper River Census Area,62.034479,-143.922167
AK,Denali Borough,63.682039,-150.027016
AK,Dillingham Census Area,59.543326,-158.267123
AK,Fairbanks North Star Borough,64.676044,-146.548159
AK,Haines Borough,59.098404,-135.575791
AK,Hoonah-Angoon Census Area,58.403336,-135.884909
AK,Juneau City and Borough,58.37291,-134.178445
AK,Kenai Peninsula Borough,60.360766,-152.05264
AK,Ketchikan Gateway Borough,55.449938,-131.106685
AK,Kodiak Island Borough,57.7044,-153.918372
AK,Kusilvak Census Area,62.283588,-163.190171
AK,Lake and Peninsula Borough,58.108507,-156.413413
AK,Matanuska-Susitna Borough,62.265626,-149.503993
AK,Nome Census Area,64.783686,-164.188912
AK,North Slope Borough,69.449343,-153.47283
AK,Northwest Arctic Borough,67.005066,-160.021086
AK,Petersburg Borough,57.112458,-133.008598
AK,Prince of Wales-Hyder Census Area,55.682773,-133.162389
AK,Sitka City and Borough,57.193204,-135.367396
AK,Skagway Municipality,59.560379,-135.338279
AK,Southeast Fairbanks Census Area,63.864997,-143.218628
AK,Wrangell City and Borough,56.180779,-132.026788
AK,Yakutat City and Borough,60.017453,-140.416942
AK,Yukon-Koyukuk Census Area,65.375727,-151.57785
AZ,Apache County,35.385084,-109.490172
AZ,Cochise County,31.840129,-109.775163
AZ,Coconino County,35.829692,-111.773728
AZ,Gila County,33.789618,-110.81187
AZ,Graham County,32.931828,-109.87831
AZ,Greenlee County,33.238872,-109.242323
AZ,La Paz County,33.72761,-114.038806
AZ,Maricopa County,33.345176,-112.49893
AZ,Mohave County,35.717705,-113.749689
AZ,Navajo County,35.390785,-110.321025
AZ,Pima County,32.128038,-111.783657
AZ,Pinal County,32.918521,-111.366339
AZ,Santa Cruz County,31.525733,-110.845228
AZ,Yavapai County,34.631071,-112.577225
AZ,Yuma County,32.773942,-113.910905
AR,Arkansas County,34.28957,-91.376547
AR,Ashley County,33.190835,-91.772267
AR,Baxter County,36.280268,-92.329949
AR,Benton County,36.337819,-94.256298
AR,Boone County,36.304299,-93.079236
AR,Bradley County,33.466549,-92.169156
AR,Calhoun County,33.56046,-92.513879
AR,Carroll County,36.33737,-93.540972
AR,Chicot County,33.267139,-91.297158
AR,Clark County,34.053316,-93.176208
AR,Clay County,36.367302,-90.418704
AR,Cleburne County,35.566315,-92.05995
AR,Cleveland County,33.893201,-92.188714
AR,Columbia County,33.223038,-93.232843
AR,Conway County,35.265702,-92.689248
AR,Craighead County,35.827729,-90.631421
AR,Crawford County,35.583011,-94.236219
AR,Crittenden County,35.197559,-90.30512
AR,Cross County,35.285692,-90.763984
AR,Dallas County,33.967823,-92.653999
AR,Desha County,33.828752,-91.244103
AR,Drew County,33.587242,-91.722778
AR,Faulkner County,35.146548,-92.336928
AR,Franklin County,35.508558,-93.887665
AR,Fulton County,36.381322,-91.819285
AR,Garland County,34.578852,-93.146932
AR,Grant County,34.285568,-92.422979
AR,Greene County,36.120607,-90.566346
AR,Hempstead County,33.735953,-93.664355
AR,Hot Spring County,34.315177,-92.944147
AR,Howard County,34.083064,-93.990931
AR,Independence County,35.737499,-91.559942
AR,Izard County,36.094879,-91.913625
AR,Jackson County,35.596467,-91.223205
AR,Jefferson County,34.277239,-91.929673
AR,Johnson County,35.573359,-93.466322
AR,Lafayette County,33.240629,-93.611514
AR,Lawrence County,36.041098,-91.101153
AR,Lee County,34.779505,-90.779717
AR,Lincoln County,33.956385,-91.742355
AR,Little River County,33.701941,-94.236287
AR,Logan County,35.218654,-93.72091
AR,Lonoke County,34.755114,-91.894132
AR,Madison County,36.012545,-93.724053
AR,Marion County,36.266664,-92.678577
AR,Miller County,33.305505,-93.901502
AR,Mississippi County,35.766944,-90.052207
AR,Monroe County,34.679512,-91.20331
AR,Montgomery County,34.545656,-93.664153
AR,Nevada County,33.666699,-93.305072
AR,Newton County,35.910742,-93.215898
AR,Ouachita County,33.591168,-92.878413
AR,Perry County,34.946363,-92.926877
AR,Phillips County,34.423687,-90.855593
AR,Pike County,34.158191,-93.658659
AR,Poinsett County,35.56887,-90.681104
AR,Polk County,34.490915,-94.230884
AR,Pope County,35.456557,-93.026818
AR,Prairie County,34.831116,-91.55362
AR,Pulaski County,34.770311,-92.312996
AR,Randolph County,36.341298,-91.028441
AR,St. Francis County,35.022838,-90.751506
AR,Saline County,34.648525,-92.674463
AR,Scott County,34.858869,-94.063641
AR,Searcy County,35.896387,-92.695888
AR,Sebastian County,35.196981,-94.274989
AR,Sevier County,33.994877,-94.243279
AR,Sharp County,36.173399,-91.471069
AR,Stone County,35.857001,-92.140482
AR,Union County,33.168219,-92.598145
AR,Van Buren County,35.582953,-92.515976
AR,Washington County,35.978001,-94.217269
AR,White County,35.255118,-91.753034
AR,Woodruff County,35.192777,-91.244535
AR,Yell County,34.997713,-93.408303
CA,Alameda County,37.647139,-121.912488
CA,Alpine County,38.621783,-119.798352
CA,Amador County,38.443549,-120.653858
CA,Butte County,39.665336,-121.603209
CA,Calaveras County,38.191068,-120.554107
CA,Colusa County,39.177739,-122.237563
CA,Contra Costa County,37.919479,-121.951543
CA,Del Norte County,41.749903,-123.980998
CA,El Dorado County,38.785612,-120.534225
CA,Fresno County,36.761006,-119.655019
CA,Glenn County,39.602546,-122.4017
CA,Humboldt County,40.706655,-123.926176
CA,Imperial County,33.040814,-115.3554
CA,Inyo County,36.56216,-117.404209
CA,Kern County,35.346629,-118.729506
CA,Kings County,36.072478,-119.81553
CA,Lake County,39.108009,-122.745217
CA,Lassen County,40.715287,-120.621223
CA,Los Angeles County,34.196398,-118.261862
CA,Madera County,37.209821,-119.749802
CA,Marin County,38.051367,-122.746396
CA,Mariposa County,37.574343,-119.911721
CA,Mendocino County,39.432388,-123.442881
CA,Merced County,37.194806,-120.722802
CA,Modoc County,41.592918,-120.71837
CA,Mono County,37.915836,-118.875167
CA,Monterey County,36.240104,-121.315578
CA,Napa County,38.5071,-122.325904
CA,Nevada County,39.297508,-120.771343
CA,Orange County,33.675687,-117.777207
CA,Placer County,39.062032,-120.722718
CA,Plumas County,39.992295,-120.824371
CA,Riverside County,33.729828,-116.002239
CA,Sacramento County,38.450136,-121.344329
CA,San Benito County,36.611651,-121.085811
CA,San Bernardino County,34.856661,-116.181571
CA,San Diego County,33.023604,-116.776117
CA,San Francisco County,37.727239,-123.032229
CA,San Joaquin County,37.934982,-121.272244
CA,San Luis Obispo County,35.388189,-120.448897
CA,San Mateo County,37.414672,-122.371546
CA,Santa Barbara County,34.536677,-120.038364
CA,Santa Clara County,37.221614,-121.68954
CA,Santa Cruz County,37.012347,-122.007789
CA,Shasta County,40.760514,-122.043556
CA,Sierra County,39.576925,-120.521993
CA,Siskiyou County,41.587986,-122.533287
CA,Solano County,38.267226,-121.939594
CA,Sonoma County,38.525182,-122.92611
CA,Stanislaus County,37.562316,-121.002831
CA,Sutter County,39.03619,-121.70394
CA,Tehama County,40.126157,-122.232274
CA,Trinity County,40.647858,-123.114666
CA,Tulare County,36.228834,-118.781055
CA,Tuolumne County,38.021434,-119.964733
CA,Ventura County,34.358748,-119.133145
CA,Yolo County,38.679609,-121.90275
CA,Yuba County,39.27013,-121.344259
CO,Adams County,39.874325,-104.331872
CO,Alamosa County,37.568442,-105.788041
CO,Arapahoe County,39.644554,-104.331706
CO,Archuleta County,37.202395,-107.050863
CO,Baca County,37.30978,-102.543741
CO,Bent County,37.931891,-103.077584
CO,Boulder County,40.094966,-105.397702
CO,Broomfield County,39.953593,-105.050787
CO,Chaffee County,38.734599,-106.300025
CO,Cheyenne County,38.835646,-102.601791
CO,Clear Creek County,39.689403,-105.670783
CO,Conejos County,37.213406,-106.176447
CO,Costilla County,37.277547,-105.42894
CO,Crowley County,38.30618,-103.772736
CO,Custer County,38.101996,-105.373512
CO,Delta County,38.861595,-107.864892
CO,Denver County,39.76185,-104.881105
CO,Dolores County,37.733823,-108.506219
CO,Douglas County,39.325414,-104.925987
CO,Eagle County,39.626992,-106.695169
CO,Elbert County,39.315157,-104.114076
CO,El Paso County,38.827383,-104.527472
CO,Fremont County,38.45517,-105.424958
CO,Garfield County,39.599352,-107.90978
CO,Gilpin County,39.861156,-105.528878
CO,Grand County,40.113065,-106.110837
CO,Gunnison County,38.670499,-107.05688
CO,Hinsdale County,37.811519,-107.383974
CO,Huerfano County,37.687815,-104.959928
CO,Jackson County,40.663432,-106.329248
CO,Jefferson County,39.579511,-105.245462
CO,Kiowa County,38.387663,-102.756849
CO,Kit Carson County,39.30534,-102.603023
CO,Lake County,39.205341,-106.350079
CO,La Plata County,37.287367,-107.839718
CO,Larimer County,40.658093,-105.486764
CO,Las Animas County,37.318831,-104.04411
CO,Lincoln County,38.99374,-103.507555
CO,Logan County,40.728091,-103.090464
CO,Mesa County,39.019524,-108.460571
CO,Mineral County,37.549067,-107.003236
CO,Moffat County,40.610864,-108.217154
CO,Montezuma County,37.338025,-108.595786
CO,Montrose County,38.407507,-108.266282
CO,Morgan County,40.263159,-103.81221
CO,Otero County,37.88417,-103.72126
CO,Ouray County,38.154731,-107.78848
CO,Park County,39.118914,-105.717648
CO,Phillips County,40.594712,-102.345105
CO,Pitkin County,39.217541,-106.916162
CO,Prowers County,37.958181,-102.392161
CO,Pueblo County,38.162765,-104.484668
CO,Rio Blanco County,39.972622,-108.200716
CO,Rio Grande County,37.485853,-106.453128
CO,Routt County,40.483664,-106.987702
CO,Saguache County,38.031651,-106.234666
CO,San Juan County,37.781049,-107.670257
CO,San Miguel County,38.009319,-108.427263
CO,Sedgwick County,40.871568,-102.355358
CO,Summit County,39.621023,-106.137555
CO,Teller County,38.869976,-105.187365
CO,Washington County,39.96579,-103.209744
CO,Weld County,40.555961,-104.383666
CO,Yuma County,40.00077,-102.421649
CT,Capitol Planning Region,41.81697,-72.575886
CT,Greater Bridgeport Planning Region,41.184558,-73.209401
CT,Lower Connecticut River Valley Planning Region,41.420307,-72.493525
CT,Naugatuck Valley Planning Region,41.518931,-73.087906
CT,Northeastern Connecticut Planning Region,41.842375,-71.972655
CT,Northwest Hills Planning Region,41.854809,-73.221494
CT,South Central Connecticut Planning Region,41.290167,-72.837024
CT,Southeastern Connecticut Planning Region,41.484769,-72.101666
CT,Western Connecticut Planning Region,41.279055,-73.44655
DE,Kent County,39.097088,-75.502982
DE,New Castle County,39.575915,-75.644132
DE,Sussex County,38.673227,-75.337024
DC,District of Columbia,38.904247,-77.016517
FL,Alachua County,29.67574,-82.357221
FL,Baker County,30.324442,-82.302284
FL,Bay County,30.15914,-85.534395
FL,Bradford County,29.952386,-82.166698
FL,Brevard County,28.298311,-80.700333
FL,Broward County,26.193535,-80.476683
FL,Calhoun County,30.388801,-85.197915
FL,Charlotte County,26.906396,-82.003657
FL,Citrus County,28.850292,-82.595552
FL,Clay County,29.986584,-81.865036
FL,Collier County,26.118786,-81.400955
FL,Columbia County,30.221651,-82.623371
FL,DeSoto County,27.190581,-81.806253
FL,Dixie County,29.552675,-83.236232
FL,Duval County,30.335245,-81.648113
FL,Escambia County,30.529998,-87.320322
FL,Flagler County,29.474891,-81.286253
FL,Franklin County,29.677794,-84.815213
FL,Gadsden County,30.578687,-84.612607
FL,Gilchrist County,29.723456,-82.795801
FL,Glades County,26.95481,-81.19082
FL,Gulf County,29.859238,-85.272013
FL,Hamilton County,30.498438,-82.951116
FL,Hardee County,27.492846,-81.82158
FL,Hendry County,26.539967,-81.152114
FL,Hernando County,28.555995,-82.525969
FL,Highlands County,27.34108,-81.342353
FL,Hillsborough County,27.893154,-82.379991
FL,Holmes County,30.862007,-85.815939
FL,Indian River County,27.700528,-80.574789
FL,Jackson County,30.789249,-85.208814
FL,Jefferson County,30.396898,-83.921761
FL,Lafayette County,29.990066,-83.17851
FL,Lake County,28.764113,-81.712282
FL,Lee County,26.563273,-81.984182
FL,Leon County,30.45931,-84.2778
FL,Levy County,29.271854,-82.831233
FL,Liberty County,30.259849,-84.86858
FL,Madison County,30.447233,-83.470416
FL,Manatee County,27.475556,-82.393144
FL,Marion County,29.202805,-82.0431
FL,Martin County,27.083604,-80.398201
FL,Miami-Dade County,25.616009,-80.50375
FL,Monroe County,25.58612,-81.022603
FL,Nassau County,30.605963,-81.765087
FL,Okaloosa County,30.614325,-86.59108
FL,Okeechobee County,27.385592,-80.887388
FL,Orange County,28.514391,-81.323284
FL,Osceola County,28.059027,-81.139312
FL,Palm Beach County,26.649126,-80.448354
FL,Pasco County,28.309823,-82.511006
FL,Pinellas County,27.905342,-82.798066
FL,Polk County,27.953649,-81.693534
FL,Putnam County,29.593896,-81.732039
FL,St. Johns County,29.890487,-81.40004
FL,St. Lucie County,27.379814,-80.443536
FL,Santa Rosa County,30.675348,-87.018919
FL,Sarasota County,27.225327,-82.423714
FL,Seminole County,28.690065,-81.131975
FL,Sumter County,28.715275,-82.069876
FL,Suwannee County,30.189244,-82.992754
FL,Taylor County,29.967146,-83.639573
FL,Union County,30.05428,-82.366918
FL,Volusia County,29.057769,-81.161792
FL,Wakulla County,30.091335,-84.359111
FL,Walton County,30.571247,-86.162798
FL,Washington County,30.602102,-85.655805
GA,Appling County,31.739712,-82.290103
GA,Atkinson County,31.296806,-82.878151
GA,Bacon County,31.55021,-82.451433
GA,Baker County,31.31958,-84.454881
GA,Baldwin County,33.05949,-83.255457
GA,Banks County,34.351922,-83.498441
GA,Barrow County,33.992009,-83.712303
GA,Bartow County,34.240917,-84.838188
GA,Ben Hill County,31.740772,-83.147197
GA,Berrien County,31.288652,-83.22787
GA,Bibb County,32.808845,-83.694194
GA,Bleckley County,32.435403,-83.331717
GA,Brantley County,31.197334,-81.982978
GA,Brooks County,30.822934,-83.581905
GA,Bryan County,32.017969,-81.438543
GA,Bulloch County,32.394481,-81.741618
GA,Burke County,33.060181,-82.000164
GA,Butts County,33.290355,-83.958221
GA,Calhoun County,31.521279,-84.62629
GA,Camden County,30.913358,-81.642019
GA,Candler County,32.40395,-82.071266
GA,Carroll County,33.582237,-85.080527
GA,Catoosa County,34.900212,-85.139385
GA,Charlton County,30.779904,-82.139644
GA,Chatham County,31.980404,-81.085184
GA,Chattahoochee County,32.347445,-84.788021
GA,Chattooga County,34.474178,-85.345289
GA,Cherokee County,34.244317,-84.475057
GA,Clarke County,33.952185,-83.367152
GA,Clay County,31.619831,-84.992583
GA,Clayton County,33.551603,-84.412868
GA,Clinch County,30.917653,-82.702614
GA,Cobb County,33.939929,-84.574121
GA,Coffee County,31.549245,-82.84494
GA,Colquitt County,31.189707,-83.769773
GA,Columbia County,33.552075,-82.249608
GA,Cook County,31.152516,-83.429445
GA,Coweta County,33.352897,-84.762138
GA,Crawford County,32.709428,-83.979187
GA,Crisp County,31.920268,-83.75653
GA,Dade County,34.852424,-85.506201
GA,Dawson County,34.442608,-84.173261
GA,Decatur County,30.880643,-84.58389
GA,DeKalb County,33.770661,-84.226343
GA,Dodge County,32.164369,-83.167866
GA,Dooly County,32.151995,-83.807167
GA,Dougherty County,31.532588,-84.20904
GA,Douglas County,33.701242,-84.767314
GA,Early County,31.324191,-84.906723
GA,Echols County,30.714008,-82.897376
GA,Effingham County,32.361688,-81.343355
GA,Elbert County,34.116415,-82.841892
GA,Emanuel County,32.5911,-82.299763
GA,Evans County,32.153083,-81.890153
GA,Fannin County,34.866543,-84.317331
GA,Fayette County,33.412717,-84.493941
GA,Floyd County,34.26369,-85.213685
GA,Forsyth County,34.225143,-84.127408
GA,Franklin County,34.375266,-83.227532
GA,Fulton County,33.790034,-84.468182
GA,Gilmer County,34.690523,-84.454811
GA,Glascock County,33.227491,-82.606913
GA,Glynn County,31.21271,-81.49645
GA,Gordon County,34.509667,-84.873862
GA,Grady County,30.8759,-84.244965
GA,Greene County,33.576704,-83.166625
GA,Gwinnett County,33.958756,-84.025735
GA,Habersham County,34.634392,-83.525875
GA,Hall County,34.317569,-83.8185
GA,Hancock County,33.26922,-83.000465
GA,Haralson County,33.795165,-85.220063
GA,Harris County,32.731549,-84.912432
GA,Hart County,34.348733,-82.96329
GA,Heard County,33.291347,-85.137886
GA,Henry County,33.452947,-84.154021
GA,Houston County,32.458147,-83.662309
GA,Irwin County,31.604306,-83.277037
GA,Jackson County,34.130905,-83.562557
GA,Jasper County,33.316981,-83.689151
GA,Jeff Davis County,31.811615,-82.636825
GA,Jefferson County,33.058176,-82.420004
GA,Jenkins County,32.794563,-81.971524
GA,Johnson County,32.694584,-82.66397
GA,Jones County,33.021664,-83.562196
GA,Lamar County,33.07444,-84.146689
GA,Lanier County,31.038197,-83.063164
GA,Laurens County,32.39322,-82.926317
GA,Lee County,31.818419,-84.146681
GA,Liberty County,31.807458,-81.457871
GA,Lincoln County,33.792151,-82.448299
GA,Long County,31.749563,-81.74287
GA,Lowndes County,30.833145,-83.268995
GA,Lumpkin County,34.56814,-83.998925
GA,McDuffie County,33.480613,-82.479533
GA,McIntosh County,31.485629,-81.372141
GA,Macon County,32.362686,-84.051231
GA,Madison County,34.128526,-83.203737
GA,Marion County,32.359312,-84.528735
GA,Meriwether County,33.029267,-84.667058
GA,Miller County,31.162931,-84.730398
GA,Mitchell County,31.228997,-84.192038
GA,Monroe County,33.018784,-83.921837
GA,Montgomery County,32.172108,-82.533349
GA,Morgan County,33.598696,-83.499435
GA,Murray County,34.797097,-84.73799
GA,Muscogee County,32.510197,-84.874946
GA,Newton County,33.552751,-83.85136
GA,Oconee County,33.834125,-83.437728
GA,Oglethorpe County,33.866806,-83.074081
GA,Paulding County,33.92103,-84.867169
GA,Peach County,32.571324,-83.831978
GA,Pickens County,34.456746,-84.490351
GA,Pierce County,31.353998,-82.21037
GA,Pike County,33.081149,-84.389462
GA,Polk County,33.996015,-85.188338
GA,Pulaski County,32.238803,-83.481845
GA,Putnam County,33.32106,-83.37179
GA,Quitman County,31.862938,-85.004798
GA,Rabun County,34.883934,-83.40487
GA,Randolph County,31.762651,-84.752311
GA,Richmond County,33.361486,-82.074998
GA,Rockdale County,33.652081,-84.02637
GA,Schley County,32.263444,-84.322708
GA,Screven County,32.744751,-81.617585
GA,Seminole County,30.93396,-84.867685
GA,Spalding County,33.262348,-84.284905
GA,Stephens County,34.553582,-83.290588
GA,Stewart County,32.073225,-84.834912
GA,Sumter County,32.042266,-84.204294
GA,Talbot County,32.704603,-84.530029
GA,Taliaferro County,33.559319,-82.875272
GA,Tattnall County,32.043768,-82.059208
GA,Taylor County,32.554667,-84.251426
GA,Telfair County,31.913641,-82.931063
GA,Terrell County,31.777191,-84.439446
GA,Thomas County,30.864619,-83.919815
GA,Tift County,31.457003,-83.525931
GA,Toombs County,32.117753,-82.330597
GA,Towns County,34.902529,-83.732264
GA,Treutlen County,32.409586,-82.570882
GA,Troup County,33.034482,-85.02836
GA,Turner County,31.7248,-83.620319
GA,Twiggs County,32.665847,-83.425879
GA,Union County,34.833333,-83.989257
GA,Upson County,32.881837,-84.292283
GA,Walker County,34.735802,-85.305456
GA,Walton County,33.783887,-83.731829
GA,Ware County,31.050881,-82.421507
GA,Warren County,33.419169,-82.688012
GA,Washington County,32.971843,-82.798112
GA,Wayne County,31.547845,-81.912376
GA,Webster County,32.046691,-84.553828
GA,Wheeler County,32.105258,-82.733849
GA,White County,34.644182,-83.743
GA,Whitfield County,34.801726,-84.968541
GA,Wilcox County,31.96272,-83.438259
GA,Wilkes County,33.779031,-82.747921
GA,Wilkinson County,32.804266,-83.175512
GA,Worth County,31.551773,-83.84996
HI,Hawaii County,19.597764,-155.502443
HI,Honolulu County,21.461365,-158.201974
HI,Kalawao County,21.218764,-156.97401
HI,Kauai County,22.012038,-159.705965
HI,Maui County,20.855931,-156.60155
ID,Ada County,43.451477,-116.244376
ID,Adams County,44.877004,-116.461624
ID,Bannock County,42.692921,-112.228982
ID,Bear Lake County,42.285892,-111.327517
ID,Benewah County,47.218451,-116.633541
ID,Bingham County,43.216357,-112.399206
ID,Blaine County,43.394192,-113.955371
ID,Boise County,43.987275,-115.71511
ID,Bonner County,48.324634,-116.62745
ID,Bonneville County,43.395171,-111.621878
ID,Boundary County,48.773131,-116.524668
ID,Butte County,43.685101,-113.177631
ID,Camas County,43.502552,-114.772135
ID,Canyon County,43.625796,-116.709058
ID,Caribou County,42.786072,-111.544273
ID,Cassia County,42.282313,-113.626328
ID,Clark County,44.290218,-112.354613
ID,Clearwater County,46.67257,-115.6535
ID,Custer County,44.273351,-114.252267
ID,Elmore County,43.394698,-115.471205
ID,Franklin County,42.173609,-111.822965
ID,Fremont County,44.218091,-111.484429
ID,Gem County,44.061473,-116.398784
ID,Gooding County,42.973185,-114.82142
ID,Idaho County,45.849644,-115.467337
ID,Jefferson County,43.796965,-112.318588
ID,Jerome County,42.691395,-114.262086
ID,Kootenai County,47.675957,-116.695919
ID,Latah County,46.81892,-116.730974
ID,Lemhi County,44.928506,-113.887042
ID,Lewis County,46.236328,-116.42376
ID,Lincoln County,42.990782,-114.153089
ID,Madison County,43.788614,-111.656993
ID,Minidoka County,42.857211,-113.63984
ID,Nez Perce County,46.333791,-116.760909
ID,Oneida County,42.183895,-112.520449
ID,Owyhee County,42.572851,-116.18969
ID,Payette County,44.00243,-116.750238
ID,Power County,42.694126,-112.844407
ID,Shoshone County,47.347694,-115.885092
ID,Teton County,43.760994,-111.211765
ID,Twin Falls County,42.352309,-114.665639
ID,Valley County,44.85596,-115.618061
ID,Washington County,44.448223,-116.797792
IL,Adams County,39.986052,-91.194961
IL,Alexander County,37.183658,-89.349516
IL,Bond County,38.885924,-89.436592
IL,Boone County,42.318983,-88.824295
IL,Brown County,39.962069,-90.750309
IL,Bureau County,41.401304,-89.528377
IL,Calhoun County,39.164262,-90.666295
IL,Carroll County,42.0709,-89.924189
IL,Cass County,39.969202,-90.245704
IL,Champaign County,40.138985,-88.196975
IL,Christian County,39.545524,-89.279593
IL,Clark County,39.332334,-87.791683
IL,Clay County,38.746819,-88.482325
IL,Clinton County,38.606295,-89.426228
IL,Coles County,39.51368,-88.220782
IL,Cook County,41.894294,-87.645455
IL,Crawford County,39.002787,-87.760619
IL,Cumberland County,39.273121,-88.240619
IL,DeKalb County,41.894612,-88.768991
IL,De Witt County,40.181499,-88.901853
IL,Douglas County,39.766078,-88.222866
IL,DuPage County,41.852058,-88.086039
IL,Edgar County,39.679037,-87.74711
IL,Edwards County,38.417095,-88.047941
IL,Effingham County,39.047945,-88.592849
IL,Fayette County,39.001125,-89.017923
IL,Ford County,40.596539,-88.224588
IL,Franklin County,37.991852,-88.926321
IL,Fulton County,40.46524,-90.202269
IL,Gallatin County,37.768677,-88.227964
IL,Greene County,39.355439,-90.387682
IL,Grundy County,41.29241,-88.401054
IL,Hamilton County,38.085227,-88.539009
IL,Hancock County,40.401318,-91.168801
IL,Hardin County,37.517852,-88.266148
IL,Henderson County,40.814471,-90.941246
IL,Henry County,41.350021,-90.130838
IL,Iroquois County,40.748867,-87.833601
IL,Jackson County,37.786096,-89.381212
IL,Jasper County,39.004886,-88.150725
IL,Jefferson County,38.30078,-88.92421
IL,Jersey County,39.080195,-90.361385
IL,Jo Daviess County,42.362391,-90.21147
IL,Johnson County,37.460709,-88.882131
IL,Kane County,41.939594,-88.42804
IL,Kankakee County,41.13951,-87.861117
IL,Kendall County,41.58814,-88.430626
IL,Knox County,40.930945,-90.213792
IL,Lake County,42.185968,-87.805939
IL,LaSalle County,41.343341,-88.885931
IL,Lawrence County,38.718954,-87.730221
IL,Lee County,41.747447,-89.299362
IL,Livingston County,40.894376,-88.552852
IL,Logan County,40.129277,-89.365309
IL,McDonough County,40.455808,-90.678954
IL,McHenry County,42.324298,-88.452245
IL,McLean County,40.494559,-88.844539
IL,Macon County,39.860237,-88.961529
IL,Macoupin County,39.265914,-89.92633
IL,Madison County,38.82712,-89.900227
IL,Marion County,38.648236,-88.920362
IL,Marshall County,41.031119,-89.342371
IL,Mason County,40.236993,-89.913575
IL,Massac County,37.216119,-88.705658
IL,Menard County,40.022569,-89.794133
IL,Mercer County,41.205605,-90.74177
IL,Monroe County,38.277983,-90.179078
IL,Montgomery County,39.228068,-89.478141
IL,Morgan County,39.717668,-90.205005
IL,Moultrie County,39.636896,-88.625726
IL,Ogle County,42.041884,-89.320176
IL,Peoria County,40.785972,-89.766993
IL,Perry County,38.084381,-89.368525
IL,Piatt County,40.009033,-88.592355
IL,Pike County,39.625106,-90.889034
IL,Pope County,37.417169,-88.542374
IL,Pulaski County,37.215615,-89.127755
IL,Putnam County,41.198961,-89.298347
IL,Randolph County,38.056515,-89.82121
IL,Richland County,38.712187,-88.085452
IL,Rock Island County,41.468421,-90.572125
IL,St. Clair County,38.470198,-89.928546
IL,Saline County,37.751508,-88.545024
IL,Sangamon County,39.756886,-89.662435
IL,Schuyler County,40.156905,-90.613464
IL,Scott County,39.637002,-90.477771
IL,Shelby County,39.384917,-88.798865
IL,Stark County,41.096908,-89.797411
IL,Stephenson County,42.349726,-89.665994
IL,Tazewell County,40.508074,-89.51626
IL,Union County,37.485652,-89.244639
IL,Vermilion County,40.186754,-87.726778
IL,Wabash County,38.445821,-87.839167
IL,Warren County,40.850441,-90.620223
IL,Washington County,38.35314,-89.417187
IL,Wayne County,38.431857,-88.43243
IL,White County,38.087326,-88.178623
IL,Whiteside County,41.750673,-89.911005
IL,Will County,41.448474,-87.978456
IL,Williamson County,37.730353,-88.930018
IL,Winnebago County,42.337396,-89.161205
IL,Woodford County,40.789787,-89.210587
IN,Adams County,40.74573,-84.936134
IN,Allen County,41.091909,-85.071791
IN,Bartholomew County,39.205843,-85.897999
IN,Benton County,40.600939,-87.314786
IN,Blackford County,40.472672,-85.32373
IN,Boone County,40.050892,-86.469014
IN,Brown County,39.195113,-86.230121
IN,Carroll County,40.58498,-86.565141
IN,Cass County,40.753799,-86.355168
IN,Clark County,38.476217,-85.711122
IN,Clay County,39.393928,-87.115858
IN,Clinton County,40.305944,-86.477567
IN,Crawford County,38.289433,-86.440871
IN,Daviess County,38.69609,-87.076943
IN,Dearborn County,39.140897,-84.975868
IN,Decatur County,39.30598,-85.499831
IN,DeKalb County,41.39676,-85.002697
IN,Delaware County,40.227543,-85.399262
IN,Dubois County,38.373344,-86.873385
IN,Elkhart County,41.600693,-85.863986
IN,Fayette County,39.639655,-85.185032
IN,Floyd County,38.318081,-85.911847
IN,Fountain County,40.121237,-87.234872
IN,Franklin County,39.409762,-85.066964
IN,Fulton County,41.050384,-86.265006
IN,Gibson County,38.317398,-87.580523
IN,Grant County,40.515758,-85.654946
IN,Greene County,39.047147,-87.004771
IN,Hamilton County,40.053513,-86.021709
IN,Hancock County,39.822529,-85.77315
IN,Harrison County,38.186454,-86.103766
IN,Hendricks County,39.768963,-86.509908
IN,Henry County,39.929591,-85.397363
IN,Howard County,40.483537,-86.114118
IN,Huntington County,40.826394,-85.478597
IN,Jackson County,38.911957,-86.042516
IN,Jasper County,41.017688,-87.118814
IN,Jay County,40.434956,-85.002331
IN,Jefferson County,38.783604,-85.44009
IN,Jennings County,38.996229,-85.628103
IN,Johnson County,39.496092,-86.094264
IN,Knox County,38.688381,-87.420358
IN,Kosciusko County,41.244293,-85.861575
IN,LaGrange County,41.642462,-85.427845
IN,Lake County,41.472247,-87.374337
IN,LaPorte County,41.549013,-86.744739
IN,Lawrence County,38.839815,-86.48782
IN,Madison County,40.166203,-85.722454
IN,Marion County,39.782976,-86.135794
IN,Marshall County,41.325003,-86.269036
IN,Martin County,38.705322,-86.801847
IN,Miami County,40.772883,-86.044258
IN,Monroe County,39.160729,-86.52331
IN,Montgomery County,40.040296,-86.892715
IN,Morgan County,39.482646,-86.447457
IN,Newton County,40.962399,-87.402172
IN,Noble County,41.404679,-85.417271
IN,Ohio County,38.940527,-84.964299
IN,Orange County,38.547381,-86.489257
IN,Owen County,39.317339,-86.838845
IN,Parke County,39.77425,-87.19695
IN,Perry County,38.081436,-86.62654
IN,Pike County,38.397961,-87.232547
IN,Porter County,41.509914,-87.071313
IN,Posey County,38.027614,-87.868653
IN,Pulaski County,41.045272,-86.692538
IN,Putnam County,39.665548,-86.853373
IN,Randolph County,40.164079,-85.00579
IN,Ripley County,39.100226,-85.260494
IN,Rush County,39.622362,-85.466529
IN,St. Joseph County,41.617723,-86.288048
IN,Scott County,38.679431,-85.751898
IN,Shelby County,39.524135,-85.792174
IN,Spencer County,38.009697,-87.010375
IN,Starke County,41.284478,-86.644636
IN,Steuben County,41.643467,-85.002405
IN,Sullivan County,39.089225,-87.415843
IN,Switzerland County,38.825854,-85.029681
IN,Tippecanoe County,40.389133,-86.893554
IN,Tipton County,40.310229,-86.056207
IN,Union County,39.623094,-84.925145
IN,Vanderburgh County,38.02007,-87.586166
IN,Vermillion County,39.854045,-87.462071
IN,Vigo County,39.430874,-87.390989
IN,Wabash County,40.843747,-85.795192
IN,Warren County,40.352498,-87.375163
IN,Warrick County,38.097728,-87.272049
IN,Washington County,38.600613,-86.104751
IN,Wayne County,39.863091,-85.006735
IN,Wells County,40.735547,-85.213349
IN,White County,40.75095,-86.864293
IN,Whitley County,41.136426,-85.501892
IA,Adair County,41.328528,-94.478164
IA,Adams County,41.021656,-94.696906
IA,Allamakee County,43.274964,-91.382751
IA,Appanoose County,40.744249,-92.873062
IA,Audubon County,41.679178,-94.904312
IA,Benton County,42.092547,-92.05763
IA,Black Hawk County,42.471132,-92.3076
IA,Boone County,42.038623,-93.938605
IA,Bremer County,42.780895,-92.327356
IA,Buchanan County,42.470328,-91.838666
IA,Buena Vista County,42.741522,-95.141432
IA,Butler County,42.734757,-92.780153
IA,Calhoun County,42.38617,-94.643683
IA,Carroll County,42.039502,-94.86765
IA,Cass County,41.333824,-94.933302
IA,Cedar County,41.77236,-91.132611
IA,Cerro Gordo County,43.074975,-93.250965
IA,Cherokee County,42.742737,-95.633262
IA,Chickasaw County,43.059741,-92.31721
IA,Clarke County,41.029726,-93.785259
IA,Clay County,43.081224,-95.149875
IA,Clayton County,42.840985,-91.323576
IA,Clinton County,41.898073,-90.534243
IA,Crawford County,42.043119,-95.38909
IA,Dallas County,41.68532,-94.040706
IA,Davis County,40.748089,-92.410345
IA,Decatur County,40.736379,-93.78458
IA,Delaware County,42.472937,-91.366767
IA,Des Moines County,40.915339,-91.186925
IA,Dickinson County,43.389611,-95.196057
IA,Dubuque County,42.463481,-90.878771
IA,Emmet County,43.377984,-94.66937
IA,Fayette County,42.864122,-91.840376
IA,Floyd County,43.052741,-92.787367
IA,Franklin County,42.736545,-93.271415
IA,Fremont County,40.74259,-95.599182
IA,Greene County,42.042513,-94.388727
IA,Grundy County,42.403339,-92.790244
IA,Guthrie County,41.683573,-94.501272
IA,Hamilton County,42.390789,-93.70913
IA,Hancock County,43.075411,-93.743697
IA,Hardin County,42.390208,-93.241669
IA,Harrison County,41.688584,-95.827149
IA,Henry County,40.984802,-91.547259
IA,Howard County,43.365312,-92.321908
IA,Humboldt County,42.782221,-94.202775
IA,Ida County,42.39186,-95.507421
IA,Iowa County,41.683918,-92.059123
IA,Jackson County,42.164226,-90.574582
IA,Jasper County,41.685551,-93.054147
IA,Jefferson County,41.006376,-91.966628
IA,Johnson County,41.670668,-91.590529
IA,Jones County,42.125118,-91.116914
IA,Keokuk County,41.331182,-92.167721
IA,Kossuth County,43.212356,-94.213965
IA,Lee County,40.647588,-91.477157
IA,Linn County,42.077951,-91.597674
IA,Louisa County,41.218211,-91.256994
IA,Lucas County,41.033344,-93.331467
IA,Lyon County,43.38358,-96.207201
IA,Madison County,41.330622,-94.015184
IA,Mahaska County,41.330797,-92.636366
IA,Marion County,41.331433,-93.093868
IA,Marshall County,42.0417,-92.981403
IA,Mills County,41.033703,-95.619101
IA,Mitchell County,43.348564,-92.784466
IA,Monona County,42.049432,-95.956566
IA,Monroe County,41.028847,-92.869642
IA,Montgomery County,41.021735,-95.15779
IA,Muscatine County,41.483776,-91.118699
IA,O'Brien County,43.083746,-95.625624
IA,Osceola County,43.378542,-95.633788
IA,Page County,40.739097,-95.144301
IA,Palo Alto County,43.075337,-94.669055
IA,Plymouth County,42.737585,-96.215864
IA,Pocahontas County,42.734033,-94.678279
IA,Polk County,41.684816,-93.568971
IA,Pottawattamie County,41.340184,-95.544905
IA,Poweshiek County,41.684642,-92.522934
IA,Ringgold County,40.735334,-94.244251
IA,Sac County,42.387526,-95.105224
IA,Scott County,41.642079,-90.622289
IA,Shelby County,41.679014,-95.308917
IA,Sioux County,43.082646,-96.17801
IA,Story County,42.037538,-93.466093
IA,Tama County,42.074848,-92.529411
IA,Taylor County,40.737949,-94.697108
IA,Union County,41.02855,-94.245091
IA,Van Buren County,40.754117,-91.952943
IA,Wapello County,41.031275,-92.409466
IA,Warren County,41.332446,-93.568751
IA,Washington County,41.329401,-91.725052
IA,Wayne County,40.739983,-93.332613
IA,Webster County,42.433579,-94.175831
IA,Winnebago County,43.378124,-93.743488
IA,Winneshiek County,43.292989,-91.850788
IA,Woodbury County,42.39322,-96.053296
IA,Worth County,43.373491,-93.248533
IA,Wright County,42.733007,-93.734735
KS,Allen County,37.884228,-95.300945
KS,Anderson County,38.215114,-95.292046
KS,Atchison County,39.532544,-95.313397
KS,Barber County,37.222906,-98.685052
KS,Barton County,38.481239,-98.767837
KS,Bourbon County,37.8561,-94.850928
KS,Brown County,39.825931,-95.569905
KS,Butler County,37.773649,-96.83884
KS,Chase County,38.299475,-96.594029
KS,Chautauqua County,37.154259,-96.245396
KS,Cherokee County,37.169392,-94.845698
KS,Cheyenne County,39.789917,-101.727325
KS,Clark County,37.233831,-99.813869
KS,Clay County,39.344964,-97.168853
KS,Cloud County,39.487329,-97.64139
KS,Coffey County,38.23645,-95.729137
KS,Comanche County,37.181442,-99.251293
KS,Cowley County,37.234507,-96.837247
KS,Crawford County,37.505821,-94.853897
KS,Decatur County,39.783542,-100.459708
KS,Dickinson County,38.867735,-97.157943
KS,Doniphan County,39.788502,-95.147225
KS,Douglas County,38.896417,-95.290947
KS,Edwards County,37.883595,-99.304746
KS,Elk County,37.456026,-96.244642
KS,Ellis County,38.914597,-99.317313
KS,Ellsworth County,38.700845,-98.205355
KS,Finney County,38.049808,-100.739967
KS,Ford County,37.688416,-99.884748
KS,Franklin County,38.558019,-95.278962
KS,Geary County,39.002139,-96.7681
KS,Gove County,38.917239,-100.48736
KS,Graham County,39.354972,-99.879894
KS,Grant County,37.547537,-101.299362
KS,Gray County,37.744513,-100.451716
KS,Greeley County,38.480404,-101.80597
KS,Greenwood County,37.879347,-96.241732
KS,Hamilton County,37.995244,-101.793689
KS,Harper County,37.188184,-98.06659
KS,Harvey County,38.050144,-97.436706
KS,Haskell County,37.554979,-100.879952
KS,Hodgeman County,38.087493,-99.898407
KS,Jackson County,39.411145,-95.794485
KS,Jefferson County,39.239644,-95.375314
KS,Jewell County,39.777005,-98.222619
KS,Johnson County,38.883907,-94.82233
KS,Kearny County,37.994461,-101.308136
KS,Kingman County,37.552951,-98.144529
KS,Kiowa County,37.561231,-99.286539
KS,Labette County,37.191468,-95.297473
KS,Lane County,38.481286,-100.466185
KS,Leavenworth County,39.189511,-95.038977
KS,Lincoln County,39.04728,-98.214284
KS,Linn County,38.216549,-94.844932
KS,Logan County,38.91327,-101.157402
KS,Lyon County,38.455403,-96.161641
KS,McPherson County,38.395812,-97.647489
KS,Marion County,38.359647,-97.102771
KS,Marshall County,39.782709,-96.521243
KS,Meade County,37.243886,-100.360094
KS,Miami County,38.566772,-94.832963
KS,Mitchell County,39.393026,-98.207362
KS,Montgomery County,37.189537,-95.742403
KS,Morris County,38.688204,-96.651448
KS,Morton County,37.185249,-101.809516
KS,Nemaha County,39.791043,-96.005381
KS,Neosho County,37.564283,-95.315682
KS,Ness County,38.480437,-99.908745
KS,Norton County,39.783867,-99.899235
KS,Osage County,38.650215,-95.708255
KS,Osborne County,39.348261,-98.767942
KS,Ottawa County,39.137963,-97.654802
KS,Pawnee County,38.181477,-99.234772
KS,Phillips County,39.784506,-99.34215
KS,Pottawatomie County,39.382187,-96.337113
KS,Pratt County,37.647594,-98.74012
KS,Rawlins County,39.786198,-101.076738
KS,Reno County,37.948185,-98.078346
KS,Republic County,39.828906,-97.650883
KS,Rice County,38.347178,-98.201415
KS,Riley County,39.29121,-96.727488
KS,Rooks County,39.346006,-99.324492
KS,Rush County,38.523596,-99.309184
KS,Russell County,38.91604,-98.770949
KS,Saline County,38.791804,-97.651478
KS,Scott County,38.481877,-100.90636
KS,Sedgwick County,37.681045,-97.461054
KS,Seward County,37.18096,-100.855257
KS,Shawnee County,39.041805,-95.755664
KS,Sheridan County,39.350547,-100.441228
KS,Sherman County,39.351352,-101.719859
KS,Smith County,39.78466,-98.785429
KS,Stafford County,38.03563,-98.719889
KS,Stanton County,37.565932,-101.789383
KS,Stevens County,37.2017,-101.317268
KS,Sumner County,37.236662,-97.493352
KS,Thomas County,39.357713,-101.083386
KS,Trego County,38.921302,-99.865423
KS,Wabaunsee County,38.955154,-96.201262
KS,Wallace County,38.926626,-101.771103
KS,Washington County,39.776714,-97.095611
KS,Wichita County,38.481922,-101.347434
KS,Wilson County,37.558515,-95.745175
KS,Woodson County,37.888193,-95.758469
KS,Wyandotte County,39.115384,-94.763087
KY,Adair County,37.105559,-85.28138
KY,Allen County,36.75077,-86.192458
KY,Anderson County,38.005396,-84.986417
KY,Ballard County,37.051323,-89.010367
KY,Barren County,36.962805,-85.932108
KY,Bath County,38.152249,-83.737641
KY,Bell County,36.728928,-83.680718
KY,Boone County,38.9589,-84.736371
KY,Bourbon County,38.202562,-84.20986
KY,Boyd County,38.360003,-82.681406
KY,Boyle County,37.618104,-84.868352
KY,Bracken County,38.680365,-84.115235
KY,Breathitt County,37.517807,-83.317158
KY,Breckinridge County,37.777988,-86.432919
KY,Bullitt County,37.969945,-85.702635
KY,Butler County,37.207013,-86.682471
KY,Caldwell County,37.148642,-87.870509
KY,Calloway County,36.620978,-88.274086
KY,Campbell County,38.946981,-84.379583
KY,Carlisle County,36.85718,-88.976614
KY,Carroll County,38.668394,-85.124024
KY,Carter County,38.314094,-83.038988
KY,Casey County,37.321962,-84.92822
KY,Christian County,36.892059,-87.492986
KY,Clark County,37.970314,-84.145115
KY,Clay County,37.164273,-83.715454
KY,Clinton County,36.727258,-85.136098
KY,Crittenden County,37.358149,-88.10501
KY,Cumberland County,36.782372,-85.388484
KY,Daviess County,37.731671,-87.087139
KY,Edmonson County,37.227514,-86.218015
KY,Elliott County,38.116883,-83.096116
KY,Estill County,37.692449,-83.963983
KY,Fayette County,38.040678,-84.458272
KY,Fleming County,38.367848,-83.699205
KY,Floyd County,37.552456,-82.739724
KY,Franklin County,38.234919,-84.868786
KY,Fulton County,36.552511,-89.187659
KY,Gallatin County,38.755663,-84.865143
KY,Garrard County,37.630162,-84.545856
KY,Grant County,38.649167,-84.625924
KY,Graves County,36.723344,-88.649897
KY,Grayson County,37.458577,-86.344011
KY,Green County,37.278065,-85.537925
KY,Greenup County,38.563562,-82.93382
KY,Hancock County,37.843325,-86.792761
KY,Hardin County,37.695836,-85.963183
KY,Harlan County,36.859223,-83.221497
KY,Harrison County,38.444578,-84.334131
KY,Hart County,37.305827,-85.878443
KY,Henderson County,37.792542,-87.572577
KY,Henry County,38.451383,-85.119647
KY,Hickman County,36.675896,-88.972084
KY,Hopkins County,37.31107,-87.542196
KY,Jackson County,37.403458,-84.020576
KY,Jefferson County,38.189532,-85.657624
KY,Jessamine County,37.873291,-84.58396
KY,Johnson County,37.847756,-82.830121
KY,Kenton County,38.930503,-84.533438
KY,Knott County,37.354368,-82.952546
KY,Knox County,36.8885,-83.855551
KY,Larue County,37.544462,-85.696841
KY,Laurel County,37.113268,-84.119395
KY,Lawrence County,38.074453,-82.73829
KY,Lee County,37.608116,-83.719248
KY,Leslie County,37.087846,-83.388617
KY,Letcher County,37.118536,-82.861251
KY,Lewis County,38.535047,-83.370143
KY,Lincoln County,37.457174,-84.658335
KY,Livingston County,37.209517,-88.363426
KY,Logan County,36.859607,-86.881288
KY,Lyon County,37.023976,-88.083391
KY,McCracken County,37.054111,-88.712454
KY,McCreary County,36.731136,-84.491052
KY,McLean County,37.526707,-87.265597
KY,Madison County,37.725511,-84.278362
KY,Magoffin County,37.698983,-83.069721
KY,Marion County,37.552604,-85.268959
KY,Marshall County,36.882017,-88.332752
KY,Martin County,37.796774,-82.506623
KY,Mason County,38.594137,-83.828125
KY,Meade County,37.967476,-86.200863
KY,Menifee County,37.935485,-83.589355
KY,Mercer County,37.812085,-84.879695
KY,Metcalfe County,36.99243,-85.633456
KY,Monroe County,36.714077,-85.713508
KY,Montgomery County,38.038109,-83.912416
KY,Morgan County,37.92294,-83.258944
KY,Muhlenberg County,37.213816,-87.134092
KY,Nelson County,37.80312,-85.465931
KY,Nicholas County,38.338031,-84.026223
KY,Ohio County,37.477859,-86.844871
KY,Oldham County,38.400127,-85.45615
KY,Owen County,38.499395,-84.84159
KY,Owsley County,37.423622,-83.691637
KY,Pendleton County,38.696284,-84.351943
KY,Perry County,37.241282,-83.217772
KY,Pike County,37.486031,-82.410912
KY,Powell County,37.809567,-83.831235
KY,Pulaski County,37.107452,-84.576969
KY,Robertson County,38.513473,-84.06423
KY,Rockcastle County,37.36105,-84.314368
KY,Rowan County,38.204266,-83.428079
KY,Russell County,36.990587,-85.05495
KY,Scott County,38.28571,-84.57834
KY,Shelby County,38.239011,-85.228247
KY,Simpson County,36.740937,-86.581793
KY,Spencer County,38.025313,-85.317312
KY,Taylor County,37.36621,-85.328059
KY,Todd County,36.840338,-87.183642
KY,Trigg County,36.807681,-87.858652
KY,Trimble County,38.62004,-85.351208
KY,Union County,37.658029,-87.95165
KY,Warren County,36.995634,-86.423579
KY,Washington County,37.754209,-85.175416
KY,Wayne County,36.800772,-84.82659
KY,Webster County,37.520375,-87.685206
KY,Whitley County,36.758024,-84.144648
KY,Wolfe County,37.743893,-83.49511
KY,Woodford County,38.043103,-84.748855
LA,Acadia Parish,30.291497,-92.411037
LA,Allen Parish,30.652744,-92.819605
LA,Ascension Parish,30.206444,-90.912502
LA,Assumption Parish,29.9033,-91.065219
LA,Avoyelles Parish,31.088503,-91.983275
LA,Beauregard Parish,30.645018,-93.340253
LA,Bienville Parish,32.340952,-93.041151
LA,Bossier Parish,32.698481,-93.626561
LA,Caddo Parish,32.580106,-93.88497
LA,Calcasieu Parish,30.229559,-93.358015
LA,Caldwell Parish,32.101219,-92.114231
LA,Cameron Parish,29.871812,-93.164948
LA,Catahoula Parish,31.666517,-91.846703
LA,Claiborne Parish,32.82716,-92.989728
LA,Concordia Parish,31.469805,-91.626315
LA,De Soto Parish,32.059248,-93.740797
LA,East Baton Rouge Parish,30.54393,-91.093131
LA,East Carroll Parish,32.73017,-91.234141
LA,East Feliciana Parish,30.839784,-91.043434
LA,Evangeline Parish,30.720693,-92.404086
LA,Franklin Parish,32.139076,-91.672371
LA,Grant Parish,31.597787,-92.561716
LA,Iberia Parish,29.606013,-91.842706
LA,Iberville Parish,30.270653,-91.365872
LA,Jackson Parish,32.30429,-92.5617
LA,Jefferson Parish,29.5033,-90.036231
LA,Jefferson Davis Parish,30.269529,-92.816221
LA,Lafayette Parish,30.206507,-92.06417
LA,Lafourche Parish,29.491992,-90.394849
LA,LaSalle Parish,31.680083,-92.161596
LA,Lincoln Parish,32.601823,-92.662303
LA,Livingston Parish,30.440419,-90.727474
LA,Madison Parish,32.346878,-91.231932
LA,Morehouse Parish,32.820008,-91.800399
LA,Natchitoches Parish,31.732509,-93.082546
LA,Orleans Parish,30.05342,-89.934502
LA,Ouachita Parish,32.480932,-92.151581
LA,Plaquemines Parish,29.282447,-89.576068
LA,Pointe Coupee Parish,30.708319,-91.604621
LA,Rapides Parish,31.193204,-92.535953
LA,Red River Parish,32.101213,-93.34905
LA,Richland Parish,32.413158,-91.748353
LA,Sabine Parish,31.560402,-93.559579
LA,St. Bernard Parish,29.91811,-89.263494
LA,St. Charles Parish,29.905722,-90.357855
LA,St. Helena Parish,30.822539,-90.708307
LA,St. James Parish,30.024777,-90.793956
LA,St. John the Baptist Parish,30.144068,-90.49096
LA,St. Landry Parish,30.583441,-91.989274
LA,St. Martin Parish,30.121433,-91.611481
LA,St. Mary Parish,29.629349,-91.463804
LA,St. Tammany Parish,30.410022,-89.951962
LA,Tangipahoa Parish,30.621348,-90.40649
LA,Tensas Parish,32.001489,-91.342576
LA,Terrebonne Parish,29.33413,-90.843674
LA,Union Parish,32.829349,-92.37565
LA,Vermilion Parish,29.806638,-92.321394
LA,Vernon Parish,31.102841,-93.18833
LA,Washington Parish,30.852144,-90.046253
LA,Webster Parish,32.732152,-93.339825
LA,West Baton Rouge Parish,30.464052,-91.309808
LA,West Carroll Parish,32.79248,-91.451998
LA,West Feliciana Parish,30.873364,-91.421776
LA,Winn Parish,31.941187,-92.641269
ME,Androscoggin County,44.167681,-70.207435
ME,Aroostook County,46.709193,-68.612409
ME,Cumberland County,43.808348,-70.330375
ME,Franklin County,44.976724,-70.414935
ME,Hancock County,44.564906,-68.370703
ME,Kennebec County,44.417012,-69.765764
ME,Knox County,44.042045,-69.038514
ME,Lincoln County,43.994781,-69.513624
ME,Oxford County,44.4945,-70.734421
ME,Penobscot County,45.409284,-68.666616
ME,Piscataquis County,45.915639,-69.102231
ME,Sagadahoc County,43.916845,-69.844227
ME,Somerset County,45.503646,-69.95611
ME,Waldo County,44.505822,-69.138961
ME,Washington County,44.967009,-67.609354
ME,York County,43.426019,-70.668425
MD,Allegany County,39.612313,-78.703104
MD,Anne Arundel County,38.991617,-76.560894
MD,Baltimore County,39.443167,-76.616569
MD,Calvert County,38.522719,-76.529762
MD,Caroline County,38.871531,-75.831662
MD,Carroll County,39.563328,-77.01533
MD,Cecil County,39.562354,-75.941585
MD,Charles County,38.472853,-77.015427
MD,Dorchester County,38.429196,-76.047433
MD,Frederick County,39.470177,-77.397636
MD,Garrett County,39.547299,-79.274619
MD,Harford County,39.537429,-76.299789
MD,Howard County,39.252264,-76.924406
MD,Kent County,39.241279,-76.125987
MD,Montgomery County,39.137381,-77.203063
MD,Prince George's County,38.829278,-76.848188
MD,Queen Anne's County,39.040693,-76.082405
MD,St. Mary's County,38.223077,-76.534487
MD,Somerset County,38.07445,-75.853323
MD,Talbot County,38.748349,-76.178476
MD,Washington County,39.603621,-77.814671
MD,Wicomico County,38.36737,-75.632083
MD,Worcester County,38.222133,-75.309931
MD,Baltimore city,39.300032,-76.610476
MA,Barnstable County,41.706123,-70.164823
MA,Berkshire County,42.371493,-73.217928
MA,Bristol County,41.748588,-71.088894
MA,Dukes County,41.38097,-70.701499
MA,Essex County,42.642708,-70.864909
MA,Franklin County,42.584504,-72.591792
MA,Hampden County,42.136198,-72.635648
MA,Hampshire County,42.339459,-72.663694
MA,Middlesex County,42.481718,-71.394916
MA,Nantucket County,41.293392,-70.102164
MA,Norfolk County,42.171738,-71.18111
MA,Plymouth County,41.987196,-70.741942
MA,Suffolk County,42.338551,-71.018253
MA,Worcester County,42.311693,-71.940282
MI,Alcona County,44.657509,-83.29458
MI,Alger County,46.521736,-86.657119
MI,Allegan County,42.421251,-86.261403
MI,Alpena County,44.894954,-83.426574
MI,Antrim County,45.005455,-85.175639
MI,Arenac County,44.036833,-83.740675
MI,Baraga County,46.695859,-88.36181
MI,Barry County,42.582811,-85.31455
MI,Bay County,43.699711,-83.978701
MI,Benzie County,44.636844,-86.231999
MI,Berrien County,41.791382,-86.742543
MI,Branch County,41.918455,-85.066885
MI,Calhoun County,42.24299,-85.012385
MI,Cass County,41.917243,-86.000142
MI,Charlevoix County,45.618554,-85.543684
MI,Cheboygan County,45.476022,-84.495431
MI,Chippewa County,46.321819,-84.52063
MI,Clare County,43.991137,-84.838325
MI,Clinton County,42.950455,-84.591695
MI,Crawford County,44.680175,-84.611343
MI,Delta County,45.805229,-86.901938
MI,Dickinson County,46.012833,-87.866139
MI,Eaton County,42.58953,-84.84645
MI,Emmet County,45.590094,-84.986822
MI,Genesee County,43.021077,-83.706372
MI,Gladwin County,43.98975,-84.389816
MI,Gogebic County,46.488054,-89.788314
MI,Grand Traverse County,44.718688,-85.553848
MI,Gratiot County,43.292326,-84.60469
MI,Hillsdale County,41.927461,-84.637479
MI,Houghton County,46.998427,-88.651903
MI,Huron County,43.907616,-82.857045
MI,Ingham County,42.603534,-84.373811
MI,Ionia County,42.94465,-85.073766
MI,Iosco County,44.386912,-83.380141
MI,Iron County,46.170254,-88.540526
MI,Isabella County,43.645233,-84.839424
MI,Jackson County,42.248474,-84.420868
MI,Kalamazoo County,42.246266,-85.532854
MI,Kalkaska County,44.678881,-85.088992
MI,Kent County,43.032497,-85.547446
MI,Keweenaw County,47.367297,-88.351332
MI,Lake County,43.995187,-85.8114
MI,Lapeer County,43.088633,-83.224325
MI,Leelanau County,45.146182,-86.051574
MI,Lenawee County,41.896022,-84.074356
MI,Livingston County,42.602532,-83.911718
MI,Luce County,46.510988,-85.517552
MI,Mackinac County,46.167868,-85.303762
MI,Macomb County,42.671553,-82.911456
MI,Manistee County,44.245268,-86.327537
MI,Marquette County,46.656596,-87.584028
MI,Mason County,43.957196,-86.442937
MI,Mecosta County,43.635295,-85.332751
MI,Menominee County,45.535568,-87.501457
MI,Midland County,43.648203,-84.379414
MI,Missaukee County,44.325424,-85.085471
MI,Monroe County,41.916097,-83.487106
MI,Montcalm County,43.312782,-85.149468
MI,Montmorency County,45.024134,-84.130107
MI,Muskegon County,43.428739,-86.420908
MI,Newaygo County,43.562712,-85.791372
MI,Oakland County,42.660452,-83.38421
MI,Oceana County,43.603954,-86.467177
MI,Ogemaw County,44.33328,-84.128073
MI,Ontonagon County,46.835325,-89.276912
MI,Osceola County,43.997552,-85.322283
MI,Oscoda County,44.687257,-84.126905
MI,Otsego County,45.021787,-84.576603
MI,Ottawa County,43.054969,-86.219349
MI,Presque Isle County,45.252397,-83.432283
MI,Roscommon County,44.339517,-84.611271
MI,Saginaw County,43.328267,-84.05541
MI,St. Clair County,42.928803,-82.668913
MI,St. Joseph County,41.911488,-85.52287
MI,Sanilac County,43.449155,-82.642815
MI,Schoolcraft County,46.021122,-86.197029
MI,Shiawassee County,42.951545,-84.146352
MI,Tuscola County,43.487902,-83.436618
MI,Van Buren County,42.28215,-86.306076
MI,Washtenaw County,42.252217,-83.843423
MI,Wayne County,42.284664,-83.261953
MI,Wexford County,44.331375,-85.570046
MN,Aitkin County,46.602446,-93.41976
MN,Anoka County,45.27411,-93.242723
MN,Becker County,46.937629,-95.741757
MN,Beltrami County,47.879508,-95.00505
MN,Benton County,45.701225,-94.00144
MN,Big Stone County,45.419925,-96.402226
MN,Blue Earth County,44.03371,-94.064012
MN,Brown County,44.246541,-94.733647
MN,Carlton County,46.603818,-92.671044
MN,Carver County,44.82132,-93.800091
MN,Cass County,46.951745,-94.333705
MN,Chippewa County,45.028625,-95.564108
MN,Chisago County,45.505444,-92.903849
MN,Clay County,46.898377,-96.494901
MN,Clearwater County,47.575873,-95.371117
MN,Cook County,47.758556,-90.344319
MN,Cottonwood County,44.010639,-95.183152
MN,Crow Wing County,46.491653,-94.070718
MN,Dakota County,44.670893,-93.062481
MN,Dodge County,44.020706,-92.869353
MN,Douglas County,45.936835,-95.462155
MN,Faribault County,43.676522,-93.947234
MN,Fillmore County,43.679187,-92.093937
MN,Freeborn County,43.674202,-93.350289
MN,Goodhue County,44.406178,-92.716
MN,Grant County,45.930743,-96.010699
MN,Hennepin County,45.006121,-93.475228
MN,Houston County,43.66699,-91.501556
MN,Hubbard County,47.095551,-94.91329
MN,Isanti County,45.562431,-93.296339
MN,Itasca County,47.490817,-93.611102
MN,Jackson County,43.671111,-95.149731
MN,Kanabec County,45.94776,-93.297788
MN,Kandiyohi County,45.152714,-95.004981
MN,Kittson County,48.77604,-96.780349
MN,Koochiching County,48.245374,-93.782896
MN,Lac qui Parle County,44.999856,-96.176836
MN,Lake County,47.517111,-91.411704
MN,Lake of the Woods County,48.7681,-94.904633
MN,Le Sueur County,44.373421,-93.730106
MN,Lincoln County,44.408238,-96.272032
MN,Lyon County,44.409195,-95.847268
MN,McLeod County,44.821657,-94.272323
MN,Mahnomen County,47.328387,-95.811089
MN,Marshall County,48.362728,-96.357761
MN,Martin County,43.677173,-94.547096
MN,Meeker County,45.123155,-94.527346
MN,Mille Lacs County,45.929043,-93.632996
MN,Morrison County,46.020484,-94.266619
MN,Mower County,43.666249,-92.759514
MN,Murray County,44.015594,-95.761581
MN,Nicollet County,44.35882,-94.245684
MN,Nobles County,43.677686,-95.763132
MN,Norman County,47.329453,-96.463776
MN,Olmsted County,43.9995,-92.410096
MN,Otter Tail County,46.405727,-95.714581
MN,Pennington County,48.069247,-96.037725
MN,Pine County,46.10094,-92.763094
MN,Pipestone County,44.015361,-96.257015
MN,Polk County,47.774254,-96.400027
MN,Pope County,45.589623,-95.446705
MN,Ramsey County,45.015204,-93.099965
MN,Red Lake County,47.865487,-96.08718
MN,Redwood County,44.403536,-95.254241
MN,Renville County,44.723697,-94.955617
MN,Rice County,44.350775,-93.298513
MN,Rock County,43.669587,-96.263238
MN,Roseau County,48.761068,-95.821504
MN,St. Louis County,47.578635,-92.514585
MN,Scott County,44.651811,-93.533733
MN,Sherburne County,45.453176,-93.76913
MN,Sibley County,44.575734,-94.230123
MN,Stearns County,45.555235,-94.610482
MN,Steele County,44.015261,-93.220453
MN,Stevens County,45.593461,-95.992315
MN,Swift County,45.27581,-95.690124
MN,Todd County,46.066569,-94.900576
MN,Traverse County,45.769935,-96.474832
MN,Wabasha County,44.289634,-92.233454
MN,Wadena County,46.586986,-94.988608
MN,Waseca County,44.01846,-93.589844
MN,Washington County,45.037929,-92.890117
MN,Watonwan County,43.978109,-94.613798
MN,Wilkin County,46.362335,-96.476657
MN,Winona County,43.981353,-91.777044
MN,Wright County,45.175091,-93.966396
MN,Yellow Medicine County,44.715736,-95.862756
MS,Adams County,31.486224,-91.351797
MS,Alcorn County,34.886569,-88.581109
MS,Amite County,31.203933,-90.795542
MS,Attala County,33.090468,-89.588622
MS,Benton County,34.809593,-89.200213
MS,Bolivar County,33.799139,-90.88412
MS,Calhoun County,33.936634,-89.337114
MS,Carroll County,33.440795,-89.918887
MS,Chickasaw County,33.933277,-88.947558
MS,Choctaw County,33.345964,-89.251332
MS,Claiborne County,31.97281,-90.915424
MS,Clarke County,32.045374,-88.687976
MS,Clay County,33.65967,-88.782468
MS,Coahoma County,34.230316,-90.60401
MS,Copiah County,31.866915,-90.448758
MS,Covington County,31.633331,-89.548897
MS,DeSoto County,34.874922,-89.991211
MS,Forrest County,31.18858,-89.259447
MS,Franklin County,31.477773,-90.895457
MS,George County,30.855431,-88.642268
MS,Greene County,31.212845,-88.634811
MS,Grenada County,33.770031,-89.80274
MS,Hancock County,30.391641,-89.482791
MS,Harrison County,30.416536,-89.083376
MS,Hinds County,32.267788,-90.466017
MS,Holmes County,33.125942,-90.091197
MS,Humphreys County,33.130996,-90.523421
MS,Issaquena County,32.755539,-91.003535
MS,Itawamba County,34.281075,-88.363127
MS,Jackson County,30.456005,-88.625101
MS,Jasper County,32.016748,-89.119176
MS,Jefferson County,31.733633,-91.043878
MS,Jefferson Davis County,31.564808,-89.827086
MS,Jones County,31.616601,-89.168532
MS,Kemper County,32.750136,-88.625631
MS,Lafayette County,34.353078,-89.485385
MS,Lamar County,31.197586,-89.506369
MS,Lauderdale County,32.403998,-88.660449
MS,Lawrence County,31.550009,-90.10753
MS,Leake County,32.76063,-89.52225
MS,Lee County,34.29237,-88.682439
MS,Leflore County,33.54979,-90.294934
MS,Lincoln County,31.535216,-90.453566
MS,Lowndes County,33.471424,-88.439723
MS,Madison County,32.63437,-90.03416
MS,Marion County,31.230167,-89.821712
MS,Marshall County,34.76619,-89.504231
MS,Monroe County,33.89003,-88.485038
MS,Montgomery County,33.500714,-89.639625
MS,Neshoba County,32.752518,-89.119274
MS,Newton County,32.40197,-89.118412
MS,Noxubee County,33.106606,-88.566152
MS,Oktibbeha County,33.422313,-88.876151
MS,Panola County,34.365205,-89.963065
MS,Pearl River County,30.774793,-89.586904
MS,Perry County,31.169307,-88.988755
MS,Pike County,31.177516,-90.397725
MS,Pontotoc County,34.227081,-89.037239
MS,Prentiss County,34.620566,-88.522184
MS,Quitman County,34.252833,-90.290171
MS,Rankin County,32.267123,-89.946063
MS,Scott County,32.411959,-89.533486
MS,Sharkey County,32.892395,-90.827613
MS,Simpson County,31.902505,-89.917709
MS,Smith County,32.019029,-89.494876
MS,Stone County,30.790184,-89.112297
MS,Sunflower County,33.605529,-90.59509
MS,Tallahatchie County,33.954529,-90.172243
MS,Tate County,34.649553,-89.943105
MS,Tippah County,34.763618,-88.918819
MS,Tishomingo County,34.738835,-88.234827
MS,Tunica County,34.652201,-90.37177
MS,Union County,34.489533,-89.002339
MS,Walthall County,31.164492,-90.103431
MS,Warren County,32.356095,-90.852384
MS,Washington County,33.273174,-90.944446
MS,Wayne County,31.642503,-88.678214
MS,Webster County,33.612061,-89.283961
MS,Wilkinson County,31.161091,-91.324617
MS,Winston County,33.078724,-89.037391
MS,Yalobusha County,34.030666,-89.703807
MS,Yazoo County,32.765675,-90.387928
MO,Adair County,40.190666,-92.603592
MO,Andrew County,39.988863,-94.803551
MO,Atchison County,40.431846,-95.437555
MO,Audrain County,39.214481,-91.843418
MO,Barry County,36.699376,-93.834334
MO,Barton County,37.500799,-94.344089
MO,Bates County,38.257217,-94.339246
MO,Benton County,38.301036,-93.287942
MO,Bollinger County,37.318427,-90.024645
MO,Boone County,38.989861,-92.310202
MO,Buchanan County,39.660369,-94.808173
MO,Butler County,36.71518,-90.40313
MO,Caldwell County,39.658998,-93.979179
MO,Callaway County,38.835547,-91.923446
MO,Camden County,38.026527,-92.765327
MO,Cape Girardeau County,37.384141,-89.685658
MO,Carroll County,39.427375,-93.500227
MO,Carter County,36.944858,-90.945705
MO,Cass County,38.646474,-94.354547
MO,Cedar County,37.733655,-93.850014
MO,Chariton County,39.517968,-92.96162
MO,Christian County,36.969739,-93.187614
MO,Clark County,40.407275,-91.729472
MO,Clay County,39.315551,-94.421502
MO,Clinton County,39.608723,-94.395803
MO,Cole County,38.503233,-92.280027
MO,Cooper County,38.847093,-92.810069
MO,Crawford County,37.966559,-91.313936
MO,Dade County,37.43235,-93.854878
MO,Dallas County,37.683583,-93.033815
MO,Daviess County,39.962839,-93.970053
MO,DeKalb County,39.894665,-94.40719
MO,Dent County,37.603072,-91.489717
MO,Douglas County,36.946517,-92.515892
MO,Dunklin County,36.153025,-90.062254
MO,Franklin County,38.413003,-91.072832
MO,Gasconade County,38.441183,-91.50578
MO,Gentry County,40.208127,-94.405321
MO,Greene County,37.258196,-93.340641
MO,Grundy County,40.112541,-93.565054
MO,Harrison County,40.34562,-93.992582
MO,Henry County,38.386491,-93.792628
MO,Hickory County,37.93691,-93.322988
MO,Holt County,40.095724,-95.219072
MO,Howard County,39.143365,-92.695926
MO,Howell County,36.774369,-91.887368
MO,Iron County,37.625971,-90.699587
MO,Jackson County,39.005364,-94.343211
MO,Jasper County,37.205197,-94.337259
MO,Jefferson County,38.25763,-90.543681
MO,Johnson County,38.741528,-93.811863
MO,Knox County,40.136856,-92.146835
MO,Laclede County,37.659698,-92.594843
MO,Lafayette County,39.068705,-93.802639
MO,Lawrence County,37.10659,-93.830551
MO,Lewis County,40.084559,-91.728803
MO,Lincoln County,39.062255,-90.962916
MO,Linn County,39.86444,-93.108019
MO,Livingston County,39.778587,-93.548201
MO,McDonald County,36.627955,-94.343716
MO,Macon County,39.829795,-92.56434
MO,Madison County,37.474481,-90.343413
MO,Maries County,38.162615,-91.923601
MO,Marion County,39.807538,-91.635379
MO,Mercer County,40.421413,-93.567631
MO,Miller County,38.21668,-92.429876
MO,Mississippi County,36.826264,-89.295929
MO,Moniteau County,38.633037,-92.583642
MO,Monroe County,39.49827,-92.006458
MO,Montgomery County,38.935184,-91.465427
MO,Morgan County,38.420806,-92.874835
MO,New Madrid County,36.594261,-89.655948
MO,Newton County,36.908371,-94.335034
MO,Nodaway County,40.361136,-94.883146
MO,Oregon County,36.68531,-91.401827
MO,Osage County,38.464253,-91.859504
MO,Ozark County,36.64959,-92.458549
MO,Pemiscot County,36.209916,-89.785942
MO,Perry County,37.71113,-89.802125
MO,Pettis County,38.727367,-93.285207
MO,Phelps County,37.866326,-91.790349
MO,Pike County,39.339959,-91.171607
MO,Platte County,39.37869,-94.761477
MO,Polk County,37.616761,-93.400817
MO,Pulaski County,37.824835,-92.207022
MO,Putnam County,40.478606,-93.014531
MO,Ralls County,39.553455,-91.524787
MO,Randolph County,39.439249,-92.492959
MO,Ray County,39.308401,-93.995746
MO,Reynolds County,37.366464,-90.972282
MO,Ripley County,36.65017,-90.874834
MO,St. Charles County,38.781102,-90.674915
MO,St. Clair County,38.04223,-93.77656
MO,Ste. Genevieve County,37.885845,-90.161531
MO,St. Francois County,37.810707,-90.473868
MO,St. Louis County,38.640688,-90.446073
MO,Saline County,39.13584,-93.204164
MO,Schuyler County,40.469361,-92.519016
MO,Scotland County,40.447686,-92.142824
MO,Scott County,37.047793,-89.568098
MO,Shannon County,37.152498,-91.391328
MO,Shelby County,39.797531,-92.088719
MO,Stoddard County,36.851557,-89.947481
MO,Stone County,36.745822,-93.457842
MO,Sullivan County,40.209587,-93.109783
MO,Taney County,36.649827,-93.042819
MO,Texas County,37.314257,-91.964478
MO,Vernon County,37.850196,-94.341597
MO,Warren County,38.761902,-91.159306
MO,Washington County,37.942611,-90.897018
MO,Wayne County,37.111074,-90.453931
MO,Webster County,37.280804,-92.87608
MO,Worth County,40.480499,-94.419198
MO,Wright County,37.267633,-92.479989
MO,St. Louis city,38.635699,-90.244582
MT,Beaverhead County,45.133863,-112.892869
MT,Big Horn County,45.407868,-107.518162
MT,Blaine County,48.428282,-108.967648
MT,Broadwater County,46.329849,-111.497873
MT,Carbon County,45.224468,-109.028554
MT,Carter County,45.516825,-104.515324
MT,Cascade County,47.316575,-111.350262
MT,Chouteau County,47.886834,-110.4362
MT,Custer County,46.261414,-105.550352
MT,Daniels County,48.794429,-105.541739
MT,Dawson County,47.26613,-104.898271
MT,Deer Lodge County,46.094672,-113.141624
MT,Fallon County,46.318184,-104.405718
MT,Fergus County,47.221816,-109.232956
MT,Flathead County,48.295422,-114.052059
MT,Gallatin County,45.518054,-111.163921
MT,Garfield County,47.267184,-106.995991
MT,Glacier County,48.705671,-112.990502
MT,Golden Valley County,46.380624,-109.174586
MT,Granite County,46.395955,-113.427356
MT,Hill County,48.631959,-110.106321
MT,Jefferson County,46.124232,-112.059428
MT,Judith Basin County,47.032558,-110.30532
MT,Lake County,47.642901,-114.083687
MT,Lewis and Clark County,47.132013,-112.373367
MT,Liberty County,48.559654,-111.036924
MT,Lincoln County,48.552385,-115.463185
MT,McCone County,47.629628,-105.757222
MT,Madison County,45.32529,-111.913791
MT,Meagher County,46.5857,-110.92174
MT,Mineral County,47.129687,-115.085385
MT,Missoula County,47.027263,-113.892691
MT,Musselshell County,46.505281,-108.439763
MT,Park County,45.463081,-110.53493
MT,Petroleum County,47.141917,-108.226575
MT,Phillips County,48.250143,-107.928897
MT,Pondera County,48.228604,-112.220761
MT,Powder River County,45.408926,-105.555344
MT,Powell County,46.844225,-112.9311
MT,Prairie County,46.812384,-105.503994
MT,Ravalli County,46.077744,-114.105795
MT,Richland County,47.785633,-104.563408
MT,Roosevelt County,48.282747,-104.99517
MT,Rosebud County,46.173206,-106.666792
MT,Sanders County,47.756497,-115.180306
MT,Sheridan County,48.705587,-104.533916
MT,Silver Bow County,45.896232,-112.660071
MT,Stillwater County,45.658545,-109.381576
MT,Sweet Grass County,45.811292,-109.944796
MT,Teton County,47.819035,-112.281725
MT,Toole County,48.645125,-111.733472
MT,Treasure County,46.229441,-107.285772
MT,Valley County,48.34985,-106.670424
MT,Wheatland County,46.496967,-109.857684
MT,Wibaux County,46.962966,-104.274518
MT,Yellowstone County,45.936987,-108.276656
NE,Adams County,40.520632,-98.500044
NE,Antelope County,42.183225,-98.058037
NE,Arthur County,41.57193,-101.695917
NE,Banner County,41.53975,-103.726263
NE,Blaine County,41.931945,-99.996407
NE,Boone County,41.703934,-98.070476
NE,Box Butte County,42.21038,-103.081779
NE,Boyd County,42.894448,-98.773022
NE,Brown County,42.359562,-99.92392
NE,Buffalo County,40.855265,-99.074984
NE,Burt County,41.854179,-96.337746
NE,Butler County,41.226072,-97.132039
NE,Cass County,40.909878,-96.140609
NE,Cedar County,42.60456,-97.25687
NE,Chase County,40.53039,-101.694192
NE,Cherry County,42.571323,-101.047653
NE,Cheyenne County,41.214236,-103.011929
NE,Clay County,40.523669,-98.050858
NE,Colfax County,41.57496,-97.088945
NE,Cuming County,41.915865,-96.788517
NE,Custer County,41.393893,-99.726866
NE,Dakota County,42.391624,-96.561327
NE,Dawes County,42.713038,-103.135436
NE,Dawson County,40.86784,-99.815583
NE,Deuel County,41.111903,-102.332609
NE,Dixon County,42.485086,-96.855784
NE,Dodge County,41.577008,-96.645852
NE,Douglas County,41.297091,-96.154066
NE,Dundy County,40.180165,-101.681133
NE,Fillmore County,40.52504,-97.596705
NE,Franklin County,40.183203,-98.96208
NE,Frontier County,40.530947,-100.406683
NE,Furnas County,40.191865,-99.909663
NE,Gage County,40.255234,-96.683453
NE,Garden County,41.633364,-102.302985
NE,Garfield County,41.906868,-98.951231
NE,Gosper County,40.509095,-99.823206
NE,Grant County,41.913957,-101.755965
NE,Greeley County,41.567571,-98.530565
NE,Hall County,40.866027,-98.502664
NE,Hamilton County,40.872817,-98.022329
NE,Harlan County,40.178766,-99.403418
NE,Hayes County,40.537234,-101.047963
NE,Hitchcock County,40.176896,-101.044217
NE,Holt County,42.459287,-98.784766
NE,Hooker County,41.920317,-101.117324
NE,Howard County,41.216851,-98.513342
NE,Jefferson County,40.175736,-97.143103
NE,Johnson County,40.394955,-96.265264
NE,Kearney County,40.50912,-98.947602
NE,Keith County,41.194245,-101.644449
NE,Keya Paha County,42.87548,-99.718351
NE,Kimball County,41.199274,-103.703153
NE,Knox County,42.634404,-97.891349
NE,Lancaster County,40.783547,-96.688658
NE,Lincoln County,41.050322,-100.744481
NE,Logan County,41.542155,-100.443665
NE,Loup County,41.903183,-99.509852
NE,McPherson County,41.648414,-101.120851
NE,Madison County,41.909929,-97.606856
NE,Merrick County,41.16979,-98.031057
NE,Morrill County,41.732204,-102.990594
NE,Nance County,41.402385,-97.991408
NE,Nemaha County,40.387389,-95.852721
NE,Nuckolls County,40.176492,-98.046842
NE,Otoe County,40.637992,-96.131027
NE,Pawnee County,40.137797,-96.245214
NE,Perkins County,40.857646,-101.627468
NE,Phelps County,40.516365,-99.406557
NE,Pierce County,42.271413,-97.610992
NE,Platte County,41.576866,-97.513467
NE,Polk County,41.187925,-97.570663
NE,Red Willow County,40.16942,-100.468576
NE,Richardson County,40.123743,-95.718603
NE,Rock County,42.394749,-99.420851
NE,Saline County,40.516802,-97.131755
NE,Sarpy County,41.115064,-96.109125
NE,Saunders County,41.223388,-96.642097
NE,Scotts Bluff County,41.850506,-103.703021
NE,Seward County,40.871944,-97.140383
NE,Sheridan County,42.512289,-102.36828
NE,Sherman County,41.218743,-98.972849
NE,Sioux County,42.470668,-103.73217
NE,Stanton County,41.905045,-97.177109
NE,Thayer County,40.173487,-97.596186
NE,Thomas County,41.85573,-100.524703
NE,Thurston County,42.154061,-96.533943
NE,Valley County,41.564094,-98.983484
NE,Washington County,41.533973,-96.224577
NE,Wayne County,42.210746,-97.126243
NE,Webster County,40.180646,-98.49859
NE,Wheeler County,41.922575,-98.520853
NE,York County,40.873056,-97.596742
NV,Churchill County,39.53771,-118.264166
NV,Clark County,36.21413,-115.014398
NV,Douglas County,38.905129,-119.609019
NV,Elko County,41.141133,-115.351424
NV,Esmeralda County,37.778966,-117.632382
NV,Eureka County,39.977788,-116.272208
NV,Humboldt County,41.407914,-118.127591
NV,Lander County,39.90021,-117.04724
NV,Lincoln County,37.634605,-114.863037
NV,Lyon County,39.022213,-119.197425
NV,Mineral County,38.516647,-118.416279
NV,Nye County,37.965864,-116.459011
NV,Pershing County,40.439639,-118.409477
NV,Storey County,39.438385,-119.524646
NV,Washoe County,40.73132,-119.663269
NV,White Pine County,39.418176,-114.900565
NV,Carson City,39.15306,-119.747368
NH,Belknap County,43.519109,-71.425366
NH,Carroll County,43.867774,-71.20156
NH,Cheshire County,42.92546,-72.248183
NH,Coos County,44.652548,-71.289431
NH,Grafton County,43.926439,-71.842424
NH,Hillsborough County,42.911532,-71.723055
NH,Merrimack County,43.299579,-71.680041
NH,Rockingham County,42.988664,-71.09908
NH,Strafford County,43.293272,-71.035589
NH,Sullivan County,43.361188,-72.222084
NJ,Atlantic County,39.469355,-74.633759
NJ,Bergen County,40.959698,-74.074727
NJ,Burlington County,39.875786,-74.663006
NJ,Camden County,39.802407,-74.961249
NJ,Cape May County,39.085841,-74.846354
NJ,Cumberland County,39.328434,-75.121628
NJ,Essex County,40.7874,-74.246292
NJ,Gloucester County,39.722875,-75.145679
NJ,Hudson County,40.731375,-74.078601
NJ,Hunterdon County,40.565283,-74.911969
NJ,Mercer County,40.282503,-74.703724
NJ,Middlesex County,40.439621,-74.40743
NJ,Monmouth County,40.287048,-74.152446
NJ,Morris County,40.858896,-74.547292
NJ,Ocean County,39.865669,-74.258864
NJ,Passaic County,41.036655,-74.299408
NJ,Salem County,39.573828,-75.357356
NJ,Somerset County,40.565527,-74.619938
NJ,Sussex County,41.137461,-74.691914
NJ,Union County,40.659871,-74.308696
NJ,Warren County,40.853491,-75.009498
NM,Bernalillo County,35.053628,-106.66908
NM,Catron County,33.901621,-108.391928
NM,Chaves County,33.361604,-104.469837
NM,Cibola County,34.928272,-107.99268
NM,Colfax County,36.612964,-104.64011
NM,Curry County,34.572984,-103.346055
NM,De Baca County,34.359273,-104.368696
NM,Doña Ana County,32.349919,-106.834968
NM,Eddy County,32.457835,-104.306434
NM,Grant County,32.732087,-108.381504
NM,Guadalupe County,34.869782,-104.784968
NM,Harding County,35.859352,-103.853424
NM,Hidalgo County,31.898052,-108.751929
NM,Lea County,32.795687,-103.413271
NM,Lincoln County,33.740841,-105.449805
NM,Los Alamos County,35.870047,-106.307968
NM,Luna County,32.184523,-107.747191
NM,McKinley County,35.584062,-108.253294
NM,Mora County,35.982841,-104.921898
NM,Otero County,32.615599,-105.751308
NM,Quay County,35.107018,-103.548071
NM,Rio Arriba County,36.509669,-106.693983
NM,Roosevelt County,34.021207,-103.483004
NM,Sandoval County,35.685091,-106.883119
NM,San Juan County,36.511624,-108.324578
NM,San Miguel County,35.476859,-104.803519
NM,Santa Fe County,35.514531,-105.963972
NM,Sierra County,33.119468,-107.188161
NM,Socorro County,33.991658,-106.939136
NM,Taos County,36.577183,-105.638878
NM,Torrance County,34.554978,-105.890557
NM,Union County,36.488085,-103.475723
NM,Valencia County,34.71684,-106.806582
NY,Albany County,42.58824,-73.97401
NY,Allegany County,42.247853,-78.026153
NY,Bronx County,40.848711,-73.852939
NY,Broome County,42.161977,-75.830283
NY,Cattaraugus County,42.239099,-78.662332
NY,Cayuga County,43.008546,-76.574587
NY,Chautauqua County,42.304216,-79.407595
NY,Chemung County,42.148697,-76.752471
NY,Chenango County,42.478024,-75.602241
NY,Clinton County,44.752712,-73.705643
NY,Columbia County,42.247696,-73.626718
NY,Cortland County,42.594039,-76.07624
NY,Delaware County,42.193986,-74.966728
NY,Dutchess County,41.754825,-73.740014
NY,Erie County,42.752759,-78.778192
NY,Essex County,44.109601,-73.778431
NY,Franklin County,44.594376,-74.31067
NY,Fulton County,43.115609,-74.423678
NY,Genesee County,43.00091,-78.192778
NY,Greene County,42.279821,-74.142025
NY,Hamilton County,43.657879,-74.502456
NY,Herkimer County,43.571009,-74.841097
NY,Jefferson County,43.996389,-76.052968
NY,Kings County,40.635045,-73.95064
NY,Lewis County,43.782681,-75.44414
NY,Livingston County,42.729042,-77.778463
NY,Madison County,42.910026,-75.663575
NY,Monroe County,43.250347,-77.700518
NY,Montgomery County,42.900891,-74.435357
NY,Nassau County,40.729612,-73.589414
NY,New York County,40.776642,-73.970187
NY,Niagara County,43.272672,-78.812943
NY,Oneida County,43.242727,-75.434282
NY,Onondaga County,43.006516,-76.196134
NY,Ontario County,42.856357,-77.303497
NY,Orange County,41.40241,-74.306252
NY,Orleans County,43.339906,-78.207028
NY,Oswego County,43.461443,-76.209262
NY,Otsego County,42.629776,-75.028841
NY,Putnam County,41.427907,-73.743861
NY,Queens County,40.654658,-73.841209
NY,Rensselaer County,42.710421,-73.513845
NY,Richmond County,40.561263,-74.1399
NY,Rockland County,41.154628,-74.024662
NY,St. Lawrence County,44.488112,-75.074311
NY,Saratoga County,43.106135,-73.855387
NY,Schenectady County,42.817552,-74.043559
NY,Schoharie County,42.591294,-74.438172
NY,Schuyler County,42.419776,-76.938603
NY,Seneca County,42.782294,-76.827088
NY,Steuben County,42.266725,-77.385525
NY,Suffolk County,40.943554,-72.692218
NY,Sullivan County,41.719993,-74.771577
NY,Tioga County,42.178057,-76.297456
NY,Tompkins County,42.453006,-76.473483
NY,Ulster County,41.947212,-74.265458
NY,Warren County,43.555105,-73.838139
NY,Washington County,43.312377,-73.439428
NY,Wayne County,43.218114,-77.049402
NY,Westchester County,41.152686,-73.745753
NY,Wyoming County,42.701363,-78.228567
NY,Yates County,42.638237,-77.104324
NC,Alamance County,36.043954,-79.400573
NC,Alexander County,35.920951,-81.177467
NC,Alleghany County,36.489356,-81.132299
NC,Anson County,34.974972,-80.109763
NC,Ashe County,36.443469,-81.499334
NC,Avery County,36.07209,-81.920285
NC,Beaufort County,35.482313,-76.842014
NC,Bertie County,36.059043,-76.962364
NC,Bladen County,34.591938,-78.539489
NC,Brunswick County,34.038754,-78.227765
NC,Buncombe County,35.609371,-82.530423
NC,Burke County,35.746182,-81.70618
NC,Cabarrus County,35.388346,-80.552728
NC,Caldwell County,35.966396,-81.51254
NC,Camden County,36.342344,-76.162488
NC,Carteret County,34.858343,-76.53586
NC,Caswell County,36.394298,-79.339609
NC,Catawba County,35.661883,-81.214906
NC,Chatham County,35.704994,-79.251454
NC,Cherokee County,35.13715,-84.061449
NC,Chowan County,36.128979,-76.602752
NC,Clay County,35.052997,-83.752264
NC,Cleveland County,35.33463,-81.557114
NC,Columbus County,34.261602,-78.639308
NC,Craven County,35.116829,-77.08132
NC,Cumberland County,35.050192,-78.828719
NC,Currituck County,36.372174,-75.941224
NC,Dare County,35.606269,-75.767536
NC,Davidson County,35.795131,-80.207107
NC,Davie County,35.929355,-80.542552
NC,Duplin County,34.934403,-77.933543
NC,Durham County,36.033828,-78.878125
NC,Edgecombe County,35.917077,-77.602742
NC,Forsyth County,36.132466,-80.256961
NC,Franklin County,36.088241,-78.28309
NC,Gaston County,35.293344,-81.177256
NC,Gates County,36.442135,-76.702355
NC,Graham County,35.348364,-83.830915
NC,Granville County,36.299884,-78.657634
NC,Greene County,35.481959,-77.681688
NC,Guilford County,36.079065,-79.788665
NC,Halifax County,36.251438,-77.644842
NC,Harnett County,35.368635,-78.87161
NC,Haywood County,35.558882,-82.981307
NC,Henderson County,35.336415,-82.479741
NC,Hertford County,36.363517,-76.981616
NC,Hoke County,35.017233,-79.241964
NC,Hyde County,35.408157,-76.153687
NC,Iredell County,35.806251,-80.874524
NC,Jackson County,35.285454,-83.123966
NC,Johnston County,35.513419,-78.367348
NC,Jones County,35.032268,-77.356195
NC,Lee County,35.476336,-79.172117
NC,Lenoir County,35.240066,-77.635514
NC,Lincoln County,35.488491,-81.226893
NC,McDowell County,35.682271,-82.048044
NC,Macon County,35.152959,-83.421901
NC,Madison County,35.864206,-82.712631
NC,Martin County,35.847301,-77.119602
NC,Mecklenburg County,35.246862,-80.833832
NC,Mitchell County,36.013102,-82.163554
NC,Montgomery County,35.327548,-79.910752
NC,Moore County,35.308272,-79.492725
NC,Nash County,35.965945,-77.987555
NC,New Hanover County,34.183445,-77.864204
NC,Northampton County,36.421774,-77.398352
NC,Onslow County,34.763109,-77.499469
NC,Orange County,36.062525,-79.120033
NC,Pamlico County,35.147575,-76.665268
NC,Pasquotank County,36.265199,-76.260691
NC,Pender County,34.512556,-77.888106
NC,Perquimans County,36.180897,-76.403244
NC,Person County,36.386356,-78.96563
NC,Pitt County,35.59249,-77.372739
NC,Polk County,35.277901,-82.167621
NC,Randolph County,35.709915,-79.806215
NC,Richmond County,35.004636,-79.755695
NC,Robeson County,34.63921,-79.100881
NC,Rockingham County,36.381806,-79.782754
NC,Rowan County,35.641355,-80.521721
NC,Rutherford County,35.402747,-81.919582
NC,Sampson County,34.989298,-78.371261
NC,Scotland County,34.840023,-79.477337
NC,Stanly County,35.310449,-80.254374
NC,Stokes County,36.393797,-80.269921
NC,Surry County,36.415416,-80.686463
NC,Swain County,35.568849,-83.465614
NC,Transylvania County,35.210103,-82.816666
NC,Tyrrell County,35.87042,-76.165345
NC,Union County,34.99182,-80.530426
NC,Vance County,36.365481,-78.405434
NC,Wake County,35.789846,-78.650624
NC,Warren County,36.398105,-78.099899
NC,Washington County,35.844713,-76.572291
NC,Watauga County,36.235368,-81.709888
NC,Wayne County,35.35419,-78.00867
NC,Wilkes County,36.208883,-81.166095
NC,Wilson County,35.700357,-77.921598
NC,Yadkin County,36.158765,-80.665164
NC,Yancey County,35.889326,-82.303954
ND,Adams County,46.096815,-102.533198
ND,Barnes County,46.94255,-98.070195
ND,Benson County,48.071743,-99.351152
ND,Billings County,47.007044,-103.364016
ND,Bottineau County,48.794412,-100.831257
ND,Bowman County,46.110144,-103.505943
ND,Burke County,48.786453,-102.520087
ND,Burleigh County,46.978829,-100.469533
ND,Cass County,46.927003,-97.252375
ND,Cavalier County,48.768439,-98.46379
ND,Dickey County,46.107756,-98.496518
ND,Divide County,48.814754,-103.509326
ND,Dunn County,47.354557,-102.612322
ND,Eddy County,47.723436,-98.900474
ND,Emmons County,46.284255,-100.237842
ND,Foster County,47.471431,-98.872876
ND,Golden Valley County,46.938924,-103.844612
ND,Grand Forks County,47.926003,-97.450851
ND,Grant County,46.357827,-101.639049
ND,Griggs County,47.456334,-98.232286
ND,Hettinger County,46.435704,-102.454238
ND,Kidder County,46.938273,-99.731198
ND,LaMoure County,46.464195,-98.526057
ND,Logan County,46.469278,-99.504585
ND,McHenry County,48.233842,-100.633267
ND,McIntosh County,46.108682,-99.416487
ND,McKenzie County,47.742475,-103.403215
ND,McLean County,47.653206,-101.421914
ND,Mercer County,47.307147,-101.833328
ND,Morton County,46.710819,-101.298265
ND,Mountrail County,48.210073,-102.364895
ND,Nelson County,47.918667,-98.204428
ND,Oliver County,47.118079,-101.33142
ND,Pembina County,48.766896,-97.545405
ND,Pierce County,48.238883,-99.966497
ND,Ramsey County,48.266163,-98.739031
ND,Ransom County,46.449276,-97.647554
ND,Renville County,48.712781,-101.658152
ND,Richland County,46.265219,-96.93796
ND,Rolette County,48.768271,-99.840463
ND,Sargent County,46.108204,-97.630051
ND,Sheridan County,47.581359,-100.330986
ND,Sioux County,46.110618,-101.061284
ND,Slope County,46.445834,-103.462462
ND,Stark County,46.817031,-102.662026
ND,Steele County,47.451062,-97.71892
ND,Stutsman County,46.972223,-98.956123
ND,Towner County,48.682183,-99.248158
ND,Traill County,47.446215,-97.164754
ND,Walsh County,48.376979,-97.72223
ND,Ward County,48.216686,-101.540537
ND,Wells County,47.580851,-99.682213
ND,Williams County,48.355765,-103.501333
OH,Adams County,38.834468,-83.478082
OH,Allen County,40.771627,-84.106103
OH,Ashland County,40.843273,-82.270127
OH,Ashtabula County,41.906637,-80.745592
OH,Athens County,39.332755,-82.045885
OH,Auglaize County,40.561309,-84.224018
OH,Belmont County,40.017682,-80.967727
OH,Brown County,38.931377,-83.866772
OH,Butler County,39.439747,-84.565734
OH,Carroll County,40.579884,-81.090787
OH,Champaign County,40.132775,-83.767604
OH,Clark County,39.917032,-83.783676
OH,Clermont County,39.052054,-84.149485
OH,Clinton County,39.416681,-83.804583
OH,Columbiana County,40.770073,-80.778455
OH,Coshocton County,40.29671,-81.930109
OH,Crawford County,40.848524,-82.924783
OH,Cuyahoga County,41.555037,-81.604957
OH,Darke County,40.131467,-84.621191
OH,Defiance County,41.321679,-84.486433
OH,Delaware County,40.278941,-83.007462
OH,Erie County,41.394143,-82.586835
OH,Fairfield County,39.747694,-82.626685
OH,Fayette County,39.555246,-83.461893
OH,Franklin County,39.969875,-83.009086
OH,Fulton County,41.597264,-84.124267
OH,Gallia County,38.817046,-82.301746
OH,Geauga County,41.499322,-81.173505
OH,Greene County,39.687479,-83.894894
OH,Guernsey County,40.056665,-81.497875
OH,Hamilton County,39.196927,-84.544187
OH,Hancock County,41.000217,-83.665947
OH,Hardin County,40.660415,-83.664077
OH,Harrison County,40.292318,-81.091565
OH,Henry County,41.331584,-84.0689
OH,Highland County,39.184422,-83.601359
OH,Hocking County,39.490342,-82.483447
OH,Holmes County,40.565597,-81.930001
OH,Huron County,41.14508,-82.594641
OH,Jackson County,39.013477,-82.614142
OH,Jefferson County,40.399384,-80.763527
OH,Knox County,40.40362,-82.422393
OH,Lake County,41.778142,-81.19733
OH,Lawrence County,38.603866,-82.517186
OH,Licking County,40.091505,-82.483435
OH,Logan County,40.387553,-83.766343
OH,Lorain County,41.438805,-82.179722
OH,Lucas County,41.682321,-83.468903
OH,Madison County,39.89661,-83.400887
OH,Mahoning County,41.01088,-80.770396
OH,Marion County,40.588034,-83.168803
OH,Medina County,41.116174,-81.899764
OH,Meigs County,39.089807,-82.028397
OH,Mercer County,40.535333,-84.632059
OH,Miami County,40.053326,-84.228413
OH,Monroe County,39.726253,-81.090983
OH,Montgomery County,39.753736,-84.290591
OH,Morgan County,39.624946,-81.861697
OH,Morrow County,40.525266,-82.797729
OH,Muskingum County,39.966046,-81.943506
OH,Noble County,39.767232,-81.452493
OH,Ottawa County,41.545495,-83.012613
OH,Paulding County,41.118948,-84.582125
OH,Perry County,39.743187,-82.237952
OH,Pickaway County,39.648947,-83.052827
OH,Pike County,39.071341,-83.052911
OH,Portage County,41.16897,-81.196962
OH,Preble County,39.73881,-84.644758
OH,Putnam County,41.024533,-84.129879
OH,Richland County,40.774159,-82.542781
OH,Ross County,39.323895,-83.059538
OH,Sandusky County,41.355319,-83.142776
OH,Scioto County,38.814889,-82.998675
OH,Seneca County,41.119992,-83.127547
OH,Shelby County,40.33668,-84.204142
OH,Stark County,40.814131,-81.365667
OH,Summit County,41.121847,-81.534928
OH,Trumbull County,41.306374,-80.7704
OH,Tuscarawas County,40.447439,-81.471166
OH,Union County,40.295901,-83.367042
OH,Van Wert County,40.85552,-84.585775
OH,Vinton County,39.252042,-82.485961
OH,Warren County,39.425663,-84.16994
OH,Washington County,39.450676,-81.490636
OH,Wayne County,40.829661,-81.887194
OH,Williams County,41.564959,-84.584324
OH,Wood County,41.360183,-83.622682
OH,Wyandot County,40.839782,-83.313681
OK,Adair County,35.898043,-94.651026
OK,Alfalfa County,36.729703,-98.323445
OK,Atoka County,34.392469,-96.036558
OK,Beaver County,36.748334,-100.483056
OK,Beckham County,35.270601,-99.690057
OK,Blaine County,35.877795,-98.429031
OK,Bryan County,33.964004,-96.265135
OK,Caddo County,35.16792,-98.381045
OK,Canadian County,35.543354,-97.979889
OK,Carter County,34.251848,-97.287927
OK,Cherokee County,35.904367,-94.996796
OK,Choctaw County,34.027699,-95.554079
OK,Cimarron County,36.74839,-102.517698
OK,Cleveland County,35.206376,-97.323088
OK,Coal County,34.582861,-96.288039
OK,Comanche County,34.66263,-98.476612
OK,Cotton County,34.290676,-98.373438
OK,Craig County,36.76389,-95.201553
OK,Creek County,35.907398,-96.380177
OK,Custer County,35.645601,-98.997386
OK,Delaware County,36.393437,-94.808189
OK,Dewey County,35.97796,-99.014385
OK,Ellis County,36.224258,-99.750139
OK,Garfield County,36.378132,-97.788741
OK,Garvin County,34.70935,-97.312723
OK,Grady County,35.021058,-97.88689
OK,Grant County,36.788254,-97.788151
OK,Greer County,34.933853,-99.552968
OK,Harmon County,34.745971,-99.844194
OK,Harper County,36.80035,-99.662805
OK,Haskell County,35.232431,-95.109642
OK,Hughes County,35.052934,-96.251183
OK,Jackson County,34.594006,-99.412235
OK,Jefferson County,34.105082,-97.83889
OK,Johnston County,34.313455,-96.654254
OK,Kay County,36.814885,-97.143862
OK,Kingfisher County,35.949436,-97.934557
OK,Kiowa County,34.921489,-98.981617
OK,Latimer County,34.875137,-95.272262
OK,Le Flore County,34.897356,-94.695074
OK,Lincoln County,35.703117,-96.881392
OK,Logan County,35.914277,-97.450952
OK,Love County,33.957804,-97.245093
OK,McClain County,35.016436,-97.449803
OK,McCurtain County,34.117073,-94.766086
OK,McIntosh County,35.369108,-95.671787
OK,Major County,36.313119,-98.542015
OK,Marshall County,34.027007,-96.770533
OK,Mayes County,36.303804,-95.235638
OK,Murray County,34.485766,-97.071557
OK,Muskogee County,35.617551,-95.383911
OK,Noble County,36.384901,-97.236335
OK,Nowata County,36.789615,-95.613312
OK,Okfuskee County,35.466804,-96.327762
OK,Oklahoma County,35.554611,-97.409401
OK,Okmulgee County,35.6435,-95.965947
OK,Osage County,36.624299,-96.408112
OK,Ottawa County,36.835764,-94.802681
OK,Pawnee County,36.313704,-96.696669
OK,Payne County,36.079225,-96.975255
OK,Pittsburg County,34.92554,-95.74813
OK,Pontotoc County,34.721421,-96.691804
OK,Pottawatomie County,35.211391,-96.957004
OK,Pushmataha County,34.377899,-95.408082
OK,Roger Mills County,35.708554,-99.741572
OK,Rogers County,36.377794,-95.601383
OK,Seminole County,35.158366,-96.602857
OK,Sequoyah County,35.502435,-94.750757
OK,Stephens County,34.481361,-97.855607
OK,Texas County,36.746317,-101.483855
OK,Tillman County,34.371085,-98.931701
OK,Tulsa County,36.120318,-95.941813
OK,Wagoner County,35.963388,-95.514201
OK,Washington County,36.704403,-95.906253
OK,Washita County,35.290068,-98.992195
OK,Woods County,36.726984,-98.863649
OK,Woodward County,36.425619,-99.273661
OR,Baker County,44.703427,-117.691933
OR,Benton County,44.493882,-123.424664
OR,Clackamas County,45.160493,-122.195127
OR,Clatsop County,46.024509,-123.705037
OR,Columbia County,45.941932,-123.081079
OR,Coos County,43.18591,-124.094133
OR,Crook County,44.163054,-120.371585
OR,Curry County,42.466439,-124.210929
OR,Deschutes County,43.915118,-121.225575
OR,Douglas County,43.286328,-123.154476
OR,Gilliam County,45.382955,-120.276246
OR,Grant County,44.496326,-119.014057
OR,Harney County,43.064449,-118.987169
OR,Hood River County,45.511775,-121.655976
OR,Jackson County,42.411621,-122.675611
OR,Jefferson County,44.645151,-121.178632
OR,Josephine County,42.386983,-123.57162
OR,Klamath County,42.683761,-121.646168
OR,Lake County,42.788401,-120.38979
OR,Lane County,43.928334,-122.897581
OR,Lincoln County,44.641061,-123.911212
OR,Linn County,44.488898,-122.537208
OR,Malheur County,43.188625,-117.603191
OR,Marion County,44.900898,-122.57626
OR,Morrow County,45.425496,-119.602311
OR,Multnomah County,45.547711,-122.417363
OR,Polk County,44.900372,-123.39864
OR,Sherman County,45.399216,-120.678512
OR,Tillamook County,45.45589,-123.759299
OR,Umatilla County,45.5912,-118.73388
OR,Union County,45.304081,-117.999149
OR,Wallowa County,45.593753,-117.18558
OR,Wasco County,45.164536,-121.165069
OR,Washington County,45.553542,-123.097615
OR,Wheeler County,44.736415,-120.026861
OR,Yamhill County,45.247827,-123.316399
PA,Adams County,39.869471,-77.21773
PA,Allegheny County,40.469757,-79.980451
PA,Armstrong County,40.81238,-79.464129
PA,Beaver County,40.68414,-80.350721
PA,Bedford County,39.998634,-78.494747
PA,Berks County,40.413957,-75.92686
PA,Blair County,40.498683,-78.309597
PA,Bradford County,41.791504,-76.502123
PA,Bucks County,40.336887,-75.10706
PA,Butler County,40.913847,-79.918978
PA,Cambria County,40.510227,-78.710477
PA,Cameron County,41.438291,-78.198323
PA,Carbon County,40.918367,-75.705039
PA,Centre County,40.909322,-77.847667
PA,Chester County,39.974029,-75.749751
PA,Clarion County,41.198159,-79.420369
PA,Clearfield County,41.006862,-78.477724
PA,Clinton County,41.239508,-77.629009
PA,Columbia County,41.045517,-76.40426
PA,Crawford County,41.687876,-80.107795
PA,Cumberland County,40.164805,-77.263442
PA,Dauphin County,40.412565,-76.792634
PA,Delaware County,39.916685,-75.398818
PA,Elk County,41.427332,-78.653937
PA,Erie County,42.117952,-80.096386
PA,Fayette County,39.918907,-79.640119
PA,Forest County,41.513304,-79.249705
PA,Franklin County,39.926772,-77.724521
PA,Fulton County,39.91075,-78.122617
PA,Greene County,39.847707,-80.225655
PA,Huntingdon County,40.422311,-77.968595
PA,Indiana County,40.651432,-79.087545
PA,Jefferson County,41.138028,-79.012419
PA,Juniata County,40.530673,-77.400438
PA,Lackawanna County,41.436636,-75.608768
PA,Lancaster County,40.041992,-76.250198
PA,Lawrence County,40.992735,-80.334446
PA,Lebanon County,40.371448,-76.464819
PA,Lehigh County,40.614241,-75.590627
PA,Luzerne County,41.173078,-75.976053
PA,Lycoming County,41.343882,-77.055262
PA,McKean County,41.81459,-78.572463
PA,Mercer County,41.300014,-80.252786
PA,Mifflin County,40.601615,-77.651832
PA,Monroe County,41.05624,-75.329065
PA,Montgomery County,40.209999,-75.370201
PA,Montour County,41.029284,-76.665225
PA,Northampton County,40.752791,-75.307447
PA,Northumberland County,40.851524,-76.709877
PA,Perry County,40.39778,-77.266328
PA,Philadelphia County,40.009376,-75.133346
PA,Pike County,41.325949,-75.031514
PA,Potter County,41.748587,-77.894436
PA,Schuylkill County,40.703682,-76.217788
PA,Snyder County,40.755407,-77.072929
PA,Somerset County,39.981297,-79.028486
PA,Sullivan County,41.439285,-76.511717
PA,Susquehanna County,41.819665,-75.800969
PA,Tioga County,41.766859,-77.257288
PA,Union County,40.962179,-77.055475
PA,Venango County,41.400714,-79.765813
PA,Warren County,41.834298,-79.298182
PA,Washington County,40.200005,-80.252132
PA,Wayne County,41.646602,-75.292493
PA,Westmoreland County,40.311068,-79.466688
PA,Wyoming County,41.525173,-76.008731
PA,York County,39.921751,-76.728889
RI,Bristol County,41.70684,-71.286687
RI,Kent County,41.675118,-71.580282
RI,Newport County,41.501045,-71.283063
RI,Providence County,41.869768,-71.578625
RI,Washington County,41.396792,-71.620282
SC,Abbeville County,34.229041,-82.454058
SC,Aiken County,33.550013,-81.632983
SC,Allendale County,32.979757,-81.363265
SC,Anderson County,34.521235,-82.638603
SC,Bamberg County,33.203021,-81.053161
SC,Barnwell County,33.260552,-81.434228
SC,Beaufort County,32.358112,-80.689422
SC,Berkeley County,33.2077,-79.953655
SC,Calhoun County,33.67478,-80.780347
SC,Charleston County,32.800458,-79.94248
SC,Cherokee County,35.049796,-81.607647
SC,Chester County,34.689342,-81.161249
SC,Chesterfield County,34.637018,-80.159227
SC,Clarendon County,33.664682,-80.217889
SC,Colleton County,32.835018,-80.655244
SC,Darlington County,34.332185,-79.962115
SC,Dillon County,34.390209,-79.375294
SC,Dorchester County,33.082186,-80.404697
SC,Edgefield County,33.776498,-81.968245
SC,Fairfield County,34.395669,-81.127001
SC,Florence County,34.028535,-79.710233
SC,Georgetown County,33.417531,-79.296333
SC,Greenville County,34.892645,-82.372077
SC,Greenwood County,34.155796,-82.127876
SC,Hampton County,32.778334,-81.143822
SC,Horry County,33.909269,-78.976675
SC,Jasper County,32.43059,-81.021627
SC,Kershaw County,34.338356,-80.590885
SC,Lancaster County,34.686818,-80.703688
SC,Laurens County,34.483676,-82.005498
SC,Lee County,34.15864,-80.251209
SC,Lexington County,33.899246,-81.266118
SC,McCormick County,33.897599,-82.316196
SC,Marion County,34.08362,-79.354001
SC,Marlboro County,34.60167,-79.679435
SC,Newberry County,34.289881,-81.599676
SC,Oconee County,34.748766,-83.06154
SC,Orangeburg County,33.436135,-80.802913
SC,Pickens County,34.885368,-82.723377
SC,Richland County,34.029095,-80.898037
SC,Saluda County,34.005278,-81.727903
SC,Spartanburg County,34.932014,-81.991624
SC,Sumter County,33.91614,-80.382376
SC,Union County,34.690397,-81.615896
SC,Williamsburg County,33.626462,-79.716474
SC,York County,34.970188,-81.183187
SD,Aurora County,43.724719,-98.577587
SD,Beadle County,44.418265,-98.279422
SD,Bennett County,43.186912,-101.677181
SD,Bon Homme County,42.985799,-97.884199
SD,Brookings County,44.376675,-96.797797
SD,Brown County,45.589254,-98.352175
SD,Brule County,43.729873,-99.092909
SD,Buffalo County,44.044306,-99.203998
SD,Butte County,44.896226,-103.501436
SD,Campbell County,45.785575,-100.002107
SD,Charles Mix County,43.206185,-98.595143
SD,Clark County,44.855211,-97.724912
SD,Clay County,42.91615,-96.980468
SD,Codington County,44.966285,-97.198837
SD,Corson County,45.685671,-101.179665
SD,Custer County,43.684943,-103.46225
SD,Davison County,43.680439,-98.155868
SD,Day County,45.355161,-97.58143
SD,Deuel County,44.75629,-96.690239
SD,Dewey County,45.148049,-100.837953
SD,Douglas County,43.391506,-98.358433
SD,Edmunds County,45.41168,-99.205362
SD,Fall River County,43.221619,-103.512609
SD,Faulk County,45.065476,-99.153564
SD,Grant County,45.172637,-96.772261
SD,Gregory County,43.175142,-99.206591
SD,Haakon County,44.288097,-101.540856
SD,Hamlin County,44.680619,-97.178598
SD,Hand County,44.546713,-99.004575
SD,Hanson County,43.680612,-97.796845
SD,Harding County,45.596611,-103.473871
SD,Hughes County,44.384452,-99.975684
SD,Hutchinson County,43.33671,-97.749383
SD,Hyde County,44.537174,-99.472736
SD,Jackson County,43.677506,-101.626323
SD,Jerauld County,44.06341,-98.62317
SD,Jones County,43.951991,-100.686138
SD,Kingsbury County,44.362969,-97.499313
SD,Lake County,44.02845,-97.123223
SD,Lawrence County,44.348514,-103.806362
SD,Lincoln County,43.27942,-96.722286
SD,Lyman County,43.894812,-99.841925
SD,McCook County,43.680416,-97.358048
SD,McPherson County,45.784249,-99.211421
SD,Marshall County,45.737044,-97.58087
SD,Meade County,44.605282,-102.714169
SD,Mellette County,43.581334,-100.75521
SD,Miner County,44.021541,-97.608122
SD,Minnehaha County,43.667472,-96.795726
SD,Moody County,44.012429,-96.676054
SD,Oglala Lakota County,43.333393,-102.561486
SD,Pennington County,44.002349,-102.823801
SD,Perkins County,45.483387,-102.467995
SD,Potter County,45.052713,-99.962003
SD,Roberts County,45.623397,-96.947551
SD,Sanborn County,44.018942,-98.091709
SD,Spink County,44.923772,-98.339615
SD,Stanley County,44.413984,-100.747822
SD,Sully County,44.722325,-100.131399
SD,Todd County,43.208794,-100.707664
SD,Tripp County,43.349729,-99.876219
SD,Turner County,43.30867,-97.150185
SD,Union County,42.831106,-96.650829
SD,Walworth County,45.427605,-100.027856
SD,Yankton County,43.006603,-97.388361
SD,Ziebach County,44.989764,-101.660827
TN,Anderson County,36.116731,-84.195418
TN,Bedford County,35.51366,-86.458294
TN,Benton County,36.070948,-88.071232
TN,Bledsoe County,35.593561,-85.20591
TN,Blount County,35.688185,-83.922973
TN,Bradley County,35.153914,-84.859414
TN,Campbell County,36.401592,-84.159249
TN,Cannon County,35.808394,-86.062404
TN,Carroll County,35.965748,-88.452379
TN,Carter County,36.284744,-82.126593
TN,Cheatham County,36.255169,-87.100808
TN,Chester County,35.420253,-88.611353
TN,Claiborne County,36.501572,-83.660698
TN,Clay County,36.545749,-85.545717
TN,Cocke County,35.916198,-83.119224
TN,Coffee County,35.488765,-86.078202
TN,Crockett County,35.818795,-89.132494
TN,Cumberland County,35.952398,-84.994761
TN,Davidson County,36.169129,-86.78479
TN,Decatur County,35.603136,-88.110292
TN,DeKalb County,35.982219,-85.833596
TN,Dickson County,36.145533,-87.364155
TN,Dyer County,36.054196,-89.398306
TN,Fayette County,35.196993,-89.413803
TN,Fentress County,36.369892,-84.937764
TN,Franklin County,35.155926,-86.099203
TN,Gibson County,35.991632,-88.933812
TN,Giles County,35.202723,-87.035319
TN,Grainger County,36.277509,-83.509546
TN,Greene County,36.179487,-82.847523
TN,Grundy County,35.393352,-85.710374
TN,Hamblen County,36.218397,-83.266071
TN,Hamilton County,35.163472,-85.201843
TN,Hancock County,36.521353,-83.227493
TN,Hardeman County,35.218785,-88.988697
TN,Hardin County,35.201893,-88.185696
TN,Hawkins County,36.452089,-82.931485
TN,Haywood County,35.586678,-89.282691
TN,Henderson County,35.653994,-88.387674
TN,Henry County,36.325295,-88.300288
TN,Hickman County,35.802327,-87.467116
TN,Houston County,36.285782,-87.705598
TN,Humphreys County,36.040822,-87.790453
TN,Jackson County,36.35425,-85.674128
TN,Jefferson County,36.048452,-83.441216
TN,Johnson County,36.453203,-81.861247
TN,Knox County,35.992726,-83.937721
TN,Lake County,36.333905,-89.485536
TN,Lauderdale County,35.762951,-89.627732
TN,Lawrence County,35.220476,-87.396546
TN,Lewis County,35.523244,-87.496983
TN,Lincoln County,35.142784,-86.593403
TN,Loudon County,35.735085,-84.314085
TN,McMinn County,35.424472,-84.619949
TN,McNairy County,35.175375,-88.56374
TN,Macon County,36.537757,-86.00096
TN,Madison County,35.606056,-88.833424
TN,Marion County,35.133422,-85.618399
TN,Marshall County,35.468329,-86.765868
TN,Maury County,35.615696,-87.077763
TN,Meigs County,35.512203,-84.816102
TN,Monroe County,35.447818,-84.249705
TN,Montgomery County,36.500354,-87.380887
TN,Moore County,35.288888,-86.358684
TN,Morgan County,36.138697,-84.639262
TN,Obion County,36.361892,-89.148078
TN,Overton County,36.34485,-85.283076
TN,Perry County,35.663752,-87.869326
TN,Pickett County,36.559364,-85.075741
TN,Polk County,35.109437,-84.541112
TN,Putnam County,36.14094,-85.49618
TN,Rhea County,35.60059,-84.949548
TN,Roane County,35.84725,-84.523929
TN,Robertson County,36.527509,-86.869354
TN,Rutherford County,35.843369,-86.417213
TN,Scott County,36.430592,-84.504091
TN,Sequatchie County,35.372336,-85.410082
TN,Sevier County,35.787822,-83.5249
TN,Shelby County,35.184553,-89.894612
TN,Smith County,36.256645,-85.941915
TN,Stewart County,36.458464,-87.811889
TN,Sullivan County,36.509681,-82.301336
TN,Sumner County,36.472423,-86.458405
TN,Tipton County,35.498763,-89.747145
TN,Trousdale County,36.39303,-86.156691
TN,Unicoi County,36.100129,-82.418218
TN,Union County,36.28414,-83.836088
TN,Van Buren County,35.699234,-85.458409
TN,Warren County,35.67825,-85.777343
TN,Washington County,36.295665,-82.495037
TN,Wayne County,35.242847,-87.819843
TN,Weakley County,36.303596,-88.721194
TN,White County,35.927049,-85.455785
TN,Williamson County,35.894845,-86.897888
TN,Wilson County,36.149431,-86.291181
TX,Anderson County,31.841261,-95.661727
TX,Andrews County,32.312258,-102.640206
TX,Angelina County,31.251896,-94.611134
TX,Aransas County,28.122621,-96.967501
TX,Archer County,33.616305,-98.687267
TX,Armstrong County,34.964179,-101.356636
TX,Atascosa County,28.891478,-98.535381
TX,Austin County,29.891901,-96.27017
TX,Bailey County,34.067521,-102.830345
TX,Bandera County,29.756389,-99.248285
TX,Bastrop County,30.100772,-97.310639
TX,Baylor County,33.618802,-99.208189
TX,Bee County,28.416077,-97.742586
TX,Bell County,31.04275,-97.481268
TX,Bexar County,29.448671,-98.520147
TX,Blanco County,30.266456,-98.399217
TX,Borden County,32.73859,-101.439199
TX,Bosque County,31.900819,-97.637641
TX,Bowie County,33.446065,-94.422393
TX,Brazoria County,29.167817,-95.434647
TX,Brazos County,30.656713,-96.302394
TX,Brewster County,29.808997,-103.252458
TX,Briscoe County,34.525172,-101.205893
TX,Brooks County,27.034994,-98.215276
TX,Brown County,31.764137,-98.998456
TX,Burleson County,30.493487,-96.622091
TX,Burnet County,30.78963,-98.201187
TX,Caldwell County,29.832399,-97.628141
TX,Calhoun County,28.441719,-96.579574
TX,Callahan County,32.29315,-99.372249
TX,Cameron County,26.102923,-97.478958
TX,Camp County,32.974581,-94.979085
TX,Carson County,35.405496,-101.355356
TX,Cass County,33.083698,-94.357579
TX,Castro County,34.533621,-102.258786
TX,Chambers County,29.696374,-94.669445
TX,Cherokee County,31.843881,-95.156343
TX,Childress County,34.524624,-100.208166
TX,Clay County,33.785904,-98.212917
TX,Cochran County,33.60844,-102.830449
TX,Coke County,31.87711,-100.635231
TX,Coleman County,31.914205,-99.346622
TX,Collin County,33.194494,-96.579428
TX,Collingsworth County,34.963358,-100.272135
TX,Colorado County,29.596296,-96.508935
TX,Comal County,29.812377,-98.258129
TX,Comanche County,31.951645,-98.549617
TX,Concho County,31.318883,-99.863649
TX,Cooke County,33.639196,-97.210343
TX,Coryell County,31.391177,-97.798022
TX,Cottle County,34.091906,-100.276442
TX,Crane County,31.422796,-102.487774
TX,Crockett County,30.717532,-101.404211
TX,Crosby County,33.609144,-101.29871
TX,Culberson County,31.445908,-104.526945
TX,Dallam County,36.28637,-102.59402
TX,Dallas County,32.766987,-96.778424
TX,Dawson County,32.742528,-101.948771
TX,Deaf Smith County,34.940766,-102.607564
TX,Delta County,33.385933,-95.67335
TX,Denton County,33.205132,-97.12114
TX,DeWitt County,29.082346,-97.361654
TX,Dickens County,33.615363,-100.787617
TX,Dimmit County,28.423587,-99.765871
TX,Donley County,34.955036,-100.815846
TX,Duval County,27.681123,-98.497393
TX,Eastland County,32.324645,-98.83656
TX,Ector County,31.865301,-102.542507
TX,Edwards County,29.985933,-100.3074
TX,Ellis County,32.346878,-96.79694
TX,El Paso County,31.76648,-106.241423
TX,Erath County,32.236669,-98.220545
TX,Falls County,31.25193,-96.934127
TX,Fannin County,33.591161,-96.104988
TX,Fayette County,29.877886,-96.921231
TX,Fisher County,32.740473,-100.40312
TX,Floyd County,34.07373,-101.303274
TX,Foard County,33.963306,-99.816828
TX,Fort Bend County,29.526602,-95.771015
TX,Franklin County,33.175846,-95.219066
TX,Freestone County,31.701749,-96.144957
TX,Frio County,28.869383,-99.109005
TX,Gaines County,32.743942,-102.631561
TX,Galveston County,29.233453,-94.888456
TX,Garza County,33.183792,-101.301134
TX,Gillespie County,30.325093,-98.94185
TX,Glasscock County,31.868006,-101.521494
TX,Goliad County,28.6607,-97.430415
TX,Gonzales County,29.461912,-97.49192
TX,Gray County,35.402542,-100.812374
TX,Grayson County,33.624524,-96.675693
TX,Gregg County,32.486401,-94.816277
TX,Grimes County,30.543231,-95.988082
TX,Guadalupe County,29.582671,-97.948995
TX,Hale County,34.068436,-101.822888
TX,Hall County,34.453189,-100.576343
TX,Hamilton County,31.707342,-98.111756
TX,Hansford County,36.272847,-101.35693
TX,Hardeman County,34.289904,-99.745697
TX,Hardin County,30.329648,-94.393178
TX,Harris County,29.857273,-95.393037
TX,Harrison County,32.547991,-94.374434
TX,Hartley County,35.840244,-102.610047
TX,Haskell County,33.175964,-99.730774
TX,Hays County,30.061225,-98.029267
TX,Hemphill County,35.815956,-100.27921
TX,Henderson County,32.211633,-95.853418
TX,Hidalgo County,26.396384,-98.18099
TX,Hill County,31.982681,-97.130668
TX,Hockley County,33.605932,-102.343398
TX,Hood County,32.430149,-97.831677
TX,Hopkins County,33.148967,-95.565434
TX,Houston County,31.323036,-95.4216
TX,Howard County,32.30343,-101.438721
TX,Hudspeth County,31.450868,-105.377549
TX,Hunt County,33.123308,-96.08423
TX,Hutchinson County,35.837047,-101.362746
TX,Irion County,31.303424,-100.981304
TX,Jack County,33.23216,-98.171177
TX,Jackson County,28.959802,-96.58908
TX,Jasper County,30.752932,-94.022294
TX,Jeff Davis County,30.625357,-104.191873
TX,Jefferson County,29.854,-94.149331
TX,Jim Hogg County,27.053231,-98.747572
TX,Jim Wells County,27.733516,-98.090814
TX,Johnson County,32.379654,-97.364906
TX,Jones County,32.743709,-99.87443
TX,Karnes County,28.908996,-97.852205
TX,Kaufman County,32.598944,-96.288377
TX,Kendall County,29.943525,-98.709269
TX,Kenedy County,26.890213,-97.591143
TX,Kent County,33.18478,-100.76972
TX,Kerr County,30.059953,-99.353339
TX,Kimble County,30.479472,-99.746396
TX,King County,33.614268,-100.245345
TX,Kinney County,29.347086,-100.4177
TX,Kleberg County,27.438735,-97.66062
TX,Knox County,33.61189,-99.730356
TX,Lamar County,33.667263,-95.570348
TX,Lamb County,34.068861,-102.348018
TX,Lampasas County,31.196731,-98.240889
TX,La Salle County,28.351098,-99.096774
TX,Lavaca County,29.382578,-96.923633
TX,Lee County,30.321498,-96.976823
TX,Leon County,31.300493,-95.995622
TX,Liberty County,30.158508,-94.844061
TX,Limestone County,31.547543,-96.593623
TX,Lipscomb County,36.2802,-100.272683
TX,Live Oak County,28.351535,-98.126961
TX,Llano County,30.707584,-98.68469
TX,Loving County,31.844936,-103.561229
TX,Lubbock County,33.611469,-101.819944
TX,Lynn County,33.178412,-101.818493
TX,McCulloch County,31.205477,-99.359856
TX,McLennan County,31.549596,-97.201511
TX,McMullen County,28.384922,-98.578853
TX,Madison County,30.966878,-95.930372
TX,Marion County,32.798182,-94.356853
TX,Martin County,32.30983,-101.961836
TX,Mason County,30.703916,-99.237302
TX,Matagorda County,28.77476,-96.001532
TX,Maverick County,28.729787,-100.316678
TX,Medina County,29.353661,-99.111085
TX,Menard County,30.885268,-99.858861
TX,Midland County,31.814269,-102.002454
TX,Milam County,30.791242,-96.984395
TX,Mills County,31.494888,-98.594623
TX,Mitchell County,32.304117,-100.924392
TX,Montague County,33.678356,-97.725014
TX,Montgomery County,30.298801,-95.50295
TX,Moore County,35.835676,-101.890502
TX,Morris County,33.116466,-94.731265
TX,Motley County,34.057899,-100.793152
TX,Nacogdoches County,31.62056,-94.62025
TX,Navarro County,32.048448,-96.476909
TX,Newton County,30.786718,-93.73925
TX,Nolan County,32.312338,-100.418108
TX,Nueces County,27.740032,-97.516214
TX,Ochiltree County,36.278744,-100.815864
TX,Oldham County,35.401921,-102.59762
TX,Orange County,30.122323,-93.8941
TX,Palo Pinto County,32.752204,-98.317967
TX,Panola County,32.163978,-94.305156
TX,Parker County,32.777096,-97.805905
TX,Parmer County,34.532163,-102.784853
TX,Pecos County,30.773298,-102.718153
TX,Polk County,30.784553,-94.837338
TX,Potter County,35.398675,-101.893804
TX,Presidio County,30.005891,-104.261619
TX,Rains County,32.870457,-95.795613
TX,Randall County,34.962529,-101.895547
TX,Reagan County,31.375191,-101.514395
TX,Real County,29.830097,-99.812549
TX,Red River County,33.619625,-95.048429
TX,Reeves County,31.308366,-103.712706
TX,Refugio County,28.322116,-97.162472
TX,Roberts County,35.838596,-100.836682
TX,Robertson County,31.025481,-96.514941
TX,Rockwall County,32.899886,-96.41205
TX,Runnels County,31.845119,-99.982715
TX,Rusk County,32.109423,-94.756382
TX,Sabine County,31.3433,-93.851913
TX,San Augustine County,31.382449,-94.16318
TX,San Jacinto County,30.574388,-95.163136
TX,San Patricio County,28.011794,-97.517157
TX,San Saba County,31.155138,-98.819292
TX,Schleicher County,30.896233,-100.527216
TX,Scurry County,32.744353,-100.913346
TX,Shackelford County,32.74382,-99.347005
TX,Shelby County,31.790139,-94.142579
TX,Sherman County,36.278593,-101.899265
TX,Smith County,32.375105,-95.268939
TX,Somervell County,32.218071,-97.769217
TX,Starr County,26.530903,-98.740235
TX,Stephens County,32.738052,-98.839344
TX,Sterling County,31.835773,-101.054911
TX,Stonewall County,33.17958,-100.253807
TX,Sutton County,30.522185,-100.513359
TX,Swisher County,34.526319,-101.743865
TX,Tarrant County,32.772119,-97.291224
TX,Taylor County,32.297126,-99.89043
TX,Terrell County,30.232343,-102.072513
TX,Terry County,33.171229,-102.339284
TX,Throckmorton County,33.170695,-99.205796
TX,Titus County,33.214599,-94.966783
TX,Tom Green County,31.398295,-100.46385
TX,Travis County,30.239513,-97.69127
TX,Trinity County,31.096675,-95.151687
TX,Tyler County,30.769295,-94.375656
TX,Upshur County,32.735349,-94.941184
TX,Upton County,31.353816,-102.041546
TX,Uvalde County,29.350308,-99.768427
TX,Val Verde County,29.875285,-101.143324
TX,Van Zandt County,32.558787,-95.836906
TX,Victoria County,28.79637,-96.971198
TX,Walker County,30.743163,-95.569825
TX,Waller County,30.01359,-95.982149
TX,Ward County,31.513069,-103.105113
TX,Washington County,30.215075,-96.410272
TX,Webb County,27.760799,-99.340752
TX,Wharton County,29.27848,-96.229674
TX,Wheeler County,35.392593,-100.253107
TX,Wichita County,33.988212,-98.70801
TX,Wilbarger County,34.08492,-99.24244
TX,Willacy County,26.481861,-97.594731
TX,Williamson County,30.649082,-97.605065
TX,Wilson County,29.173883,-98.086734
TX,Winkler County,31.832862,-103.054925
TX,Wise County,33.219095,-97.653997
TX,Wood County,32.783588,-95.382166
TX,Yoakum County,33.162339,-102.832241
TX,Young County,33.158778,-98.67839
TX,Zapata County,26.996981,-99.182603
TX,Zavala County,28.864652,-99.75983
UT,Beaver County,38.357535,-113.238948
UT,Box Elder County,41.622623,-113.060252
UT,Cache County,41.734118,-111.745394
UT,Carbon County,39.673284,-110.588484
UT,Daggett County,40.890099,-109.505785
UT,Davis County,41.037559,-112.201943
UT,Duchesne County,40.289393,-110.429584
UT,Emery County,39.009025,-110.7211
UT,Garfield County,37.831663,-111.450907
UT,Grand County,38.974326,-109.57345
UT,Iron County,37.909304,-113.30674
UT,Juab County,39.71412,-112.790471
UT,Kane County,37.275089,-111.815329
UT,Millard County,38.956744,-113.133092
UT,Morgan County,41.091027,-111.577885
UT,Piute County,38.335881,-112.129375
UT,Rich County,41.627598,-111.240227
UT,Salt Lake County,40.667883,-111.92424
UT,San Juan County,37.602633,-109.791574
UT,Sanpete County,39.373426,-111.576933
UT,Sevier County,38.746824,-111.81193
UT,Summit County,40.87206,-110.968486
UT,Tooele County,40.467753,-113.123979
UT,Uintah County,40.125887,-109.517748
UT,Utah County,40.120418,-111.668563
UT,Wasatch County,40.334884,-111.161568
UT,Washington County,37.262531,-113.4878
UT,Wayne County,38.259856,-110.990872
UT,Weber County,41.270325,-111.876883
VT,Addison County,44.031248,-73.141581
VT,Bennington County,43.035328,-73.111496
VT,Caledonia County,44.468791,-72.112168
VT,Chittenden County,44.463329,-73.06941
VT,Essex County,44.724021,-71.732736
VT,Franklin County,44.858964,-72.909402
VT,Grand Isle County,44.801787,-73.300759
VT,Lamoille County,44.611192,-72.632659
VT,Orange County,44.003373,-72.369579
VT,Orleans County,44.828442,-72.25163
VT,Rutland County,43.612399,-73.060304
VT,Washington County,44.274969,-72.609444
VT,Windham County,42.995304,-72.721877
VT,Windsor County,43.572448,-72.598813
VA,Accomack County,37.765944,-75.757807
VA,Albemarle County,38.024184,-78.553506
VA,Alleghany County,37.787905,-80.008669
VA,Amelia County,37.331927,-77.977462
VA,Amherst County,37.629304,-79.154667
VA,Appomattox County,37.370725,-78.81094
VA,Arlington County,38.878337,-77.100703
VA,Augusta County,38.17259,-79.140975
VA,Bath County,38.068368,-79.731203
VA,Bedford County,37.312257,-79.527223
VA,Bland County,37.130612,-81.125853
VA,Botetourt County,37.565482,-79.797546
VA,Brunswick County,36.764204,-77.861483
VA,Buchanan County,37.26812,-82.038151
VA,Buckingham County,37.573928,-78.529169
VA,Campbell County,37.210152,-79.095428
VA,Caroline County,38.028033,-77.353736
VA,Carroll County,36.731963,-80.727831
VA,Charles City County,37.361054,-77.05417
VA,Charlotte County,37.009042,-78.658568
VA,Chesterfield County,37.378434,-77.585847
VA,Clarke County,39.115307,-77.990748
VA,Craig County,37.473603,-80.231051
VA,Culpeper County,38.48593,-77.956476
VA,Cumberland County,37.520189,-78.252836
VA,Dickenson County,37.136701,-82.34922
VA,Dinwiddie County,37.073498,-77.635492
VA,Essex County,37.936389,-76.933747
VA,Fairfax County,38.82952,-77.273252
VA,Fauquier County,38.744096,-77.8215
VA,Floyd County,36.931433,-80.350266
VA,Fluvanna County,37.830584,-78.283494
VA,Franklin County,36.991186,-79.882715
VA,Frederick County,39.20366,-78.263829
VA,Giles County,37.318072,-80.698321
VA,Gloucester County,37.403541,-76.523505
VA,Goochland County,37.718814,-77.917626
VA,Grayson County,36.652229,-81.215324
VA,Greene County,38.297981,-78.470163
VA,Greensville County,36.680336,-77.560277
VA,Halifax County,36.766461,-78.939614
VA,Hanover County,37.760215,-77.491317
VA,Henrico County,37.43752,-77.300333
VA,Henry County,36.620612,-79.980662
VA,Highland County,38.366243,-79.564472
VA,Isle of Wight County,36.901418,-76.707569
VA,James City County,37.324837,-76.777888
VA,King and Queen County,37.717772,-76.905581
VA,King George County,38.27718,-77.162636
VA,King William County,37.70826,-77.091054
VA,Lancaster County,37.704843,-76.412663
VA,Lee County,36.701721,-83.130112
VA,Loudoun County,39.0812,-77.638898
VA,Louisa County,37.972704,-77.959795
VA,Lunenburg County,36.945555,-78.240528
VA,Madison County,38.412059,-78.276961
VA,Mathews County,37.425348,-76.268808
VA,Mecklenburg County,36.687256,-78.368959
VA,Middlesex County,37.606975,-76.528082
VA,Montgomery County,37.175538,-80.387794
VA,Nelson County,37.789079,-78.88344
VA,New Kent County,37.51016,-76.999331
VA,Northampton County,37.302775,-75.924018
VA,Northumberland County,37.856974,-76.379687
VA,Nottoway County,37.141167,-78.053866
VA,Orange County,38.249326,-78.011092
VA,Page County,38.623209,-78.491872
VA,Patrick County,36.667138,-80.286413
VA,Pittsylvania County,36.821721,-79.398502
VA,Powhatan County,37.549404,-77.912855
VA,Prince Edward County,37.224881,-78.432957
VA,Prince George County,37.187325,-77.220993
VA,Prince William County,38.701119,-77.479579
VA,Pulaski County,37.063385,-80.713444
VA,Rappahannock County,38.684522,-78.168824
VA,Richmond County,37.942894,-76.730561
VA,Roanoke County,37.330792,-80.191237
VA,Rockbridge County,37.814517,-79.447754
VA,Rockingham County,38.507585,-78.885321
VA,Russell County,36.93342,-82.095934
VA,Scott County,36.712776,-82.613624
VA,Shenandoah County,38.856204,-78.573987
VA,Smyth County,36.842318,-81.539786
VA,Southampton County,36.720068,-77.103813
VA,Spotsylvania County,38.182431,-77.657226
VA,Stafford County,38.423084,-77.458048
VA,Surry County,37.119761,-76.880172
VA,Sussex County,36.926645,-77.259732
VA,Tazewell County,37.125395,-81.562924
VA,Warren County,38.908221,-78.207594
VA,Washington County,36.747814,-81.950322
VA,Westmoreland County,38.109311,-76.803933
VA,Wise County,36.974561,-82.62156
VA,Wythe County,36.899868,-81.08301
VA,York County,37.220914,-76.395533
VA,Alexandria city,38.819251,-77.08367
VA,Bristol city,36.616954,-82.157564
VA,Buena Vista city,37.729345,-79.358134
VA,Charlottesville city,38.037658,-78.485381
VA,Chesapeake city,36.679376,-76.301788
VA,Colonial Heights city,37.261685,-77.396804
VA,Covington city,37.78106,-79.985434
VA,Danville city,36.583334,-79.408071
VA,Emporia city,36.696182,-77.535975
VA,Fairfax city,38.853183,-77.299025
VA,Falls Church city,38.884722,-77.175603
VA,Franklin city,36.684014,-76.941396
VA,Fredericksburg city,38.299272,-77.486658
VA,Galax city,36.66564,-80.914308
VA,Hampton city,37.047961,-76.297293
VA,Harrisonburg city,38.436255,-78.873303
VA,Hopewell city,37.29101,-77.298944
VA,Lexington city,37.782332,-79.44432
VA,Lynchburg city,37.399016,-79.195458
VA,Manassas city,38.746808,-77.482633
VA,Manassas Park city,38.769398,-77.442323
VA,Martinsville city,36.683527,-79.863647
VA,Newport News city,37.076136,-76.52198
VA,Norfolk city,36.923015,-76.244641
VA,Norton city,36.931549,-82.625996
VA,Petersburg city,37.20473,-77.392368
VA,Poquoson city,37.12836,-76.303534
VA,Portsmouth city,36.859339,-76.356973
VA,Radford city,37.120119,-80.559147
VA,Richmond city,37.531399,-77.476009
VA,Roanoke city,37.278458,-79.958174
VA,Salem city,37.285333,-80.055241
VA,Staunton city,38.157978,-79.061876
VA,Suffolk city,36.697157,-76.634781
VA,Virginia Beach city,36.779525,-76.029142
VA,Waynesboro city,38.067157,-78.90142
VA,Williamsburg city,37.269481,-76.708193
VA,Winchester city,39.173869,-78.176356
WA,Adams County,47.011238,-118.512861
WA,Asotin County,46.181861,-117.227781
WA,Benton County,46.228125,-119.516659
WA,Chelan County,47.860974,-120.619041
WA,Clallam County,48.110903,-123.88986
WA,Clark County,45.77173,-122.485953
WA,Columbia County,46.29285,-117.911634
WA,Cowlitz County,46.196785,-122.67846
WA,Douglas County,47.741763,-119.694622
WA,Ferry County,48.473256,-118.533589
WA,Franklin County,46.537502,-118.903891
WA,Garfield County,46.429318,-117.536705
WA,Grant County,47.213633,-119.467788
WA,Grays Harbor County,47.113732,-123.826735
WA,Island County,48.158554,-122.670649
WA,Jefferson County,47.805708,-123.527057
WA,King County,47.490552,-121.833977
WA,Kitsap County,47.639595,-122.649634
WA,Kittitas County,47.124441,-120.676709
WA,Klickitat County,45.870446,-120.779305
WA,Lewis County,46.580071,-122.377444
WA,Lincoln County,47.582743,-118.417692
WA,Mason County,47.350832,-123.173103
WA,Okanogan County,48.548453,-119.742235
WA,Pacific County,46.556587,-123.782419
WA,Pend Oreille County,48.543825,-117.232191
WA,Pierce County,47.051413,-122.15324
WA,San Juan County,48.50719,-123.103769
WA,Skagit County,48.493292,-121.81577
WA,Skamania County,46.024785,-121.953232
WA,Snohomish County,48.054913,-121.765038
WA,Spokane County,47.620375,-117.403371
WA,Stevens County,48.388728,-117.854455
WA,Thurston County,46.935822,-122.830152
WA,Wahkiakum County,46.294638,-123.424458
WA,Walla Walla County,46.254606,-118.48037
WA,Whatcom County,48.842653,-121.836432
WA,Whitman County,46.905944,-117.53539
WA,Yakima County,46.456558,-120.740145
WV,Barbour County,39.139725,-79.996947
WV,Berkeley County,39.447938,-78.037754
WV,Boone County,38.022814,-81.713538
WV,Braxton County,38.69933,-80.73166
WV,Brooke County,40.272645,-80.578691
WV,Cabell County,38.419578,-82.243397
WV,Calhoun County,38.844159,-81.115478
WV,Clay County,38.459826,-81.081866
WV,Doddridge County,39.264307,-80.711498
WV,Fayette County,38.030948,-81.08607
WV,Gilmer County,38.915867,-80.849413
WV,Grant County,39.105988,-79.195064
WV,Greenbrier County,37.924418,-80.45059
WV,Hampshire County,39.312139,-78.611989
WV,Hancock County,40.516958,-80.570164
WV,Hardy County,39.011361,-78.841729
WV,Harrison County,39.279182,-80.386498
WV,Jackson County,38.834234,-81.677717
WV,Jefferson County,39.307398,-77.86322
WV,Kanawha County,38.328068,-81.523516
WV,Lewis County,38.988877,-80.495477
WV,Lincoln County,38.17177,-82.077623
WV,Logan County,37.830591,-81.940853
WV,McDowell County,37.38276,-81.658204
WV,Marion County,39.505839,-80.243402
WV,Marshall County,39.854426,-80.671794
WV,Mason County,38.770914,-82.029007
WV,Mercer County,37.403448,-81.106456
WV,Mineral County,39.404781,-78.95669
WV,Mingo County,37.721161,-82.158989
WV,Monongalia County,39.633645,-80.059074
WV,Monroe County,37.554062,-80.550329
WV,Morgan County,39.557345,-78.256517
WV,Nicholas County,38.291432,-80.797515
WV,Ohio County,40.100323,-80.6199
WV,Pendleton County,38.67445,-79.340617
WV,Pleasants County,39.368133,-81.161172
WV,Pocahontas County,38.332606,-80.010121
WV,Preston County,39.46903,-79.668865
WV,Putnam County,38.510518,-81.906109
WV,Raleigh County,37.762469,-81.264672
WV,Randolph County,38.781095,-79.867788
WV,Ritchie County,39.177112,-81.066317
WV,Roane County,38.74295,-81.354494
WV,Summers County,37.655999,-80.856325
WV,Taylor County,39.332478,-80.046554
WV,Tucker County,39.111175,-79.559968
WV,Tyler County,39.465634,-80.877219
WV,Upshur County,38.90253,-80.231606
WV,Wayne County,38.143642,-82.422666
WV,Webster County,38.483459,-80.449052
WV,Wetzel County,39.59818,-80.635399
WV,Wirt County,39.020034,-81.382975
WV,Wood County,39.211602,-81.516234
WV,Wyoming County,37.60366,-81.549032
WI,Adams County,43.973757,-89.767228
WI,Ashland County,46.544424,-90.679691
WI,Barron County,45.437192,-91.852892
WI,Bayfield County,46.634199,-91.177282
WI,Brown County,44.474024,-87.99613
WI,Buffalo County,44.385633,-91.761294
WI,Burnett County,45.866897,-92.37573
WI,Calumet County,44.07841,-88.212132
WI,Chippewa County,45.069092,-91.283505
WI,Clark County,44.739346,-90.609953
WI,Columbia County,43.471882,-89.330472
WI,Crawford County,43.242768,-90.935185
WI,Dane County,43.067468,-89.417852
WI,Dodge County,43.429628,-88.701939
WI,Door County,45.093417,-87.048683
WI,Douglas County,46.463218,-91.892477
WI,Dunn County,44.947751,-91.897645
WI,Eau Claire County,44.726355,-91.286414
WI,Florence County,45.871828,-88.406988
WI,Fond du Lac County,43.754722,-88.493284
WI,Forest County,45.666881,-88.773326
WI,Grant County,42.870028,-90.694229
WI,Green County,42.675522,-89.605074
WI,Green Lake County,43.780247,-88.97038
WI,Iowa County,43.001021,-90.133691
WI,Iron County,46.32655,-90.261298
WI,Jackson County,44.32459,-90.79951
WI,Jefferson County,43.013804,-88.773985
WI,Juneau County,43.932836,-90.113984
WI,Kenosha County,42.587526,-87.879996
WI,Kewaunee County,44.605677,-87.448008
WI,La Crosse County,43.908222,-91.111758
WI,Lafayette County,42.655578,-90.130292
WI,Langlade County,45.254863,-89.06707
WI,Lincoln County,45.333148,-89.73224
WI,Manitowoc County,44.156137,-87.577352
WI,Marathon County,44.898036,-89.757823
WI,Marinette County,45.346899,-87.991198
WI,Marquette County,43.826053,-89.409095
WI,Menominee County,44.991304,-88.669251
WI,Milwaukee County,42.912643,-87.862312
WI,Monroe County,43.945175,-90.619969
WI,Oconto County,44.996575,-88.206516
WI,Oneida County,45.716176,-89.534533
WI,Outagamie County,44.418226,-88.464988
WI,Ozaukee County,43.501807,-87.847551
WI,Pepin County,44.627436,-91.83489
WI,Pierce County,44.725336,-92.426279
WI,Polk County,45.462041,-92.447066
WI,Portage County,44.476246,-89.49807
WI,Price County,45.679072,-90.35965
WI,Racine County,42.780392,-87.771599
WI,Richland County,43.376199,-90.435693
WI,Rock County,42.66988,-89.075284
WI,Rusk County,45.472734,-91.136745
WI,St. Croix County,45.028959,-92.447284
WI,Sauk County,43.428001,-89.943318
WI,Sawyer County,45.864999,-91.147063
WI,Shawano County,44.789641,-88.755813
WI,Sheboygan County,43.741232,-87.731516
WI,Taylor County,45.211656,-90.504853
WI,Trempealeau County,44.30305,-91.358867
WI,Vernon County,43.599366,-90.821983
WI,Vilas County,46.049848,-89.501254
WI,Walworth County,42.66811,-88.541731
WI,Washburn County,45.892489,-91.796422
WI,Washington County,43.391156,-88.232917
WI,Waukesha County,43.018368,-88.30424
WI,Waupaca County,44.478004,-88.967005
WI,Waushara County,44.112823,-89.239786
WI,Winnebago County,44.085707,-88.668149
WI,Wood County,44.461413,-90.038825
WY,Albany County,41.665514,-105.721883
WY,Big Horn County,44.525117,-107.994848
WY,Campbell County,44.191999,-105.517014
WY,Carbon County,41.70359,-106.933153
WY,Converse County,42.984623,-105.524752
WY,Crook County,44.589266,-104.567298
WY,Fremont County,43.054831,-108.608935
WY,Goshen County,42.089455,-104.35354
WY,Hot Springs County,43.720209,-108.435076
WY,Johnson County,44.044048,-106.588541
WY,Laramie County,41.29283,-104.660395
WY,Lincoln County,42.229993,-110.682961
WY,Natrona County,42.977645,-106.768219
WY,Niobrara County,43.062159,-104.468373
WY,Park County,44.492387,-109.593597
WY,Platte County,42.131593,-104.953963
WY,Sheridan County,44.781369,-106.881211
WY,Sublette County,42.767928,-109.91617
WY,Sweetwater County,41.660328,-108.875677
WY,Teton County,44.048662,-110.426087
WY,Uinta County,41.284726,-110.558947
WY,Washakie County,43.878831,-107.669052
WY,Weston County,43.846213,-104.57002
PR,Adjuntas Municipio,18.181611,-66.758165
PR,Aguada Municipio,18.375673,-67.185745
PR,Aguadilla Municipio,18.480191,-67.143762
PR,Aguas Buenas Municipio,18.256524,-66.128496
PR,Aibonito Municipio,18.130723,-66.26446
PR,Añasco Municipio,18.286905,-67.131282
PR,Arecibo Municipio,18.434004,-66.674994
PR,Arroyo Municipio,17.97206,-66.041945
PR,Barceloneta Municipio,18.469989,-66.55823
PR,Barranquitas Municipio,18.200018,-66.309282
PR,Bayamón Municipio,18.34942,-66.168626
PR,Cabo Rojo Municipio,17.997138,-67.180862
PR,Caguas Municipio,18.211109,-66.050964
PR,Camuy Municipio,18.445469,-66.863134
PR,Canóvanas Municipio,18.330044,-65.886021
PR,Carolina Municipio,18.396776,-65.968778
PR,Cataño Municipio,18.444614,-66.148819
PR,Cayey Municipio,18.103624,-66.151667
PR,Ceiba Municipio,18.253265,-65.620765
PR,Ciales Municipio,18.295913,-66.515588
PR,Cidra Municipio,18.174391,-66.161618
PR,Coamo Municipio,18.1038,-66.357586
PR,Comerío Municipio,18.225032,-66.219481
PR,Corozal Municipio,18.30391,-66.326179
PR,Culebra Municipio,18.326608,-65.307769
PR,Dorado Municipio,18.474376,-66.261973
PR,Fajardo Municipio,18.386378,-65.588454
PR,Florida Municipio,18.373953,-66.560085
PR,Guánica Municipio,17.948052,-66.922989
PR,Guayama Municipio,17.973929,-66.137467
PR,Guayanilla Municipio,18.005338,-66.798293
PR,Guaynabo Municipio,18.344357,-66.114056
PR,Gurabo Municipio,18.272581,-65.981177
PR,Hatillo Municipio,18.441141,-66.79821
PR,Hormigueros Municipio,18.134695,-67.116199
PR,Humacao Municipio,18.135403,-65.786229
PR,Isabela Municipio,18.483983,-67.014023
PR,Jayuya Municipio,18.211152,-66.58687
PR,Juana Díaz Municipio,17.997974,-66.490496
PR,Juncos Municipio,18.224133,-65.908542
PR,Lajas Municipio,17.978511,-67.040111
PR,Lares Municipio,18.276925,-66.869587
PR,Las Marías Municipio,18.227594,-66.97758
PR,Las Piedras Municipio,18.187148,-65.871189
PR,Loíza Municipio,18.445503,-65.942649
PR,Luquillo Municipio,18.367996,-65.709904
PR,Manatí Municipio,18.444646,-66.492884
PR,Maricao Municipio,18.173956,-66.935547
PR,Maunabo Municipio,17.999786,-65.896403
PR,Mayagüez Municipio,18.08385,-67.886337
PR,Moca Municipio,18.377637,-67.079574
PR,Morovis Municipio,18.318017,-66.420392
PR,Naguabo Municipio,18.21107,-65.735749
PR,Naranjito Municipio,18.28992,-66.25344
PR,Orocovis Municipio,18.218733,-66.436899
PR,Patillas Municipio,18.000311,-65.986642
PR,Peñuelas Municipio,18.026618,-66.728125
PR,Ponce Municipio,18.001717,-66.606662
PR,Quebradillas Municipio,18.466357,-66.927603
PR,Rincón Municipio,18.33898,-67.250771
PR,Río Grande Municipio,18.376369,-65.798434
PR,Sabana Grande Municipio,18.084483,-66.947609
PR,Salinas Municipio,17.971485,-66.262252
PR,San Germán Municipio,18.1078,-67.037263
PR,San Juan Municipio,18.422249,-66.069081
PR,San Lorenzo Municipio,18.147107,-65.976167
PR,San Sebastián Municipio,18.331064,-66.969064
PR,Santa Isabel Municipio,17.952922,-66.387588
PR,Toa Alta Municipio,18.364556,-66.244669
PR,Toa Baja Municipio,18.45691,-66.193193
PR,Trujillo Alto Municipio,18.335387,-66.003787
PR,Utuado Municipio,18.270865,-66.702989
PR,Vega Alta Municipio,18.43622,-66.336412
PR,Vega Baja Municipio,18.455128,-66.397883
PR,Vieques Municipio,18.125418,-65.432474
PR,Villalba Municipio,18.130718,-66.472244
PR,Yabucoa Municipio,18.059858,-65.859871
PR,Yauco Municipio,18.085669,-66.857901
